method,date,n_veh,dropped,cost,kwh,cost_per_kwh,unmet_share,miss_rate,grid_viol,grid_max_excess,high_power_ratio,jain,cost1_sum,cost2_sum,ms_per_step,peak_power,U_dur_0_2h,U_dur_2_4h,U_dur_4_8h,U_dur_8_24h,gap_cost_per_kwh,gap_U
FCFS,2021-01-01,3.0,0.0,1.33909156,7.195,0.18611418485059067,0.0,0.0,0.0,0.0,0.8,1.0,0.0,0.07407407407407407,0.04337457297272825,6.656,0.0,,,,0.40164263797192,0.0
FCFS,2021-01-04,2.0,0.0,2.63053152,9.864,0.26668,0.0,0.0,0.0,0.0,0.7142857142857143,0.9999999999999998,0.0,0.09259259259259259,0.039680989630141994,6.656,0.0,0.0,,,-4.163128185935039e-16,-1.800848377331965e-16
FCFS,2021-01-05,5.0,0.0,5.40655302,29.895000000000003,0.18085141394882084,0.0,0.0,0.0,0.0,0.85,0.9999999999999999,0.0,0.31481481481481477,0.04036458343155876,13.312,0.0,0.0,0.0,,0.05664481574368698,-5.941986417127446e-17
FCFS,2021-01-06,3.0,0.0,1.84306398,11.007000000000001,0.16744471518124826,0.0,0.0,0.0,0.0,0.625,0.9999999999999998,0.0,0.09259259259259259,0.040385416771944925,6.656,0.0,,0.0,0.0,0.24627886086898604,-8.069214315436768e-17
FCFS,2021-01-07,3.0,0.0,1.48612988,9.728000000000002,0.1527682853618421,0.0,0.0,0.0,0.0,0.7142857142857143,0.9999999999999998,0.0,0.09259259259259259,0.04012152082092749,6.656,0.0,,0.0,0.0,0.3268975083221164,-9.13012355777267e-17
FCFS,2021-01-08,2.0,0.0,1.47154024,5.518,0.26668,0.0,0.0,0.0,0.0,0.6,1.0,0.0,0.05555555555555555,0.04140277072413786,6.656,0.0,,0.0,,0.34563011460340104,0.0
FCFS,2021-01-11,6.0,0.0,3.0344083599999996,22.444000000000003,0.13519908928889676,0.0,0.0,0.0,0.0,0.6875,0.9999999999999998,0.0,0.2037037037037037,0.04072700009298084,6.656,0.0,0.0,0.0,0.0,0.07783157196115678,-1.1871926836127143e-16
FCFS,2021-01-12,2.0,0.0,2.5664282199999997,11.167000000000002,0.2298225324617175,0.0,0.0,0.0,0.0,0.75,0.9999999999999998,0.0,0.1111111111111111,0.041730468789561805,6.656,,,0.0,,1.4845679185050533,-1.590719834691726e-16
FCFS,2021-01-13,3.0,0.0,1.47234028,5.521000000000001,0.26668,0.0,0.0,0.0,0.0,0.4,1.0,0.0,0.037037037037037035,0.04337283341252866,6.656,0.0,0.0,,,0.0,0.0
FCFS,2021-01-14,5.0,0.0,4.24185078,19.503,0.21749734810029225,0.0,0.0,0.0,0.0,0.7142857142857143,0.9999999999999999,0.0,0.18518518518518517,0.04047005207515516,9.772000000000002,0.0,0.0,0.0,,0.0940240601530753,-9.108121003949395e-17
FCFS,2021-01-15,3.0,0.0,2.2446912,9.504000000000001,0.23618383838383836,0.0,0.0,0.0,0.0,0.625,0.9999999999999998,0.0,0.09259259259259259,0.04069531253965882,6.656,0.0,0.0,,0.0,0.4004480428120647,-9.345311655093911e-17
FCFS,2021-01-18,3.0,0.0,2.2557718199999997,15.303,0.14740716330131343,0.0,0.0,0.0,0.0,0.9,1.0,0.0,0.16666666666666666,0.040820739589738274,6.656,0.0,,,,0.0,0.0
FCFS,2021-01-19,3.0,0.0,1.27381528,9.73,0.13091626721479957,0.0,0.0,0.0,0.0,0.5714285714285714,0.9999999999999998,0.0,0.07407407407407407,0.04118837493175912,6.656,0.0,0.0,0.0,,0.0,-9.12824686228289e-17
FCFS,2021-01-20,3.0,0.0,1.64066102,8.059999999999999,0.2035559578163772,0.0,0.0,0.0,0.0,0.5,1.0,0.0,0.05555555555555555,0.039994791677600006,6.656,0.0,0.0,,,0.0,0.0
FCFS,2021-01-21,4.0,0.0,3.29854646,20.978,0.15723836686052053,0.0,0.0,0.0,0.0,0.8571428571428571,1.0,0.0,0.2222222222222222,0.03952994802602916,13.312,0.0,0.0,,0.0,-1.7651910389179824e-16,-4.233856514920989e-17
FCFS,2021-01-22,3.0,0.0,1.261766,5.731999999999999,0.22012665736217726,0.0,0.0,0.0,0.0,0.75,1.0,0.0,0.05555555555555555,0.03892490622092737,6.656,0.0,,,,1.2608911591276429e-16,0.0
FCFS,2021-01-25,3.0,0.0,2.1553171200000003,17.823,0.12092897492004714,0.0,0.0,0.0,0.0,0.75,0.9999999999999998,0.0,0.16666666666666666,0.038974822776557026,13.312,0.0,,,0.0,0.0,-1.4949981816194667e-16
FCFS,2021-01-26,1.0,0.0,0.5432271599999999,2.037,0.26668,0.0,0.0,0.0,0.0,0.5,1.0,0.0,0.018518518518518517,0.03870052084190926,6.656,,0.0,,,0.0,0.0
FCFS,2021-01-27,3.0,0.0,2.60866006,23.368000000000002,0.11163386083533036,0.0,0.0,0.0,0.0,0.8125,0.9999999999999998,0.0,0.24074074074074073,0.040542531223763945,7.556000000000004,0.0,,0.0,0.0,-1.2431521855439002e-16,-7.601663982370123e-17
FCFS,2021-01-28,5.0,0.0,2.4319085200000004,14.731000000000002,0.16508780938157627,0.0,0.0,0.0,0.0,0.6363636363636364,1.0,0.0,0.12962962962962962,0.04069401044641078,6.656,0.0,0.0,0.0,0.0,0.16301483646693304,-6.029315183627217e-17
FCFS,2021-01-29,3.0,0.0,2.25916596,18.168,0.12434863276089828,0.0,0.0,0.0,0.0,1.0,1.0,0.0,0.2037037037037037,0.040414499987188414,6.656,0.0,,,0.0,0.0,0.0
FCFS,2021-02-01,4.0,0.0,2.5130175800000005,21.272000000000002,0.1181373439262881,0.0,0.0,0.0,0.0,0.7333333333333333,0.9999999999999998,0.0,0.2037037037037037,0.039415791585876526,13.312,0.0,,0.0,0.0,0.2771604748787902,-4.1753404461269524e-17
FCFS,2021-02-02,2.0,0.0,1.4870386,12.037,0.1235389715045277,0.0,0.0,0.0,0.0,0.875,0.9999999999999998,0.0,0.12962962962962962,0.03874869783733933,6.656,,,0.0,,0.33555644869759654,-1.475747145800657e-16
FCFS,2021-02-03,5.0,0.0,5.115336060000001,34.791000000000004,0.14703044063119772,0.0,0.0,0.0,0.0,0.9090909090909091,1.0000000000000002,0.0,0.37037037037037024,0.039094187438119356,13.312,0.0,0.0,0.0,,0.0,-1.2764485351098346e-16
FCFS,2021-02-04,1.0,0.0,0.61683084,2.313,0.26668,0.0,0.0,0.0,0.0,0.5,1.0,0.0,0.018518518518518517,0.03849436446519879,6.656,,,0.0,,1.8830270270270268,0.0
FCFS,2021-02-05,5.0,0.0,1.8266850399999999,16.447,0.11106493828661762,0.0,0.0,0.0,0.0,0.6923076923076923,1.0,0.0,0.16666666666666666,0.03913584381128506,6.656,0.0,0.0,,0.0,0.0,0.0
FCFS,2021-02-08,5.0,0.0,2.5262181800000003,23.213000000000005,0.10882773359755309,0.0,0.0,0.0,0.0,0.8125,0.9999999999999999,0.0,0.24074074074074073,0.03847135409766148,12.431999999999999,0.0,0.0,,0.0,-1.275206911790956e-16,-3.826211259639535e-17
FCFS,2021-02-09,5.0,0.0,4.43865298,28.852,0.15384212463607375,0.0,0.0,0.0,0.0,0.8421052631578947,0.9999999999999999,0.0,0.2962962962962963,0.038490447877848055,6.656,0.0,,0.0,0.0,0.10945121223157402,-1.231357853459206e-16
FCFS,2021-02-10,6.0,0.0,6.00100826,25.931,0.2314221688326713,0.0,0.0,0.0,0.0,0.7894736842105263,0.9999999999999998,0.0,0.2777777777777778,0.03906554168982742,13.312,0.0,0.0,0.0,,0.07199994760944632,0.0
FCFS,2021-02-11,4.0,0.0,2.1237075,22.959000000000003,0.09249999999999999,0.0,0.0,0.0,0.0,0.8666666666666667,0.9999999999999998,0.0,0.24074074074074073,0.03893619805239723,13.312,0.0,,,0.0,-3.0006027692571793e-16,-1.5474165594322493e-16
FCFS,2021-02-12,4.0,0.0,1.95371862,13.431000000000001,0.14546337726155908,0.0,0.0,0.0,0.0,0.6363636363636364,1.0,0.0,0.12962962962962962,0.039148875051372066,7.188,0.0,0.0,,0.0,0.1741922374234106,-6.612898665029597e-17
FCFS,2021-02-15,5.0,0.0,6.81729884,31.967000000000006,0.21326051365470639,0.0,0.0,0.0,0.0,0.8571428571428571,1.0000000000000002,0.0,0.3333333333333333,0.03859548966526442,13.312,0.0,,0.0,0.0,0.7106085363749034,-8.335268430257377e-17
FCFS,2021-02-16,7.0,0.0,4.331591700000001,38.232000000000006,0.11329754394224732,0.0,0.0,0.0,0.0,0.8076923076923077,0.9999999999999999,0.0,0.38888888888888873,0.03914973967766855,13.312,0.0,0.0,0.0,0.0,0.10054663755197413,-2.3231283210402942e-17
FCFS,2021-02-17,4.0,0.0,5.53021922,25.178000000000004,0.21964489713241717,0.0,0.0,0.0,0.0,0.8235294117647058,0.9999999999999998,0.0,0.25925925925925924,0.03857379169858177,6.656,0.0,0.0,0.0,,0.6915281430893618,-1.0582791560490807e-16
FCFS,2021-02-18,3.0,0.0,1.32217962,9.992999999999999,0.13231057940558394,0.0,0.0,0.0,0.0,0.625,1.0,0.0,0.09259259259259259,0.03849479162454372,13.312,,0.0,0.0,,0.2807547599681155,0.0
FCFS,2021-02-19,7.0,0.0,5.476258840000001,42.184000000000005,0.12981838706618623,1.0527432435285005e-17,0.0,0.0,0.0,0.7586206896551724,0.9999999999999997,0.0,0.4074074074074072,0.039107645837551296,13.312,0.0,1.1285621597206166e-16,0.0,0.0,0.1738336031129591,-6.316459461171003e-17
FCFS,2021-02-22,5.0,0.0,3.82130596,17.638,0.21665188570132668,0.0,0.0,0.0,0.0,0.6428571428571429,1.0,0.0,0.16666666666666666,0.03850738539767917,6.656,0.0,0.0,0.0,,0.2653734153079538,-5.035595984239285e-17
FCFS,2021-02-23,4.0,0.0,5.49072828,32.769000000000005,0.16755861576489972,0.0,0.0,0.0,0.0,0.8571428571428571,0.9999999999999996,0.0,0.33333333333333326,0.037856770935225846,13.312,0.0,0.0,0.0,,0.0,-1.0841690862707135e-16
FCFS,2021-02-24,3.0,0.0,3.19791067,12.469000000000001,0.2564688964632288,0.0,0.0,0.0,0.0,0.7,1.0,0.0,0.12962962962962962,0.03783333325676116,13.312,0.0,0.0,,,2.1644398988247976e-16,0.0
FCFS,2021-02-25,2.0,0.0,2.6010612199999996,12.530000000000001,0.20758668954509174,0.0,0.0,0.0,0.0,0.875,0.9999999999999998,0.0,0.12962962962962962,0.038783427195691424,6.656,,,,0.0,1.2441804275145047,-1.4176830322428176e-16
FCFS,2021-02-26,6.0,0.0,2.541793693249707,21.594391278375213,0.11770619789570445,2.0565025618238978e-17,0.0,0.0,0.0,0.75,1.0,0.0,0.2222222222222222,0.03895486452165642,13.312,0.0,1.1870869014970933e-16,0.0,,-2.3580385835096127e-16,-8.226010247295591e-17
FCFS,2021-03-01,6.0,0.0,5.11041582,38.06700000000001,0.13424792655055556,0.0,0.0,0.0,0.0,0.7692307692307693,0.9999999999999996,0.0,0.37037037037037024,0.03899869792197327,13.312,0.0,0.0,,0.0,0.0028369420437705287,-9.332791338430925e-17
FCFS,2021-03-02,5.0,0.0,18.372840739999994,86.36299999999999,0.21273972349269937,0.0,0.0,0.0,0.0,0.9090909090909091,1.0,0.0,0.9259259259259253,0.040083770879088355,19.968,0.0,0.0,0.0,0.0,0.34279638964504694,-1.0284246954136904e-17
FCFS,2021-03-03,4.0,0.0,2.49664356,19.662000000000006,0.12697810802563317,0.0,0.0,0.0,0.0,0.7692307692307693,0.9999999999999998,0.0,0.18518518518518517,0.039114583311553965,8.912,0.0,0.0,0.0,0.0,0.19321221202859035,-1.3551700025940266e-16
FCFS,2021-03-04,5.0,0.0,4.68960574,24.820000000000004,0.18894463094278804,0.0,0.0,0.0,0.0,0.8235294117647058,0.9999999999999999,0.0,0.25925925925925924,0.039334197784531476,13.312,0.0,0.0,0.0,,0.1708639384365205,-1.0735436176875003e-16
FCFS,2021-03-05,4.0,0.0,2.56507926,16.89,0.15186970159857904,0.0,0.0,0.0,0.0,0.75,0.9999999999999998,0.0,0.16666666666666666,0.038844614512830354,13.312,0.0,,0.0,0.0,0.19849278280135546,-5.258605208408083e-17
FCFS,2021-03-08,5.0,0.0,2.74766406,18.186,0.1510867733421313,0.0,0.0,0.0,0.0,0.6428571428571429,1.0,0.0,0.16666666666666666,0.039174052138453895,13.312,0.0,0.0,,0.0,0.0,0.0
FCFS,2021-03-09,5.0,0.0,3.0981810800000007,28.163000000000007,0.11000891524340446,0.0,0.0,0.0,0.0,0.75,1.0000000000000002,0.0,0.2777777777777778,0.038870229218446184,13.312,,0.0,0.0,0.0,-1.2615148306033763e-16,-9.46112011895173e-17
FCFS,2021-03-10,2.0,0.0,3.6801840000000006,13.800000000000002,0.26668,0.0,0.0,0.0,0.0,0.8,0.9999999999999998,0.0,0.14814814814814814,0.038442708349369546,6.656,0.0,0.0,,,0.0,0.0
FCFS,2021-03-11,5.0,0.0,8.533777939999997,63.008,0.13543959401980696,0.0,0.0,0.0,0.0,0.9,1.0000000000000002,0.0,0.6666666666666664,0.039294270967123644,25.284,0.0,0.0,0.0,0.0,0.0,-2.81925603002833e-17
FCFS,2021-03-12,4.0,0.0,3.0857936599999998,16.955000000000002,0.18199903627248595,0.0,0.0,0.0,0.0,0.8333333333333334,1.0,0.0,0.18518518518518517,0.03937327073799679,6.656,,0.0,0.0,0.0,0.15038844534915569,-5.238445412563405e-17
FCFS,2021-03-15,5.0,0.0,4.48328404,21.535000000000004,0.20818593173902944,0.0,0.0,0.0,0.0,0.7333333333333333,0.9999999999999997,0.0,0.2037037037037037,0.03889973944145216,13.312,0.0,0.0,0.0,0.0,0.295233987093168,-1.2373045085211868e-16
FCFS,2021-03-16,5.0,0.0,3.4328608,17.698,0.19396885523787996,0.0,0.0,0.0,0.0,0.7692307692307693,1.0,0.0,0.18518518518518517,0.04014757299349488,7.408,0.0,0.0,0.0,,0.0,-5.018524238332722e-17
FCFS,2021-03-17,4.0,0.0,2.9523301600000003,15.418,0.1914859359190557,0.0,0.0,0.0,0.0,0.7272727272727273,1.0,0.0,0.14814814814814814,0.03938151045682995,6.656,0.0,0.0,,,2.898967538520601e-16,-5.76065909780857e-17
FCFS,2021-03-18,8.0,0.0,6.645818780000001,51.848000000000006,0.12817888404567196,0.0,0.0,0.0,0.0,0.8529411764705882,1.0,0.0,0.5370370370370369,0.04019444789567691,19.968,0.0,0.0,0.0,0.0,-2.1653781605509376e-16,-1.7130427783137735e-17
FCFS,2021-03-19,9.0,0.0,5.0443912200000005,38.709,0.13031572037510655,0.0,0.0,0.0,0.0,0.8076923076923077,1.0,0.0,0.38888888888888873,0.040009552018697526,19.18,0.0,0.0,0.0,0.0,0.0,-2.294501071327405e-17
FCFS,2021-03-22,6.0,0.0,6.41671588,34.64500000000001,0.18521333179390959,0.0,0.0,0.0,0.0,0.7916666666666666,0.9999999999999998,0.0,0.35185185185185175,0.039744354126014514,13.312,0.0,0.0,0.0,,0.2807273211839371,-1.0254621673547411e-16
FCFS,2021-03-23,5.0,0.0,6.961664460000001,27.438,0.2537234659960639,0.0,0.0,0.0,0.0,0.7368421052631579,1.0,0.0,0.25925925925925924,0.039293406189244706,13.312,0.0,0.0,0.0,,0.3545234082615835,-9.71111327028346e-17
FCFS,2021-03-24,7.0,0.0,10.102115600000001,51.69500000000001,0.19541765354483026,0.0,0.0,0.0,0.0,0.8484848484848485,0.9999999999999997,0.0,0.5185185185185183,0.03898220832828277,13.312,0.0,0.0,0.0,0.0,0.20793875528355357,-6.872451259890706e-17
FCFS,2021-03-25,5.0,0.0,5.37726144,36.039,0.1492067327062349,0.0,0.0,0.0,0.0,0.8333333333333334,0.9999999999999997,0.0,0.37037037037037024,0.03880555217013656,13.312,0.0,0.0,0.0,,0.1425194939045774,-1.232246205083556e-16
FCFS,2021-03-26,7.0,0.0,15.357179639999993,76.866,0.19979158067285918,0.0,0.0,0.0,0.0,0.8979591836734694,0.9999999999999997,0.0,0.8148148148148147,0.03934548946441888,19.968,0.0,0.0,0.0,0.0,0.04443394405133801,-4.621957274738507e-17
FCFS,2021-03-29,7.0,0.0,15.019627299999998,79.411,0.18913786880910702,0.0,0.0,0.0,0.0,0.8823529411764706,0.9999999999999997,0.0,0.8333333333333327,0.03982291658151856,13.312,0.0,0.0,0.0,0.0,0.1505914513919334,-2.2369153384295004e-17
FCFS,2021-03-30,4.0,0.0,3.1770458799999997,14.215,0.22349953429475902,0.0,0.0,0.0,0.0,0.7272727272727273,1.0,0.0,0.14814814814814814,0.03961371885452536,9.296,0.0,0.0,0.0,0.0,0.17152103507363098,-6.248177416110624e-17
FCFS,2021-03-31,6.0,0.0,4.55152666,26.727999999999998,0.1702905814127507,0.0,0.0,0.0,0.0,0.8888888888888888,1.0,0.0,0.2962962962962963,0.03908203113193546,13.312,0.0,,0.0,0.0,0.09060871755162751,0.0
FCFS,2021-04-01,5.0,0.0,4.0620967,23.785000000000004,0.17078396888795455,0.0,0.0,0.0,0.0,0.8125,1.0,0.0,0.24074074074074073,0.03889930212608306,10.892,0.0,0.0,,0.0,0.0968382572656215,-1.1202586752576733e-16
FCFS,2021-04-02,4.0,0.0,3.20152724,16.406,0.1951436815799098,0.0,0.0,0.0,0.0,0.75,1.0,0.0,0.16666666666666666,0.03888151043914453,13.312,0.0,0.0,,0.0,0.02578331114127249,-5.4137414342321425e-17
FCFS,2021-04-05,5.0,0.0,3.20042218,18.874,0.16956777471654128,0.0,0.0,0.0,0.0,0.8461538461538461,1.0,0.0,0.2037037037037037,0.0387239583687915,6.656,0.0,0.0,,,0.0,0.0
FCFS,2021-04-06,9.0,0.0,3.8435139400000002,31.933,0.1203618181818182,0.0,0.0,0.0,0.0,0.6666666666666666,1.0,0.0,0.2962962962962963,0.03930382278364656,13.312,0.0,,0.0,0.0,0.12869345791205652,-5.562762156390725e-17
FCFS,2021-04-07,9.0,0.0,5.976973719999999,33.256,0.17972617632908344,0.0,0.0,0.0,0.0,0.7391304347826086,0.9999999999999998,0.0,0.31481481481481477,0.038594625038967934,13.312,0.0,0.0,0.0,0.0,0.10740013565442613,-1.0682925423383753e-16
FCFS,2021-04-08,5.0,0.0,3.44868046,19.447000000000006,0.17733740217000044,0.0,0.0,0.0,0.0,0.6428571428571429,0.9999999999999999,0.0,0.16666666666666666,0.03746744793412896,9.644000000000002,0.0,0.0,0.0,,0.050176305584953916,-9.134348945339899e-17
FCFS,2021-04-09,5.0,0.0,8.862703719999995,58.804,0.15071600095231608,7.552023839365735e-18,0.0,0.0,0.0,0.9459459459459459,1.0,0.0,0.6481481481481479,0.037817270822415594,19.968,0.0,1.207092171378262e-16,0.0,,0.0,0.0
FCFS,2021-04-12,5.0,0.0,5.622410820000001,29.244000000000003,0.19225861099712763,0.0,0.0,0.0,0.0,0.8,0.9999999999999999,0.0,0.2962962962962963,0.037908854058817575,13.312,0.0,0.0,,0.0,0.6117645294298478,-9.111391256669319e-17
FCFS,2021-04-13,6.0,0.0,5.3910315,30.648,0.17590157595927958,0.0,0.0,0.0,0.0,0.8,0.9999999999999996,0.0,0.2962962962962963,0.03811284386756597,6.656,0.0,0.0,0.0,0.0,0.09313439693167944,-5.795995952102097e-17
FCFS,2021-04-14,4.0,0.0,4.78307964,30.105000000000008,0.1588799083208769,0.0,0.0,0.0,0.0,0.8095238095238095,0.9999999999999998,0.0,0.3148148148148148,0.038519093777722446,13.312,0.0,0.0,0.0,0.0,0.08447348188155206,-2.950268791563279e-17
FCFS,2021-04-15,6.0,0.0,7.107238400000001,44.108000000000004,0.16113263807019135,0.0,0.0,0.0,0.0,0.8275862068965517,0.9999999999999998,0.0,0.4444444444444443,0.03868577080841836,18.116000000000003,0.0,0.0,,0.0,-1.7225297089431528e-16,-1.409551314478298e-16
FCFS,2021-04-16,6.0,0.0,5.173468440000001,33.318000000000005,0.15527547992076354,0.0,0.0,0.0,0.0,0.782608695652174,0.9999999999999996,0.0,0.33333333333333326,0.03852994783907585,13.312,0.0,0.0,0.0,0.0,0.07464130784364549,-5.3315230187893946e-17
FCFS,2021-04-19,7.0,0.0,3.9676883,20.42,0.1943040303623898,2.174775758325478e-17,0.0,0.0,0.0,0.6666666666666666,1.0,0.0,0.18518518518518517,0.03924391664137753,12.076,0.0,3.1738794300318945e-17,0.0,,1.4284611371088362e-16,0.0
FCFS,2021-04-20,6.0,0.0,3.5968679999999997,20.808,0.1728598615916955,0.0,0.0,0.0,0.0,0.7857142857142857,1.0,0.0,0.2037037037037037,0.0393541666502036,13.312,0.0,0.0,0.0,0.0,0.18487180797754973,0.0
FCFS,2021-04-21,7.0,0.0,7.63029492,32.13,0.23748194584500465,0.0,0.0,0.0,0.0,0.782608695652174,1.0,0.0,0.33333333333333326,0.039581593682669336,13.312,0.0,0.0,0.0,,0.36504479243714666,-5.528654962341272e-17
FCFS,2021-04-22,7.0,0.0,5.250902177916667,31.13662916666667,0.16864067557891022,0.0,0.0,0.0,0.0,0.7727272727272727,0.9999999999999999,0.0,0.31481481481481477,0.03908854159817565,13.312,0.0,0.0,0.0,,0.05842201687362765,-8.557558510389093e-17
FCFS,2021-04-23,7.0,0.0,12.402592719999998,76.501,0.16212327577417285,0.0,0.0,0.0,0.0,0.8979591836734694,0.9999999999999997,0.0,0.8148148148148143,0.03930945831598365,19.968,0.0,0.0,0.0,0.0,1.7120043672378433e-16,-3.483007096770468e-17
FCFS,2021-04-26,4.0,0.0,3.5995257600000006,24.213000000000005,0.1486608747367117,0.0,0.0,0.0,0.0,0.8125,1.0,0.0,0.24074074074074073,0.03894096880685538,13.312,0.0,0.0,,,1.867039707978706e-16,-1.4672752978980303e-16
FCFS,2021-04-27,5.0,0.0,8.611532889999998,56.611000000000004,0.15211766070198365,0.0,0.0,0.0,0.0,0.8918918918918919,0.9999999999999999,0.0,0.6111111111111107,0.03899869792197327,13.312,0.0,0.0,0.0,0.0,1.8246123091522783e-16,-4.706744730000133e-17
FCFS,2021-04-28,8.0,0.0,8.06240686,60.28000000000001,0.1337492843397478,0.0,0.0,0.0,0.0,0.8717948717948718,0.9999999999999998,0.0,0.6296296296296291,0.039178822892912045,13.312,0.0,0.0,0.0,0.0,0.15659361950604117,-4.4202641989057326e-17
FCFS,2021-04-29,7.0,0.0,7.9860698800000005,54.10600000000001,0.14760044874875244,0.0,0.0,0.0,0.0,0.8857142857142857,0.9999999999999997,0.0,0.5740740740740738,0.03904687506898578,13.312,0.0,0.0,0.0,0.0,0.037659393729792844,-8.207762722250076e-17
FCFS,2021-04-30,8.0,0.0,9.58089748,66.50800000000001,0.14405631623263365,0.0,0.0,0.0,0.0,0.9047619047619048,0.9999999999999996,0.0,0.703703703703703,0.039283854221139336,13.312,0.0,0.0,0.0,0.0,0.02838034242810708,-6.677229955043943e-17
FCFS,2021-05-03,6.0,0.0,2.9272797,17.919000000000004,0.1633617780010045,0.0,0.0,0.0,0.0,0.6923076923076923,0.9999999999999998,0.0,0.16666666666666666,0.03922309376018044,6.656,0.0,0.0,0.0,0.0,0.0,-9.913258772254313e-17
FCFS,2021-05-04,11.0,0.0,15.023772979999999,83.73500000000001,0.17942046909894305,0.0,0.0,0.0,0.0,0.8545454545454545,0.9999999999999999,0.0,0.8703703703703698,0.039408416644922305,19.764,0.0,0.0,0.0,,0.008099444543708905,-5.303507611513257e-17
FCFS,2021-05-05,8.0,0.0,8.820048,47.571000000000005,0.18540808475752033,0.0,0.0,0.0,0.0,0.8064516129032258,0.9999999999999998,0.0,0.4629629629629628,0.03939539586402437,17.823999999999998,0.0,0.0,0.0,0.0,0.46956331014235114,-5.601175630321784e-17
FCFS,2021-05-06,6.0,0.0,3.99585562,38.521,0.10373187663871654,0.0,0.0,0.0,0.0,0.84,0.9999999999999998,0.0,0.38888888888888873,0.038304687526154645,19.968,0.0,0.0,0.0,0.0,2.675703603849535e-16,-9.222797120532958e-17
FCFS,2021-05-07,6.0,0.0,7.12914226,71.69200000000001,0.09944125230151202,0.0,0.0,0.0,0.0,0.9130434782608695,0.9999999999999996,0.0,0.7777777777777778,0.03792100005739485,26.624,0.0,0.0,0.0,0.0,1.3955765325376384e-16,-3.716642385622351e-17
FCFS,2021-05-10,5.0,0.0,11.162766179999995,70.494,0.15835058558175158,0.0,0.0,0.0,0.0,0.9318181818181818,0.9999999999999997,0.0,0.7592592592592587,0.03763063538523662,19.968,0.0,0.0,0.0,0.0,0.08447339250149045,-5.039739096661419e-17
FCFS,2021-05-11,8.0,0.0,5.94286524,35.45100000000001,0.16763603960396034,0.0,0.0,0.0,0.0,0.7307692307692307,1.0,0.0,0.35185185185185175,0.03941232292466642,16.46,0.0,0.0,0.0,0.0,0.612654786620988,-7.516107469748035e-17
FCFS,2021-05-12,11.0,0.0,14.8056549,76.86900000000001,0.1926089177691917,0.0,0.0,0.0,0.0,0.84,1.0,0.0,0.7777777777777772,0.03936067696486134,13.312,0.0,0.0,0.0,0.0,0.4153315862232079,-6.932665337393162e-17
FCFS,2021-05-13,5.0,0.0,5.000872,25.771,0.1940503666912421,0.0,0.0,0.0,0.0,0.8235294117647058,1.0,0.0,0.25925925925925924,0.03943967703889939,10.48,0.0,0.0,0.0,0.0,0.5306018979594284,-1.3785703615694003e-16
FCFS,2021-05-14,10.0,0.0,12.062279059999998,81.22400000000002,0.1485063412291933,0.0,0.0,0.0,0.0,0.8679245283018868,1.0,0.0,0.8518518518518513,0.039253041753302874,19.968,0.0,0.0,0.0,0.0,-3.737965043902479e-16,-7.654448116198262e-17
FCFS,2021-05-17,3.0,0.0,8.25667948,30.961000000000006,0.26668,0.0,0.0,0.0,0.0,0.9,1.0000000000000002,0.0,0.33333333333333326,0.0389574687081525,13.312,,0.0,0.0,0.0,0.8286736924776741,-1.4343503434968595e-16
FCFS,2021-05-18,6.0,0.0,9.702083179999997,62.89400000000001,0.15426087035329278,0.0,0.0,0.0,0.0,0.9,1.0,0.0,0.6666666666666663,0.03915234371258217,13.312,0.0,,0.0,0.0,0.030793443869070944,-2.82436613890077e-17
FCFS,2021-05-19,11.0,0.0,14.49122404,81.241,0.17837328491771398,0.0,0.0,0.0,0.0,0.8518518518518519,1.0,0.0,0.8518518518518511,0.039448781232446585,15.204,0.0,0.0,0.0,0.0,0.27403519472779597,-5.466318851935139e-17
FCFS,2021-05-20,8.0,0.0,7.759514429999999,46.13100000000001,0.16820607465695514,0.0,0.0,0.0,0.0,0.8064516129032258,1.0,0.0,0.4629629629629627,0.03914410414533146,13.312,0.0,0.0,0.0,0.0,0.5257482681196657,-1.155203771477044e-16
FCFS,2021-05-21,7.0,0.0,5.9891349400000005,42.74800000000001,0.14010327828202487,0.0,0.0,0.0,0.0,0.8928571428571429,1.0,0.0,0.4629629629629627,0.03933680197102755,13.312,0.0,0.0,0.0,0.0,0.20515264574455983,-1.0388537705859048e-16
FCFS,2021-05-24,12.0,0.0,10.06958985,71.682,0.14047584958567003,0.0,0.0,0.0,0.0,0.7755102040816326,0.9999999999999998,0.0,0.7037037037037034,0.039209208352986025,13.312,0.0,0.0,0.0,0.0,0.21661082346557425,-6.195268126587743e-17
FCFS,2021-05-25,11.0,0.0,26.40346421999999,140.913,0.18737422537310247,0.0,0.0,0.0,0.0,0.9,1.0,0.0,1.5000000000000002,0.040040802105067996,26.008000000000003,0.0,0.0,0.0,0.0,0.10674893873055585,-3.151513415015382e-17
FCFS,2021-05-26,5.0,0.0,4.8244397800000005,26.884000000000007,0.17945394212170804,1.6518717819151267e-17,0.0,0.0,0.0,0.8333333333333334,1.0,0.0,0.2777777777777778,0.03895268749450528,13.312,0.0,,1.9103897868453182e-17,,0.2901391045372448,-3.3037435638302527e-17
FCFS,2021-05-27,5.0,0.0,8.60145824,37.688,0.22822803651029502,0.0,0.0,0.0,0.0,0.84,0.9999999999999999,0.0,0.38888888888888884,0.03873437496319335,18.756,0.0,,0.0,,0.588549736270098,-2.356661058427418e-17
FCFS,2021-05-28,6.0,0.0,6.238814260000001,44.131,0.14137033513856476,0.0,0.0,0.0,0.0,0.896551724137931,0.9999999999999998,0.0,0.4814814814814812,0.039459635445382446,19.968,0.0,0.0,0.0,,0.3451228260047503,-2.0125952724844785e-17
FCFS,2021-05-31,2.0,0.0,1.2965194999999998,6.9079999999999995,0.1876837724377533,6.428622030255684e-17,0.0,0.0,0.0,0.8,1.0000000000000002,0.0,0.07407407407407407,0.03821657295096278,6.656,6.428622030255684e-17,,,,-2.9576958364724095e-16,0.0
FCFS,2021-06-01,9.0,0.0,7.542617880000001,50.01900000000001,0.150795055478918,0.0,0.0,0.0,0.0,0.7714285714285715,0.9999999999999998,0.0,0.4999999999999998,0.03935937502319575,14.512,0.0,0.0,0.0,,0.05635028455426094,-7.102728320839083e-17
FCFS,2021-06-02,11.0,0.0,10.585157839999997,76.09100000000001,0.13911182452589657,0.0,0.0,0.0,0.0,0.88,1.0,0.0,0.8148148148148141,0.038817708324738,31.4,0.0,0.0,0.0,0.0,-1.9951988776095756e-16,-4.66903270925668e-17
FCFS,2021-06-03,6.0,0.0,11.555864839999995,64.694,0.17862344019538123,0.0,0.0,0.0,0.0,0.9024390243902439,1.0,0.0,0.6851851851851848,0.0389184063654587,13.312,0.0,0.0,,0.0,0.1433879930769483,-2.7457829774016917e-17
FCFS,2021-06-04,6.0,0.0,7.5619924,34.00900000000001,0.2223526831132935,0.0,0.0,0.0,0.0,0.75,0.9999999999999996,0.0,0.33333333333333326,0.03861501045321347,13.312,0.0,0.0,,0.0,0.046800614329995924,-7.834794492929448e-17
FCFS,2021-06-07,8.0,0.0,5.3478430800000005,37.137,0.14400309879634868,0.0,0.0,0.0,0.0,0.8076923076923077,1.0,0.0,0.38888888888888873,0.03935763531141371,16.896,0.0,0.0,0.0,0.0,0.0,-4.7832534652778915e-17
FCFS,2021-06-08,5.0,0.0,2.3923661800000007,21.250000000000004,0.11258193788235295,0.0,0.0,0.0,0.0,0.7333333333333333,1.0,0.0,0.2037037037037037,0.03880035425633347,6.656,0.0,0.0,0.0,,1.232683329924256e-16,-4.179663151530001e-17
FCFS,2021-06-09,10.0,0.0,9.789061,56.257000000000005,0.17400609701903763,0.0,0.0,0.0,0.0,0.8157894736842105,0.9999999999999999,0.0,0.5740740740740738,0.03962586454993774,13.312,0.0,0.0,0.0,0.0,0.030511489658838663,-4.7363621577765884e-17
FCFS,2021-06-10,6.0,0.0,7.4922800999999986,50.502,0.14835610668884397,0.0,0.0,0.0,0.0,0.8787878787878788,0.9999999999999996,0.0,0.5370370370370366,0.039278645848147185,13.312,0.0,0.0,0.0,,1.8708751688828237e-16,-1.758699496455834e-17
FCFS,2021-06-11,11.0,0.0,13.314110020000001,81.256,0.1638538694988678,0.0,0.0,0.0,0.0,0.8490566037735849,0.9999999999999997,0.0,0.8333333333333327,0.03970833343676835,13.312,0.0,0.0,0.0,0.0,0.05235710282391186,-7.651433663853595e-17
FCFS,2021-06-14,10.0,0.0,12.140528819999998,86.013,0.1411476035017962,5.163047560834555e-18,0.0,0.0,0.0,0.8596491228070176,0.9999999999999999,0.0,0.9074074074074069,0.03966970840944365,17.860000000000003,2.897241713531202e-17,0.0,0.0,0.0,0.0,-3.097828536500733e-17
FCFS,2021-06-15,9.0,0.0,4.73293917,45.231,0.10463927770776679,0.0,0.0,0.0,0.0,0.7419354838709677,0.9999999999999998,0.0,0.4259259259259257,0.039731770812068135,13.312,0.0,,0.0,0.0,0.09630556929159353,-1.374554826977267e-16
FCFS,2021-06-16,10.0,0.0,8.15710022,48.80300000000001,0.1671434178226748,0.0,0.0,0.0,0.0,0.7575757575757576,1.0,0.0,0.4629629629629627,0.039625427082986185,18.78,0.0,0.0,0.0,0.0,0.3475727171503237,-1.0919555187592466e-16
FCFS,2021-06-17,11.0,0.0,10.31569515,68.382,0.15085395498815476,0.0,0.0,0.0,0.0,0.8222222222222222,0.9999999999999997,0.0,0.6851851851851849,0.03925911460100906,19.244,0.0,0.0,0.0,0.0,0.0920484015024305,-3.896544791173665e-17
FCFS,2021-06-18,8.0,0.0,14.345892919999994,96.023,0.14940059069181336,0.0,0.0,0.0,0.0,0.9016393442622951,1.0,0.0,1.0185185185185182,0.03954775002057431,26.624,0.0,0.0,0.0,,0.0,-2.774892743509759e-17
FCFS,2021-06-21,8.0,0.0,9.17592922,42.844,0.21417069414620485,0.0,0.0,0.0,0.0,0.8275862068965517,0.9999999999999998,0.0,0.4444444444444443,0.03916233329922155,19.968,0.0,0.0,0.0,0.0,0.046587187443952016,-1.0365260242975973e-16
FCFS,2021-06-22,12.0,0.0,12.906591859999999,68.609,0.18811805827223835,0.0,0.0,0.0,0.0,0.8085106382978723,1.0,0.0,0.7037037037037035,0.039394968704679435,22.912000000000006,0.0,0.0,0.0,,0.08414271748203407,-7.767305336327234e-17
FCFS,2021-06-23,14.0,0.0,21.59758439999999,119.649,0.18050785547727094,0.0,0.0,0.0,0.0,0.8461538461538461,1.0,0.0,1.222222222222222,0.04034027081919097,23.031999999999996,0.0,0.0,0.0,0.0,0.0793337312082494,-4.453919813956449e-17
FCFS,2021-06-24,11.0,0.0,9.50099594,65.74400000000001,0.144515027074714,0.0,0.0,0.0,0.0,0.8181818181818182,0.9999999999999999,0.0,0.6666666666666662,0.0398784686694853,14.380000000000003,0.0,0.0,0.0,0.0,0.11820176611552813,-9.456754894592475e-17
FCFS,2021-06-25,9.0,0.0,4.6316637300000005,36.357,0.12739400198036144,0.0,0.0,0.0,0.0,0.7307692307692307,1.0,0.0,0.35185185185185175,0.03928733334153852,13.312,0.0,0.0,0.0,,0.09784796860376274,-2.4429364900847848e-17
FCFS,2021-06-28,11.0,0.0,21.07287223999999,129.251,0.16303836906484276,0.0,0.0,0.0,0.0,0.9146341463414634,1.0,0.0,1.3888888888888888,0.039696614597536005,26.624,0.0,0.0,0.0,0.0,0.0,-2.7486933786202828e-17
FCFS,2021-06-29,15.0,0.0,10.447258999999999,87.53,0.11935632354621271,5.073565747173113e-18,0.0,0.0,0.0,0.8275862068965517,1.0,0.0,0.8888888888888883,0.03965147910397112,19.968,1.574951980175418e-17,0.0,0.0,0.0,0.0,-5.073565747173113e-17
FCFS,2021-06-30,12.0,0.0,13.338485389999997,89.36600000000001,0.14925682463129147,0.0,0.0,0.0,0.0,0.8793103448275862,1.0,0.0,0.9444444444444438,0.04003950001181996,19.968,0.0,0.0,0.0,0.0,0.08300129207550368,-1.9877322912519866e-17
FCFS,2021-07-01,13.0,0.0,14.557338640000001,91.19200000000001,0.15963394420563207,0.0,0.0,0.0,0.0,0.847457627118644,0.9999999999999997,0.0,0.9259259259259255,0.03984331245495317,19.968,0.0,0.0,0.0,0.0,0.0,-6.817756971994119e-17
FCFS,2021-07-02,10.0,0.0,4.39870883,34.037000000000006,0.12923315303933952,1.3047248871817805e-17,0.0,0.0,0.0,0.68,1.0,0.0,0.31481481481481477,0.039472229218517896,16.948,0.0,0.0,2.408815414678144e-17,,0.10433880103422051,-7.828349323090682e-17
FCFS,2021-07-05,1.0,0.0,0.92352,9.984,0.0925,0.0,0.0,0.0,0.0,1.0,1.0,0.0,0.1111111111111111,0.038235239571804414,6.656,0.0,,,,-1.5003013846285896e-16,0.0
FCFS,2021-07-06,14.0,0.0,10.424315960000001,68.018,0.15325819577170752,0.0,0.0,0.0,0.0,0.72,0.9999999999999999,0.0,0.6666666666666662,0.039785593799024355,19.968,0.0,0.0,0.0,0.0,0.02859895203468355,-2.6115981643098158e-17
FCFS,2021-07-07,14.0,0.0,13.374663119999994,104.136,0.1284345770914957,0.0,0.0,0.0,0.0,0.8382352941176471,1.0,0.0,1.0555555555555556,0.040005208423584314,26.38,0.0,0.0,0.0,0.0,-2.1610672331529595e-16,-3.4116095094880745e-17
FCFS,2021-07-08,12.0,0.0,14.246401089999999,88.897,0.1602573887757742,0.0,0.0,0.0,0.0,0.8333333333333334,0.9999999999999998,0.0,0.9259259259259252,0.03968271873115251,19.968,0.0,0.0,0.0,0.0,0.07927872544058984,-2.997328660247675e-17
FCFS,2021-07-09,10.0,0.0,8.113081820000001,48.74900000000001,0.16642560503805207,0.0,0.0,0.0,0.0,0.7647058823529411,0.9999999999999997,0.0,0.4814814814814813,0.03926432297400121,13.312,0.0,0.0,0.0,0.0,0.2348638722809602,-9.109709119162703e-17
FCFS,2021-07-12,13.0,0.0,21.457740579999992,139.18,0.15417258643483253,0.0,0.0,0.0,0.0,0.9101123595505618,1.0,0.0,1.5000000000000002,0.03973219781983062,26.624,0.0,0.0,0.0,0.0,0.013692215605581284,-8.934112570629223e-17
FCFS,2021-07-13,15.0,0.0,20.668000539999994,137.61700000000002,0.15018493747138792,0.0,0.0,0.0,0.0,0.8666666666666667,1.0,0.0,1.4444444444444449,0.0402330729230016,33.28,0.0,0.0,0.0,0.0,0.06058230061734495,0.0
FCFS,2021-07-14,15.0,0.0,12.585532700000002,81.71,0.15402683514869664,0.0,0.0,0.0,0.0,0.8148148148148148,1.0,0.0,0.8148148148148143,0.03981640611527837,19.968,0.0,0.0,0.0,0.0,0.14661146403606776,-5.434943211969927e-17
FCFS,2021-07-15,18.0,0.0,28.043095019999992,134.568,0.20839348894239335,3.3001100547683146e-18,0.0,0.0,0.0,0.8539325842696629,1.0,0.0,1.407407407407408,0.04001128111970805,26.624,0.0,5.925139557705972e-17,0.0,0.0,0.06611191094261305,-5.280176087629304e-17
FCFS,2021-07-16,14.0,0.0,15.681171139999996,119.255,0.1314927771581904,7.44772478889879e-18,0.0,0.0,0.0,0.8354430379746836,0.9999999999999999,0.0,1.2222222222222228,0.041118489510457344,34.612,0.0,0.0,1.4070598984524267e-17,0.0,0.04695865368982673,-3.7238623944493955e-17
FCFS,2021-07-19,16.0,0.0,22.868953199999993,146.892,0.15568549138142304,0.0,0.0,0.0,0.0,0.875,1.0,0.0,1.5555555555555556,0.04018056248848249,19.968,0.0,0.0,0.0,0.0,0.03405503568225621,-3.627883423331939e-17
FCFS,2021-07-20,21.0,0.0,21.656490359999992,150.048,0.1443304166666666,1.4798238225436613e-18,0.0,0.0,0.0,0.8383838383838383,1.0,0.0,1.5370370370370374,0.039943572877139864,34.612,0.0,0.0,7.501253502416517e-18,0.0,0.0,-1.6278062047980276e-17
FCFS,2021-07-21,12.0,0.0,7.99590926,60.155,0.132921773086194,0.0,0.0,0.0,0.0,0.7560975609756098,1.0,0.0,0.5740740740740736,0.03912413543124179,16.836,0.0,0.0,0.0,,0.049735871064378996,-5.905932472447013e-17
FCFS,2021-07-22,17.0,0.0,24.17926321999999,165.026,0.14651790154278713,0.015839505731086216,0.058823529411764705,0.0,0.0,0.8623853211009175,0.983573137644868,0.3177413566216053,1.7407407407407414,0.04233072907785148,34.612,0.10512150716377736,0.0,0.0,0.0,0.06320900656744217,0.015839505731086174
FCFS,2021-07-23,13.0,0.0,8.53913382,62.568000000000005,0.1364776534330648,0.0,0.0,0.0,0.0,0.7674418604651163,0.9999999999999998,0.0,0.6111111111111108,0.03973090618577165,13.312,0.0,0.0,0.0,,0.08148990827667978,-8.517246065402045e-17
FCFS,2021-07-26,14.0,0.0,8.03524185,53.973,0.14887521260630315,8.227988250607945e-18,0.0,0.0,0.0,0.7368421052631579,1.0,0.0,0.5185185185185183,0.040094614632835146,13.312,0.0,0.0,5.2031541868782967e-17,,0.009422630787019553,-6.582390600486356e-17
FCFS,2021-07-27,15.0,0.0,19.139339259999993,127.867,0.1496816165234188,0.0,0.0,0.0,0.0,0.8795180722891566,1.0,0.0,1.3518518518518525,0.03995876052916477,19.968,0.0,0.0,0.0,0.0,0.02225312291618278,-2.0838334043188433e-17
FCFS,2021-07-28,12.0,0.0,18.698208139999988,112.84400000000001,0.16569962195597449,0.0,0.0,0.0,0.0,0.8783783783783784,1.0,0.0,1.2037037037037037,0.039551208374177804,27.84,0.0,0.0,0.0,0.0,0.019535977383997045,-1.5741703939954722e-17
FCFS,2021-07-29,13.0,0.0,9.627807740000002,79.622,0.12091893873552538,0.0,0.0,0.0,0.0,0.8301886792452831,1.0,0.0,0.8148148148148141,0.03963324995008103,23.496,0.0,0.0,0.0,0.0,0.0985788599123941,-7.808456127578907e-17
FCFS,2021-07-30,16.0,0.0,11.16154124,81.18200000000002,0.13748788204281734,0.0,0.0,0.0,0.0,0.7543859649122807,1.0,0.0,0.7962962962962958,0.04006684366686386,26.624,0.0,0.0,0.0,0.0,0.05230271654013661,-5.470291565249225e-17
FCFS,2021-08-02,14.0,0.0,25.966635399999983,166.26999999999998,0.15617150057135976,0.0,0.0,0.0,0.0,0.8981481481481481,1.0,0.0,1.7962962962962965,0.043273437465056,34.612,0.0,0.0,0.0,0.0,0.009042710214907062,-3.205070378421093e-17
FCFS,2021-08-03,19.0,0.0,19.87389545,149.36900000000003,0.13305234319035406,0.0,0.0,0.0,0.0,0.8571428571428571,1.0,0.0,1.5555555555555562,0.03921831254653322,30.787999999999997,0.0,0.0,0.0,0.0,0.06083299888191729,-5.351582843361826e-17
FCFS,2021-08-04,19.0,0.0,21.045653129411104,135.0664836111111,0.15581699150476594,0.0,0.0,0.0,0.0,0.8426966292134831,1.0,0.0,1.3888888888888897,0.04012369784807864,16.86,0.0,0.0,0.0,,0.023445897018369022,-2.6303443932320164e-17
FCFS,2021-08-05,12.0,0.0,14.266735479999994,97.44100000000002,0.14641409139889772,0.0,0.0,0.0,0.0,0.859375,0.9999999999999998,0.0,1.018518518518518,0.04021484376911152,21.520000000000003,0.0,0.0,0.0,0.0,0.12017067562537508,-6.380526613951905e-17
FCFS,2021-08-06,12.0,0.0,16.196841159999998,90.187,0.1795917500304922,0.0,0.0,0.0,0.0,0.864406779661017,1.0,0.0,0.944444444444444,0.040012583364538536,21.971999999999973,0.0,0.0,0.0,0.0,0.02717358333806909,-3.9392747056676696e-17
FCFS,2021-08-09,11.0,0.0,21.77699411999999,134.154,0.16232832505926018,0.0,0.0,0.0,0.0,0.9285714285714286,1.0,0.0,1.444444444444445,0.04014757299349488,33.28,0.0,0.0,0.0,0.0,1.7098418039794575e-16,-1.9861765277966933e-17
FCFS,2021-08-10,19.0,0.0,15.87271279,111.20500000000001,0.14273380504473718,0.0,0.0,0.0,0.0,0.8378378378378378,1.0,0.0,1.1481481481481484,0.040359375058566606,29.088,0.0,0.0,0.0,0.0,0.10687578905160373,-3.194742753293917e-17
FCFS,2021-08-11,18.0,0.0,17.537184972705553,137.63361888888892,0.12741934066896296,3.2266041787985984e-18,0.0,0.0,0.0,0.8260869565217391,1.0,0.0,1.407407407407407,0.04056640621759774,26.624,0.0,9.409068389551732e-18,0.0,0.0,0.021560631948232302,-6.453208357597198e-17
FCFS,2021-08-12,22.0,0.0,15.53624468,137.132,0.1132940865735204,0.0,0.0,0.0,0.0,0.8351648351648352,1.0,0.0,1.4074074074074072,0.040509114569431404,26.624,0.0,0.0,0.0,0.0,-1.2249348776741922e-16,-6.476813724733287e-17
FCFS,2021-08-13,16.0,0.0,11.52400016,87.893,0.13111396994072338,0.0,0.0,0.0,0.0,0.7704918032786885,1.0,0.0,0.8703703703703697,0.04000823961784287,19.968,0.0,0.0,0.0,0.0,0.13876208736550244,-3.031567086230275e-17
FCFS,2021-08-16,16.0,0.0,17.406744399999994,126.889,0.1371808777750632,0.0,0.0,0.0,0.0,0.8571428571428571,1.0,0.0,1.333333333333334,0.04002820833193255,33.28,0.0,0.0,0.0,0.0,0.0,-2.799859466778445e-17
FCFS,2021-08-17,20.0,0.0,19.295262519999994,134.57200000000003,0.14338244597687475,0.0,0.0,0.0,0.0,0.8333333333333334,1.0,0.0,1.3888888888888893,0.040063364546464676,30.96,0.0,0.0,0.0,0.0,-1.935772222780007e-16,-4.62001674783824e-17
FCFS,2021-08-18,20.0,0.0,19.232164959999995,142.01500000000001,0.1354234761116783,0.0,0.0,0.0,0.0,0.8085106382978723,1.0,0.0,1.4074074074074083,0.04028993756340545,34.612,0.0,0.0,0.0,0.0,0.0,-2.501646782945816e-17
FCFS,2021-08-19,17.0,0.0,20.846760210017877,127.87477329749065,0.16302480678905698,0.0,0.0,0.0,0.0,0.8352941176470589,1.0,0.0,1.3148148148148144,0.04108897913586892,34.611999999999995,0.0,0.0,0.0,0.0,0.059628072489898064,-1.389137821005317e-17
FCFS,2021-08-20,13.0,0.0,10.269461490000001,75.67200000000001,0.13571018989850936,0.0,0.0,0.0,0.0,0.803921568627451,0.9999999999999998,0.0,0.7592592592592591,0.03959505208210127,23.528,0.0,0.0,0.0,0.0,0.07285974279871636,-8.216049447485035e-17
FCFS,2021-08-23,14.0,0.0,25.78234206144443,146.63971944444444,0.1758209996522277,0.0,0.0,0.0,0.0,0.8723404255319149,1.0,0.0,1.5185185185185184,0.039782979153339205,26.624,0.0,0.0,0.0,0.0,0.0,-1.8170624365589126e-17
FCFS,2021-08-24,20.0,0.0,35.191633239999994,186.09400000000005,0.1891067591647231,0.0,0.0,0.0,0.0,0.8688524590163934,1.0,0.0,1.962962962962964,0.04042621882642076,33.28,0.0,0.0,0.0,0.0,0.08782652958031764,-2.3863703819041054e-17
FCFS,2021-08-25,17.0,0.0,23.69398999,148.75600000000003,0.1592809028879507,0.0,0.0,0.0,0.0,0.875,1.0,0.0,1.555555555555556,0.04005164585881479,26.624,0.0,0.0,0.0,0.0,0.0222974348133378,-4.1794945668752026e-17
FCFS,2021-08-26,16.0,0.0,8.73001922,64.47800000000001,0.13539531654207637,0.0,0.0,0.0,0.0,0.723404255319149,1.0,0.0,0.6296296296296293,0.03983551050623646,20.184000000000005,0.0,0.0,0.0,0.0,0.09224699168816124,-4.132471942523614e-17
FCFS,2021-08-27,20.0,0.0,22.375815979999995,137.37199999999999,0.16288483810383483,0.0,0.0,0.0,0.0,0.8461538461538461,1.0,0.0,1.4259259259259267,0.039273010467392545,26.624,0.0,0.0,0.0,0.0,0.08426756469000851,-5.172398565647295e-17
FCFS,2021-08-30,17.0,0.0,37.58542817999998,237.57299999999998,0.15820580697301453,0.0027829547171711352,0.0,0.0,0.0,0.8888888888888888,0.9999859112941815,0.07931570762052707,2.5185185185185186,0.04164019795401449,34.612,0.0,0.0,0.006220504207987977,0.0,0.03296767052908095,0.002782954717171124
FCFS,2021-08-31,19.0,0.0,16.887634419999998,104.623,0.1614141672481194,4.244661401891196e-18,0.0,0.0,0.0,0.8169014084507042,1.0,0.0,1.0740740740740737,0.04042231254667664,26.624,0.0,0.0,0.0,1.9978819950065798e-17,0.14811644408255664,-5.942525962647674e-17
FCFS,2021-09-01,21.0,0.0,15.874731520000001,146.79100000000003,0.10814512824355715,3.0253163330862427e-18,0.0,0.0,0.0,0.8367346938775511,0.9999999999999999,0.0,1.518518518518519,0.04030208341040028,34.612,0.0,0.0,8.51659270194198e-18,0.0,0.12015170386063172,-1.210126533234497e-17
FCFS,2021-09-02,16.0,0.0,18.892551639999994,147.946,0.12769896881294523,0.0,0.0,0.0,0.0,0.8181818181818182,1.0,0.0,1.5000000000000004,0.04042143746119109,34.612,0.0,0.0,0.0,0.0,0.07482558747473507,-2.4013583867090026e-17
FCFS,2021-09-03,18.0,0.0,14.414215679999998,112.29,0.1283659780924392,0.0,0.0,0.0,0.0,0.782051282051282,1.0,0.0,1.1296296296296295,0.04096181252558987,34.612,0.0,0.0,0.0,0.0,0.1482432981624678,-3.163873611898211e-17
FCFS,2021-09-06,4.0,0.0,6.404464280000001,33.797,0.189498011066071,0.0,0.0,0.0,0.0,0.8181818181818182,1.0,0.0,0.3333333333333333,0.03938714583758459,19.968,0.0,,0.0,0.0,0.1570936227494797,0.0
FCFS,2021-09-07,25.0,0.0,19.5692501,159.50600000000003,0.12268660802728423,0.01641507572394059,0.04,0.0,0.0,0.7631578947368421,0.9887279592295235,0.3184591458308408,1.6111111111111118,0.047844177061051596,34.612,0.13380918870011047,0.0,8.622421750739022e-18,0.0,0.14573586967644223,0.016415075723940558
FCFS,2021-09-08,28.0,0.0,27.373557099999992,194.689,0.14060145719583536,9.124073981582167e-18,0.0,0.0,0.0,0.8120300751879699,0.9999999999999999,0.0,2.0,0.041907114640101405,34.612,0.0,0.0,1.4461795795851623e-17,0.0,0.09529304239636559,-3.193425893553758e-17
FCFS,2021-09-09,27.0,0.0,27.763479679999996,187.214,0.14829809565523944,3.5581410299181364e-18,0.0,0.0,0.0,0.8110236220472441,1.0,0.0,1.9074074074074086,0.04279644796649033,34.612,0.0,6.66900750638328e-18,0.0,9.03501810404587e-18,0.20395285372073804,-1.3046517109699833e-17
FCFS,2021-09-10,30.0,0.0,32.24012565999999,204.028,0.1580181429019546,0.0,0.0,0.0,0.0,0.8098591549295775,0.9999999999999998,0.0,2.1296296296296306,0.04306510406119438,34.612,0.0,0.0,0.0,0.0,0.045982246986266684,-2.611930969377121e-17
FCFS,2021-09-13,25.0,0.0,58.94855618999996,316.815,0.18606617802187383,0.09794313438530348,0.28,0.0,0.0,0.8227272727272728,0.8518208232278919,4.1152051680823005,3.3518518518518516,0.05648393744195346,34.612,0.3460358840668609,0.4572244854769584,0.027579098386344102,1.030653364123091e-16,-0.0038036974982062813,0.09190408127238683
EDF,2021-01-01,3.0,0.0,1.33909156,7.195,0.18611418485059067,0.0,0.0,0.0,0.0,0.8,1.0,0.0,0.07407407407407407,0.03841015616975104,6.656,0.0,,,,0.40164263797192,0.0
EDF,2021-01-04,2.0,0.0,2.63053152,9.864,0.26668,0.0,0.0,0.0,0.0,0.7142857142857143,0.9999999999999998,0.0,0.09259259259259259,0.038217447884865884,6.656,0.0,0.0,,,-4.163128185935039e-16,-1.800848377331965e-16
EDF,2021-01-05,5.0,0.0,5.40655302,29.895000000000003,0.18085141394882084,0.0,0.0,0.0,0.0,0.85,0.9999999999999999,0.0,0.31481481481481477,0.03776736457439256,13.312,0.0,0.0,0.0,,0.05664481574368698,-5.941986417127446e-17
EDF,2021-01-06,3.0,0.0,1.84306398,11.007000000000001,0.16744471518124826,0.0,0.0,0.0,0.0,0.625,0.9999999999999998,0.0,0.09259259259259259,0.03735460419799589,6.656,0.0,,0.0,0.0,0.24627886086898604,-8.069214315436768e-17
EDF,2021-01-07,3.0,0.0,1.48612988,9.728000000000002,0.1527682853618421,0.0,0.0,0.0,0.0,0.7142857142857143,0.9999999999999998,0.0,0.09259259259259259,0.03745052072190447,6.656,0.0,,0.0,0.0,0.3268975083221164,-9.13012355777267e-17
EDF,2021-01-08,2.0,0.0,1.47154024,5.518,0.26668,0.0,0.0,0.0,0.0,0.6,1.0,0.0,0.05555555555555555,0.037615885351745725,6.656,0.0,,0.0,,0.34563011460340104,0.0
EDF,2021-01-11,6.0,0.0,3.0344083599999996,22.444000000000003,0.13519908928889676,0.0,0.0,0.0,0.0,0.6875,0.9999999999999998,0.0,0.2037037037037037,0.03866796881387321,6.656,0.0,0.0,0.0,0.0,0.07783157196115678,-1.1871926836127143e-16
EDF,2021-01-12,2.0,0.0,2.5664282199999997,11.167000000000002,0.2298225324617175,0.0,0.0,0.0,0.0,0.75,0.9999999999999998,0.0,0.1111111111111111,0.038271708338773656,6.656,,,0.0,,1.4845679185050533,-1.590719834691726e-16
EDF,2021-01-13,3.0,0.0,1.47234028,5.521000000000001,0.26668,0.0,0.0,0.0,0.0,0.4,1.0,0.0,0.037037037037037035,0.03723089594132034,6.656,0.0,0.0,,,0.0,0.0
EDF,2021-01-14,5.0,0.0,4.24185078,19.503,0.21749734810029225,0.0,0.0,0.0,0.0,0.7142857142857143,0.9999999999999999,0.0,0.18518518518518517,0.03763237494543622,9.772000000000002,0.0,0.0,0.0,,0.0940240601530753,-9.108121003949395e-17
EDF,2021-01-15,3.0,0.0,2.2446912,9.504000000000001,0.23618383838383836,0.0,0.0,0.0,0.0,0.625,0.9999999999999998,0.0,0.09259259259259259,0.03850997912498618,6.656,0.0,0.0,,0.0,0.4004480428120647,-9.345311655093911e-17
EDF,2021-01-18,3.0,0.0,2.2557718199999997,15.303,0.14740716330131343,0.0,0.0,0.0,0.0,0.9,1.0,0.0,0.16666666666666666,0.03821614579161784,6.656,0.0,,,,0.0,0.0
EDF,2021-01-19,3.0,0.0,1.27381528,9.73,0.13091626721479957,0.0,0.0,0.0,0.0,0.5714285714285714,0.9999999999999998,0.0,0.07407407407407407,0.038330291620998956,6.656,0.0,0.0,0.0,,0.0,-9.12824686228289e-17
EDF,2021-01-20,3.0,0.0,1.64066102,8.059999999999999,0.2035559578163772,0.0,0.0,0.0,0.0,0.5,1.0,0.0,0.05555555555555555,0.03853949995876368,6.656,0.0,0.0,,,0.0,0.0
EDF,2021-01-21,4.0,0.0,3.29854646,20.978,0.15723836686052053,0.0,0.0,0.0,0.0,0.8571428571428571,1.0,0.0,0.2222222222222222,0.03855512492615768,13.312,0.0,0.0,,0.0,-1.7651910389179824e-16,-4.233856514920989e-17
EDF,2021-01-22,3.0,0.0,1.261766,5.731999999999999,0.22012665736217726,0.0,0.0,0.0,0.0,0.75,1.0,0.0,0.05555555555555555,0.03819313542408054,6.656,0.0,,,,1.2608911591276429e-16,0.0
EDF,2021-01-25,3.0,0.0,2.1553171200000003,17.823,0.12092897492004714,0.0,0.0,0.0,0.0,0.75,0.9999999999999998,0.0,0.16666666666666666,0.038825083417274676,13.312,0.0,,,0.0,0.0,-1.4949981816194667e-16
EDF,2021-01-26,1.0,0.0,0.5432271599999999,2.037,0.26668,0.0,0.0,0.0,0.0,0.5,1.0,0.0,0.018518518518518517,0.0383871562614028,6.656,,0.0,,,0.0,0.0
EDF,2021-01-27,3.0,0.0,2.60866006,23.368000000000002,0.11163386083533036,0.0,0.0,0.0,0.0,0.8125,0.9999999999999998,0.0,0.24074074074074073,0.03899782298807016,7.556000000000004,0.0,,0.0,0.0,-1.2431521855439002e-16,-7.601663982370123e-17
EDF,2021-01-28,5.0,0.0,2.4319085200000004,14.731000000000002,0.16508780938157627,0.0,0.0,0.0,0.0,0.6363636363636364,1.0,0.0,0.12962962962962962,0.03868098959477114,6.656,0.0,0.0,0.0,0.0,0.16301483646693304,-6.029315183627217e-17
EDF,2021-01-29,3.0,0.0,2.25916596,18.168,0.12434863276089828,0.0,0.0,0.0,0.0,1.0,1.0,0.0,0.2037037037037037,0.03866058326214746,6.656,0.0,,,0.0,0.0,0.0
EDF,2021-02-01,4.0,0.0,2.5130175800000005,21.272000000000002,0.1181373439262881,0.0,0.0,0.0,0.0,0.7333333333333333,0.9999999999999998,0.0,0.2037037037037037,0.0386519062279452,13.312,0.0,,0.0,0.0,0.2771604748787902,-4.1753404461269524e-17
EDF,2021-02-02,2.0,0.0,1.4870386,12.037,0.1235389715045277,0.0,0.0,0.0,0.0,0.875,0.9999999999999998,0.0,0.12962962962962962,0.038503041650983505,6.656,,,0.0,,0.33555644869759654,-1.475747145800657e-16
EDF,2021-02-03,5.0,0.0,5.115336060000001,34.791000000000004,0.14703044063119772,0.0,0.0,0.0,0.0,0.9090909090909091,1.0000000000000002,0.0,0.37037037037037024,0.038236979132004,13.312,0.0,0.0,0.0,,0.0,-1.2764485351098346e-16
EDF,2021-02-04,1.0,0.0,0.61683084,2.313,0.26668,0.0,0.0,0.0,0.0,0.5,1.0,0.0,0.018518518518518517,0.03744964578800136,6.656,,,0.0,,1.8830270270270268,0.0
EDF,2021-02-05,5.0,0.0,1.8266850399999999,16.447,0.11106493828661762,0.0,0.0,0.0,0.0,0.6923076923076923,1.0,0.0,0.16666666666666666,0.038146270829505134,6.656,0.0,0.0,,0.0,0.0,0.0
EDF,2021-02-08,5.0,0.0,2.5262181800000003,23.213000000000005,0.10882773359755309,0.0,0.0,0.0,0.0,0.8125,0.9999999999999999,0.0,0.24074074074074073,0.03881597907214503,12.431999999999999,0.0,0.0,,0.0,-1.275206911790956e-16,-3.826211259639535e-17
EDF,2021-02-09,5.0,0.0,4.43865298,28.852,0.15384212463607375,0.0,0.0,0.0,0.0,0.8421052631578947,0.9999999999999999,0.0,0.2962962962962963,0.03861023969875532,6.656,0.0,,0.0,0.0,0.10945121223157402,-1.231357853459206e-16
EDF,2021-02-10,6.0,0.0,6.00100826,25.931,0.2314221688326713,0.0,0.0,0.0,0.0,0.7894736842105263,0.9999999999999998,0.0,0.2777777777777778,0.03852430199913215,13.312,0.0,0.0,0.0,,0.07199994760944632,0.0
EDF,2021-02-11,4.0,0.0,2.1237075,22.959000000000003,0.09249999999999999,0.0,0.0,0.0,0.0,0.8666666666666667,0.9999999999999998,0.0,0.24074074074074073,0.03858419798537701,13.312,0.0,,,0.0,-3.0006027692571793e-16,-1.5474165594322493e-16
EDF,2021-02-12,4.0,0.0,1.95371862,13.431000000000001,0.14546337726155908,0.0,0.0,0.0,0.0,0.6363636363636364,1.0,0.0,0.12962962962962962,0.038172750009835,7.188,0.0,0.0,,0.0,0.1741922374234106,-6.612898665029597e-17
EDF,2021-02-15,5.0,0.0,6.81729884,31.967000000000006,0.21326051365470639,0.0,0.0,0.0,0.0,0.8571428571428571,1.0000000000000002,0.0,0.3333333333333333,0.038564239578893954,13.312,0.0,,0.0,0.0,0.7106085363749034,-8.335268430257377e-17
EDF,2021-02-16,7.0,0.0,4.331591700000001,38.232000000000006,0.11329754394224732,0.0,0.0,0.0,0.0,0.8076923076923077,0.9999999999999999,0.0,0.38888888888888873,0.03872048955599894,13.312,0.0,0.0,0.0,0.0,0.10054663755197413,-2.3231283210402942e-17
EDF,2021-02-17,4.0,0.0,5.53021922,25.178000000000004,0.21964489713241717,0.0,0.0,0.0,0.0,0.8235294117647058,0.9999999999999998,0.0,0.25925925925925924,0.038510854210471734,6.656,0.0,0.0,0.0,,0.6915281430893618,-1.0582791560490807e-16
EDF,2021-02-18,3.0,0.0,1.32217962,9.992999999999999,0.13231057940558394,0.0,0.0,0.0,0.0,0.625,1.0,0.0,0.09259259259259259,0.038505645837479584,13.312,,0.0,0.0,,0.2807547599681155,0.0
EDF,2021-02-19,7.0,0.0,5.476258840000001,42.184000000000005,0.12981838706618623,1.0527432435285005e-17,0.0,0.0,0.0,0.7586206896551724,0.9999999999999997,0.0,0.4074074074074072,0.039041239688231144,13.312,0.0,1.1285621597206166e-16,0.0,0.0,0.1738336031129591,-6.316459461171003e-17
EDF,2021-02-22,5.0,0.0,3.82130596,17.638,0.21665188570132668,0.0,0.0,0.0,0.0,0.6428571428571429,1.0,0.0,0.16666666666666666,0.03832291668004473,6.656,0.0,0.0,0.0,,0.2653734153079538,-5.035595984239285e-17
EDF,2021-02-23,4.0,0.0,5.49072828,32.769000000000005,0.16755861576489972,0.0,0.0,0.0,0.0,0.8571428571428571,0.9999999999999996,0.0,0.33333333333333326,0.03825434381118006,13.312,0.0,0.0,0.0,,0.0,-1.0841690862707135e-16
EDF,2021-02-24,3.0,0.0,3.19791067,12.469000000000001,0.2564688964632288,0.0,0.0,0.0,0.0,0.7,1.0,0.0,0.12962962962962962,0.03775954170729771,13.312,0.0,0.0,,,2.1644398988247976e-16,0.0
EDF,2021-02-25,2.0,0.0,2.6010612199999996,12.530000000000001,0.20758668954509174,0.0,0.0,0.0,0.0,0.875,0.9999999999999998,0.0,0.12962962962962962,0.038640625007246854,6.656,,,,0.0,1.2441804275145047,-1.4176830322428176e-16
EDF,2021-02-26,6.0,0.0,2.541793693249707,21.594391278375213,0.11770619789570445,2.0565025618238978e-17,0.0,0.0,0.0,0.75,1.0,0.0,0.2222222222222222,0.03861762509889862,13.312,0.0,1.1870869014970933e-16,0.0,,-2.3580385835096127e-16,-8.226010247295591e-17
EDF,2021-03-01,6.0,0.0,5.11041582,38.06700000000001,0.13424792655055556,0.0,0.0,0.0,0.0,0.7692307692307693,0.9999999999999996,0.0,0.37037037037037024,0.038883239540155046,13.312,0.0,0.0,,0.0,0.0028369420437705287,-9.332791338430925e-17
EDF,2021-03-02,5.0,0.0,18.372840739999994,86.36299999999999,0.21273972349269937,0.0,0.0,0.0,0.0,0.9090909090909091,1.0,0.0,0.9259259259259253,0.038926218773364475,19.968,0.0,0.0,0.0,0.0,0.34279638964504694,-1.0284246954136904e-17
EDF,2021-03-03,4.0,0.0,2.49664356,19.662000000000006,0.12697810802563317,0.0,0.0,0.0,0.0,0.7692307692307693,0.9999999999999998,0.0,0.18518518518518517,0.03847916665714971,8.912,0.0,0.0,0.0,0.0,0.19321221202859035,-1.3551700025940266e-16
EDF,2021-03-04,5.0,0.0,4.68960574,24.820000000000004,0.18894463094278804,0.0,0.0,0.0,0.0,0.8235294117647058,0.9999999999999999,0.0,0.25925925925925924,0.03840408332204485,13.312,0.0,0.0,0.0,,0.1708639384365205,-1.0735436176875003e-16
EDF,2021-03-05,4.0,0.0,2.56507926,16.89,0.15186970159857904,0.0,0.0,0.0,0.0,0.75,0.9999999999999998,0.0,0.16666666666666666,0.03863845843928478,13.312,0.0,,0.0,0.0,0.19849278280135546,-5.258605208408083e-17
EDF,2021-03-08,5.0,0.0,2.74766406,18.186,0.1510867733421313,0.0,0.0,0.0,0.0,0.6428571428571429,1.0,0.0,0.16666666666666666,0.03849521878388865,13.312,0.0,0.0,,0.0,0.0,0.0
EDF,2021-03-09,5.0,0.0,3.0981810800000007,28.163000000000007,0.11000891524340446,0.0,0.0,0.0,0.0,0.75,1.0000000000000002,0.0,0.2777777777777778,0.038720052089047385,13.312,,0.0,0.0,0.0,-1.2615148306033763e-16,-9.46112011895173e-17
EDF,2021-03-10,2.0,0.0,3.6801840000000006,13.800000000000002,0.26668,0.0,0.0,0.0,0.0,0.8,0.9999999999999998,0.0,0.14814814814814814,0.03700434384275771,6.656,0.0,0.0,,,0.0,0.0
EDF,2021-03-11,5.0,0.0,8.533777939999997,63.008,0.13543959401980696,0.0,0.0,0.0,0.0,0.9,1.0000000000000002,0.0,0.6666666666666664,0.037361114512653636,25.284,0.0,0.0,0.0,0.0,0.0,-2.81925603002833e-17
EDF,2021-03-12,4.0,0.0,3.0857936599999998,16.955000000000002,0.18199903627248595,0.0,0.0,0.0,0.0,0.8333333333333334,1.0,0.0,0.18518518518518517,0.037167968760816926,6.656,,0.0,0.0,0.0,0.15038844534915569,-5.238445412563405e-17
EDF,2021-03-15,5.0,0.0,4.48328404,21.535000000000004,0.20818593173902944,0.0,0.0,0.0,0.0,0.7333333333333333,0.9999999999999997,0.0,0.2037037037037037,0.037776468767939754,13.312,0.0,0.0,0.0,0.0,0.295233987093168,-1.2373045085211868e-16
EDF,2021-03-16,5.0,0.0,3.4328608,17.698,0.19396885523787996,0.0,0.0,0.0,0.0,0.7692307692307693,1.0,0.0,0.18518518518518517,0.03862934363496606,7.408,0.0,0.0,0.0,,0.0,-5.018524238332722e-17
EDF,2021-03-17,4.0,0.0,2.9523301600000003,15.418,0.1914859359190557,0.0,0.0,0.0,0.0,0.7272727272727273,1.0,0.0,0.14814814814814814,0.0381258646484639,6.656,0.0,0.0,,,2.898967538520601e-16,-5.76065909780857e-17
EDF,2021-03-18,8.0,0.0,6.645818780000001,51.848000000000006,0.12817888404567196,0.0,0.0,0.0,0.0,0.8529411764705882,1.0,0.0,0.5370370370370369,0.03840320838814174,19.968,0.0,0.0,0.0,0.0,-2.1653781605509376e-16,-1.7130427783137735e-17
EDF,2021-03-19,9.0,0.0,5.0443912200000005,38.709,0.13031572037510655,0.0,0.0,0.0,0.0,0.8076923076923077,1.0,0.0,0.38888888888888873,0.0375182291160551,19.18,0.0,0.0,0.0,0.0,0.0,-2.294501071327405e-17
EDF,2021-03-22,6.0,0.0,6.41671588,34.64500000000001,0.18521333179390959,0.0,0.0,0.0,0.0,0.7916666666666666,0.9999999999999998,0.0,0.35185185185185175,0.0374735209334176,13.312,0.0,0.0,0.0,,0.2807273211839371,-1.0254621673547411e-16
EDF,2021-03-23,5.0,0.0,6.961664460000001,27.438,0.2537234659960639,0.0,0.0,0.0,0.0,0.7368421052631579,1.0,0.0,0.25925925925925924,0.03708940630531288,13.312,0.0,0.0,0.0,,0.3545234082615835,-9.71111327028346e-17
EDF,2021-03-24,7.0,0.0,10.102115600000001,51.69500000000001,0.19541765354483026,0.0,0.0,0.0,0.0,0.8484848484848485,0.9999999999999997,0.0,0.5185185185185183,0.03860981238782794,13.312,0.0,0.0,0.0,0.0,0.20793875528355357,-6.872451259890706e-17
EDF,2021-03-25,5.0,0.0,5.37726144,36.039,0.1492067327062349,0.0,0.0,0.0,0.0,0.8333333333333334,0.9999999999999997,0.0,0.37037037037037024,0.038539489651157055,13.312,0.0,0.0,0.0,,0.1425194939045774,-1.232246205083556e-16
EDF,2021-03-26,7.0,0.0,15.357179639999993,76.866,0.19979158067285918,0.0,0.0,0.0,0.0,0.8979591836734694,0.9999999999999997,0.0,0.8148148148148147,0.03880815620505018,19.968,0.0,0.0,0.0,0.0,0.04443394405133801,-4.621957274738507e-17
EDF,2021-03-29,7.0,0.0,15.019627299999998,79.411,0.18913786880910702,0.0,0.0,0.0,0.0,0.8823529411764706,0.9999999999999997,0.0,0.8333333333333327,0.0391718749597203,13.312,0.0,0.0,0.0,0.0,0.1505914513919334,-2.2369153384295004e-17
EDF,2021-03-30,4.0,0.0,3.1770458799999997,14.215,0.22349953429475902,0.0,0.0,0.0,0.0,0.7272727272727273,1.0,0.0,0.14814814814814814,0.03882421879097819,9.296,0.0,0.0,0.0,0.0,0.17152103507363098,-6.248177416110624e-17
EDF,2021-03-31,6.0,0.0,4.55152666,26.727999999999998,0.1702905814127507,0.0,0.0,0.0,0.0,0.8888888888888888,1.0,0.0,0.2962962962962963,0.03870963534306308,13.312,0.0,,0.0,0.0,0.09060871755162751,0.0
EDF,2021-04-01,5.0,0.0,4.0620967,23.785000000000004,0.17078396888795455,0.0,0.0,0.0,0.0,0.8125,1.0,0.0,0.24074074074074073,0.03805859372126482,10.892,0.0,0.0,,0.0,0.0968382572656215,-1.1202586752576733e-16
EDF,2021-04-02,4.0,0.0,3.20152724,16.406,0.1951436815799098,0.0,0.0,0.0,0.0,0.75,1.0,0.0,0.16666666666666666,0.03605426036301651,13.312,0.0,0.0,,0.0,0.02578331114127249,-5.4137414342321425e-17
EDF,2021-04-05,5.0,0.0,3.20042218,18.874,0.16956777471654128,0.0,0.0,0.0,0.0,0.8461538461538461,1.0,0.0,0.2037037037037037,0.03623090636513856,6.656,0.0,0.0,,,0.0,0.0
EDF,2021-04-06,9.0,0.0,3.8435139400000002,31.933,0.1203618181818182,0.0,0.0,0.0,0.0,0.6666666666666666,1.0,0.0,0.2962962962962963,0.03760416666409583,13.312,0.0,,0.0,0.0,0.12869345791205652,-5.562762156390725e-17
EDF,2021-04-07,9.0,0.0,5.976973719999999,33.256,0.17972617632908344,0.0,0.0,0.0,0.0,0.7391304347826086,0.9999999999999998,0.0,0.31481481481481477,0.038892791659842864,13.312,0.0,0.0,0.0,0.0,0.10740013565442613,-1.0682925423383753e-16
EDF,2021-04-08,5.0,0.0,3.44868046,19.447000000000006,0.17733740217000044,0.0,0.0,0.0,0.0,0.6428571428571429,0.9999999999999999,0.0,0.16666666666666666,0.03869357290871752,9.644000000000002,0.0,0.0,0.0,,0.050176305584953916,-9.134348945339899e-17
EDF,2021-04-09,5.0,0.0,8.862703719999995,58.804,0.15071600095231608,7.552023839365735e-18,0.0,0.0,0.0,0.9459459459459459,1.0,0.0,0.6481481481481479,0.03816493760192922,19.968,0.0,1.207092171378262e-16,0.0,,0.0,0.0
EDF,2021-04-12,5.0,0.0,5.622410820000001,29.244000000000003,0.19225861099712763,0.0,0.0,0.0,0.0,0.8,0.9999999999999999,0.0,0.2962962962962963,0.03732465620487346,13.312,0.0,0.0,,0.0,0.6117645294298478,-9.111391256669319e-17
EDF,2021-04-13,6.0,0.0,5.3910315,30.648,0.17590157595927958,0.0,0.0,0.0,0.0,0.8,0.9999999999999996,0.0,0.2962962962962963,0.03671744798339205,6.656,0.0,0.0,0.0,0.0,0.09313439693167944,-5.795995952102097e-17
EDF,2021-04-14,4.0,0.0,4.78307964,30.105000000000008,0.1588799083208769,0.0,0.0,0.0,0.0,0.8095238095238095,0.9999999999999998,0.0,0.3148148148148148,0.036713114544303004,13.312,0.0,0.0,0.0,0.0,0.08447348188155206,-2.950268791563279e-17
EDF,2021-04-15,6.0,0.0,7.107238400000001,44.108000000000004,0.16113263807019135,0.0,0.0,0.0,0.0,0.8275862068965517,0.9999999999999998,0.0,0.4444444444444443,0.03757942704396555,18.116000000000003,0.0,0.0,,0.0,-1.7225297089431528e-16,-1.409551314478298e-16
EDF,2021-04-16,6.0,0.0,5.173468440000001,33.318000000000005,0.15527547992076354,0.0,0.0,0.0,0.0,0.782608695652174,0.9999999999999996,0.0,0.33333333333333326,0.03800825000629023,13.312,0.0,0.0,0.0,0.0,0.07464130784364549,-5.3315230187893946e-17
EDF,2021-04-19,7.0,0.0,3.9676883,20.42,0.1943040303623898,2.174775758325478e-17,0.0,0.0,0.0,0.6666666666666666,1.0,0.0,0.18518518518518517,0.037735239554118984,12.076,0.0,3.1738794300318945e-17,0.0,,1.4284611371088362e-16,0.0
EDF,2021-04-20,6.0,0.0,3.5968679999999997,20.808,0.1728598615916955,0.0,0.0,0.0,0.0,0.7857142857142857,1.0,0.0,0.2037037037037037,0.03872742718158406,13.312,0.0,0.0,0.0,0.0,0.18487180797754973,0.0
EDF,2021-04-21,7.0,0.0,7.63029492,32.13,0.23748194584500465,0.0,0.0,0.0,0.0,0.782608695652174,1.0,0.0,0.33333333333333326,0.038770406263211044,13.312,0.0,0.0,0.0,,0.36504479243714666,-5.528654962341272e-17
EDF,2021-04-22,7.0,0.0,5.250902177916667,31.13662916666667,0.16864067557891022,0.0,0.0,0.0,0.0,0.7727272727272727,0.9999999999999999,0.0,0.31481481481481477,0.03865929162808849,13.312,0.0,0.0,0.0,,0.05842201687362765,-8.557558510389093e-17
EDF,2021-04-23,7.0,0.0,12.402592719999998,76.501,0.16212327577417285,0.0,0.0,0.0,0.0,0.8979591836734694,0.9999999999999997,0.0,0.8148148148148143,0.03945703125888637,19.968,0.0,0.0,0.0,0.0,1.7120043672378433e-16,-3.483007096770468e-17
EDF,2021-04-26,4.0,0.0,3.5995257600000006,24.213000000000005,0.1486608747367117,0.0,0.0,0.0,0.0,0.8125,1.0,0.0,0.24074074074074073,0.03807421884024128,13.312,0.0,0.0,,,1.867039707978706e-16,-1.4672752978980303e-16
EDF,2021-04-27,5.0,0.0,8.611532889999998,56.611000000000004,0.15211766070198365,0.0,0.0,0.0,0.0,0.8918918918918919,0.9999999999999999,0.0,0.6111111111111107,0.03765321874501145,13.312,0.0,0.0,0.0,0.0,1.8246123091522783e-16,-4.706744730000133e-17
EDF,2021-04-28,8.0,0.0,8.06240686,60.28000000000001,0.1337492843397478,0.0,0.0,0.0,0.0,0.8717948717948718,0.9999999999999998,0.0,0.6296296296296291,0.03742534378640509,13.312,0.0,0.0,0.0,0.0,0.15659361950604117,-4.4202641989057326e-17
EDF,2021-04-29,7.0,0.0,7.9860698800000005,54.10600000000001,0.14760044874875244,0.0,0.0,0.0,0.0,0.8857142857142857,0.9999999999999997,0.0,0.5740740740740738,0.03791015615206561,13.312,0.0,0.0,0.0,0.0,0.037659393729792844,-8.207762722250076e-17
EDF,2021-04-30,8.0,0.0,9.58089748,66.50800000000001,0.14405631623263365,0.0,0.0,0.0,0.0,0.9047619047619048,0.9999999999999996,0.0,0.703703703703703,0.038955729299535356,13.312,0.0,0.0,0.0,0.0,0.02838034242810708,-6.677229955043943e-17
EDF,2021-05-03,6.0,0.0,2.9272797,17.919000000000004,0.1633617780010045,0.0,0.0,0.0,0.0,0.6923076923076923,0.9999999999999998,0.0,0.16666666666666666,0.03866015625438498,6.656,0.0,0.0,0.0,0.0,0.0,-9.913258772254313e-17
EDF,2021-05-04,11.0,0.0,15.023772979999999,83.73500000000001,0.17942046909894305,0.0,0.0,0.0,0.0,0.8545454545454545,0.9999999999999999,0.0,0.8703703703703698,0.03893316670655622,19.764,0.0,0.0,0.0,,0.008099444543708905,-5.303507611513257e-17
EDF,2021-05-05,8.0,0.0,8.820048,47.571000000000005,0.18540808475752033,0.0,0.0,0.0,0.0,0.8064516129032258,0.9999999999999998,0.0,0.4629629629629628,0.03860156251297061,17.823999999999998,0.0,0.0,0.0,0.0,0.46956331014235114,-5.601175630321784e-17
EDF,2021-05-06,6.0,0.0,3.99585562,38.521,0.10373187663871654,0.0,0.0,0.0,0.0,0.84,0.9999999999999998,0.0,0.38888888888888873,0.03745876044073763,19.968,0.0,0.0,0.0,0.0,2.675703603849535e-16,-9.222797120532958e-17
EDF,2021-05-07,6.0,0.0,7.12914226,71.69200000000001,0.09944125230151202,0.0,0.0,0.0,0.0,0.9130434782608695,0.9999999999999996,0.0,0.7777777777777778,0.03751085417510088,26.624,0.0,0.0,0.0,0.0,1.3955765325376384e-16,-3.716642385622351e-17
EDF,2021-05-10,5.0,0.0,11.162766179999995,70.494,0.15835058558175158,0.0,0.0,0.0,0.0,0.9318181818181818,0.9999999999999997,0.0,0.7592592592592587,0.03759244797644593,19.968,0.0,0.0,0.0,0.0,0.08447339250149045,-5.039739096661419e-17
EDF,2021-05-11,8.0,0.0,5.94286524,35.45100000000001,0.16763603960396034,0.0,0.0,0.0,0.0,0.7307692307692307,1.0,0.0,0.35185185185185175,0.03766318756485513,16.46,0.0,0.0,0.0,0.0,0.612654786620988,-7.516107469748035e-17
EDF,2021-05-12,11.0,0.0,14.8056549,76.86900000000001,0.1926089177691917,0.0,0.0,0.0,0.0,0.84,1.0,0.0,0.7777777777777772,0.03757595838275544,13.312,0.0,0.0,0.0,0.0,0.4153315862232079,-6.932665337393162e-17
EDF,2021-05-13,5.0,0.0,5.000872,25.771,0.1940503666912421,0.0,0.0,0.0,0.0,0.8235294117647058,1.0,0.0,0.25925925925925924,0.0384431458163211,10.48,0.0,0.0,0.0,0.0,0.5306018979594284,-1.3785703615694003e-16
EDF,2021-05-14,10.0,0.0,12.062279059999998,81.22400000000002,0.1485063412291933,0.0,0.0,0.0,0.0,0.8679245283018868,1.0,0.0,0.8518518518518513,0.03905294791669197,19.968,0.0,0.0,0.0,0.0,-3.737965043902479e-16,-7.654448116198262e-17
EDF,2021-05-17,3.0,0.0,8.25667948,30.961000000000006,0.26668,0.0,0.0,0.0,0.0,0.9,1.0000000000000002,0.0,0.33333333333333326,0.03838629163510632,13.312,,0.0,0.0,0.0,0.8286736924776741,-1.4343503434968595e-16
EDF,2021-05-18,6.0,0.0,9.702083179999997,62.89400000000001,0.15426087035329278,0.0,0.0,0.0,0.0,0.9,1.0,0.0,0.6666666666666663,0.037970051986728016,13.312,0.0,,0.0,0.0,0.030793443869070944,-2.82436613890077e-17
EDF,2021-05-19,11.0,0.0,14.49122404,81.241,0.17837328491771398,0.0,0.0,0.0,0.0,0.8518518518518519,1.0,0.0,0.8518518518518511,0.03873350002929025,15.204,0.0,0.0,0.0,0.0,0.27403519472779597,-5.466318851935139e-17
EDF,2021-05-20,8.0,0.0,7.759514429999999,46.13100000000001,0.16820607465695514,0.0,0.0,0.0,0.0,0.8064516129032258,1.0,0.0,0.4629629629629627,0.039202687579139216,13.312,0.0,0.0,0.0,0.0,0.5257482681196657,-1.155203771477044e-16
EDF,2021-05-21,7.0,0.0,5.9891349400000005,42.74800000000001,0.14010327828202487,0.0,0.0,0.0,0.0,0.8928571428571429,1.0,0.0,0.4629629629629627,0.03881684369844152,13.312,0.0,0.0,0.0,0.0,0.20515264574455983,-1.0388537705859048e-16
EDF,2021-05-24,12.0,0.0,10.06958985,71.682,0.14047584958567003,0.0,0.0,0.0,0.0,0.7755102040816326,0.9999999999999998,0.0,0.7037037037037034,0.038059895814512856,13.312,0.0,0.0,0.0,0.0,0.21661082346557425,-6.195268126587743e-17
EDF,2021-05-25,11.0,0.0,26.40346421999999,140.913,0.18737422537310247,0.0,0.0,0.0,0.0,0.9,1.0,0.0,1.5000000000000002,0.03834895839342304,26.008000000000003,0.0,0.0,0.0,0.0,0.10674893873055585,-3.151513415015382e-17
EDF,2021-05-26,5.0,0.0,4.8244397800000005,26.884000000000007,0.17945394212170804,1.6518717819151267e-17,0.0,0.0,0.0,0.8333333333333334,1.0,0.0,0.2777777777777778,0.037656249939270005,13.312,0.0,,1.9103897868453182e-17,,0.2901391045372448,-3.3037435638302527e-17
EDF,2021-05-27,5.0,0.0,8.60145824,37.688,0.22822803651029502,0.0,0.0,0.0,0.0,0.84,0.9999999999999999,0.0,0.38888888888888884,0.03935764577060278,18.756,0.0,,0.0,,0.588549736270098,-2.356661058427418e-17
EDF,2021-05-28,6.0,0.0,6.238814260000001,44.131,0.14137033513856476,0.0,0.0,0.0,0.0,0.896551724137931,0.9999999999999998,0.0,0.4814814814814812,0.03871874999579935,19.968,0.0,0.0,0.0,,0.3451228260047503,-2.0125952724844785e-17
EDF,2021-05-31,2.0,0.0,1.2965194999999998,6.9079999999999995,0.1876837724377533,6.428622030255684e-17,0.0,0.0,0.0,0.8,1.0000000000000002,0.0,0.07407407407407407,0.03768880196730606,6.656,6.428622030255684e-17,,,,-2.9576958364724095e-16,0.0
EDF,2021-06-01,9.0,0.0,7.542617880000001,50.01900000000001,0.150795055478918,0.0,0.0,0.0,0.0,0.7714285714285715,0.9999999999999998,0.0,0.4999999999999998,0.03804036456737473,14.512,0.0,0.0,0.0,,0.05635028455426094,-7.102728320839083e-17
EDF,2021-06-02,11.0,0.0,10.585157839999997,76.09100000000001,0.13911182452589657,0.0,0.0,0.0,0.0,0.88,1.0,0.0,0.8148148148148141,0.03713237492775079,31.4,0.0,0.0,0.0,0.0,-1.9951988776095756e-16,-4.66903270925668e-17
EDF,2021-06-03,6.0,0.0,11.555864839999995,64.694,0.17862344019538123,0.0,0.0,0.0,0.0,0.9024390243902439,1.0,0.0,0.6851851851851848,0.03717099995507548,13.312,0.0,0.0,,0.0,0.1433879930769483,-2.7457829774016917e-17
EDF,2021-06-04,6.0,0.0,7.5619924,34.00900000000001,0.2223526831132935,0.0,0.0,0.0,0.0,0.75,0.9999999999999996,0.0,0.33333333333333326,0.03713237507933324,13.312,0.0,0.0,,0.0,0.046800614329995924,-7.834794492929448e-17
EDF,2021-06-07,8.0,0.0,5.3478430800000005,37.137,0.14400309879634868,0.0,0.0,0.0,0.0,0.8076923076923077,1.0,0.0,0.38888888888888873,0.03821137503715969,16.896,0.0,0.0,0.0,0.0,0.0,-4.7832534652778915e-17
EDF,2021-06-08,5.0,0.0,2.3923661800000007,21.250000000000004,0.11258193788235295,0.0,0.0,0.0,0.0,0.7333333333333333,1.0,0.0,0.2037037037037037,0.0377790834136249,6.656,0.0,0.0,0.0,,1.232683329924256e-16,-4.179663151530001e-17
EDF,2021-06-09,10.0,0.0,9.789061,56.257000000000005,0.17400609701903763,0.0,0.0,0.0,0.0,0.8157894736842105,0.9999999999999999,0.0,0.5740740740740738,0.038699218748661224,13.312,0.0,0.0,0.0,0.0,0.030511489658838663,-4.7363621577765884e-17
EDF,2021-06-10,6.0,0.0,7.4922800999999986,50.502,0.14835610668884397,0.0,0.0,0.0,0.0,0.8787878787878788,0.9999999999999996,0.0,0.5370370370370366,0.03883376029989449,13.312,0.0,0.0,0.0,,1.8708751688828237e-16,-1.758699496455834e-17
EDF,2021-06-11,11.0,0.0,13.314110020000001,81.256,0.1638538694988678,0.0,0.0,0.0,0.0,0.8490566037735849,0.9999999999999997,0.0,0.8333333333333327,0.039298177095285304,13.312,0.0,0.0,0.0,0.0,0.05235710282391186,-7.651433663853595e-17
EDF,2021-06-14,10.0,0.0,12.140528819999998,86.013,0.1411476035017962,5.163047560834555e-18,0.0,0.0,0.0,0.8596491228070176,0.9999999999999999,0.0,0.9074074074074069,0.03859244801181679,17.860000000000003,2.897241713531202e-17,0.0,0.0,0.0,0.0,-3.097828536500733e-17
EDF,2021-06-15,9.0,0.0,4.73293917,45.231,0.10463927770776679,0.0,0.0,0.0,0.0,0.7419354838709677,0.9999999999999998,0.0,0.4259259259259257,0.038734812430144906,13.312,0.0,,0.0,0.0,0.09630556929159353,-1.374554826977267e-16
EDF,2021-06-16,10.0,0.0,8.15710022,48.80300000000001,0.1671434178226748,0.0,0.0,0.0,0.0,0.7575757575757576,1.0,0.0,0.4629629629629627,0.039244354108329084,18.78,0.0,0.0,0.0,0.0,0.3475727171503237,-1.0919555187592466e-16
EDF,2021-06-17,11.0,0.0,10.31569515,68.382,0.15085395498815476,0.0,0.0,0.0,0.0,0.8222222222222222,0.9999999999999997,0.0,0.6851851851851849,0.03898351042153081,19.244,0.0,0.0,0.0,0.0,0.0920484015024305,-3.896544791173665e-17
EDF,2021-06-18,8.0,0.0,14.345892919999994,96.023,0.14940059069181336,0.0,0.0,0.0,0.0,0.9016393442622951,1.0,0.0,1.0185185185185182,0.03918012498616008,26.624,0.0,0.0,0.0,,0.0,-2.774892743509759e-17
EDF,2021-06-21,8.0,0.0,9.17592922,42.844,0.21417069414620485,0.0,0.0,0.0,0.0,0.8275862068965517,0.9999999999999998,0.0,0.4444444444444443,0.03925997922730554,19.968,0.0,0.0,0.0,0.0,0.046587187443952016,-1.0365260242975973e-16
EDF,2021-06-22,12.0,0.0,12.906591859999999,68.609,0.18811805827223835,0.0,0.0,0.0,0.0,0.8085106382978723,1.0,0.0,0.7037037037037035,0.03968142709709355,22.912000000000006,0.0,0.0,0.0,,0.08414271748203407,-7.767305336327234e-17
EDF,2021-06-23,14.0,0.0,21.59758439999999,119.649,0.18050785547727094,0.0,0.0,0.0,0.0,0.8461538461538461,1.0,0.0,1.222222222222222,0.040019958305492764,23.031999999999996,0.0,0.0,0.0,0.0,0.0793337312082494,-4.453919813956449e-17
EDF,2021-06-24,11.0,0.0,9.50099594,65.74400000000001,0.144515027074714,0.0,0.0,0.0,0.0,0.8181818181818182,0.9999999999999999,0.0,0.6666666666666662,0.03978689589227239,14.380000000000003,0.0,0.0,0.0,0.0,0.11820176611552813,-9.456754894592475e-17
EDF,2021-06-25,9.0,0.0,4.6316637300000005,36.357,0.12739400198036144,0.0,0.0,0.0,0.0,0.7307692307692307,1.0,0.0,0.35185185185185175,0.04003515626512429,13.312,0.0,0.0,0.0,,0.09784796860376274,-2.4429364900847848e-17
EDF,2021-06-28,11.0,0.0,21.07287223999999,129.251,0.16303836906484276,0.0,0.0,0.0,0.0,0.9146341463414634,1.0,0.0,1.3888888888888888,0.04015060403617099,26.624,0.0,0.0,0.0,0.0,0.0,-2.7486933786202828e-17
EDF,2021-06-29,15.0,0.0,10.447258999999999,87.53,0.11935632354621271,5.073565747173113e-18,0.0,0.0,0.0,0.8275862068965517,1.0,0.0,0.8888888888888883,0.03977864586583261,19.968,1.574951980175418e-17,0.0,0.0,0.0,0.0,-5.073565747173113e-17
EDF,2021-06-30,12.0,0.0,13.338485389999997,89.36600000000001,0.14925682463129147,0.0,0.0,0.0,0.0,0.8793103448275862,1.0,0.0,0.9444444444444438,0.039428812518356914,19.968,0.0,0.0,0.0,0.0,0.08300129207550368,-1.9877322912519866e-17
EDF,2021-07-01,13.0,0.0,14.557338640000001,91.19200000000001,0.15963394420563207,0.0,0.0,0.0,0.0,0.847457627118644,0.9999999999999997,0.0,0.9259259259259255,0.0387682292360599,19.968,0.0,0.0,0.0,0.0,0.0,-6.817756971994119e-17
EDF,2021-07-02,10.0,0.0,4.39870883,34.037000000000006,0.12923315303933952,1.3047248871817805e-17,0.0,0.0,0.0,0.68,1.0,0.0,0.31481481481481477,0.03911328121830593,16.948,0.0,0.0,2.408815414678144e-17,,0.10433880103422051,-7.828349323090682e-17
EDF,2021-07-05,1.0,0.0,0.92352,9.984,0.0925,0.0,0.0,0.0,0.0,1.0,1.0,0.0,0.1111111111111111,0.038457895849812,6.656,0.0,,,,-1.5003013846285896e-16,0.0
EDF,2021-07-06,14.0,0.0,10.424315960000001,68.018,0.15325819577170752,0.0,0.0,0.0,0.0,0.72,0.9999999999999999,0.0,0.6666666666666662,0.03925390622801691,19.968,0.0,0.0,0.0,0.0,0.02859895203468355,-2.6115981643098158e-17
EDF,2021-07-07,14.0,0.0,13.374663119999994,104.136,0.1284345770914957,0.0,0.0,0.0,0.0,0.8382352941176471,1.0,0.0,1.0555555555555556,0.03801344792009331,26.38,0.0,0.0,0.0,0.0,-2.1610672331529595e-16,-3.4116095094880745e-17
EDF,2021-07-08,12.0,0.0,14.246401089999999,88.897,0.1602573887757742,0.0,0.0,0.0,0.0,0.8333333333333334,0.9999999999999998,0.0,0.9259259259259252,0.03799435413990674,19.968,0.0,0.0,0.0,0.0,0.07927872544058984,-2.997328660247675e-17
EDF,2021-07-09,10.0,0.0,8.113081820000001,48.74900000000001,0.16642560503805207,0.0,0.0,0.0,0.0,0.7647058823529411,0.9999999999999997,0.0,0.4814814814814813,0.03788064592905963,13.312,0.0,0.0,0.0,0.0,0.2348638722809602,-9.109709119162703e-17
EDF,2021-07-12,13.0,0.0,21.457740579999992,139.18,0.15417258643483253,0.0,0.0,0.0,0.0,0.9101123595505618,1.0,0.0,1.5000000000000002,0.03969748953143911,26.624,0.0,0.0,0.0,0.0,0.013692215605581284,-8.934112570629223e-17
EDF,2021-07-13,15.0,0.0,20.668000539999994,137.61700000000002,0.15018493747138792,0.0,0.0,0.0,0.0,0.8666666666666667,1.0,0.0,1.4444444444444449,0.040265187484086105,33.28,0.0,0.0,0.0,0.0,0.06058230061734495,0.0
EDF,2021-07-14,15.0,0.0,12.585532700000002,81.71,0.15402683514869664,0.0,0.0,0.0,0.0,0.8148148148148148,1.0,0.0,0.8148148148148143,0.040384552145648435,19.968,0.0,0.0,0.0,0.0,0.14661146403606776,-5.434943211969927e-17
EDF,2021-07-15,18.0,0.0,28.043095019999992,134.568,0.20839348894239335,3.3001100547683146e-18,0.0,0.0,0.0,0.8539325842696629,1.0,0.0,1.407407407407408,0.039538187441697424,26.624,0.0,5.925139557705972e-17,0.0,0.0,0.06611191094261305,-5.280176087629304e-17
EDF,2021-07-16,14.0,0.0,15.496888699999998,119.255,0.12994749654102553,7.44772478889879e-18,0.0,0.0,0.0,0.825,0.9999999999999999,0.0,1.2222222222222228,0.04061110424421107,34.612,0.0,0.0,1.4070598984524267e-17,0.0,0.03465497473890148,-3.7238623944493955e-17
EDF,2021-07-19,16.0,0.0,22.868953199999993,146.892,0.15568549138142304,0.0,0.0,0.0,0.0,0.875,1.0,0.0,1.5555555555555556,0.03981033341915463,19.968,0.0,0.0,0.0,0.0,0.03405503568225621,-3.627883423331939e-17
EDF,2021-07-20,21.0,0.0,21.88832394,150.048,0.14587547944657708,4.439471467630984e-18,0.0,0.0,0.0,0.84,1.0,0.0,1.5555555555555558,0.04012326038112709,34.612,1.0578086080940942e-17,0.0,7.501253502416517e-18,0.0,0.010705039281351417,-1.3318414402892953e-17
EDF,2021-07-21,12.0,0.0,7.99590926,60.155,0.132921773086194,0.0,0.0,0.0,0.0,0.7560975609756098,1.0,0.0,0.5740740740740736,0.03804254159452588,16.836,0.0,0.0,0.0,,0.049735871064378996,-5.905932472447013e-17
EDF,2021-07-22,17.0,0.0,25.013845799999988,167.68200000000002,0.14917430493433992,5.2968023979921835e-18,0.0,0.0,0.0,0.8727272727272727,1.0,0.0,1.7777777777777786,0.03970530209092734,34.612,3.515310772184458e-17,0.0,0.0,0.0,0.08248523139209579,-3.7077616785945284e-17
EDF,2021-07-23,13.0,0.0,8.53913382,62.568000000000005,0.1364776534330648,0.0,0.0,0.0,0.0,0.7674418604651163,0.9999999999999998,0.0,0.6111111111111108,0.0384921875896301,13.312,0.0,0.0,0.0,,0.08148990827667978,-8.517246065402045e-17
EDF,2021-07-26,14.0,0.0,8.03524185,53.973,0.14887521260630315,8.227988250607945e-18,0.0,0.0,0.0,0.7368421052631579,1.0,0.0,0.5185185185185183,0.0396202291691831,13.312,0.0,0.0,5.2031541868782967e-17,,0.009422630787019553,-6.582390600486356e-17
EDF,2021-07-27,15.0,0.0,19.139339259999993,127.867,0.1496816165234188,0.0,0.0,0.0,0.0,0.8795180722891566,1.0,0.0,1.3518518518518525,0.039298177095285304,19.968,0.0,0.0,0.0,0.0,0.02225312291618278,-2.0838334043188433e-17
EDF,2021-07-28,12.0,0.0,18.698208139999988,112.84400000000001,0.16569962195597449,0.0,0.0,0.0,0.0,0.8783783783783784,1.0,0.0,1.2037037037037037,0.039296010375740785,27.84,0.0,0.0,0.0,0.0,0.019535977383997045,-1.5741703939954722e-17
EDF,2021-07-29,13.0,0.0,9.627807740000002,79.622,0.12091893873552538,0.0,0.0,0.0,0.0,0.8301886792452831,1.0,0.0,0.8148148148148141,0.039118052124346527,23.496,0.0,0.0,0.0,0.0,0.0985788599123941,-7.808456127578907e-17
EDF,2021-07-30,16.0,0.0,11.16154124,81.18200000000002,0.13748788204281734,0.0,0.0,0.0,0.0,0.7543859649122807,1.0,0.0,0.7962962962962958,0.038732208243648834,26.624,0.0,0.0,0.0,0.0,0.05230271654013661,-5.470291565249225e-17
EDF,2021-08-02,14.0,0.0,25.733930919999985,166.27,0.15477194274372996,0.0,0.0,0.0,0.0,0.9065420560747663,1.0,0.0,1.7962962962962965,0.04147395839027013,34.612,0.0,0.0,0.0,0.0,-3.5866417547767483e-16,-3.205070378421093e-17
EDF,2021-08-03,19.0,0.0,19.87389545,149.36900000000003,0.13305234319035406,0.0,0.0,0.0,0.0,0.8571428571428571,1.0,0.0,1.5555555555555562,0.03803949994107825,30.787999999999997,0.0,0.0,0.0,0.0,0.06083299888191729,-5.351582843361826e-17
EDF,2021-08-04,19.0,0.0,21.045653129411104,135.0664836111111,0.15581699150476594,0.0,0.0,0.0,0.0,0.8426966292134831,1.0,0.0,1.3888888888888897,0.03836155216655849,16.86,0.0,0.0,0.0,,0.023445897018369022,-2.6303443932320164e-17
EDF,2021-08-05,12.0,0.0,14.266735479999994,97.44100000000002,0.14641409139889772,0.0,0.0,0.0,0.0,0.859375,0.9999999999999998,0.0,1.018518518518518,0.037708333366026636,21.520000000000003,0.0,0.0,0.0,0.0,0.12017067562537508,-6.380526613951905e-17
EDF,2021-08-06,12.0,0.0,16.196841159999998,90.187,0.1795917500304922,0.0,0.0,0.0,0.0,0.864406779661017,1.0,0.0,0.944444444444444,0.038789489584208546,21.971999999999973,0.0,0.0,0.0,0.0,0.02717358333806909,-3.9392747056676696e-17
EDF,2021-08-09,11.0,0.0,21.77699411999999,134.154,0.16232832505926018,0.0,0.0,0.0,0.0,0.9285714285714286,1.0,0.0,1.444444444444445,0.03906813541713442,33.28,0.0,0.0,0.0,0.0,1.7098418039794575e-16,-1.9861765277966933e-17
EDF,2021-08-10,19.0,0.0,15.87271279,111.20500000000001,0.14273380504473718,0.0,0.0,0.0,0.0,0.8378378378378378,1.0,0.0,1.1481481481481484,0.04021050002241585,29.088,0.0,0.0,0.0,0.0,0.10687578905160373,-3.194742753293917e-17
EDF,2021-08-11,18.0,0.0,17.537184972705553,137.63361888888892,0.12741934066896296,3.2266041787985984e-18,0.0,0.0,0.0,0.8260869565217391,1.0,0.0,1.407407407407407,0.039879343603388406,26.624,0.0,9.409068389551732e-18,0.0,0.0,0.021560631948232302,-6.453208357597198e-17
EDF,2021-08-12,22.0,0.0,15.53624468,137.132,0.1132940865735204,0.0,0.0,0.0,0.0,0.8351648351648352,1.0,0.0,1.4074074074074072,0.04022960411020904,26.624,0.0,0.0,0.0,0.0,-1.2249348776741922e-16,-6.476813724733287e-17
EDF,2021-08-13,16.0,0.0,11.52400016,87.893,0.13111396994072338,0.0,0.0,0.0,0.0,0.7704918032786885,1.0,0.0,0.8703703703703697,0.04006466679129517,19.968,0.0,0.0,0.0,0.0,0.13876208736550244,-3.031567086230275e-17
EDF,2021-08-16,16.0,0.0,17.406744399999994,126.889,0.1371808777750632,0.0,0.0,0.0,0.0,0.8571428571428571,1.0,0.0,1.333333333333334,0.04017187499509115,33.28,0.0,0.0,0.0,0.0,0.0,-2.799859466778445e-17
EDF,2021-08-17,20.0,0.0,19.295262519999994,134.57200000000003,0.14338244597687475,0.0,0.0,0.0,0.0,0.8333333333333334,1.0,0.0,1.3888888888888893,0.04167795820346024,30.96,0.0,0.0,0.0,0.0,-1.935772222780007e-16,-4.62001674783824e-17
EDF,2021-08-18,20.0,0.0,19.232164959999995,142.01500000000001,0.1354234761116783,5.003293565891632e-17,0.0,0.0,0.0,0.8085106382978723,1.0,0.0,1.4074074074074083,0.04245877092519853,34.612,0.0,0.0,8.424941731604974e-17,0.0,0.0,2.501646782945816e-17
EDF,2021-08-19,17.0,0.0,20.746084170017873,127.87477329749065,0.16223750498273598,0.0,0.0,0.0,0.0,0.8470588235294118,1.0,0.0,1.333333333333333,0.04098481258552056,34.612,0.0,0.0,0.0,0.0,0.05451077094585025,-1.389137821005317e-17
EDF,2021-08-20,13.0,0.0,10.269461490000001,75.67200000000001,0.13571018989850936,0.0,0.0,0.0,0.0,0.803921568627451,0.9999999999999998,0.0,0.7592592592592591,0.03966970840944365,23.528,0.0,0.0,0.0,0.0,0.07285974279871636,-8.216049447485035e-17
EDF,2021-08-23,14.0,0.0,25.78234206144443,146.63971944444444,0.1758209996522277,0.0,0.0,0.0,0.0,0.8723404255319149,1.0,0.0,1.5185185185185184,0.03980859370737259,26.624,0.0,0.0,0.0,0.0,0.0,-1.8170624365589126e-17
EDF,2021-08-24,20.0,0.0,35.191633239999994,186.09400000000005,0.1891067591647231,0.0,0.0,0.0,0.0,0.8688524590163934,1.0,0.0,1.962962962962964,0.04043445824208902,33.28,0.0,0.0,0.0,0.0,0.08782652958031764,-2.3863703819041054e-17
EDF,2021-08-25,17.0,0.0,23.69398999,148.75600000000003,0.1592809028879507,0.0,0.0,0.0,0.0,0.875,1.0,0.0,1.555555555555556,0.04015929168114477,26.624,0.0,0.0,0.0,0.0,0.0222974348133378,-4.1794945668752026e-17
EDF,2021-08-26,16.0,0.0,8.73001922,64.47800000000001,0.13539531654207637,0.0,0.0,0.0,0.0,0.723404255319149,1.0,0.0,0.6296296296296293,0.04009201044633907,20.184000000000005,0.0,0.0,0.0,0.0,0.09224699168816124,-4.132471942523614e-17
EDF,2021-08-27,20.0,0.0,22.375815979999995,137.37199999999999,0.16288483810383483,0.0,0.0,0.0,0.0,0.8461538461538461,1.0,0.0,1.4259259259259267,0.03928515631438737,26.624,0.0,0.0,0.0,0.0,0.08426756469000851,-5.172398565647295e-17
EDF,2021-08-30,17.0,0.0,38.053814339999974,238.236,0.15973158691381645,0.0,0.0,0.0,0.0,0.8831168831168831,0.9999999999999998,0.0,2.5185185185185186,0.03984332291414224,34.612,0.0,0.0,0.0,0.0,0.04292989240541819,-1.1184435849747208e-17
EDF,2021-08-31,19.0,0.0,16.887634419999998,104.623,0.1614141672481194,4.244661401891196e-18,0.0,0.0,0.0,0.8169014084507042,1.0,0.0,1.0740740740740737,0.04022829170935438,26.624,0.0,0.0,0.0,1.9978819950065798e-17,0.14811644408255664,-5.942525962647674e-17
EDF,2021-09-01,21.0,0.0,15.874731519999997,146.79100000000003,0.10814512824355713,3.0253163330862427e-18,0.0,0.0,0.0,0.8367346938775511,0.9999999999999999,0.0,1.518518518518519,0.04064930211219083,34.612,0.0,0.0,8.51659270194198e-18,0.0,0.12015170386063143,-1.210126533234497e-17
EDF,2021-09-02,16.0,0.0,18.892551639999994,147.946,0.12769896881294523,0.0,0.0,0.0,0.0,0.826530612244898,1.0,0.0,1.5000000000000004,0.04162760418087904,34.612,0.0,0.0,0.0,0.0,0.07482558747473507,-2.4013583867090026e-17
EDF,2021-09-03,18.0,0.0,14.471520899999998,112.29,0.12887631044616615,0.0,0.0,0.0,0.0,0.7922077922077922,1.0,0.0,1.1296296296296295,0.040746531188536515,34.612,0.0,0.0,0.0,0.0,0.1528082593282721,-3.163873611898211e-17
EDF,2021-09-06,4.0,0.0,6.404464280000001,33.797,0.189498011066071,0.0,0.0,0.0,0.0,0.8181818181818182,1.0,0.0,0.3333333333333333,0.0388545937918631,19.968,0.0,,0.0,0.0,0.1570936227494797,0.0
EDF,2021-09-07,25.0,0.0,20.543209140000002,162.168,0.12667856260174634,8.215354629459498e-18,0.0,0.0,0.0,0.7787610619469026,1.0,0.0,1.6296296296296304,0.04755685419392345,34.612,0.0,3.359730744818146e-17,8.622421750739022e-18,0.0,0.18301561536036437,-2.4646063888378495e-17
EDF,2021-09-08,28.0,0.0,27.35753253999999,194.689,0.14051914869355736,1.1405092476977708e-18,0.0,0.0,0.0,0.7969924812030075,0.9999999999999999,0.0,1.962962962962963,0.044733510397539554,34.612,0.0,4.9055453544766555e-18,9.038622372407264e-19,0.0,0.09465185466137938,-3.991782366942198e-17
EDF,2021-09-09,27.0,0.0,27.763479679999996,187.214,0.14829809565523944,2.372094019945424e-18,0.0,0.0,0.0,0.8188976377952756,0.9999999999999997,0.0,1.9259259259259272,0.04390494783971614,34.612,0.0,0.0,0.0,9.03501810404587e-18,0.20395285372073804,-1.4232564119672546e-17
EDF,2021-09-10,30.0,0.0,32.48972559999999,204.028,0.15924150410727936,1.0883045705738003e-18,0.0,0.0,0.0,0.8098591549295775,1.0,0.0,2.12962962962963,0.044284729180314265,34.612,5.855452254028936e-18,0.0,0.0,0.0,0.054080140550396116,-2.503100512319741e-17
EDF,2021-09-13,25.0,0.0,59.41497950999998,318.564,0.18650876906995134,0.09296326456234638,0.12,0.0,0.0,0.8165137614678899,0.9909945850814915,3.9059696135901323,3.296296296296295,0.053381083337929645,34.612,0.0,1.9579617033052158e-18,0.1250531036932311,0.10656938541651519,-0.0014340698189438384,0.08692421144942974
LLF,2021-01-01,3.0,0.0,1.33909156,7.195,0.18611418485059067,0.0,0.0,0.0,0.0,0.8,1.0,0.0,0.07407407407407407,0.038072916746993236,6.656,0.0,,,,0.40164263797192,0.0
LLF,2021-01-04,2.0,0.0,2.63053152,9.864,0.26668,0.0,0.0,0.0,0.0,0.7142857142857143,0.9999999999999998,0.0,0.09259259259259259,0.03798610411346696,6.656,0.0,0.0,,,-4.163128185935039e-16,-1.800848377331965e-16
LLF,2021-01-05,5.0,0.0,5.40655302,29.895000000000003,0.18085141394882084,0.0,0.0,0.0,0.0,0.85,0.9999999999999999,0.0,0.31481481481481477,0.038546437432766346,13.312,0.0,0.0,0.0,,0.05664481574368698,-5.941986417127446e-17
LLF,2021-01-06,3.0,0.0,1.84306398,11.007000000000001,0.16744471518124826,0.0,0.0,0.0,0.0,0.625,0.9999999999999998,0.0,0.09259259259259259,0.03835503124112923,6.656,0.0,,0.0,0.0,0.24627886086898604,-8.069214315436768e-17
LLF,2021-01-07,3.0,0.0,1.48612988,9.728000000000002,0.1527682853618421,0.0,0.0,0.0,0.0,0.7142857142857143,0.9999999999999998,0.0,0.09259259259259259,0.03732335411162543,6.656,0.0,,0.0,0.0,0.3268975083221164,-9.13012355777267e-17
LLF,2021-01-08,2.0,0.0,1.47154024,5.518,0.26668,0.0,0.0,0.0,0.0,0.6,1.0,0.0,0.05555555555555555,0.037124125052893454,6.656,0.0,,0.0,,0.34563011460340104,0.0
LLF,2021-01-11,6.0,0.0,3.0344083599999996,22.444000000000003,0.13519908928889676,0.0,0.0,0.0,0.0,0.6875,0.9999999999999998,0.0,0.2037037037037037,0.03784461462904195,6.656,0.0,0.0,0.0,0.0,0.07783157196115678,-1.1871926836127143e-16
LLF,2021-01-12,2.0,0.0,2.5664282199999997,11.167000000000002,0.2298225324617175,0.0,0.0,0.0,0.0,0.75,0.9999999999999998,0.0,0.1111111111111111,0.038926218773364475,6.656,,,0.0,,1.4845679185050533,-1.590719834691726e-16
LLF,2021-01-13,3.0,0.0,1.47234028,5.521000000000001,0.26668,0.0,0.0,0.0,0.0,0.4,1.0,0.0,0.037037037037037035,0.03797265632480654,6.656,0.0,0.0,,,0.0,0.0
LLF,2021-01-14,5.0,0.0,4.24185078,19.503,0.21749734810029225,0.0,0.0,0.0,0.0,0.7142857142857143,0.9999999999999999,0.0,0.18518518518518517,0.03813455214185524,9.772000000000002,0.0,0.0,0.0,,0.0940240601530753,-9.108121003949395e-17
LLF,2021-01-15,3.0,0.0,2.2446912,9.504000000000001,0.23618383838383836,0.0,0.0,0.0,0.0,0.625,0.9999999999999998,0.0,0.09259259259259259,0.038296874966666415,6.656,0.0,0.0,,0.0,0.4004480428120647,-9.345311655093911e-17
LLF,2021-01-18,3.0,0.0,2.2557718199999997,15.303,0.14740716330131343,0.0,0.0,0.0,0.0,0.9,1.0,0.0,0.16666666666666666,0.03789410417690912,6.656,0.0,,,,0.0,0.0
LLF,2021-01-19,3.0,0.0,1.27381528,9.73,0.13091626721479957,0.0,0.0,0.0,0.0,0.5714285714285714,0.9999999999999998,0.0,0.07407407407407407,0.038082458255909536,6.656,0.0,0.0,0.0,,0.0,-9.12824686228289e-17
LLF,2021-01-20,3.0,0.0,1.64066102,8.059999999999999,0.2035559578163772,0.0,0.0,0.0,0.0,0.5,1.0,0.0,0.05555555555555555,0.038238281225252045,6.656,0.0,0.0,,,0.0,0.0
LLF,2021-01-21,4.0,0.0,3.29854646,20.978,0.15723836686052053,0.0,0.0,0.0,0.0,0.8571428571428571,1.0,0.0,0.2222222222222222,0.03840234376184526,13.312,0.0,0.0,,0.0,-1.7651910389179824e-16,-4.233856514920989e-17
LLF,2021-01-22,3.0,0.0,1.261766,5.731999999999999,0.22012665736217726,0.0,0.0,0.0,0.0,0.75,1.0,0.0,0.05555555555555555,0.037958333450660575,6.656,0.0,,,,1.2608911591276429e-16,0.0
LLF,2021-01-25,3.0,0.0,2.1553171200000003,17.823,0.12092897492004714,0.0,0.0,0.0,0.0,0.75,0.9999999999999998,0.0,0.16666666666666666,0.03861676047260213,13.312,0.0,,,0.0,0.0,-1.4949981816194667e-16
LLF,2021-01-26,1.0,0.0,0.5432271599999999,2.037,0.26668,0.0,0.0,0.0,0.0,0.5,1.0,0.0,0.018518518518518517,0.03829644780732148,6.656,,0.0,,,0.0,0.0
LLF,2021-01-27,3.0,0.0,2.60866006,23.368000000000002,0.11163386083533036,0.0,0.0,0.0,0.0,0.8125,0.9999999999999998,0.0,0.24074074074074073,0.0390000000152213,7.556000000000004,0.0,,0.0,0.0,-1.2431521855439002e-16,-7.601663982370123e-17
LLF,2021-01-28,5.0,0.0,2.4319085200000004,14.731000000000002,0.16508780938157627,0.0,0.0,0.0,0.0,0.6363636363636364,1.0,0.0,0.12962962962962962,0.03790494793065591,6.656,0.0,0.0,0.0,0.0,0.16301483646693304,-6.029315183627217e-17
LLF,2021-01-29,3.0,0.0,2.25916596,18.168,0.12434863276089828,0.0,0.0,0.0,0.0,1.0,1.0,0.0,0.2037037037037037,0.03736415616610126,6.656,0.0,,,0.0,0.0,0.0
LLF,2021-02-01,4.0,0.0,2.5130175800000005,21.272000000000002,0.1181373439262881,0.0,0.0,0.0,0.0,0.7333333333333333,0.9999999999999998,0.0,0.2037037037037037,0.037924041559260026,13.312,0.0,,0.0,0.0,0.2771604748787902,-4.1753404461269524e-17
LLF,2021-02-02,2.0,0.0,1.4870386,12.037,0.1235389715045277,0.0,0.0,0.0,0.0,0.875,0.9999999999999998,0.0,0.12962962962962962,0.03832031249354865,6.656,,,0.0,,0.33555644869759654,-1.475747145800657e-16
LLF,2021-02-03,5.0,0.0,5.115336060000001,34.791000000000004,0.14703044063119772,0.0,0.0,0.0,0.0,0.9090909090909091,1.0000000000000002,0.0,0.37037037037037024,0.037137145833791387,13.312,0.0,0.0,0.0,,0.0,-1.2764485351098346e-16
LLF,2021-02-04,1.0,0.0,0.61683084,2.313,0.26668,0.0,0.0,0.0,0.0,0.5,1.0,0.0,0.018518518518518517,0.036612416806747206,6.656,,,0.0,,1.8830270270270268,0.0
LLF,2021-02-05,5.0,0.0,1.8266850399999999,16.447,0.11106493828661762,0.0,0.0,0.0,0.0,0.6923076923076923,1.0,0.0,0.16666666666666666,0.03710851054468852,6.656,0.0,0.0,,0.0,0.0,0.0
LLF,2021-02-08,5.0,0.0,2.5262181800000003,23.213000000000005,0.10882773359755309,0.0,0.0,0.0,0.0,0.8125,0.9999999999999999,0.0,0.24074074074074073,0.03797959379880922,12.431999999999999,0.0,0.0,,0.0,-1.275206911790956e-16,-3.826211259639535e-17
LLF,2021-02-09,5.0,0.0,4.43865298,28.852,0.15384212463607375,0.0,0.0,0.0,0.0,0.8421052631578947,0.9999999999999999,0.0,0.2962962962962963,0.038078552127747876,6.656,0.0,,0.0,0.0,0.10945121223157402,-1.231357853459206e-16
LLF,2021-02-10,6.0,0.0,6.00100826,25.931,0.2314221688326713,0.0,0.0,0.0,0.0,0.7894736842105263,0.9999999999999998,0.0,0.2777777777777778,0.037863281249883585,13.312,0.0,0.0,0.0,,0.07199994760944632,0.0
LLF,2021-02-11,4.0,0.0,2.1237075,22.959000000000003,0.09249999999999999,0.0,0.0,0.0,0.0,0.8666666666666667,0.9999999999999998,0.0,0.24074074074074073,0.03832682295978884,13.312,0.0,,,0.0,-3.0006027692571793e-16,-1.5474165594322493e-16
LLF,2021-02-12,4.0,0.0,1.95371862,13.431000000000001,0.14546337726155908,0.0,0.0,0.0,0.0,0.6363636363636364,1.0,0.0,0.12962962962962962,0.03879254154526279,7.188,0.0,0.0,,0.0,0.1741922374234106,-6.612898665029597e-17
LLF,2021-02-15,5.0,0.0,6.81729884,31.967000000000006,0.21326051365470639,0.0,0.0,0.0,0.0,0.8571428571428571,1.0000000000000002,0.0,0.3333333333333333,0.03883593747862809,13.312,0.0,,0.0,0.0,0.7106085363749034,-8.335268430257377e-17
LLF,2021-02-16,7.0,0.0,4.331591700000001,38.232000000000006,0.11329754394224732,0.0,0.0,0.0,0.0,0.8076923076923077,0.9999999999999999,0.0,0.38888888888888873,0.03918055214550501,13.312,0.0,0.0,0.0,0.0,0.10054663755197413,-2.3231283210402942e-17
LLF,2021-02-17,4.0,0.0,5.53021922,25.178000000000004,0.21964489713241717,0.0,0.0,0.0,0.0,0.8235294117647058,0.9999999999999998,0.0,0.25925925925925924,0.038322052053748244,6.656,0.0,0.0,0.0,,0.6915281430893618,-1.0582791560490807e-16
LLF,2021-02-18,3.0,0.0,1.32217962,9.992999999999999,0.13231057940558394,0.0,0.0,0.0,0.0,0.625,1.0,0.0,0.09259259259259259,0.03819357289103209,13.312,,0.0,0.0,,0.2807547599681155,0.0
LLF,2021-02-19,7.0,0.0,5.476258840000001,42.184000000000005,0.12981838706618623,1.0527432435285005e-17,0.0,0.0,0.0,0.7586206896551724,0.9999999999999997,0.0,0.4074074074074072,0.039030812483057765,13.312,0.0,1.1285621597206166e-16,0.0,0.0,0.1738336031129591,-6.316459461171003e-17
LLF,2021-02-22,5.0,0.0,3.82130596,17.638,0.21665188570132668,0.0,0.0,0.0,0.0,0.6428571428571429,1.0,0.0,0.16666666666666666,0.036884552173432894,6.656,0.0,0.0,0.0,,0.2653734153079538,-5.035595984239285e-17
LLF,2021-02-23,4.0,0.0,5.49072828,32.769000000000005,0.16755861576489972,0.0,0.0,0.0,0.0,0.8571428571428571,0.9999999999999996,0.0,0.33333333333333326,0.03693966664286563,13.312,0.0,0.0,0.0,,0.0,-1.0841690862707135e-16
LLF,2021-02-24,3.0,0.0,3.19791067,12.469000000000001,0.2564688964632288,0.0,0.0,0.0,0.0,0.7,1.0,0.0,0.12962962962962962,0.03590668742011379,13.312,0.0,0.0,,,2.1644398988247976e-16,0.0
LLF,2021-02-25,2.0,0.0,2.6010612199999996,12.530000000000001,0.20758668954509174,0.0,0.0,0.0,0.0,0.875,0.9999999999999998,0.0,0.12962962962962962,0.037001739656261634,6.656,,,,0.0,1.2441804275145047,-1.4176830322428176e-16
LLF,2021-02-26,6.0,0.0,2.541793693249707,21.594391278375213,0.11770619789570445,2.0565025618238978e-17,0.0,0.0,0.0,0.75,1.0,0.0,0.2222222222222222,0.03872135418229542,13.312,0.0,1.1870869014970933e-16,0.0,,-2.3580385835096127e-16,-8.226010247295591e-17
LLF,2021-03-01,6.0,0.0,5.11041582,38.06700000000001,0.13424792655055556,0.0,0.0,0.0,0.0,0.7692307692307693,0.9999999999999996,0.0,0.37037037037037024,0.039042968637659214,13.312,0.0,0.0,,0.0,0.0028369420437705287,-9.332791338430925e-17
LLF,2021-03-02,5.0,0.0,18.372840739999994,86.36299999999999,0.21273972349269937,0.0,0.0,0.0,0.0,0.9090909090909091,1.0,0.0,0.9259259259259253,0.03910373955780718,19.968,0.0,0.0,0.0,0.0,0.34279638964504694,-1.0284246954136904e-17
LLF,2021-03-03,4.0,0.0,2.49664356,19.662000000000006,0.12697810802563317,0.0,0.0,0.0,0.0,0.7692307692307693,0.9999999999999998,0.0,0.18518518518518517,0.03869965621561278,8.912,0.0,0.0,0.0,0.0,0.19321221202859035,-1.3551700025940266e-16
LLF,2021-03-04,5.0,0.0,4.68960574,24.820000000000004,0.18894463094278804,0.0,0.0,0.0,0.0,0.8235294117647058,0.9999999999999999,0.0,0.25925925925925924,0.03856901048493455,13.312,0.0,0.0,0.0,,0.1708639384365205,-1.0735436176875003e-16
LLF,2021-03-05,4.0,0.0,2.56507926,16.89,0.15186970159857904,0.0,0.0,0.0,0.0,0.75,0.9999999999999998,0.0,0.16666666666666666,0.03871874999579935,13.312,0.0,,0.0,0.0,0.19849278280135546,-5.258605208408083e-17
LLF,2021-03-08,5.0,0.0,2.74766406,18.186,0.1510867733421313,0.0,0.0,0.0,0.0,0.6428571428571429,1.0,0.0,0.16666666666666666,0.038406687508540927,13.312,0.0,0.0,,0.0,0.0,0.0
LLF,2021-03-09,5.0,0.0,3.0981810800000007,28.163000000000007,0.11000891524340446,0.0,0.0,0.0,0.0,0.75,1.0000000000000002,0.0,0.2777777777777778,0.03856554167214199,13.312,,0.0,0.0,0.0,-1.2615148306033763e-16,-9.46112011895173e-17
LLF,2021-03-10,2.0,0.0,3.6801840000000006,13.800000000000002,0.26668,0.0,0.0,0.0,0.0,0.8,0.9999999999999998,0.0,0.14814814814814814,0.03786892708982729,6.656,0.0,0.0,,,0.0,0.0
LLF,2021-03-11,5.0,0.0,8.533777939999997,63.008,0.13543959401980696,0.0,0.0,0.0,0.0,0.9,1.0000000000000002,0.0,0.6666666666666664,0.03736848960519031,25.284,0.0,0.0,0.0,0.0,0.0,-2.81925603002833e-17
LLF,2021-03-12,4.0,0.0,3.0857936599999998,16.955000000000002,0.18199903627248595,0.0,0.0,0.0,0.0,0.8333333333333334,1.0,0.0,0.18518518518518517,0.03672742711084235,6.656,,0.0,0.0,0.0,0.15038844534915569,-5.238445412563405e-17
LLF,2021-03-15,5.0,0.0,4.48328404,21.535000000000004,0.20818593173902944,0.0,0.0,0.0,0.0,0.7333333333333333,0.9999999999999997,0.0,0.2037037037037037,0.03707856239998364,13.312,0.0,0.0,0.0,0.0,0.295233987093168,-1.2373045085211868e-16
LLF,2021-03-16,5.0,0.0,3.4328608,17.698,0.19396885523787996,0.0,0.0,0.0,0.0,0.7692307692307693,1.0,0.0,0.18518518518518517,0.03747786452853082,7.408,0.0,0.0,0.0,,0.0,-5.018524238332722e-17
LLF,2021-03-17,4.0,0.0,2.9523301600000003,15.418,0.1914859359190557,0.0,0.0,0.0,0.0,0.7272727272727273,1.0,0.0,0.14814814814814814,0.038401479287131224,6.656,0.0,0.0,,,2.898967538520601e-16,-5.76065909780857e-17
LLF,2021-03-18,8.0,0.0,6.645818780000001,51.848000000000006,0.12817888404567196,0.0,0.0,0.0,0.0,0.8529411764705882,1.0,0.0,0.5370370370370369,0.03939973961072004,19.968,0.0,0.0,0.0,0.0,-2.1653781605509376e-16,-1.7130427783137735e-17
LLF,2021-03-19,9.0,0.0,5.0443912200000005,38.709,0.13031572037510655,0.0,0.0,0.0,0.0,0.8076923076923077,1.0,0.0,0.38888888888888873,0.03918619798544872,19.18,0.0,0.0,0.0,0.0,0.0,-2.294501071327405e-17
LLF,2021-03-22,6.0,0.0,6.41671588,34.64500000000001,0.18521333179390959,0.0,0.0,0.0,0.0,0.7916666666666666,0.9999999999999998,0.0,0.35185185185185175,0.03919965623329821,13.312,0.0,0.0,0.0,,0.2807273211839371,-1.0254621673547411e-16
LLF,2021-03-23,5.0,0.0,6.961664460000001,27.438,0.2537234659960639,0.0,0.0,0.0,0.0,0.7368421052631579,1.0,0.0,0.25925925925925924,0.03795485417867894,13.312,0.0,0.0,0.0,,0.3545234082615835,-9.71111327028346e-17
LLF,2021-03-24,7.0,0.0,10.102115600000001,51.69500000000001,0.19541765354483026,0.0,0.0,0.0,0.0,0.8484848484848485,0.9999999999999997,0.0,0.5185185185185183,0.03897091664839536,13.312,0.0,0.0,0.0,0.0,0.20793875528355357,-6.872451259890706e-17
LLF,2021-03-25,5.0,0.0,5.37726144,36.039,0.1492067327062349,0.0,0.0,0.0,0.0,0.8333333333333334,0.9999999999999997,0.0,0.37037037037037024,0.036810322853852995,13.312,0.0,0.0,0.0,,0.1425194939045774,-1.232246205083556e-16
LLF,2021-03-26,7.0,0.0,15.357179639999993,76.866,0.19979158067285918,0.0,0.0,0.0,0.0,0.8979591836734694,0.9999999999999997,0.0,0.8148148148148147,0.03704644799048159,19.968,0.0,0.0,0.0,0.0,0.04443394405133801,-4.621957274738507e-17
LLF,2021-03-29,7.0,0.0,15.019627299999998,79.411,0.18913786880910702,0.0,0.0,0.0,0.0,0.8823529411764706,0.9999999999999997,0.0,0.8333333333333327,0.03715755201483262,13.312,0.0,0.0,0.0,0.0,0.1505914513919334,-2.2369153384295004e-17
LLF,2021-03-30,4.0,0.0,3.1770458799999997,14.215,0.22349953429475902,0.0,0.0,0.0,0.0,0.7272727272727273,1.0,0.0,0.14814814814814814,0.03808940634068373,9.296,0.0,0.0,0.0,0.0,0.17152103507363098,-6.248177416110624e-17
LLF,2021-03-31,6.0,0.0,4.55152666,26.727999999999998,0.1702905814127507,0.0,0.0,0.0,0.0,0.8888888888888888,1.0,0.0,0.2962962962962963,0.03803125006622091,13.312,0.0,,0.0,0.0,0.09060871755162751,0.0
LLF,2021-04-01,5.0,0.0,4.0620967,23.785000000000004,0.17078396888795455,0.0,0.0,0.0,0.0,0.8125,1.0,0.0,0.24074074074074073,0.03831770830705258,10.892,0.0,0.0,,0.0,0.0968382572656215,-1.1202586752576733e-16
LLF,2021-04-02,4.0,0.0,3.20152724,16.406,0.1951436815799098,0.0,0.0,0.0,0.0,0.75,1.0,0.0,0.16666666666666666,0.03735286448621385,13.312,0.0,0.0,,0.0,0.02578331114127249,-5.4137414342321425e-17
LLF,2021-04-05,5.0,0.0,3.20042218,18.874,0.16956777471654128,0.0,0.0,0.0,0.0,0.8461538461538461,1.0,0.0,0.2037037037037037,0.03814931248295276,6.656,0.0,0.0,,,0.0,0.0
LLF,2021-04-06,9.0,0.0,3.8435139400000002,31.933,0.1203618181818182,0.0,0.0,0.0,0.0,0.6666666666666666,1.0,0.0,0.2962962962962963,0.038842010326334275,13.312,0.0,,0.0,0.0,0.12869345791205652,-5.562762156390725e-17
LLF,2021-04-07,9.0,0.0,5.976973719999999,33.256,0.17972617632908344,0.0,0.0,0.0,0.0,0.7391304347826086,0.9999999999999998,0.0,0.31481481481481477,0.039022999923569536,13.312,0.0,0.0,0.0,0.0,0.10740013565442613,-1.0682925423383753e-16
LLF,2021-04-08,5.0,0.0,3.44868046,19.447000000000006,0.17733740217000044,0.0,0.0,0.0,0.0,0.6428571428571429,0.9999999999999999,0.0,0.16666666666666666,0.03838974998870981,9.644000000000002,0.0,0.0,0.0,,0.050176305584953916,-9.134348945339899e-17
LLF,2021-04-09,5.0,0.0,8.862703719999995,58.804,0.15071600095231608,7.552023839365735e-18,0.0,0.0,0.0,0.9459459459459459,1.0,0.0,0.6481481481481479,0.03872656255528758,19.968,0.0,1.207092171378262e-16,0.0,,0.0,0.0
LLF,2021-04-12,5.0,0.0,5.622410820000001,29.244000000000003,0.19225861099712763,0.0,0.0,0.0,0.0,0.8,0.9999999999999999,0.0,0.2962962962962963,0.038436635350080905,13.312,0.0,0.0,,0.0,0.6117645294298478,-9.111391256669319e-17
LLF,2021-04-13,6.0,0.0,5.3910315,30.648,0.17590157595927958,0.0,0.0,0.0,0.0,0.8,0.9999999999999996,0.0,0.2962962962962963,0.03890537497378924,6.656,0.0,0.0,0.0,0.0,0.09313439693167944,-5.795995952102097e-17
LLF,2021-04-14,4.0,0.0,4.78307964,30.105000000000008,0.1588799083208769,0.0,0.0,0.0,0.0,0.8095238095238095,0.9999999999999998,0.0,0.3148148148148148,0.03799913535355396,13.312,0.0,0.0,0.0,0.0,0.08447348188155206,-2.950268791563279e-17
LLF,2021-04-15,6.0,0.0,7.107238400000001,44.108000000000004,0.16113263807019135,0.0,0.0,0.0,0.0,0.8275862068965517,0.9999999999999998,0.0,0.4444444444444443,0.03792752083124166,18.116000000000003,0.0,0.0,,0.0,-1.7225297089431528e-16,-1.409551314478298e-16
LLF,2021-04-16,6.0,0.0,5.173468440000001,33.318000000000005,0.15527547992076354,0.0,0.0,0.0,0.0,0.782608695652174,0.9999999999999996,0.0,0.33333333333333326,0.038378468768011466,13.312,0.0,0.0,0.0,0.0,0.07464130784364549,-5.3315230187893946e-17
LLF,2021-04-19,7.0,0.0,3.9676883,20.42,0.1943040303623898,2.174775758325478e-17,0.0,0.0,0.0,0.6666666666666666,1.0,0.0,0.18518518518518517,0.03806510418750501,12.076,0.0,3.1738794300318945e-17,0.0,,1.4284611371088362e-16,0.0
LLF,2021-04-20,6.0,0.0,3.5968679999999997,20.808,0.1728598615916955,0.0,0.0,0.0,0.0,0.7857142857142857,1.0,0.0,0.2037037037037037,0.03840711466788586,13.312,0.0,0.0,0.0,0.0,0.18487180797754973,0.0
LLF,2021-04-21,7.0,0.0,7.63029492,32.13,0.23748194584500465,0.0,0.0,0.0,0.0,0.782608695652174,1.0,0.0,0.33333333333333326,0.038086812461794274,13.312,0.0,0.0,0.0,,0.36504479243714666,-5.528654962341272e-17
LLF,2021-04-22,7.0,0.0,5.250902177916667,31.13662916666667,0.16864067557891022,0.0,0.0,0.0,0.0,0.7727272727272727,0.9999999999999999,0.0,0.31481481481481477,0.036899302055341344,13.312,0.0,0.0,0.0,,0.05842201687362765,-8.557558510389093e-17
LLF,2021-04-23,7.0,0.0,12.402592719999998,76.501,0.16212327577417285,0.0,0.0,0.0,0.0,0.8979591836734694,0.9999999999999997,0.0,0.8148148148148143,0.03727083336949969,19.968,0.0,0.0,0.0,0.0,1.7120043672378433e-16,-3.483007096770468e-17
LLF,2021-04-26,4.0,0.0,3.5995257600000006,24.213000000000005,0.1486608747367117,0.0,0.0,0.0,0.0,0.8125,1.0,0.0,0.24074074074074073,0.037475260342034744,13.312,0.0,0.0,,,1.867039707978706e-16,-1.4672752978980303e-16
LLF,2021-04-27,5.0,0.0,8.611532889999998,56.611000000000004,0.15211766070198365,0.0,0.0,0.0,0.0,0.8918918918918919,0.9999999999999999,0.0,0.6111111111111107,0.03894835420699868,13.312,0.0,0.0,0.0,0.0,1.8246123091522783e-16,-4.706744730000133e-17
LLF,2021-04-28,8.0,0.0,8.06240686,60.28000000000001,0.1337492843397478,0.0,0.0,0.0,0.0,0.8717948717948718,0.9999999999999998,0.0,0.6296296296296291,0.03920789580054892,13.312,0.0,0.0,0.0,0.0,0.15659361950604117,-4.4202641989057326e-17
LLF,2021-04-29,7.0,0.0,7.9860698800000005,54.10600000000001,0.14760044874875244,0.0,0.0,0.0,0.0,0.8857142857142857,0.9999999999999997,0.0,0.5740740740740738,0.037957031205830084,13.312,0.0,0.0,0.0,0.0,0.037659393729792844,-8.207762722250076e-17
LLF,2021-04-30,8.0,0.0,9.58089748,66.50800000000001,0.14405631623263365,0.0,0.0,0.0,0.0,0.9047619047619048,0.9999999999999996,0.0,0.703703703703703,0.03828603136450207,13.312,0.0,0.0,0.0,0.0,0.02838034242810708,-6.677229955043943e-17
LLF,2021-05-03,6.0,0.0,2.9272797,17.919000000000004,0.1633617780010045,0.0,0.0,0.0,0.0,0.6923076923076923,0.9999999999999998,0.0,0.16666666666666666,0.03816970835638737,6.656,0.0,0.0,0.0,0.0,0.0,-9.913258772254313e-17
LLF,2021-05-04,11.0,0.0,15.023772979999999,83.73500000000001,0.17942046909894305,0.0,0.0,0.0,0.0,0.8545454545454545,0.9999999999999999,0.0,0.8703703703703698,0.03832508339958925,19.764,0.0,0.0,0.0,,0.008099444543708905,-5.303507611513257e-17
LLF,2021-05-05,8.0,0.0,8.820048,47.571000000000005,0.18540808475752033,0.0,0.0,0.0,0.0,0.8064516129032258,0.9999999999999998,0.0,0.4629629629629628,0.03715798948178417,17.823999999999998,0.0,0.0,0.0,0.0,0.46956331014235114,-5.601175630321784e-17
LLF,2021-05-06,6.0,0.0,3.99585562,38.521,0.10373187663871654,0.0,0.0,0.0,0.0,0.84,0.9999999999999998,0.0,0.38888888888888873,0.036887593826880526,19.968,0.0,0.0,0.0,0.0,2.675703603849535e-16,-9.222797120532958e-17
LLF,2021-05-07,6.0,0.0,7.12914226,71.69200000000001,0.09944125230151202,0.0,0.0,0.0,0.0,0.9130434782608695,0.9999999999999996,0.0,0.7777777777777778,0.037325947990514884,26.624,0.0,0.0,0.0,0.0,1.3955765325376384e-16,-3.716642385622351e-17
LLF,2021-05-10,5.0,0.0,11.162766179999995,70.494,0.15835058558175158,0.0,0.0,0.0,0.0,0.9318181818181818,0.9999999999999997,0.0,0.7592592592592587,0.03771223964577075,19.968,0.0,0.0,0.0,0.0,0.08447339250149045,-5.039739096661419e-17
LLF,2021-05-11,8.0,0.0,5.94286524,35.45100000000001,0.16763603960396034,0.0,0.0,0.0,0.0,0.7307692307692307,1.0,0.0,0.35185185185185175,0.03930989593451765,16.46,0.0,0.0,0.0,0.0,0.612654786620988,-7.516107469748035e-17
LLF,2021-05-12,11.0,0.0,14.8056549,76.86900000000001,0.1926089177691917,0.0,0.0,0.0,0.0,0.84,1.0,0.0,0.7777777777777772,0.03906423959657938,13.312,0.0,0.0,0.0,0.0,0.4153315862232079,-6.932665337393162e-17
LLF,2021-05-13,5.0,0.0,5.000872,25.771,0.1940503666912421,0.0,0.0,0.0,0.0,0.8235294117647058,1.0,0.0,0.25925925925925924,0.03873654168273788,10.48,0.0,0.0,0.0,0.0,0.5306018979594284,-1.3785703615694003e-16
LLF,2021-05-14,10.0,0.0,12.062279059999998,81.22400000000002,0.1485063412291933,0.0,0.0,0.0,0.0,0.8679245283018868,1.0,0.0,0.8518518518518513,0.03806640628075305,19.968,0.0,0.0,0.0,0.0,-3.737965043902479e-16,-7.654448116198262e-17
LLF,2021-05-17,3.0,0.0,8.25667948,30.961000000000006,0.26668,0.0,0.0,0.0,0.0,0.9,1.0000000000000002,0.0,0.33333333333333326,0.037748270794205986,13.312,,0.0,0.0,0.0,0.8286736924776741,-1.4343503434968595e-16
LLF,2021-05-18,6.0,0.0,9.702083179999997,62.89400000000001,0.15426087035329278,0.0,0.0,0.0,0.0,0.9,1.0,0.0,0.6666666666666663,0.03871874999579935,13.312,0.0,,0.0,0.0,0.030793443869070944,-2.82436613890077e-17
LLF,2021-05-19,11.0,0.0,14.49122404,81.241,0.17837328491771398,0.0,0.0,0.0,0.0,0.8518518518518519,1.0,0.0,0.8518518518518511,0.03913845830538776,15.204,0.0,0.0,0.0,0.0,0.27403519472779597,-5.466318851935139e-17
LLF,2021-05-20,8.0,0.0,7.759514429999999,46.13100000000001,0.16820607465695514,0.0,0.0,0.0,0.0,0.8064516129032258,1.0,0.0,0.4629629629629627,0.038712239529559156,13.312,0.0,0.0,0.0,0.0,0.5257482681196657,-1.155203771477044e-16
LLF,2021-05-21,7.0,0.0,5.9891349400000005,42.74800000000001,0.14010327828202487,0.0,0.0,0.0,0.0,0.8928571428571429,1.0,0.0,0.4629629629629627,0.03918966664665883,13.312,0.0,0.0,0.0,0.0,0.20515264574455983,-1.0388537705859048e-16
LLF,2021-05-24,12.0,0.0,10.06958985,71.682,0.14047584958567003,0.0,0.0,0.0,0.0,0.7755102040816326,0.9999999999999998,0.0,0.7037037037037034,0.038767791617525894,13.312,0.0,0.0,0.0,0.0,0.21661082346557425,-6.195268126587743e-17
LLF,2021-05-25,11.0,0.0,26.40346421999999,140.913,0.18737422537310247,0.0,0.0,0.0,0.0,0.9,1.0,0.0,1.5000000000000002,0.03938411464332603,26.008000000000003,0.0,0.0,0.0,0.0,0.10674893873055585,-3.151513415015382e-17
LLF,2021-05-26,5.0,0.0,4.8244397800000005,26.884000000000007,0.17945394212170804,1.6518717819151267e-17,0.0,0.0,0.0,0.8333333333333334,1.0,0.0,0.2777777777777778,0.0389726563601774,13.312,0.0,,1.9103897868453182e-17,,0.2901391045372448,-3.3037435638302527e-17
LLF,2021-05-27,5.0,0.0,8.60145824,37.688,0.22822803651029502,0.0,0.0,0.0,0.0,0.84,0.9999999999999999,0.0,0.38888888888888884,0.038569437492697034,18.756,0.0,,0.0,,0.588549736270098,-2.356661058427418e-17
LLF,2021-05-28,6.0,0.0,6.238814260000001,44.131,0.14137033513856476,0.0,0.0,0.0,0.0,0.896551724137931,0.9999999999999998,0.0,0.4814814814814812,0.036872395867249,19.968,0.0,0.0,0.0,,0.3451228260047503,-2.0125952724844785e-17
LLF,2021-05-31,2.0,0.0,1.2965194999999998,6.9079999999999995,0.1876837724377533,6.428622030255684e-17,0.0,0.0,0.0,0.8,1.0000000000000002,0.0,0.07407407407407407,0.03594314587947641,6.656,6.428622030255684e-17,,,,-2.9576958364724095e-16,0.0
LLF,2021-06-01,9.0,0.0,7.542617880000001,50.01900000000001,0.150795055478918,0.0,0.0,0.0,0.0,0.7714285714285715,0.9999999999999998,0.0,0.4999999999999998,0.0373875936929835,14.512,0.0,0.0,0.0,,0.05635028455426094,-7.102728320839083e-17
LLF,2021-06-02,11.0,0.0,10.585157839999997,76.09100000000001,0.13911182452589657,0.0,0.0,0.0,0.0,0.88,1.0,0.0,0.8148148148148141,0.038751302175417855,31.4,0.0,0.0,0.0,0.0,-1.9951988776095756e-16,-4.66903270925668e-17
LLF,2021-06-03,6.0,0.0,11.555864839999995,64.694,0.17862344019538123,0.0,0.0,0.0,0.0,0.9024390243902439,1.0,0.0,0.6851851851851848,0.03887500012448678,13.312,0.0,0.0,,0.0,0.1433879930769483,-2.7457829774016917e-17
LLF,2021-06-04,6.0,0.0,7.5619924,34.00900000000001,0.2223526831132935,0.0,0.0,0.0,0.0,0.75,0.9999999999999996,0.0,0.33333333333333326,0.03861935419990914,13.312,0.0,0.0,,0.0,0.046800614329995924,-7.834794492929448e-17
LLF,2021-06-07,8.0,0.0,5.3478430800000005,37.137,0.14400309879634868,0.0,0.0,0.0,0.0,0.8076923076923077,1.0,0.0,0.38888888888888873,0.03855338551754054,16.896,0.0,0.0,0.0,0.0,0.0,-4.7832534652778915e-17
LLF,2021-06-08,5.0,0.0,2.3923661800000007,21.250000000000004,0.11258193788235295,0.0,0.0,0.0,0.0,0.7333333333333333,1.0,0.0,0.2037037037037037,0.038461812437162735,6.656,0.0,0.0,0.0,,1.232683329924256e-16,-4.179663151530001e-17
LLF,2021-06-09,10.0,0.0,9.789061,56.257000000000005,0.17400609701903763,0.0,0.0,0.0,0.0,0.8157894736842105,0.9999999999999999,0.0,0.5740740740740738,0.03937804164403739,13.312,0.0,0.0,0.0,0.0,0.030511489658838663,-4.7363621577765884e-17
LLF,2021-06-10,6.0,0.0,7.4922800999999986,50.502,0.14835610668884397,0.0,0.0,0.0,0.0,0.8787878787878788,0.9999999999999996,0.0,0.5370370370370366,0.03880164589039244,13.312,0.0,0.0,0.0,,1.8708751688828237e-16,-1.758699496455834e-17
LLF,2021-06-11,11.0,0.0,13.314110020000001,81.256,0.1638538694988678,0.0,0.0,0.0,0.0,0.8490566037735849,0.9999999999999997,0.0,0.8333333333333327,0.039787760366986426,13.312,0.0,0.0,0.0,0.0,0.05235710282391186,-7.651433663853595e-17
LLF,2021-06-14,10.0,0.0,12.140528819999998,86.013,0.1411476035017962,5.163047560834555e-18,0.0,0.0,0.0,0.8596491228070176,0.9999999999999999,0.0,0.9074074074074069,0.03873697930127188,17.860000000000003,2.897241713531202e-17,0.0,0.0,0.0,0.0,-3.097828536500733e-17
LLF,2021-06-15,9.0,0.0,4.73293917,45.231,0.10463927770776679,0.0,0.0,0.0,0.0,0.7419354838709677,0.9999999999999998,0.0,0.4259259259259257,0.038668843747776314,13.312,0.0,,0.0,0.0,0.09630556929159353,-1.374554826977267e-16
LLF,2021-06-16,10.0,0.0,8.15710022,48.80300000000001,0.1671434178226748,0.0,0.0,0.0,0.0,0.7575757575757576,1.0,0.0,0.4629629629629627,0.038911031272922024,18.78,0.0,0.0,0.0,0.0,0.3475727171503237,-1.0919555187592466e-16
LLF,2021-06-17,11.0,0.0,10.31569515,68.382,0.15085395498815476,0.0,0.0,0.0,0.0,0.8222222222222222,0.9999999999999997,0.0,0.6851851851851849,0.03858811457272774,19.244,0.0,0.0,0.0,0.0,0.0920484015024305,-3.896544791173665e-17
LLF,2021-06-18,8.0,0.0,14.345892919999994,96.023,0.14940059069181336,0.0,0.0,0.0,0.0,0.9016393442622951,1.0,0.0,1.0185185185185182,0.03834548958063048,26.624,0.0,0.0,0.0,,0.0,-2.774892743509759e-17
LLF,2021-06-21,8.0,0.0,9.17592922,42.844,0.21417069414620485,0.0,0.0,0.0,0.0,0.8275862068965517,0.9999999999999998,0.0,0.4444444444444443,0.03746527075539537,19.968,0.0,0.0,0.0,0.0,0.046587187443952016,-1.0365260242975973e-16
LLF,2021-06-22,12.0,0.0,12.906591859999999,68.609,0.18811805827223835,0.0,0.0,0.0,0.0,0.8085106382978723,1.0,0.0,0.7037037037037035,0.03759114573161545,22.912000000000006,0.0,0.0,0.0,,0.08414271748203407,-7.767305336327234e-17
LLF,2021-06-23,14.0,0.0,21.59758439999999,119.649,0.18050785547727094,0.0,0.0,0.0,0.0,0.8461538461538461,1.0,0.0,1.222222222222222,0.038190104229821976,23.031999999999996,0.0,0.0,0.0,0.0,0.0793337312082494,-4.453919813956449e-17
LLF,2021-06-24,11.0,0.0,9.50099594,65.74400000000001,0.144515027074714,0.0,0.0,0.0,0.0,0.8181818181818182,0.9999999999999999,0.0,0.6666666666666662,0.038100697868988696,14.380000000000003,0.0,0.0,0.0,0.0,0.11820176611552813,-9.456754894592475e-17
LLF,2021-06-25,9.0,0.0,4.6316637300000005,36.357,0.12739400198036144,0.0,0.0,0.0,0.0,0.7307692307692307,1.0,0.0,0.35185185185185175,0.038421875008983385,13.312,0.0,0.0,0.0,,0.09784796860376274,-2.4429364900847848e-17
LLF,2021-06-28,11.0,0.0,21.07287223999999,129.251,0.16303836906484276,0.0,0.0,0.0,0.0,0.9146341463414634,1.0,0.0,1.3888888888888888,0.03922353122713199,26.624,0.0,0.0,0.0,0.0,0.0,-2.7486933786202828e-17
LLF,2021-06-29,15.0,0.0,10.447258999999999,87.53,0.11935632354621271,5.073565747173113e-18,0.0,0.0,0.0,0.8275862068965517,1.0,0.0,0.8888888888888883,0.039049479255481856,19.968,1.574951980175418e-17,0.0,0.0,0.0,0.0,-5.073565747173113e-17
LLF,2021-06-30,12.0,0.0,13.338485389999997,89.36600000000001,0.14925682463129147,0.0,0.0,0.0,0.0,0.8793103448275862,1.0,0.0,0.9444444444444438,0.03901258332916768,19.968,0.0,0.0,0.0,0.0,0.08300129207550368,-1.9877322912519866e-17
LLF,2021-07-01,13.0,0.0,14.557338640000001,91.19200000000001,0.15963394420563207,0.0,0.0,0.0,0.0,0.847457627118644,0.9999999999999997,0.0,0.9259259259259255,0.0394427083847404,19.968,0.0,0.0,0.0,0.0,0.0,-6.817756971994119e-17
LLF,2021-07-02,10.0,0.0,4.39870883,34.037000000000006,0.12923315303933952,1.3047248871817805e-17,0.0,0.0,0.0,0.68,1.0,0.0,0.31481481481481477,0.03902778128879921,16.948,0.0,0.0,2.408815414678144e-17,,0.10433880103422051,-7.828349323090682e-17
LLF,2021-07-05,1.0,0.0,0.92352,9.984,0.0925,0.0,0.0,0.0,0.0,1.0,1.0,0.0,0.1111111111111111,0.03795833329907813,6.656,0.0,,,,-1.5003013846285896e-16,0.0
LLF,2021-07-06,14.0,0.0,10.424315960000001,68.018,0.15325819577170752,0.0,0.0,0.0,0.0,0.72,0.9999999999999999,0.0,0.6666666666666662,0.039695749971239515,19.968,0.0,0.0,0.0,0.0,0.02859895203468355,-2.6115981643098158e-17
LLF,2021-07-07,14.0,0.0,13.374663119999994,104.136,0.1284345770914957,0.0,0.0,0.0,0.0,0.8382352941176471,1.0,0.0,1.0555555555555556,0.03963628129592204,26.38,0.0,0.0,0.0,0.0,-2.1610672331529595e-16,-3.4116095094880745e-17
LLF,2021-07-08,12.0,0.0,14.246401089999999,88.897,0.1602573887757742,0.0,0.0,0.0,0.0,0.8333333333333334,0.9999999999999998,0.0,0.9259259259259252,0.040290802189701935,19.968,0.0,0.0,0.0,0.0,0.07927872544058984,-2.997328660247675e-17
LLF,2021-07-09,10.0,0.0,8.113081820000001,48.74900000000001,0.16642560503805207,0.0,0.0,0.0,0.0,0.7647058823529411,0.9999999999999997,0.0,0.4814814814814813,0.039015624982615314,13.312,0.0,0.0,0.0,0.0,0.2348638722809602,-9.109709119162703e-17
LLF,2021-07-12,13.0,0.0,21.457740579999992,139.18,0.15417258643483253,0.0,0.0,0.0,0.0,0.9101123595505618,1.0,0.0,1.5000000000000002,0.03945398960543874,26.624,0.0,0.0,0.0,0.0,0.013692215605581284,-8.934112570629223e-17
LLF,2021-07-13,15.0,0.0,20.668000539999994,137.61700000000002,0.15018493747138792,0.0,0.0,0.0,0.0,0.8666666666666667,1.0,0.0,1.4444444444444449,0.04000390633033627,33.28,0.0,0.0,0.0,0.0,0.06058230061734495,0.0
LLF,2021-07-14,15.0,0.0,12.585532700000002,81.71,0.15402683514869664,0.0,0.0,0.0,0.0,0.8148148148148148,1.0,0.0,0.8148148148148143,0.03912369796429024,19.968,0.0,0.0,0.0,0.0,0.14661146403606776,-5.434943211969927e-17
LLF,2021-07-15,18.0,0.0,28.043095019999992,134.568,0.20839348894239335,3.3001100547683146e-18,0.0,0.0,0.0,0.8539325842696629,1.0,0.0,1.407407407407408,0.04101518743482302,26.624,0.0,5.925139557705972e-17,0.0,0.0,0.06611191094261305,-5.280176087629304e-17
LLF,2021-07-16,14.0,0.0,15.483128479999998,119.255,0.12983211169343004,7.44772478889879e-18,0.0,0.0,0.0,0.8024691358024691,0.9999999999999999,0.0,1.2037037037037042,0.04188932295316287,34.612,0.0,0.0,1.4070598984524267e-17,0.0,0.033736269032735966,-3.7238623944493955e-17
LLF,2021-07-19,16.0,0.0,22.868953199999993,146.892,0.15568549138142304,0.0,0.0,0.0,0.0,0.875,1.0,0.0,1.5555555555555556,0.04039843755284286,19.968,0.0,0.0,0.0,0.0,0.03405503568225621,-3.627883423331939e-17
LLF,2021-07-20,21.0,0.0,21.656490359999992,150.048,0.1443304166666666,0.0,0.0,0.0,0.0,0.8383838383838383,1.0,0.0,1.5370370370370374,0.04061631246562077,34.612,0.0,0.0,0.0,0.0,0.0,-1.7757885870523937e-17
LLF,2021-07-21,12.0,0.0,7.99590926,60.155,0.132921773086194,0.0,0.0,0.0,0.0,0.7560975609756098,1.0,0.0,0.5740740740740736,0.03960243748224457,16.836,0.0,0.0,0.0,,0.049735871064378996,-5.905932472447013e-17
LLF,2021-07-22,17.0,0.0,24.88756529999999,167.68200000000002,0.1484212097899595,5.2968023979921835e-18,0.0,0.0,0.0,0.8648648648648649,1.0,0.0,1.7777777777777786,0.041039927054953296,34.612,3.515310772184458e-17,0.0,0.0,0.0,0.07702038694731217,-3.7077616785945284e-17
LLF,2021-07-23,13.0,0.0,8.53913382,62.568000000000005,0.1364776534330648,0.0,0.0,0.0,0.0,0.7674418604651163,0.9999999999999998,0.0,0.6111111111111108,0.03876909371077394,13.312,0.0,0.0,0.0,,0.08148990827667978,-8.517246065402045e-17
LLF,2021-07-26,14.0,0.0,8.03524185,53.973,0.14887521260630315,8.227988250607945e-18,0.0,0.0,0.0,0.7368421052631579,1.0,0.0,0.5185185185185183,0.03933896884215452,13.312,0.0,0.0,5.2031541868782967e-17,,0.009422630787019553,-6.582390600486356e-17
LLF,2021-07-27,15.0,0.0,19.139339259999993,127.867,0.1496816165234188,0.0,0.0,0.0,0.0,0.8795180722891566,1.0,0.0,1.3518518518518525,0.04081207301472508,19.968,0.0,0.0,0.0,0.0,0.02225312291618278,-2.0838334043188433e-17
LLF,2021-07-28,12.0,0.0,18.698208139999988,112.84400000000001,0.16569962195597449,0.0,0.0,0.0,0.0,0.8783783783783784,1.0,0.0,1.2037037037037037,0.04029644787806319,27.84,0.0,0.0,0.0,0.0,0.019535977383997045,-1.5741703939954722e-17
LLF,2021-07-29,13.0,0.0,9.627807740000002,79.622,0.12091893873552538,0.0,0.0,0.0,0.0,0.8301886792452831,1.0,0.0,0.8148148148148141,0.04019705208217298,23.496,0.0,0.0,0.0,0.0,0.0985788599123941,-7.808456127578907e-17
LLF,2021-07-30,16.0,0.0,11.16154124,81.18200000000002,0.13748788204281734,0.0,0.0,0.0,0.0,0.7543859649122807,1.0,0.0,0.7962962962962958,0.04083810426891432,26.624,0.0,0.0,0.0,0.0,0.05230271654013661,-5.470291565249225e-17
LLF,2021-08-02,14.0,0.0,25.733930919999985,166.26999999999998,0.15477194274373,1.3354459910087888e-18,0.0,0.0,0.0,0.9065420560747663,1.0,0.0,1.7962962962962965,0.044980906295677414,34.612,0.0,0.0,4.6606902507248075e-18,0.0,-1.7933208773883742e-16,-3.0715257793202145e-17
LLF,2021-08-03,19.0,0.0,19.87389545,149.36900000000003,0.13305234319035406,0.0,0.0,0.0,0.0,0.8571428571428571,1.0,0.0,1.5555555555555562,0.04029817697907371,30.787999999999997,0.0,0.0,0.0,0.0,0.06083299888191729,-5.351582843361826e-17
LLF,2021-08-04,19.0,0.0,21.045653129411104,135.0664836111111,0.15581699150476594,0.0,0.0,0.0,0.0,0.8426966292134831,1.0,0.0,1.3888888888888897,0.03906857303566843,16.86,0.0,0.0,0.0,,0.023445897018369022,-2.6303443932320164e-17
LLF,2021-08-05,12.0,0.0,14.266735479999994,97.44100000000002,0.14641409139889772,0.0,0.0,0.0,0.0,0.859375,0.9999999999999998,0.0,1.018518518518518,0.03858246873278404,21.520000000000003,0.0,0.0,0.0,0.0,0.12017067562537508,-6.380526613951905e-17
LLF,2021-08-06,12.0,0.0,16.196841159999998,90.187,0.1795917500304922,0.0,0.0,0.0,0.0,0.864406779661017,1.0,0.0,0.944444444444444,0.039168406298510185,21.971999999999973,0.0,0.0,0.0,0.0,0.02717358333806909,-3.9392747056676696e-17
LLF,2021-08-09,11.0,0.0,21.77699411999999,134.154,0.16232832505926018,0.0,0.0,0.0,0.0,0.9285714285714286,1.0,0.0,1.444444444444445,0.03903211457630581,33.28,0.0,0.0,0.0,0.0,1.7098418039794575e-16,-1.9861765277966933e-17
LLF,2021-08-10,19.0,0.0,15.87271279,111.20500000000001,0.14273380504473718,0.0,0.0,0.0,0.0,0.8378378378378378,1.0,0.0,1.1481481481481484,0.039500427040669216,29.088,0.0,0.0,0.0,0.0,0.10687578905160373,-3.194742753293917e-17
LLF,2021-08-11,18.0,0.0,17.537184972705553,137.63361888888892,0.12741934066896296,3.2266041787985984e-18,0.0,0.0,0.0,0.8260869565217391,1.0,0.0,1.407407407407407,0.03971917719051513,26.624,0.0,9.409068389551732e-18,0.0,0.0,0.021560631948232302,-6.453208357597198e-17
LLF,2021-08-12,22.0,0.0,15.53624468,137.132,0.1132940865735204,0.0,0.0,0.0,0.0,0.8351648351648352,1.0,0.0,1.4074074074074072,0.04028515619817578,26.624,0.0,0.0,0.0,0.0,-1.2249348776741922e-16,-6.476813724733287e-17
LLF,2021-08-13,16.0,0.0,11.52400016,87.893,0.13111396994072338,0.0,0.0,0.0,0.0,0.7704918032786885,1.0,0.0,0.8703703703703697,0.04092187509741052,19.968,0.0,0.0,0.0,0.0,0.13876208736550244,-3.031567086230275e-17
LLF,2021-08-16,16.0,0.0,17.406744399999994,126.889,0.1371808777750632,0.0,0.0,0.0,0.0,0.8571428571428571,1.0,0.0,1.333333333333334,0.04020226045516514,33.28,0.0,0.0,0.0,0.0,0.0,-2.799859466778445e-17
LLF,2021-08-17,20.0,0.0,19.295262519999994,134.57200000000003,0.14338244597687475,0.0,0.0,0.0,0.0,0.8333333333333334,1.0,0.0,1.3888888888888893,0.04091710419136992,30.96,0.0,0.0,0.0,0.0,-1.935772222780007e-16,-4.62001674783824e-17
LLF,2021-08-18,20.0,0.0,19.232164959999995,142.01500000000001,0.1354234761116783,5.003293565891632e-17,0.0,0.0,0.0,0.8085106382978723,1.0,0.0,1.4074074074074083,0.04202778124332932,34.612,0.0,0.0,8.424941731604974e-17,0.0,0.0,2.501646782945816e-17
LLF,2021-08-19,17.0,0.0,20.746084170017873,127.87477329749065,0.16223750498273598,0.0,0.0,0.0,0.0,0.8352941176470589,1.0,0.0,1.3148148148148144,0.040751739561528666,34.612,0.0,0.0,0.0,0.0,0.05451077094585025,-1.389137821005317e-17
LLF,2021-08-20,13.0,0.0,10.269461490000001,75.67200000000001,0.13571018989850936,0.0,0.0,0.0,0.0,0.803921568627451,0.9999999999999998,0.0,0.7592592592592591,0.0387999061786104,23.528,0.0,0.0,0.0,0.0,0.07285974279871636,-8.216049447485035e-17
LLF,2021-08-23,14.0,0.0,25.78234206144443,146.63971944444444,0.1758209996522277,0.0,0.0,0.0,0.0,0.8723404255319149,1.0,0.0,1.5185185185185184,0.03871137505484512,26.624,0.0,0.0,0.0,0.0,0.0,-1.8170624365589126e-17
LLF,2021-08-24,20.0,0.0,35.191633239999994,186.09400000000005,0.1891067591647231,0.0,0.0,0.0,0.0,0.8688524590163934,1.0,0.0,1.962962962962964,0.039573781123181107,33.28,0.0,0.0,0.0,0.0,0.08782652958031764,-2.3863703819041054e-17
LLF,2021-08-25,17.0,0.0,23.69398999,148.75600000000003,0.1592809028879507,0.0,0.0,0.0,0.0,0.875,1.0,0.0,1.555555555555556,0.03997569789741343,26.624,0.0,0.0,0.0,0.0,0.0222974348133378,-4.1794945668752026e-17
LLF,2021-08-26,16.0,0.0,8.73001922,64.47800000000001,0.13539531654207637,0.0,0.0,0.0,0.0,0.723404255319149,1.0,0.0,0.6296296296296293,0.039571614555219035,20.184000000000005,0.0,0.0,0.0,0.0,0.09224699168816124,-4.132471942523614e-17
LLF,2021-08-27,20.0,0.0,22.375815979999995,137.37199999999999,0.16288483810383483,0.0,0.0,0.0,0.0,0.8461538461538461,1.0,0.0,1.4259259259259267,0.03962109364389713,26.624,0.0,0.0,0.0,0.0,0.08426756469000851,-5.172398565647295e-17
LLF,2021-08-30,17.0,0.0,37.646755679999984,238.236,0.15802295068755345,0.0,0.0,0.0,0.0,0.8896103896103896,0.9999999999999998,0.0,2.537037037037037,0.0396202291691831,34.612,0.0,0.0,0.0,0.0,0.031773753347099434,-1.1184435849747208e-17
LLF,2021-08-31,19.0,0.0,16.887634419999998,104.623,0.1614141672481194,4.244661401891196e-18,0.0,0.0,0.0,0.8169014084507042,1.0,0.0,1.0740740740740737,0.03968749994479973,26.624,0.0,0.0,0.0,1.9978819950065798e-17,0.14811644408255664,-5.942525962647674e-17
LLF,2021-09-01,21.0,0.0,15.874731519999997,146.79100000000003,0.10814512824355713,2.7227846997776182e-17,0.0,0.0,0.0,0.8367346938775511,1.0,0.0,1.5185185185185188,0.039390187491032215,34.612,0.0,0.0,8.51659270194198e-18,8.978981673618169e-17,0.12015170386063143,1.2101265332344969e-17
LLF,2021-09-02,16.0,0.0,18.892551639999994,147.946,0.12769896881294523,0.0,0.0,0.0,0.0,0.826530612244898,1.0,0.0,1.5000000000000004,0.040526479097025,34.612,0.0,0.0,0.0,0.0,0.07482558747473507,-2.4013583867090026e-17
LLF,2021-09-03,18.0,0.0,14.414215679999998,112.29,0.1283659780924392,0.0,0.0,0.0,0.0,0.782051282051282,1.0,0.0,1.1296296296296295,0.04044184379381477,34.612,0.0,0.0,0.0,0.0,0.1482432981624678,-3.163873611898211e-17
LLF,2021-09-06,4.0,0.0,6.404464280000001,33.797,0.189498011066071,0.0,0.0,0.0,0.0,0.8181818181818182,1.0,0.0,0.3333333333333333,0.038712239529559156,19.968,0.0,,0.0,0.0,0.1570936227494797,0.0
LLF,2021-09-07,25.0,0.0,20.4773691,162.168,0.12627256363770903,0.0,0.0,0.0,0.0,0.7739130434782608,1.0,0.0,1.648148148148149,0.04518403132654688,34.612,0.0,0.0,0.0,0.0,0.17922410474947864,-3.286141851783799e-17
LLF,2021-09-08,28.0,0.0,27.357532539999994,194.689,0.1405191486935574,1.1405092476977708e-18,0.0,0.0,0.0,0.7985074626865671,1.0,0.0,1.9814814814814816,0.044155812550646566,34.612,0.0,4.9055453544766555e-18,9.038622372407264e-19,0.0,0.09465185466137958,-3.991782366942198e-17
LLF,2021-09-09,27.0,0.0,27.763479679999996,187.214,0.14829809565523944,7.116282059836273e-18,0.0,0.0,0.0,0.7984496124031008,0.9999999999999999,0.0,1.9074074074074086,0.041878906207178566,34.612,0.0,0.0,0.0,2.710505431213761e-17,0.20395285372073804,-9.488376079781696e-18
LLF,2021-09-10,30.0,0.0,32.139623799999995,204.028,0.1575255543356794,1.7412873129180805e-17,0.0,0.0,0.0,0.8085106382978723,1.0,0.0,2.1111111111111116,0.04359635416525028,34.612,0.0,0.0,0.0,6.257201167354434e-17,0.042721615732601415,-8.706436564590406e-18
LLF,2021-09-13,25.0,0.0,67.27792772999999,348.6240000000001,0.1929813430228555,0.00737442129300073,0.08,0.0,0.0,0.7950819672131147,0.9995426491606543,0.30984567532000973,3.5925925925925912,0.058739583285690365,34.612,3.405069850100158e-17,0.012062853817258317,0.007883722063975014,0.005613495597684829,0.033220021043257456,0.0013353681800840865
MPC,2021-01-01,3.0,0.0,0.9553730199999999,7.195,0.13278290757470465,0.0,0.0,0.0,0.0,0.8,1.0,0.0,0.07407407407407407,0.09713193746089625,6.656,0.0,,,,0.0,0.0
MPC,2021-01-04,2.0,0.0,2.6305315199999995,9.863999999999997,0.26668000000000003,1.800848377331965e-16,0.0,0.0,0.0,0.7142857142857143,1.0,0.0,0.09259259259259259,0.11621875000855653,6.656,0.0,2.0051437401515413e-16,,,-2.0815640929675194e-16,0.0
MPC,2021-01-05,5.0,0.0,5.116717499999999,29.895000000000003,0.1711562970396387,0.0,0.0,0.0,0.0,0.85,1.0,0.0,0.31481481481481477,0.2133263854678565,13.312,0.0,0.0,0.0,,-3.243301718452216e-16,-5.941986417127446e-17
MPC,2021-01-06,3.0,0.0,1.4788535999999999,11.006999999999998,0.13435573725810848,8.069214315436768e-17,0.0,0.0,0.0,0.625,1.0,0.0,0.09259259259259259,0.25941406238416675,6.656,0.0,,0.0,1.416326614096835e-16,-2.0658273462716483e-16,0.0
MPC,2021-01-07,3.0,0.0,1.12000352,9.728,0.1151319407894737,9.13012355777267e-17,0.0,0.0,0.0,0.7142857142857143,1.0,0.0,0.09259259259259259,0.2530277708198507,6.656,0.0,,0.0,1.3960679341404044e-16,0.0,0.0
MPC,2021-01-08,2.0,0.0,1.09356964,5.518,0.1981822471910112,0.0,0.0,0.0,0.0,0.6,1.0,0.0,0.05555555555555555,0.16521440617604335,6.656,0.0,,0.0,,0.0,0.0
MPC,2021-01-11,6.0,0.0,2.8152899199999997,22.443999999999996,0.1254361931919444,1.1871926836127143e-16,0.0,0.0,0.0,0.6875,1.0000000000000002,0.0,0.2037037037037037,0.2779939166733432,9.372,0.0,0.0,1.8490234614346315e-16,1.4210854715202004e-16,2.212724645841006e-16,0.0
MPC,2021-01-12,2.0,0.0,1.0329475000000001,11.166999999999998,0.09250000000000003,1.590719834691726e-16,0.0,0.0,0.0,0.75,1.0,0.0,0.1111111111111111,0.17308245833191904,6.656,,,1.590719834691726e-16,,0.0,0.0
MPC,2021-01-13,3.0,0.0,1.47234028,5.521000000000001,0.26668,0.0,0.0,0.0,0.0,0.4,1.0,0.0,0.037037037037037035,0.0872087604572395,6.656,0.0,0.0,,,0.0,0.0
MPC,2021-01-14,5.0,0.0,3.8772920399999995,19.502999999999997,0.1988049038609445,9.108121003949395e-17,0.0,0.0,0.0,0.7142857142857143,1.0,0.0,0.18518518518518517,0.20634462498492212,6.656,0.0,1.4304693504592128e-16,0.0,,1.3961212765175428e-16,0.0
MPC,2021-01-15,3.0,0.0,1.6028379,9.504,0.16864876893939393,9.345311655093911e-17,0.0,0.0,0.0,0.625,1.0,0.0,0.09259259259259259,0.21493229178304318,6.656,0.0,0.0,,1.660456944662788e-16,0.0,0.0
MPC,2021-01-18,3.0,0.0,2.25577182,15.303,0.14740716330131345,0.0,0.0,0.0,0.0,0.9,1.0,0.0,0.16666666666666666,0.11525390633930026,6.656,0.0,,,,1.8829190518302041e-16,0.0
MPC,2021-01-19,3.0,0.0,1.27381528,9.73,0.13091626721479957,9.12824686228289e-17,0.0,0.0,0.0,0.5714285714285714,1.0,0.0,0.07407407407407407,0.1745716144796461,6.656,0.0,0.0,1.414972789071412e-16,,0.0,0.0
MPC,2021-01-20,3.0,0.0,1.64066102,8.059999999999999,0.2035559578163772,0.0,0.0,0.0,0.0,0.5,1.0,0.0,0.05555555555555555,0.13011371872077385,6.656,0.0,0.0,,,0.0,0.0
MPC,2021-01-21,4.0,0.0,3.29854646,20.977999999999998,0.15723836686052056,4.233856514920989e-17,0.0,0.0,0.0,0.8571428571428571,1.0,0.0,0.2222222222222222,0.21772916670670384,8.848,0.0,1.1391284079775878e-16,,0.0,0.0,0.0
MPC,2021-01-22,3.0,0.0,1.261766,5.731999999999999,0.22012665736217726,0.0,0.0,0.0,0.0,0.75,1.0,0.0,0.05555555555555555,0.0635559896788133,6.656,0.0,,,,1.2608911591276429e-16,0.0
MPC,2021-01-25,3.0,0.0,2.15531712,17.822999999999997,0.12092897492004714,1.4949981816194667e-16,0.0,0.0,0.0,0.75,1.0,0.0,0.16666666666666666,0.23646658337383997,13.312,0.0,,,1.7866000128070106e-16,0.0,0.0
MPC,2021-01-26,1.0,0.0,0.5432271599999999,2.037,0.26668,0.0,0.0,0.0,0.0,0.5,1.0,0.0,0.018518518518518517,0.10167794789595064,6.656,,0.0,,,0.0,0.0
MPC,2021-01-27,3.0,0.0,2.60866006,23.367999999999995,0.11163386083533039,1.5203327964740245e-16,0.0,0.0,0.0,0.8125,1.0,0.0,0.24074074074074073,0.3027330728097392,6.656,0.0,,1.4961314237347347e-16,1.9896469975361226e-16,1.2431521855439002e-16,7.601663982370123e-17
MPC,2021-01-28,5.0,0.0,2.09103826,14.731,0.14194815423257076,6.029315183627217e-17,0.0,0.0,0.0,0.6363636363636364,1.0,0.0,0.12962962962962962,0.24710937501974212,10.431999999999999,0.0,0.0,0.0,1.4842553805149152e-16,0.0,0.0
MPC,2021-01-29,3.0,0.0,2.25916596,18.168,0.12434863276089828,0.0,0.0,0.0,0.0,1.0,1.0,0.0,0.2037037037037037,0.20650737512066067,13.312,0.0,,,0.0,0.0,0.0
MPC,2021-02-01,4.0,0.0,1.96766,21.272,0.0925,4.1753404461269524e-17,0.0,0.0,0.0,0.7333333333333333,1.0,0.0,0.2037037037037037,0.26038715623144526,13.312,0.0,,8.469327926958379e-17,0.0,0.0,0.0
MPC,2021-02-02,2.0,0.0,1.1134225,12.036999999999997,0.09250000000000001,1.475747145800657e-16,0.0,0.0,0.0,0.875,1.0,0.0,0.12962962962962962,0.22218012494098124,6.656,,,1.475747145800657e-16,,0.0,0.0
MPC,2021-02-03,5.0,0.0,5.115336059999999,34.791,0.14703044063119772,1.2764485351098346e-16,0.0,0.0,0.0,0.9090909090909091,1.0000000000000002,0.0,0.37037037037037035,0.220779510527791,13.312,0.0,1.3899505785604465e-16,1.486553277877945e-16,,0.0,0.0
MPC,2021-02-04,1.0,0.0,0.21395250000000002,2.313,0.0925,0.0,0.0,0.0,0.0,0.5,1.0,0.0,0.018518518518518517,0.13085546879665344,6.656,,,0.0,,0.0,0.0
MPC,2021-02-05,5.0,0.0,1.8266850399999996,16.447,0.1110649382866176,0.0,0.0,0.0,0.0,0.6923076923076923,1.0,0.0,0.16666666666666666,0.24046310424334175,6.656,0.0,0.0,,0.0,-1.249520147573576e-16,0.0
MPC,2021-02-08,5.0,0.0,2.52621818,23.212999999999997,0.1088277335975531,3.826211259639535e-17,0.0,0.0,0.0,0.8125,1.0,0.0,0.24074074074074073,0.2558064270488103,12.431999999999999,0.0,0.0,,1.4477235854932767e-16,0.0,0.0
MPC,2021-02-09,5.0,0.0,4.00076446,28.851999999999993,0.13866506516012758,1.231357853459206e-16,0.0,0.0,0.0,0.8421052631578947,1.0000000000000002,0.0,0.2962962962962963,0.23988844789831396,13.312,0.0,,1.5614951119903749e-16,1.8072610025437485e-16,0.0,0.0
MPC,2021-02-10,6.0,0.0,5.59795574,25.931,0.21587889938683427,0.0,0.0,0.0,0.0,0.7894736842105263,1.0,0.0,0.2777777777777778,0.23853429168714987,13.312,0.0,0.0,0.0,,-1.2857011822120503e-16,0.0
MPC,2021-02-11,4.0,0.0,2.1237074999999996,22.958999999999996,0.0925,1.5474165594322493e-16,0.0,0.0,0.0,0.8666666666666667,1.0,0.0,0.24074074074074073,0.2403541667869528,19.968,0.0,,,1.7870793152920026e-16,-1.5003013846285896e-16,0.0
MPC,2021-02-12,4.0,0.0,1.6638830999999998,13.431000000000001,0.12388378378378376,6.612898665029597e-17,0.0,0.0,0.0,0.6363636363636364,1.0,0.0,0.12962962962962962,0.253131510514019,6.656,0.0,0.0,,1.1591991904204194e-16,0.0,0.0
MPC,2021-02-15,5.0,0.0,3.98530622,31.967,0.12466938467794914,8.335268430257377e-17,0.0,0.0,0.0,0.8571428571428571,1.0000000000000002,0.0,0.33333333333333326,0.24196744789151126,11.788,1.1358506550292542e-16,,0.0,1.4154237764145422e-16,0.0,0.0
MPC,2021-02-16,7.0,0.0,3.9358547399999995,38.232,0.10294660860012554,2.3231283210402942e-17,0.0,0.0,0.0,0.8076923076923077,1.0,0.0,0.38888888888888884,0.263093312393418,13.312,0.0,0.0,0.0,3.168783829962272e-17,-1.3480568225146496e-16,0.0
MPC,2021-02-17,4.0,0.0,3.2693628200000004,25.177999999999997,0.12984998093573757,1.0582791560490807e-16,0.0,0.0,0.0,0.8235294117647058,1.0000000000000002,0.0,0.25925925925925924,0.27578906247072155,13.312,0.0,1.645079495647574e-16,1.0114199393043616e-16,,2.1375109503762718e-16,0.0
MPC,2021-02-18,3.0,0.0,1.0323441,9.992999999999999,0.10330672470729511,0.0,0.0,0.0,0.0,0.625,1.0,0.0,0.09259259259259259,0.20824827091322126,6.656,,0.0,0.0,,0.0,0.0
MPC,2021-02-19,7.0,0.0,4.66527694,42.184,0.11059351744737342,7.369202704699504e-17,0.0,0.0,0.0,0.7586206896551724,1.0,0.0,0.4074074074074072,0.3327977395504907,13.312,1.1986213491229762e-16,1.1285621597206166e-16,1.0995709312288767e-16,0.0,1.2548464076493712e-16,0.0
MPC,2021-02-22,5.0,0.0,3.01990378,17.637999999999998,0.17121577162943646,5.035595984239285e-17,0.0,0.0,0.0,0.6428571428571429,1.0,0.0,0.16666666666666666,0.21782595831609797,6.656,0.0,0.0,1.4176830322428176e-16,,0.0,0.0
MPC,2021-02-23,4.0,0.0,5.49072828,32.769,0.16755861576489975,1.0841690862707135e-16,0.0,0.0,0.0,0.8571428571428571,1.0,0.0,0.33333333333333326,0.2144149270861817,6.656,0.0,1.2579539971675169e-16,1.7199427182419157e-16,,1.6564696174485328e-16,0.0
MPC,2021-02-24,3.0,0.0,3.1979106699999997,12.469000000000001,0.25646889646322873,0.0,0.0,0.0,0.0,0.7,1.0,0.0,0.12962962962962962,0.11771528124882025,13.312,0.0,0.0,,,0.0,0.0
MPC,2021-02-25,2.0,0.0,1.159025,12.529999999999998,0.09250000000000001,1.4176830322428176e-16,0.0,0.0,0.0,0.875,1.0,0.0,0.12962962962962962,0.2845494791472447,6.656,,,,1.4176830322428176e-16,-1.5003013846285894e-16,0.0
MPC,2021-02-26,6.0,0.0,2.5417936932497067,21.59439127837521,0.11770619789570445,1.028251280911949e-16,0.0,0.0,0.0,0.75,1.0000000000000002,0.0,0.2222222222222222,0.23202604173396443,19.968,0.0,1.1870869014970933e-16,1.2678852461044577e-16,,-2.3580385835096127e-16,0.0
MPC,2021-03-01,6.0,0.0,5.0959588799999995,38.06699999999999,0.13386815036645916,9.332791338430925e-17,0.0,0.0,0.0,0.7692307692307693,1.0000000000000002,0.0,0.37037037037037035,0.28380078128975583,13.312,0.0,1.4127221563545812e-16,,5.450619329242867e-17,0.0,0.0
MPC,2021-03-02,5.0,0.0,13.68252169999999,86.36299999999999,0.15843036601322316,1.0284246954136904e-17,0.0,0.0,0.0,0.9090909090909091,1.0,0.0,0.9259259259259252,0.3196163229404192,13.312,0.0,1.4240474903000245e-16,0.0,0.0,1.751910086057135e-16,0.0
MPC,2021-03-03,4.0,0.0,2.0923717799999997,19.662,0.10641703692401586,1.3551700025940266e-16,0.0,0.0,0.0,0.7692307692307693,1.0,0.0,0.18518518518518517,0.22974132298259065,13.312,0.0,0.0,1.423362852083534e-16,1.8639631053517845e-16,-2.6081891037284763e-16,0.0
MPC,2021-03-04,5.0,0.0,4.00525252,24.819999999999997,0.16137197904915393,1.0735436176875003e-16,0.0,0.0,0.0,0.8235294117647058,1.0,0.0,0.25925925925925924,0.2100273438069659,6.656,0.0,1.8176167393842735e-16,1.038562230706414e-16,,0.0,0.0
MPC,2021-03-05,4.0,0.0,2.14025424,16.89,0.126717243339254,5.258605208408083e-17,0.0,0.0,0.0,0.75,1.0,0.0,0.16666666666666666,0.21720009362979908,13.312,0.0,,0.0,1.4463091022636788e-16,0.0,0.0
MPC,2021-03-08,5.0,0.0,2.74766406,18.186,0.1510867733421313,0.0,0.0,0.0,0.0,0.6428571428571429,1.0,0.0,0.16666666666666666,0.24597656238256604,6.656,0.0,0.0,,0.0,0.0,0.0
MPC,2021-03-09,5.0,0.0,3.09818108,28.162999999999997,0.11000891524340448,9.46112011895173e-17,0.0,0.0,0.0,0.75,1.0,0.0,0.2777777777777778,0.23258940624752236,19.968,,1.5363750556999226e-16,1.0812982952278125e-16,0.0,0.0,0.0
MPC,2021-03-10,2.0,0.0,3.6801839999999997,13.8,0.26668,0.0,0.0,0.0,0.0,0.8,1.0,0.0,0.14814814814814814,0.10858463535138678,13.312,0.0,0.0,,,0.0,0.0
MPC,2021-03-11,5.0,0.0,8.533777939999997,63.008,0.13543959401980696,5.63851206005666e-17,0.0,0.0,0.0,0.9,1.0,0.0,0.6666666666666664,0.24743098962668836,26.624,0.0,0.0,4.5678791385523825e-17,1.873991812849721e-16,0.0,2.81925603002833e-17
MPC,2021-03-12,4.0,0.0,2.68239278,16.955,0.1582065927455028,5.238445412563405e-17,0.0,0.0,0.0,0.8333333333333334,1.0,0.0,0.18518518518518517,0.27327083337998676,13.312,,1.3886466849595454e-16,0.0,0.0,1.7543880526064804e-16,0.0
MPC,2021-03-15,5.0,0.0,3.4613699799999997,21.534999999999997,0.16073229533317857,1.2373045085211868e-16,0.0,0.0,0.0,0.7333333333333333,1.0000000000000002,0.0,0.2037037037037037,0.22327951046463568,13.312,0.0,1.4496138725316228e-16,1.5138544736664825e-16,1.5951480238867193e-16,1.726820086659932e-16,0.0
MPC,2021-03-16,5.0,0.0,3.4328607999999994,17.698,0.19396885523787993,5.018524238332722e-17,0.0,0.0,0.0,0.7692307692307693,1.0,0.0,0.18518518518518517,0.20549652087235395,12.524000000000001,0.0,0.0,8.781673123394553e-17,,-1.4309294954383254e-16,0.0
MPC,2021-03-17,4.0,0.0,2.9523301600000003,15.418,0.1914859359190557,5.76065909780857e-17,0.0,0.0,0.0,0.7272727272727273,1.0,0.0,0.14814814814814814,0.13599695830635028,6.656,0.0,1.277035829906722e-16,,,2.898967538520601e-16,0.0
MPC,2021-03-18,8.0,0.0,6.645818780000001,51.848,0.128178884045672,5.13912833494132e-17,0.0,0.0,0.0,0.8529411764705882,1.0,0.0,0.5370370370370369,0.24908203128385747,19.968,0.0,1.3330007799791764e-16,0.0,1.3324008696371516e-16,0.0,3.4260855566275463e-17
MPC,2021-03-19,9.0,0.0,5.04439122,38.709,0.13031572037510655,2.294501071327405e-17,0.0,0.0,0.0,0.8076923076923077,1.0,0.0,0.38888888888888873,0.25100693740872276,16.988,0.0,3.9402795781026807e-17,0.0,0.0,0.0,0.0
MPC,2021-03-22,6.0,0.0,5.0102123800000005,34.645,0.14461574195410593,1.0254621673547411e-16,0.0,0.0,0.0,0.7916666666666666,1.0000000000000002,0.0,0.35185185185185186,0.2874631145459716,19.968,0.0,0.0,1.2871218313167527e-16,,0.0,0.0
MPC,2021-03-23,5.0,0.0,5.139567479999999,27.437999999999995,0.1873156746118522,9.71111327028346e-17,0.0,0.0,0.0,0.7368421052631579,1.0,0.0,0.25925925925925924,0.17474392704267908,19.968,1.0212468893872891e-16,0.0,1.1576127985664713e-16,,-2.9635080644631437e-16,0.0
MPC,2021-03-24,7.0,0.0,8.36310248,51.695,0.16177778276429056,3.436225629945353e-17,0.0,0.0,0.0,0.8484848484848485,1.0,0.0,0.5185185185185184,0.26008159375123796,13.312,0.0,1.0680356177250184e-16,0.0,1.4385785871398204e-16,0.0,-3.436225629945353e-17
MPC,2021-03-25,5.0,0.0,4.7064942599999995,36.038999999999994,0.13059447431948723,1.232246205083556e-16,0.0,0.0,0.0,0.8333333333333334,0.9999999999999999,0.0,0.37037037037037024,0.229015187414916,13.312,0.0,1.7270775596968987e-16,2.0087717283730074e-16,,-2.1253254213288897e-16,0.0
MPC,2021-03-26,7.0,0.0,14.703830459999992,76.86599999999999,0.19129173444695957,4.621957274738507e-17,0.0,0.0,0.0,0.8979591836734694,1.0,0.0,0.8148148148148144,0.28043792720685207,19.968,9.358605128287499e-17,1.49550163276667e-16,0.0,1.640218688273546e-16,0.0,0.0
MPC,2021-03-29,7.0,0.0,13.053831819999996,79.411,0.1643831688305146,2.2369153384295004e-17,0.0,0.0,0.0,0.8823529411764706,1.0,0.0,0.8333333333333327,0.33824739572689094,19.968,0.0,3.8780003479898936e-17,0.0,6.039975652500002e-17,0.0,0.0
MPC,2021-03-30,4.0,0.0,2.7118982799999998,14.215,0.19077722687302145,6.248177416110624e-17,0.0,0.0,0.0,0.7272727272727273,1.0,0.0,0.14814814814814814,0.31204817696561804,12.375999999999998,0.0,1.3830246336034339e-16,0.0,0.0,0.0,0.0
MPC,2021-03-31,6.0,0.0,4.17338188,26.727999999999998,0.15614269230769232,0.0,0.0,0.0,0.0,0.8888888888888888,1.0,0.0,0.2962962962962963,0.29112239568955073,6.656,0.0,,0.0,0.0,0.0,0.0
MPC,2021-04-01,5.0,0.0,3.70346008,23.785,0.15570570023123817,1.1202586752576733e-16,0.0,0.0,0.0,0.8125,1.0,0.0,0.24074074074074073,0.2876115521151708,6.656,0.0,1.3927840986359186e-16,,1.1722032726674478e-16,0.0,0.0
MPC,2021-04-02,4.0,0.0,3.1210560799999993,16.406,0.1902386980373034,5.4137414342321425e-17,0.0,0.0,0.0,0.75,1.0,0.0,0.16666666666666666,0.21814148961614896,11.235999999999997,0.0,1.447251783770776e-16,,0.0,-1.4589868361160878e-16,0.0
MPC,2021-04-05,5.0,0.0,3.2004221800000003,18.874,0.1695677747165413,0.0,0.0,0.0,0.0,0.8461538461538461,1.0,0.0,0.2037037037037037,0.17175955220712544,13.312,0.0,0.0,,,1.6368425935898874e-16,0.0
MPC,2021-04-06,9.0,0.0,3.4052770600000004,31.933,0.10663818181818183,2.781381078195363e-17,0.0,0.0,0.0,0.6666666666666666,1.0,0.0,0.2962962962962963,0.2648220520313771,16.72,0.0,,1.0259655997460151e-16,0.0,3.9041704119100887e-16,-2.781381078195363e-17
MPC,2021-04-07,9.0,0.0,5.397302679999999,33.25599999999999,0.16229560620639885,1.0682925423383753e-16,0.0,0.0,0.0,0.7391304347826086,1.0,0.0,0.31481481481481477,0.29511979164453805,13.312,0.0,1.2761184191093755e-16,1.4140716760072046e-16,1.2700964102675893e-16,-1.7101865087050388e-16,0.0
MPC,2021-04-08,5.0,0.0,3.2839061800000002,19.447000000000003,0.1688644099346943,4.5671744726699495e-17,0.0,0.0,0.0,0.6428571428571429,1.0,0.0,0.16666666666666666,0.20743185420239266,13.312,0.0,8.69569629626126e-17,0.0,,0.0,-4.5671744726699495e-17
MPC,2021-04-09,5.0,0.0,8.862703719999994,58.804,0.15071600095231605,7.552023839365735e-18,0.0,0.0,0.0,0.9459459459459459,1.0,0.0,0.6481481481481478,0.2512256875585687,26.624,0.0,1.207092171378262e-16,0.0,,-1.8415812150171298e-16,0.0
MPC,2021-04-12,5.0,0.0,3.48835746,29.244,0.11928455272876487,9.111391256669319e-17,0.0,0.0,0.0,0.8,1.0,0.0,0.2962962962962963,0.2811523436321295,6.656,0.0,1.0649621339330039e-16,,1.1401520150194162e-16,-2.326837380087337e-16,0.0
MPC,2021-04-13,6.0,0.0,4.93171884,30.648,0.16091486687548945,5.795995952102097e-17,0.0,0.0,0.0,0.8,1.0,0.0,0.2962962962962963,0.2997669271280756,13.312,0.0,1.447959601728277e-16,0.0,1.4498505055503185e-16,3.4497217260982183e-16,0.0
MPC,2021-04-14,4.0,0.0,4.41050862,30.105,0.14650418933731937,2.950268791563279e-17,0.0,0.0,0.0,0.8095238095238095,1.0,0.0,0.31481481481481477,0.25443446884310106,6.656,0.0,1.5279174603477125e-16,0.0,0.0,0.0,0.0
MPC,2021-04-15,6.0,0.0,7.1072384,44.10799999999999,0.16113263807019138,1.409551314478298e-16,0.0,0.0,0.0,0.8275862068965517,0.9999999999999998,0.0,0.4444444444444443,0.23364410420375256,19.968,0.0,1.321759640408937e-16,,1.882631380849187e-16,0.0,0.0
MPC,2021-04-16,6.0,0.0,4.8141351,33.318,0.14449051863857373,5.3315230187893946e-17,0.0,0.0,0.0,0.782608695652174,1.0,0.0,0.33333333333333326,0.30165190628395067,13.312,1.0634320159244794e-16,4.589357824110604e-17,0.0,0.0,-1.920927122218743e-16,0.0
MPC,2021-04-19,7.0,0.0,3.9676883,20.42,0.1943040303623898,2.174775758325478e-17,0.0,0.0,0.0,0.6666666666666666,1.0,0.0,0.18518518518518517,0.22004470838510315,13.312,0.0,3.1738794300318945e-17,0.0,,1.4284611371088362e-16,0.0
MPC,2021-04-20,6.0,0.0,3.03566004,20.808,0.1458890830449827,0.0,0.0,0.0,0.0,0.7857142857142857,1.0,0.0,0.2037037037037037,0.2645776874790802,13.312,0.0,0.0,0.0,0.0,1.9025121713233955e-16,0.0
MPC,2021-04-21,7.0,0.0,5.58977622,32.129999999999995,0.17397373856209153,5.528654962341272e-17,0.0,0.0,0.0,0.782608695652174,1.0,0.0,0.33333333333333326,0.2557925311824268,13.312,0.0,1.3943146306124415e-16,4.489377374141353e-17,,0.0,0.0
MPC,2021-04-22,7.0,0.0,4.961066657916666,31.136629166666665,0.1593321689178782,2.852519503463031e-17,0.0,0.0,0.0,0.7727272727272727,1.0,0.0,0.31481481481481477,0.2547634583910015,13.312,0.0,8.198065531660746e-17,0.0,,-3.483988927551031e-16,-5.705039006926062e-17
MPC,2021-04-23,7.0,0.0,12.402592719999996,76.501,0.16212327577417282,3.483007096770468e-17,0.0,0.0,0.0,0.8979591836734694,1.0,0.0,0.8148148148148144,0.2789930520824176,23.024,0.0,1.2461289648546126e-16,0.0,1.1970059564691714e-16,0.0,0.0
MPC,2021-04-26,4.0,0.0,3.5995257599999997,24.213,0.14866087473671166,1.4672752978980303e-16,0.0,0.0,0.0,0.8125,1.0,0.0,0.24074074074074073,0.1783346353173935,13.312,0.0,1.5708850719846574e-16,,,0.0,0.0
MPC,2021-04-27,5.0,0.0,8.611532889999998,56.611000000000004,0.15211766070198365,4.706744730000133e-17,0.0,0.0,0.0,0.8918918918918919,1.0000000000000002,0.0,0.6111111111111108,0.2771935834668208,13.312,0.0,0.0,4.1013988118497613e-17,1.400691404668231e-16,1.8246123091522783e-16,0.0
MPC,2021-04-28,8.0,0.0,6.9708208,60.28,0.11564069011280691,4.4202641989057326e-17,0.0,0.0,0.0,0.8717948717948718,1.0000000000000002,0.0,0.6296296296296291,0.34032769796491874,13.312,0.0,1.9901819926954496e-17,1.1487046297208035e-16,1.417230604276568e-16,0.0,0.0
MPC,2021-04-29,7.0,0.0,7.696234359999999,54.105999999999995,0.14224363952241895,8.207762722250076e-17,0.0,0.0,0.0,0.8857142857142857,1.0000000000000002,0.0,0.574074074074074,0.23595703123646672,19.968,0.0,7.99152798002632e-17,0.0,1.7921275619453697e-16,0.0,0.0
MPC,2021-04-30,8.0,0.0,9.316492239999999,66.508,0.14008077584651468,5.341783964035154e-17,0.0,0.0,0.0,0.9047619047619048,1.0000000000000002,0.0,0.7037037037037033,0.3107122396007374,19.968,0.0,1.0274689619790906e-16,0.0,1.4040126773634607e-16,1.9813979075930067e-16,-1.3354459910087885e-17
MPC,2021-05-03,6.0,0.0,2.9272796999999997,17.919,0.1633617780010045,9.913258772254313e-17,0.0,0.0,0.0,0.6923076923076923,1.0,0.0,0.16666666666666666,0.2673606769955465,10.1,0.0,1.2092286176992854e-16,0.0,1.6311816707073006e-16,0.0,0.0
MPC,2021-05-04,11.0,0.0,14.903066419999998,83.735,0.1779789385561593,5.303507611513257e-17,0.0,0.0,0.0,0.8545454545454545,1.0000000000000002,0.0,0.8703703703703697,0.32067491671720444,26.624,0.0,6.046143088496428e-17,6.659756455592735e-17,,1.559486523562503e-16,0.0
MPC,2021-05-05,8.0,0.0,6.0018156000000005,47.571,0.12616542851737406,5.601175630321784e-17,0.0,0.0,0.0,0.8064516129032258,1.0,0.0,0.4629629629629627,0.3623472292323034,24.479999999999997,0.0,1.0963812118258552e-16,0.0,3.9812560836439345e-17,4.399870224640302e-16,0.0
MPC,2021-05-06,6.0,0.0,3.9958556200000004,38.521,0.10373187663871655,9.222797120532958e-17,0.0,0.0,0.0,0.84,1.0000000000000002,0.0,0.38888888888888873,0.2509726562796762,22.255999999999997,0.0,1.4404450530329633e-16,1.4678208886136592e-16,1.4397445610311643e-16,4.013555405774302e-16,0.0
MPC,2021-05-07,6.0,0.0,7.129142259999998,71.69199999999998,0.09944125230151203,6.194403976037252e-17,0.0,0.0,0.0,0.9130434782608695,1.0000000000000002,0.0,0.7777777777777777,0.2578255208997386,33.28,0.0,1.4022393743292157e-16,8.403419539703625e-17,0.0,2.791153065075277e-16,2.477761590414901e-17
MPC,2021-05-10,5.0,0.0,10.293259619999995,70.494,0.14601610945612387,5.039739096661419e-17,0.0,0.0,0.0,0.9318181818181818,1.0000000000000002,0.0,0.7592592592592589,0.2642912292382486,19.968,0.0,1.3641198275228464e-16,1.4675783537675567e-16,0.0,1.900857084811532e-16,0.0
MPC,2021-05-11,8.0,0.0,3.6851440799999997,35.45099999999999,0.10395035626639589,1.0021476626330712e-16,0.0,0.0,0.0,0.7307692307692307,1.0,0.0,0.35185185185185175,0.35461718744045356,13.312,0.0,0.0,1.4516277187221137e-16,1.0415460799766933e-16,0.0,2.505369156582677e-17
MPC,2021-05-12,11.0,0.0,10.46090898,76.86900000000001,0.13608748624282868,6.932665337393162e-17,0.0,0.0,0.0,0.84,1.0,0.0,0.7777777777777777,0.31981207303033443,26.624,0.0,1.3407815926636016e-16,4.9642479372893564e-17,8.756565313024995e-17,0.0,0.0
MPC,2021-05-13,5.0,0.0,3.26725846,25.770999999999994,0.12678042994063096,1.3785703615694003e-16,0.0,0.0,0.0,0.8235294117647058,1.0000000000000002,0.0,0.25925925925925924,0.3157035624402245,6.656,0.0,0.0,1.6283406722891656e-16,1.8144605101126154e-16,0.0,0.0
MPC,2021-05-14,10.0,0.0,12.062279059999998,81.224,0.14850634122919332,5.4674629401416155e-17,0.0,0.0,0.0,0.8679245283018868,1.0,0.0,0.8518518518518515,0.24504296879968024,19.968,0.0,2.132583604735222e-17,0.0,1.488920698545954e-16,-1.8689825219512396e-16,-2.186985176056647e-17
MPC,2021-05-17,3.0,0.0,4.51511908,30.960999999999995,0.14583246923548981,1.4343503434968595e-16,0.0,0.0,0.0,0.9,1.0,0.0,0.33333333333333326,0.2561927082448771,6.656,,1.3830246336034339e-16,2.0317475001718523e-16,1.1245611796658967e-16,0.0,0.0
MPC,2021-05-18,6.0,0.0,9.412247659999997,62.894000000000005,0.14965255286672807,2.82436613890077e-17,0.0,0.0,0.0,0.9,1.0,0.0,0.6666666666666663,0.28257986453657696,13.312,1.1503411730347433e-16,,0.0,0.0,3.7093354017617645e-16,0.0
MPC,2021-05-19,11.0,0.0,11.37427294,81.241,0.14000655998818332,5.466318851935139e-17,0.0,0.0,0.0,0.8518518518518519,1.0,0.0,0.8518518518518512,0.34674348959621665,15.204,0.0,5.093204230295756e-17,6.608470384673551e-17,1.1272730291916807e-16,0.0,0.0
MPC,2021-05-20,8.0,0.0,5.08571079,46.131,0.11024497171099695,1.155203771477044e-16,0.0,0.0,0.0,0.8064516129032258,1.0000000000000002,0.0,0.4629629629629627,0.29799435408979963,16.996,9.277952780738798e-17,1.200971428165946e-16,1.8079967831045808e-16,0.0,0.0,0.0
MPC,2021-05-21,7.0,0.0,4.969606929999999,42.748000000000005,0.11625355408440158,1.0388537705859048e-16,0.0,0.0,0.0,0.8928571428571429,1.0000000000000002,0.0,0.4629629629629628,0.3606054686618639,19.968,0.0,1.4035689312580993e-16,1.3879956551025553e-16,1.1418131895356427e-16,-2.3875034044531664e-16,0.0
MPC,2021-05-24,12.0,0.0,8.27675511,71.682,0.11546490206746463,6.195268126587743e-17,0.0,0.0,0.0,0.7755102040816326,1.0,0.0,0.7037037037037035,0.30431207293683354,26.624,0.0,1.2919585236134484e-16,1.5739472261210797e-16,2.5137362230779307e-17,0.0,0.0
MPC,2021-05-25,11.0,0.0,23.856778439999985,140.913,0.16930147282365704,3.151513415015382e-17,0.0,0.0,0.0,0.9,1.0,0.0,1.4999999999999996,0.35105424998012796,33.28,0.0,0.0,1.582641517640993e-17,4.8062903200850954e-17,0.0,0.0
MPC,2021-05-26,5.0,0.0,3.7394725600000003,26.884000000000004,0.1390965838416902,4.9556153457453793e-17,0.0,0.0,0.0,0.8333333333333334,1.0,0.0,0.2777777777777778,0.24176953123363396,18.708,0.0,,5.731169360535955e-17,,-1.9954174897076062e-16,0.0
MPC,2021-05-27,5.0,0.0,5.414660960000001,37.687999999999995,0.14367068987476123,2.356661058427418e-17,0.0,0.0,0.0,0.84,1.0,0.0,0.38888888888888884,0.2427473958353706,13.312,0.0,,2.562324148804562e-17,,-1.9318885180981342e-16,0.0
MPC,2021-05-28,6.0,0.0,4.638100059999999,44.131,0.10509845822664339,2.0125952724844785e-17,0.0,0.0,0.0,0.896551724137931,1.0,0.0,0.4814814814814813,0.30182595840718324,20.788,0.0,0.0,4.203598938426453e-17,,0.0,0.0
MPC,2021-05-31,2.0,0.0,1.2965195,6.908,0.18768377243775333,0.0,0.0,0.0,0.0,0.8,0.9999999999999998,0.0,0.07407407407407407,0.06550347916345345,6.656,0.0,,,,-1.4788479182362048e-16,-6.428622030255684e-17
MPC,2021-06-01,9.0,0.0,7.14026208,50.019,0.14275099622143586,7.102728320839083e-17,0.0,0.0,0.0,0.7714285714285715,1.0,0.0,0.49999999999999967,0.30165277091024717,13.312,4.75852354513863e-17,1.4217679201218588e-16,7.075145733860082e-17,,0.0,0.0
MPC,2021-06-02,11.0,0.0,10.585157839999997,76.091,0.1391118245258966,4.66903270925668e-17,0.0,0.0,0.0,0.88,1.0,0.0,0.8148148148148145,0.2751822915646092,26.624,9.133409632373132e-17,4.5601397530426925e-17,1.40113333286027e-16,0.0,0.0,0.0
MPC,2021-06-03,6.0,0.0,10.106687239999996,64.694,0.1562229455590935,2.7457829774016917e-17,0.0,0.0,0.0,0.9024390243902439,1.0,0.0,0.6851851851851849,0.2891358541698234,13.312,0.0,1.3954099288297332e-16,,2.0298901147300312e-17,1.7766644660486182e-16,0.0
MPC,2021-06-04,6.0,0.0,7.223909019999999,34.009,0.21241168573024785,7.834794492929448e-17,0.0,0.0,0.0,0.75,1.0,0.0,0.33333333333333337,0.270861114586296,13.312,0.0,1.0229720348218127e-16,,0.0,-1.3066877898081886e-16,0.0
MPC,2021-06-07,8.0,0.0,5.34784308,37.137,0.14400309879634865,7.174880197916837e-17,0.0,0.0,0.0,0.8076923076923077,1.0000000000000002,0.0,0.38888888888888873,0.24447005216643447,26.624,0.0,1.0950969973492698e-16,0.0,1.3177721360535982e-16,-1.9274290517095927e-16,2.3916267326389454e-17
MPC,2021-06-08,5.0,0.0,2.39236618,21.25,0.11258193788235293,4.179663151530001e-17,0.0,0.0,0.0,0.7333333333333333,1.0,0.0,0.2037037037037037,0.26175433337508974,6.656,0.0,6.009732862170142e-17,0.0,,0.0,0.0
MPC,2021-06-09,10.0,0.0,9.49922548,56.25699999999999,0.1688541066889454,7.893936929627647e-17,0.0,0.0,0.0,0.8157894736842105,1.0000000000000002,0.0,0.5740740740740738,0.28331596877251286,19.968,0.0,1.2583104338033934e-16,1.3899505785604465e-16,1.60234244939586e-16,-1.6437607683868088e-16,3.157574771851059e-17
MPC,2021-06-10,6.0,0.0,7.492280099999998,50.502,0.14835610668884394,1.758699496455834e-17,0.0,0.0,0.0,0.8787878787878788,1.0,0.0,0.5370370370370368,0.2574045103453197,13.312,0.0,1.6000331826700148e-16,0.0,,0.0,0.0
MPC,2021-06-11,11.0,0.0,12.651703479999998,81.25599999999999,0.15570177562272325,7.651433663853595e-17,0.0,0.0,0.0,0.8490566037735849,1.0,0.0,0.8333333333333328,0.3504800312536342,19.968,0.0,7.56991749510036e-17,8.474176316192397e-17,1.5099939131250004e-16,1.7826113738665834e-16,0.0
MPC,2021-06-14,10.0,0.0,12.140528819999997,86.013,0.1411476035017962,3.6141332925841884e-17,0.0,0.0,0.0,0.8596491228070176,1.0,0.0,0.9074074074074068,0.3331093748784042,26.624,2.897241713531202e-17,1.2662937264045127e-16,0.0,8.78818997378049e-17,0.0,0.0
MPC,2021-06-15,9.0,0.0,4.31717151,45.230999999999995,0.09544718246335478,9.818248764123336e-17,0.0,0.0,0.0,0.7419354838709677,1.0,0.0,0.4259259259259258,0.3407929687758345,19.968,1.0479981353393809e-16,,1.0447314235136449e-16,0.0,-2.9079512772716113e-16,-3.9272995056493335e-17
MPC,2021-06-16,10.0,0.0,6.053179999999999,48.803000000000004,0.12403294879413149,1.0919555187592466e-16,0.0,0.0,0.0,0.7575757575757576,1.0,0.0,0.4629629629629627,0.3994427083853225,13.312,9.864812791693512e-17,1.4080190546926527e-16,1.3448079638127417e-16,7.874620265095534e-17,-4.475516527740914e-16,0.0
MPC,2021-06-17,11.0,0.0,9.446188589999998,68.382,0.1381385246117399,3.896544791173665e-17,0.0,0.0,0.0,0.8222222222222222,1.0,0.0,0.685185185185185,0.33263107297898387,13.312,2.4271812087014597e-17,6.872850109882575e-17,7.047916360102564e-17,0.0,-4.018513400753385e-16,0.0
MPC,2021-06-18,8.0,0.0,14.345892919999995,96.023,0.14940059069181338,2.774892743509759e-17,0.0,0.0,0.0,0.9016393442622951,1.0,0.0,1.018518518518518,0.23500173968689828,33.28,0.0,9.599853217684017e-17,0.0,,1.8577955741074472e-16,0.0
MPC,2021-06-21,8.0,0.0,8.767477119999999,42.843999999999994,0.20463722154794137,1.0365260242975973e-16,0.0,0.0,0.0,0.8275862068965517,1.0000000000000002,0.0,0.4444444444444443,0.3107560833086609,13.312,4.684485335971124e-17,1.668253981405194e-16,0.0,1.5954345602660773e-16,0.0,0.0
MPC,2021-06-22,12.0,0.0,11.90488268,68.609,0.1735177991225641,9.061856225715106e-17,0.0,0.0,0.0,0.8085106382978723,1.0,0.0,0.7037037037037034,0.33253819795694045,19.968,5.020793780102461e-17,1.150192203703866e-16,8.868038736958967e-17,,0.0,1.2945508893878727e-17
MPC,2021-06-23,14.0,0.0,20.010107879999993,119.64899999999999,0.1672400762229521,4.453919813956449e-17,0.0,0.0,0.0,0.8461538461538461,1.0,0.0,1.2222222222222214,0.3628541667239915,33.28,1.5697745134325295e-16,4.811106763989628e-17,2.2267644935006207e-17,8.794716503615459e-17,-1.6596246690671935e-16,0.0
MPC,2021-06-24,11.0,0.0,8.49667406,65.74399999999999,0.12923877555366273,6.75482492470891e-17,0.0,0.0,0.0,0.8181818181818182,1.0,0.0,0.6666666666666664,0.3592035520038432,30.227999999999998,0.0,9.289597528502512e-17,0.0,1.4113191430502923e-16,0.0,-2.7019299698835644e-17
MPC,2021-06-25,9.0,0.0,4.21885713,36.357,0.11603974832907006,2.4429364900847848e-17,0.0,0.0,0.0,0.7307692307692307,1.0,0.0,0.35185185185185175,0.2869921874359231,13.312,0.0,0.0,3.985186071252861e-17,,0.0,0.0
MPC,2021-06-28,11.0,0.0,21.07287223999999,129.25099999999998,0.1630383690648428,4.123040067930424e-17,0.0,0.0,0.0,0.9146341463414634,1.0,0.0,1.3888888888888888,0.32310981244639453,33.28,5.846740963071063e-17,0.0,5.878667105934575e-17,1.806525820604343e-17,1.7023953180364624e-16,1.374346689310141e-17
MPC,2021-06-29,15.0,0.0,10.447259,87.53,0.11935632354621273,5.580922321890424e-17,0.0,0.0,0.0,0.8275862068965517,1.0,0.0,0.8888888888888885,0.3415533854725557,19.968,1.574951980175418e-17,8.482755383749668e-17,0.0,0.0,1.1627191082541358e-16,0.0
MPC,2021-06-30,12.0,0.0,12.316222969999998,89.36600000000001,0.13781777152384572,1.9877322912519866e-17,0.0,0.0,0.0,0.8793103448275862,1.0,0.0,0.9444444444444439,0.3141801250118685,26.624,4.9967843583692e-17,3.613272119523718e-17,0.0,0.0,0.0,0.0
MPC,2021-07-01,13.0,0.0,14.557338639999998,91.192,0.15963394420563207,8.765687535421011e-17,0.0,0.0,0.0,0.847457627118644,1.0000000000000002,0.0,0.9259259259259256,0.280855468796896,31.803999999999995,5.3334439422333834e-17,1.544926804140068e-16,5.887695021876383e-17,1.4127221563545812e-16,0.0,1.9479305634268918e-17
MPC,2021-07-02,10.0,0.0,3.98311535,34.037,0.11702310279989424,9.133074210272463e-17,0.0,0.0,0.0,0.68,1.0,0.0,0.31481481481481477,0.32024565628792817,19.968,0.0,1.2518370961242075e-16,1.204407707339072e-16,,1.1859015421548882e-16,0.0
MPC,2021-07-05,1.0,0.0,0.92352,9.984,0.0925,0.0,0.0,0.0,0.0,1.0,1.0,0.0,0.1111111111111111,0.06438411461810271,6.656,0.0,,,,-1.5003013846285896e-16,0.0
MPC,2021-07-06,14.0,0.0,10.134480439999999,68.01799999999999,0.1489970366667647,2.6115981643098158e-17,0.0,0.0,0.0,0.72,1.0,0.0,0.6666666666666665,0.35801388533703477,27.668,0.0,5.3509559279460506e-17,0.0,0.0,-1.862827357949735e-16,0.0
MPC,2021-07-07,14.0,0.0,13.374663119999996,104.136,0.1284345770914957,3.4116095094880745e-17,0.0,0.0,0.0,0.8382352941176471,1.0,0.0,1.0555555555555554,0.31083245827782474,33.036,0.0,1.2383395729424992e-16,0.0,1.5656238669136705e-16,-2.1610672331529595e-16,0.0
MPC,2021-07-08,12.0,0.0,13.19992765,88.897,0.14848563674814672,4.995547767079458e-17,0.0,0.0,0.0,0.8333333333333334,1.0,0.0,0.9259259259259254,0.35046136463279254,26.624,0.0,6.107117256704965e-17,0.0,1.1602592027434687e-16,0.0,1.9982191068317833e-17
MPC,2021-07-09,10.0,0.0,6.570021199999999,48.749,0.13477243020369647,9.109709119162703e-17,0.0,0.0,0.0,0.7647058823529411,1.0,0.0,0.4814814814814812,0.3194804686851664,13.312,0.0,0.0,1.2012150658643835e-16,1.605818874887227e-16,0.0,0.0
MPC,2021-07-12,13.0,0.0,21.16790505999999,139.17999999999998,0.15209013550797523,8.934112570629223e-17,0.0,0.0,0.0,0.9101123595505618,1.0,0.0,1.4999999999999998,0.36052040619930875,23.72,0.0,7.210996344078309e-17,1.0895666567574631e-16,1.0877874093081755e-16,-1.8249425265436414e-16,0.0
MPC,2021-07-13,15.0,0.0,19.53374037999999,137.617,0.14194278599300952,1.936196297768717e-17,0.0,0.0,0.0,0.7978723404255319,1.0,0.0,1.3888888888888893,0.39804947922069306,34.612,0.0,8.924622384446596e-17,5.2023922665112034e-17,0.0,0.0023775290593412105,1.936196297768717e-17
MPC,2021-07-14,15.0,0.0,10.97628368,81.70999999999998,0.13433219532492965,3.260965927181956e-17,0.0,0.0,0.0,0.8148148148148148,1.0,0.0,0.8148148148148141,0.3317790833534673,29.336,0.0,7.556821494896132e-17,0.0,0.0,-2.0661893858350404e-16,-2.173977284787971e-17
MPC,2021-07-15,18.0,0.0,26.304081899999993,134.56799999999998,0.19547055689316922,5.610187093106135e-17,0.0,0.0,0.0,0.8539325842696629,1.0,0.0,1.4074074074074083,0.34773654169839574,33.28,2.2396510570646427e-17,5.925139557705972e-17,7.190896296438672e-17,0.0,2.839872772327365e-16,0.0
MPC,2021-07-16,14.0,0.0,16.191170179999997,119.255,0.1357693193576789,1.489544957779758e-17,0.0,0.0,0.0,0.7619047619047619,1.0,0.0,1.185185185185185,0.3169210103806108,34.612,4.91575392793959e-17,0.0,1.4070598984524267e-17,0.0,0.08100891074872046,-2.979089915559516e-17
MPC,2021-07-19,16.0,0.0,22.11579887999999,146.892,0.15055822563516047,3.627883423331939e-17,0.0,0.0,0.0,0.875,1.0,0.0,1.5555555555555558,0.38483419787856593,26.624,0.0,6.566938408134012e-17,1.05396750884078e-16,2.3470084816217672e-17,0.0,0.0
MPC,2021-07-20,21.0,0.0,21.656490359999992,150.048,0.1443304166666666,1.7757885870523937e-17,0.0,0.0,0.0,0.83,1.0,0.0,1.5370370370370376,0.3927035625868787,34.612,0.0,8.988750325879215e-17,0.0,0.0,0.0,0.0
MPC,2021-07-21,12.0,0.0,7.61706776,60.154999999999994,0.12662401728867095,5.905932472447013e-17,0.0,0.0,0.0,0.7560975609756098,1.0,0.0,0.5740740740740736,0.32118011464869295,15.684000000000001,3.4866075987286063e-17,8.793265326052326e-17,0.0,,0.0,0.0
MPC,2021-07-22,17.0,0.0,23.659073759999984,167.682,0.14109489247504195,1.0593604795984367e-17,0.0,0.0,0.0,0.8157894736842105,1.0,0.0,1.7222222222222237,0.3463771666550504,34.612,3.515310772184458e-17,1.6349349649335023e-17,0.0,0.0,0.023856872645159545,-3.17808143879531e-17
MPC,2021-07-23,13.0,0.0,7.8957129,62.56799999999999,0.12619410721135407,8.517246065402045e-17,0.0,0.0,0.0,0.7674418604651163,1.0,0.0,0.611111111111111,0.3157873332687207,13.312,6.019100160613481e-17,1.1051462589978848e-16,0.0,,0.0,0.0
MPC,2021-07-26,14.0,0.0,7.960235489999999,53.97299999999999,0.14748551108887778,7.405189425547151e-17,0.0,0.0,0.0,0.7368421052631579,1.0,0.0,0.5185185185185183,0.38587153115562006,13.312,0.0,1.137268695797081e-16,5.2031541868782967e-17,,0.0,0.0
MPC,2021-07-27,15.0,0.0,18.722700699999994,127.867,0.14642324211876398,3.4730556738647393e-17,0.0,0.0,0.0,0.8795180722891566,1.0,0.0,1.351851851851852,0.39040581259541796,33.28,0.0,9.226869101393365e-17,6.404055228928728e-17,0.0,1.8955717148454039e-16,1.389222269545896e-17
MPC,2021-07-28,12.0,0.0,18.339919879999986,112.844,0.16252454609903927,7.870851969977361e-18,0.0,0.0,0.0,0.8783783783783784,1.0,0.0,1.2037037037037042,0.288764760474199,34.612,8.252145495680807e-17,0.0,0.0,0.0,0.0,-7.870851969977361e-18
MPC,2021-07-29,13.0,0.0,8.763874940000001,79.622,0.11006851046193264,5.577468662556361e-17,0.0,0.0,0.0,0.8301886792452831,1.0,0.0,0.8148148148148144,0.3477052916120253,19.968,0.0,1.060638189276481e-16,9.508386893267586e-17,3.754876214171494e-17,0.0,-2.2309874650225456e-17
MPC,2021-07-30,16.0,0.0,10.697699899999998,81.18199999999999,0.13177428370821118,3.282174939149535e-17,0.0,0.0,0.0,0.7288135593220338,1.0,0.0,0.7962962962962958,0.3543572082283693,34.612,0.0,1.6335817908775522e-16,3.575957401912935e-17,0.0,0.008572062177064561,-2.1881166260996903e-17
MPC,2021-08-02,14.0,0.0,25.733930919999985,166.26999999999998,0.15477194274373,1.0683567928070311e-17,0.0,0.0,0.0,0.9065420560747663,1.0,0.0,1.7962962962962963,0.36311111459023476,34.612,0.0,0.0,1.864276100289923e-17,9.678203568666848e-18,-1.7933208773883742e-16,-2.1367135856140622e-17
MPC,2021-08-03,19.0,0.0,18.857555149999996,149.36900000000003,0.12624811808340414,6.540823475220009e-17,0.0,0.0,0.0,0.8469387755102041,1.0,0.0,1.5370370370370372,0.4164791666880774,34.612,4.6278575432478386e-17,1.112388208817319e-16,0.0,1.344299106553845e-16,0.006582571176585357,1.1892406318581828e-17
MPC,2021-08-04,19.0,0.0,20.563522889411104,135.0664836111111,0.15224741430759708,2.6303443932320164e-17,0.0,0.0,0.0,0.8426966292134831,1.0,0.0,1.38888888888889,0.4658116249629529,23.323999999999998,4.975164628476673e-17,1.125487448140563e-16,0.0,,1.8230572743621254e-16,0.0
MPC,2021-08-05,12.0,0.0,12.736215819999995,97.441,0.13070694902556412,6.380526613951905e-17,0.0,0.0,0.0,0.859375,1.0,0.0,1.018518518518518,0.33422612508123467,26.624,0.0,1.1976515907498992e-16,1.9399742692705267e-17,1.593716884443074e-16,-6.370489669267782e-16,0.0
MPC,2021-08-06,12.0,0.0,15.768358359999997,90.187,0.1748407016532316,3.9392747056676696e-17,0.0,0.0,0.0,0.864406779661017,1.0,0.0,0.9444444444444441,0.3585967915569199,26.624,0.0,1.3308037454302147e-16,1.7939011930684598e-17,0.0,-1.587477935811401e-16,0.0
MPC,2021-08-09,11.0,0.0,21.776994119999987,134.154,0.16232832505926015,1.3241176851977954e-17,0.0,0.0,0.0,0.9285714285714286,1.0,0.0,1.444444444444445,0.30958897923483164,33.28,0.0,0.0,1.1160403851326606e-17,1.1688096061325506e-16,0.0,-6.620588425988979e-18
MPC,2021-08-10,19.0,0.0,14.34010297,111.20500000000001,0.12895196232183803,3.194742753293917e-17,0.0,0.0,0.0,0.8378378378378378,1.0,0.0,1.148148148148148,0.38817794802525896,33.28,3.288818853958843e-17,0.0,6.979608285573071e-17,0.0,-2.1523965293646792e-16,0.0
MPC,2021-08-11,18.0,0.0,17.16705247270555,137.6336188888889,0.12473008129332447,6.775868775477057e-17,0.0,0.0,0.0,0.8260869565217391,1.0000000000000002,0.0,1.407407407407407,0.39882378117302625,33.28,2.813485198152697e-17,1.4113602584327598e-16,0.0,3.4317778281369545e-17,-2.2252511445380083e-16,0.0
MPC,2021-08-12,22.0,0.0,17.292675799999998,137.132,0.12610241081585624,3.238406862366644e-17,0.0,0.0,0.0,0.7894736842105263,1.0,0.0,1.3888888888888886,0.41439409369559144,34.612,3.3659696809039494e-17,9.187260612362298e-17,2.1668173205662974e-17,0.0,0.11305377561805989,-3.238406862366644e-17
MPC,2021-08-13,16.0,0.0,10.119760999999999,87.893,0.11513728055704094,3.031567086230275e-17,0.0,0.0,0.0,0.7704918032786885,1.0,0.0,0.8703703703703699,0.3714158021163409,30.299999999999997,0.0,3.783346480235667e-17,5.401230963878164e-17,0.0,2.410650614757081e-16,0.0
MPC,2021-08-16,16.0,0.0,17.406744399999994,126.889,0.1371808777750632,2.799859466778445e-17,0.0,0.0,0.0,0.8452380952380952,1.0,0.0,1.3148148148148158,0.3049270832586141,34.612,0.0,1.0927055881648883e-16,0.0,0.0,0.0,0.0
MPC,2021-08-17,20.0,0.0,19.295262519999994,134.572,0.1433824459768748,3.3000119627416e-17,0.0,0.0,0.0,0.8333333333333334,1.0,0.0,1.3888888888888893,0.4174010415833133,32.32,4.754066210090327e-17,0.0,4.400771729566082e-17,0.0,1.935772222780007e-16,-1.32000478509664e-17
MPC,2021-08-18,20.0,0.0,19.427943279999994,142.01500000000001,0.13680205105094526,6.25411695736454e-18,0.0,0.0,0.0,0.7894736842105263,1.0,0.0,1.3888888888888895,0.39936328130352194,34.612,0.0,0.0,1.0531177164506217e-17,0.0,0.010179733816093363,-1.876235087209362e-17
MPC,2021-08-19,17.0,0.0,19.673657910017873,127.87477329749065,0.15385096999741027,6.945689105026584e-18,0.0,0.0,0.0,0.8470588235294118,1.0,0.0,1.3333333333333335,0.39639713547027594,34.324,0.0,0.0,0.0,1.0169089198659569e-17,0.0,-6.945689105026584e-18
MPC,2021-08-20,13.0,0.0,9.572044770000002,75.672,0.12649387844909613,7.042328097844316e-17,0.0,0.0,0.0,0.803921568627451,1.0,0.0,0.7592592592592589,0.31785416664812755,26.624,0.0,7.77245986304776e-17,0.0,7.962869102565225e-17,0.0,-1.1737213496407193e-17
MPC,2021-08-23,14.0,0.0,25.78234206144443,146.63971944444444,0.1758209996522277,1.8170624365589126e-17,0.0,0.0,0.0,0.8723404255319149,1.0,0.0,1.5185185185185182,0.3080711771872302,33.28,0.0,0.0,2.125286352803535e-17,2.8041688468281845e-17,0.0,0.0
MPC,2021-08-24,20.0,0.0,32.40980445999999,186.09400000000002,0.17415824508044314,1.909096305523284e-17,0.0,0.0,0.0,0.8455284552845529,1.0,0.0,1.9259259259259272,0.39927343762731954,34.612,2.9674197978688494e-17,8.709623963326171e-17,0.0,0.0,0.0018360008942427542,-4.7727407638082126e-18
MPC,2021-08-25,17.0,0.0,23.177197929999995,148.756,0.15580681068326652,3.5824239144644594e-17,0.0,0.0,0.0,0.875,1.0,0.0,1.5555555555555558,0.3748268228870681,33.28,0.0,5.598704108044159e-17,2.580938656031515e-17,8.718315776197548e-17,1.781409650445392e-16,-5.970706524107431e-18
MPC,2021-08-26,16.0,0.0,7.99271528,64.478,0.12396034740531654,4.132471942523614e-17,0.0,0.0,0.0,0.723404255319149,1.0,0.0,0.6296296296296291,0.31506901056369924,33.28,0.0,8.155159486733314e-17,0.0,8.679974783289766e-17,-1.1195344397057773e-16,0.0
MPC,2021-08-27,20.0,0.0,20.879783959999994,137.37199999999999,0.15199446728590976,2.5861992828236476e-17,0.0,0.0,0.0,0.8085106382978723,1.0,0.0,1.4074074074074072,0.37025130207742524,34.612,0.0,7.006495639175838e-17,0.0,0.0,0.011774163936554635,-2.5861992828236476e-17
MPC,2021-08-30,17.0,0.0,38.02124267999998,238.236,0.15959486677076504,1.1184435849747208e-17,0.0,0.0,0.0,0.864516129032258,1.0,0.0,2.481481481481482,0.4804596352793548,34.612,8.230733200816655e-17,0.0,1.666641809106753e-17,0.0,0.04203721033271584,0.0
MPC,2021-08-31,19.0,0.0,14.708990979999998,104.623,0.14059041491832577,5.518059822458555e-17,0.0,0.0,0.0,0.7671232876712328,1.0,0.0,1.0370370370370365,0.3575694480180876,34.612,0.0,1.1537781497793261e-16,4.0569986054590626e-17,1.9978819950065798e-17,0.0,-8.489322803782386e-18
MPC,2021-09-01,21.0,0.0,14.249632120000001,146.791,0.09707429011315409,3.0253163330862427e-18,0.0,0.0,0.0,0.7843137254901961,1.0,0.0,1.4814814814814814,0.4141171875744476,34.612,0.0,0.0,8.51659270194198e-18,0.0,0.005481552774329378,-1.210126533234497e-17
MPC,2021-09-02,16.0,0.0,18.14636451999999,147.946,0.12265532369918748,6.0033959667725065e-18,0.0,0.0,0.0,0.7843137254901961,1.0,0.0,1.4814814814814827,0.38483897909221315,34.612,0.0,0.0,1.2328448561277644e-17,0.0,0.0323738834962202,-1.801018790031752e-17
MPC,2021-09-03,18.0,0.0,12.64385016,112.29,0.11259996580283194,1.5819368059491056e-17,0.0,0.0,0.0,0.7468354430379747,1.0,0.0,1.0925925925925926,0.4158289896925756,34.612,0.0,0.0,0.0,3.1745033497154073e-17,0.007215136189112998,-1.5819368059491056e-17
MPC,2021-09-06,4.0,0.0,5.53495772,33.797,0.16377068142142798,0.0,0.0,0.0,0.0,0.8181818181818182,1.0,0.0,0.33333333333333326,0.20651041662252587,13.312,0.0,,0.0,0.0,0.0,0.0
MPC,2021-09-07,25.0,0.0,22.10612628,162.168,0.13631620467663164,1.3692257715765829e-17,0.0,0.0,0.0,0.7543859649122807,1.0,0.0,1.5925925925925928,0.465451822947216,34.612,4.464554235951168e-17,0.0,8.622421750739022e-18,1.380573910685058e-17,0.2730188553378141,-1.9169160802072164e-17
MPC,2021-09-08,28.0,0.0,26.259501819999993,194.689,0.13487922697224802,2.2810184953955417e-17,0.0,0.0,0.0,0.7132867132867133,1.0,0.0,1.8888888888888897,0.4923407083576118,34.612,0.0,7.848872567162649e-17,2.1692693693777436e-17,0.0,0.05071655595102414,-1.8248147963164333e-17
MPC,2021-09-09,27.0,0.0,23.060271499999992,187.214,0.1231759991239971,1.1860470099727121e-17,0.0,0.0,0.0,0.7593984962406015,1.0,0.0,1.8703703703703716,0.49422005213273223,34.612,0.0,0.0,2.240272460525968e-17,9.03501810404587e-18,0.0,-4.744188039890848e-18
MPC,2021-09-10,30.0,0.0,30.822822999999993,204.02799999999993,0.15107153429921386,2.1766091411476008e-17,0.0,0.0,0.0,0.7534246575342466,1.0,0.0,2.037037037037037,0.44182638536464464,34.612,2.3421809016115744e-17,0.0,3.0371650375584183e-17,1.5643002918386086e-17,-1.837247218304934e-16,-4.353218282295203e-18
MPC,2021-09-13,25.0,0.0,64.55681934999998,344.28100000000006,0.18751200138840068,0.01974010147659236,0.08,0.0,0.0,0.809322033898305,0.9946532664311071,0.8294054312716734,3.5370370370370354,0.5509687500004171,34.612,1.702534925050079e-17,0.01790028746274436,0.017668730456099794,0.02452096720384035,0.00393722515155879,0.013701048363675715
OPT,2021-01-01,3.0,0.0,0.9553730199999999,7.195,0.13278290757470465,0.0,0.0,0.0,0.0,0.8,1.0,,,,6.656,0.0,,,,0.0,0.0
OPT,2021-01-04,2.0,0.0,2.63053152,9.863999999999997,0.2666800000000001,1.800848377331965e-16,0.0,0.0,0.0,0.7142857142857143,1.0,,,,6.656,0.0,2.0051437401515413e-16,,,0.0,0.0
OPT,2021-01-05,5.0,0.0,5.1167175,29.895,0.17115629703963875,5.941986417127446e-17,0.0,0.0,0.0,0.85,1.0,,,,13.312,0.0,1.4124974868004537e-16,0.0,,0.0,0.0
OPT,2021-01-06,3.0,0.0,1.4788536,11.006999999999998,0.1343557372581085,8.069214315436768e-17,0.0,0.0,0.0,0.625,1.0,,,,6.656,0.0,,0.0,1.416326614096835e-16,0.0,0.0
OPT,2021-01-07,3.0,0.0,1.12000352,9.728,0.1151319407894737,9.13012355777267e-17,0.0,0.0,0.0,0.7142857142857143,1.0,,,,6.656,0.0,,0.0,1.3960679341404044e-16,0.0,0.0
OPT,2021-01-08,2.0,0.0,1.09356964,5.518,0.1981822471910112,0.0,0.0,0.0,0.0,0.6,1.0,,,,6.656,0.0,,0.0,,0.0,0.0
OPT,2021-01-11,6.0,0.0,2.8152899199999992,22.443999999999996,0.12543619319194438,1.1871926836127143e-16,0.0,0.0,0.0,0.6875,1.0000000000000002,,,,9.372,0.0,0.0,1.8490234614346315e-16,1.4210854715202004e-16,0.0,0.0
OPT,2021-01-12,2.0,0.0,1.0329475000000001,11.166999999999998,0.09250000000000003,1.590719834691726e-16,0.0,0.0,0.0,0.75,1.0,,,,6.656,,,1.590719834691726e-16,,0.0,0.0
OPT,2021-01-13,3.0,0.0,1.47234028,5.521000000000001,0.26668,0.0,0.0,0.0,0.0,0.4,1.0,,,,6.656,0.0,0.0,,,0.0,0.0
OPT,2021-01-14,5.0,0.0,3.877292039999999,19.502999999999997,0.19880490386094446,9.108121003949395e-17,0.0,0.0,0.0,0.7142857142857143,1.0,,,,6.656,0.0,1.4304693504592128e-16,0.0,,0.0,0.0
OPT,2021-01-15,3.0,0.0,1.6028379,9.504,0.16864876893939393,9.345311655093911e-17,0.0,0.0,0.0,0.625,1.0,,,,6.656,0.0,0.0,,1.660456944662788e-16,0.0,0.0
OPT,2021-01-18,3.0,0.0,2.2557718199999997,15.303,0.14740716330131343,0.0,0.0,0.0,0.0,0.9,1.0,,,,6.656,0.0,,,,0.0,0.0
OPT,2021-01-19,3.0,0.0,1.27381528,9.73,0.13091626721479957,9.12824686228289e-17,0.0,0.0,0.0,0.5714285714285714,1.0,,,,6.656,0.0,0.0,1.414972789071412e-16,,0.0,0.0
OPT,2021-01-20,3.0,0.0,1.64066102,8.059999999999999,0.2035559578163772,0.0,0.0,0.0,0.0,0.5,1.0,,,,6.656,0.0,0.0,,,0.0,0.0
OPT,2021-01-21,4.0,0.0,3.29854646,20.977999999999998,0.15723836686052056,4.233856514920989e-17,0.0,0.0,0.0,0.8571428571428571,1.0,,,,8.848,0.0,1.1391284079775878e-16,,0.0,0.0,0.0
OPT,2021-01-22,3.0,0.0,1.2617659999999997,5.731999999999999,0.22012665736217724,0.0,0.0,0.0,0.0,0.75,1.0,,,,6.656,0.0,,,,0.0,0.0
OPT,2021-01-25,3.0,0.0,2.15531712,17.822999999999997,0.12092897492004714,1.4949981816194667e-16,0.0,0.0,0.0,0.75,1.0,,,,13.312,0.0,,,1.7866000128070106e-16,0.0,0.0
OPT,2021-01-26,1.0,0.0,0.5432271599999999,2.037,0.26668,0.0,0.0,0.0,0.0,0.5,1.0,,,,6.656,,0.0,,,0.0,0.0
OPT,2021-01-27,3.0,0.0,2.60866006,23.368,0.11163386083533038,7.601663982370123e-17,0.0,0.0,0.0,0.8125,1.0000000000000002,,,,6.656,0.0,,0.0,1.9896469975361226e-16,0.0,0.0
OPT,2021-01-28,5.0,0.0,2.09103826,14.731,0.14194815423257076,6.029315183627217e-17,0.0,0.0,0.0,0.6363636363636364,1.0,,,,10.431999999999999,0.0,0.0,0.0,1.4842553805149152e-16,0.0,0.0
OPT,2021-01-29,3.0,0.0,2.25916596,18.168,0.12434863276089828,0.0,0.0,0.0,0.0,1.0,1.0,,,,13.312,0.0,,,0.0,0.0,0.0
OPT,2021-02-01,4.0,0.0,1.96766,21.272,0.0925,4.1753404461269524e-17,0.0,0.0,0.0,0.7333333333333333,1.0,,,,13.312,0.0,,8.469327926958379e-17,0.0,0.0,0.0
OPT,2021-02-02,2.0,0.0,1.1134225,12.036999999999997,0.09250000000000001,1.475747145800657e-16,0.0,0.0,0.0,0.875,1.0,,,,6.656,,,1.475747145800657e-16,,0.0,0.0
OPT,2021-02-03,5.0,0.0,5.11533606,34.791,0.14703044063119772,1.2764485351098346e-16,0.0,0.0,0.0,0.9090909090909091,1.0000000000000002,,,,13.312,0.0,1.3899505785604465e-16,1.486553277877945e-16,,0.0,0.0
OPT,2021-02-04,1.0,0.0,0.21395250000000002,2.313,0.0925,0.0,0.0,0.0,0.0,0.5,1.0,,,,6.656,,,0.0,,0.0,0.0
OPT,2021-02-05,5.0,0.0,1.8266850399999999,16.447,0.11106493828661762,0.0,0.0,0.0,0.0,0.6923076923076923,1.0,,,,6.656,0.0,0.0,,0.0,0.0,0.0
OPT,2021-02-08,5.0,0.0,2.52621818,23.212999999999997,0.1088277335975531,3.826211259639535e-17,0.0,0.0,0.0,0.8125,1.0,,,,12.431999999999999,0.0,0.0,,1.4477235854932767e-16,0.0,0.0
OPT,2021-02-09,5.0,0.0,4.00076446,28.851999999999993,0.13866506516012758,1.231357853459206e-16,0.0,0.0,0.0,0.8421052631578947,1.0000000000000002,,,,13.312,0.0,,1.5614951119903749e-16,1.8072610025437485e-16,0.0,0.0
OPT,2021-02-10,6.0,0.0,5.597955740000001,25.931,0.2158788993868343,0.0,0.0,0.0,0.0,0.7894736842105263,1.0,,,,13.312,0.0,0.0,0.0,,0.0,0.0
OPT,2021-02-11,4.0,0.0,2.1237075,22.958999999999996,0.09250000000000001,1.5474165594322493e-16,0.0,0.0,0.0,0.8666666666666667,1.0,,,,19.968,0.0,,,1.7870793152920026e-16,0.0,0.0
OPT,2021-02-12,4.0,0.0,1.6638830999999998,13.431000000000001,0.12388378378378376,6.612898665029597e-17,0.0,0.0,0.0,0.6363636363636364,1.0,,,,6.656,0.0,0.0,,1.1591991904204194e-16,0.0,0.0
OPT,2021-02-15,5.0,0.0,3.98530622,31.967,0.12466938467794914,8.335268430257377e-17,0.0,0.0,0.0,0.8571428571428571,1.0000000000000002,,,,11.788,1.1358506550292542e-16,,0.0,1.4154237764145422e-16,0.0,0.0
OPT,2021-02-16,7.0,0.0,3.93585474,38.232,0.10294660860012556,2.3231283210402942e-17,0.0,0.0,0.0,0.8076923076923077,1.0,,,,13.312,0.0,0.0,0.0,3.168783829962272e-17,0.0,0.0
OPT,2021-02-17,4.0,0.0,3.2693628199999996,25.177999999999997,0.12984998093573755,1.0582791560490807e-16,0.0,0.0,0.0,0.8235294117647058,1.0000000000000002,,,,13.312,0.0,1.645079495647574e-16,1.0114199393043616e-16,,0.0,0.0
OPT,2021-02-18,3.0,0.0,1.0323441,9.992999999999999,0.10330672470729511,0.0,0.0,0.0,0.0,0.625,1.0,,,,6.656,,0.0,0.0,,0.0,0.0
OPT,2021-02-19,7.0,0.0,4.665276939999999,42.184,0.1105935174473734,7.369202704699504e-17,0.0,0.0,0.0,0.7586206896551724,1.0,,,,13.312,1.1986213491229762e-16,1.1285621597206166e-16,1.0995709312288767e-16,0.0,0.0,0.0
OPT,2021-02-22,5.0,0.0,3.01990378,17.637999999999998,0.17121577162943646,5.035595984239285e-17,0.0,0.0,0.0,0.6428571428571429,1.0,,,,6.656,0.0,0.0,1.4176830322428176e-16,,0.0,0.0
OPT,2021-02-23,4.0,0.0,5.490728279999999,32.769,0.16755861576489972,1.0841690862707135e-16,0.0,0.0,0.0,0.8571428571428571,1.0,,,,6.656,0.0,1.2579539971675169e-16,1.7199427182419157e-16,,0.0,0.0
OPT,2021-02-24,3.0,0.0,3.1979106699999997,12.469000000000001,0.25646889646322873,0.0,0.0,0.0,0.0,0.7,1.0,,,,13.312,0.0,0.0,,,0.0,0.0
OPT,2021-02-25,2.0,0.0,1.1590250000000002,12.529999999999998,0.09250000000000003,1.4176830322428176e-16,0.0,0.0,0.0,0.875,1.0,,,,6.656,,,,1.4176830322428176e-16,0.0,0.0
OPT,2021-02-26,6.0,0.0,2.541793693249707,21.59439127837521,0.11770619789570448,1.028251280911949e-16,0.0,0.0,0.0,0.75,1.0000000000000002,,,,19.968,0.0,1.1870869014970933e-16,1.2678852461044577e-16,,0.0,0.0
OPT,2021-03-01,6.0,0.0,5.0959588799999995,38.06699999999999,0.13386815036645916,9.332791338430925e-17,0.0,0.0,0.0,0.7692307692307693,1.0000000000000002,,,,13.312,0.0,1.4127221563545812e-16,,5.450619329242867e-17,0.0,0.0
OPT,2021-03-02,5.0,0.0,13.682521699999988,86.36299999999999,0.15843036601322313,1.0284246954136904e-17,0.0,0.0,0.0,0.9090909090909091,1.0,,,,13.312,0.0,1.4240474903000245e-16,0.0,0.0,0.0,0.0
OPT,2021-03-03,4.0,0.0,2.09237178,19.662,0.10641703692401588,1.3551700025940266e-16,0.0,0.0,0.0,0.7692307692307693,1.0,,,,13.312,0.0,0.0,1.423362852083534e-16,1.8639631053517845e-16,0.0,0.0
OPT,2021-03-04,5.0,0.0,4.00525252,24.819999999999997,0.16137197904915393,1.0735436176875003e-16,0.0,0.0,0.0,0.8235294117647058,1.0,,,,6.656,0.0,1.8176167393842735e-16,1.038562230706414e-16,,0.0,0.0
OPT,2021-03-05,4.0,0.0,2.14025424,16.89,0.126717243339254,5.258605208408083e-17,0.0,0.0,0.0,0.75,1.0,,,,13.312,0.0,,0.0,1.4463091022636788e-16,0.0,0.0
OPT,2021-03-08,5.0,0.0,2.74766406,18.186,0.1510867733421313,0.0,0.0,0.0,0.0,0.6428571428571429,1.0,,,,6.656,0.0,0.0,,0.0,0.0,0.0
OPT,2021-03-09,5.0,0.0,3.09818108,28.162999999999997,0.11000891524340448,9.46112011895173e-17,0.0,0.0,0.0,0.75,1.0,,,,19.968,,1.5363750556999226e-16,1.0812982952278125e-16,0.0,0.0,0.0
OPT,2021-03-10,2.0,0.0,3.6801839999999997,13.8,0.26668,0.0,0.0,0.0,0.0,0.8,1.0,,,,13.312,0.0,0.0,,,0.0,0.0
OPT,2021-03-11,5.0,0.0,8.533777939999997,63.008,0.13543959401980696,2.81925603002833e-17,0.0,0.0,0.0,0.9,1.0,,,,26.624,0.0,0.0,0.0,1.873991812849721e-16,0.0,0.0
OPT,2021-03-12,4.0,0.0,2.6823927799999994,16.955,0.15820659274550278,5.238445412563405e-17,0.0,0.0,0.0,0.8333333333333334,1.0,,,,13.312,,1.3886466849595454e-16,0.0,0.0,0.0,0.0
OPT,2021-03-15,5.0,0.0,3.4613699799999993,21.534999999999997,0.16073229533317854,1.2373045085211868e-16,0.0,0.0,0.0,0.7333333333333333,1.0000000000000002,,,,13.312,0.0,1.4496138725316228e-16,1.5138544736664825e-16,1.5951480238867193e-16,0.0,0.0
OPT,2021-03-16,5.0,0.0,3.4328608,17.698,0.19396885523787996,5.018524238332722e-17,0.0,0.0,0.0,0.7692307692307693,1.0,,,,12.524000000000001,0.0,0.0,8.781673123394553e-17,,0.0,0.0
OPT,2021-03-17,4.0,0.0,2.95233016,15.418,0.19148593591905563,5.76065909780857e-17,0.0,0.0,0.0,0.7272727272727273,1.0,,,,6.656,0.0,1.277035829906722e-16,,,0.0,0.0
OPT,2021-03-18,8.0,0.0,6.645818780000001,51.848,0.128178884045672,1.7130427783137735e-17,0.0,0.0,0.0,0.8529411764705882,1.0,,,,19.968,0.0,1.3330007799791764e-16,0.0,0.0,0.0,0.0
OPT,2021-03-19,9.0,0.0,5.0443912200000005,38.709,0.13031572037510655,2.294501071327405e-17,0.0,0.0,0.0,0.8076923076923077,1.0,,,,16.988,0.0,3.9402795781026807e-17,0.0,0.0,0.0,0.0
OPT,2021-03-22,6.0,0.0,5.0102123800000005,34.645,0.14461574195410593,1.0254621673547411e-16,0.0,0.0,0.0,0.7916666666666666,1.0000000000000002,,,,19.968,0.0,0.0,1.2871218313167527e-16,,0.0,0.0
OPT,2021-03-23,5.0,0.0,5.139567480000001,27.437999999999995,0.18731567461185225,9.71111327028346e-17,0.0,0.0,0.0,0.7368421052631579,1.0,,,,19.968,1.0212468893872891e-16,0.0,1.1576127985664713e-16,,0.0,0.0
OPT,2021-03-24,7.0,0.0,8.36310248,51.695,0.16177778276429056,6.872451259890706e-17,0.0,0.0,0.0,0.8484848484848485,0.9999999999999999,,,,13.312,0.0,1.0680356177250184e-16,6.84372337571371e-17,1.4385785871398204e-16,0.0,0.0
OPT,2021-03-25,5.0,0.0,4.70649426,36.038999999999994,0.13059447431948726,1.232246205083556e-16,0.0,0.0,0.0,0.8333333333333334,0.9999999999999999,,,,13.312,0.0,1.7270775596968987e-16,2.0087717283730074e-16,,0.0,0.0
OPT,2021-03-26,7.0,0.0,14.703830459999992,76.86599999999999,0.19129173444695957,4.621957274738507e-17,0.0,0.0,0.0,0.8979591836734694,1.0,,,,19.968,9.358605128287499e-17,1.49550163276667e-16,0.0,1.640218688273546e-16,0.0,0.0
OPT,2021-03-29,7.0,0.0,13.053831819999994,79.411,0.1643831688305146,2.2369153384295004e-17,0.0,0.0,0.0,0.8823529411764706,1.0,,,,19.968,0.0,3.8780003479898936e-17,0.0,6.039975652500002e-17,0.0,0.0
OPT,2021-03-30,4.0,0.0,2.7118982799999998,14.215,0.19077722687302145,6.248177416110624e-17,0.0,0.0,0.0,0.7272727272727273,1.0,,,,12.375999999999998,0.0,1.3830246336034339e-16,0.0,0.0,0.0,0.0
OPT,2021-03-31,6.0,0.0,4.17338188,26.727999999999998,0.15614269230769232,0.0,0.0,0.0,0.0,0.8888888888888888,1.0,,,,6.656,0.0,,0.0,0.0,0.0,0.0
OPT,2021-04-01,5.0,0.0,3.7034600799999997,23.785,0.15570570023123817,1.1202586752576733e-16,0.0,0.0,0.0,0.8125,1.0,,,,6.656,0.0,1.3927840986359186e-16,,1.1722032726674478e-16,0.0,0.0
OPT,2021-04-02,4.0,0.0,3.12105608,16.406,0.19023869803730342,5.4137414342321425e-17,0.0,0.0,0.0,0.75,1.0,,,,11.235999999999997,0.0,1.447251783770776e-16,,0.0,0.0,0.0
OPT,2021-04-05,5.0,0.0,3.20042218,18.874,0.16956777471654128,0.0,0.0,0.0,0.0,0.8461538461538461,1.0,,,,13.312,0.0,0.0,,,0.0,0.0
OPT,2021-04-06,9.0,0.0,3.405277059999999,31.933,0.10663818181818178,5.562762156390725e-17,0.0,0.0,0.0,0.6666666666666666,1.0,,,,16.72,0.0,,1.0259655997460151e-16,1.62105935334938e-16,0.0,0.0
OPT,2021-04-07,9.0,0.0,5.39730268,33.25599999999999,0.16229560620639888,1.0682925423383753e-16,0.0,0.0,0.0,0.7391304347826086,1.0,,,,13.312,0.0,1.2761184191093755e-16,1.4140716760072046e-16,1.2700964102675893e-16,0.0,0.0
OPT,2021-04-08,5.0,0.0,3.28390618,19.447,0.1688644099346943,9.134348945339899e-17,0.0,0.0,0.0,0.6428571428571429,1.0,,,,13.312,0.0,8.69569629626126e-17,1.5053871520341105e-16,,0.0,0.0
OPT,2021-04-09,5.0,0.0,8.862703719999994,58.803999999999995,0.15071600095231608,7.552023839365735e-18,0.0,0.0,0.0,0.9459459459459459,1.0,,,,26.624,0.0,1.207092171378262e-16,0.0,,0.0,0.0
OPT,2021-04-12,5.0,0.0,3.4883574600000005,29.244,0.1192845527287649,9.111391256669319e-17,0.0,0.0,0.0,0.8,1.0,,,,6.656,0.0,1.0649621339330039e-16,,1.1401520150194162e-16,0.0,0.0
OPT,2021-04-13,6.0,0.0,4.9317188399999985,30.648,0.1609148668754894,5.795995952102097e-17,0.0,0.0,0.0,0.8,1.0,,,,13.312,0.0,1.447959601728277e-16,0.0,1.4498505055503185e-16,0.0,0.0
OPT,2021-04-14,4.0,0.0,4.41050862,30.105,0.14650418933731937,2.950268791563279e-17,0.0,0.0,0.0,0.8095238095238095,1.0,,,,6.656,0.0,1.5279174603477125e-16,0.0,0.0,0.0,0.0
OPT,2021-04-15,6.0,0.0,7.1072384,44.10799999999999,0.16113263807019138,1.409551314478298e-16,0.0,0.0,0.0,0.8275862068965517,0.9999999999999998,,,,19.968,0.0,1.321759640408937e-16,,1.882631380849187e-16,0.0,0.0
OPT,2021-04-16,6.0,0.0,4.8141351000000006,33.318,0.14449051863857376,5.3315230187893946e-17,0.0,0.0,0.0,0.782608695652174,1.0,,,,13.312,1.0634320159244794e-16,4.589357824110604e-17,0.0,0.0,0.0,0.0
OPT,2021-04-19,7.0,0.0,3.9676882999999994,20.42,0.19430403036238977,2.174775758325478e-17,0.0,0.0,0.0,0.6666666666666666,1.0,,,,13.312,0.0,3.1738794300318945e-17,0.0,,0.0,0.0
OPT,2021-04-20,6.0,0.0,3.0356600399999993,20.808,0.14588908304498266,0.0,0.0,0.0,0.0,0.7857142857142857,1.0,,,,13.312,0.0,0.0,0.0,0.0,0.0,0.0
OPT,2021-04-21,7.0,0.0,5.58977622,32.129999999999995,0.17397373856209153,5.528654962341272e-17,0.0,0.0,0.0,0.782608695652174,1.0,,,,13.312,0.0,1.3943146306124415e-16,4.489377374141353e-17,,0.0,0.0
OPT,2021-04-22,7.0,0.0,4.961066657916667,31.136629166666662,0.15933216891787824,8.557558510389093e-17,0.0,0.0,0.0,0.7727272727272727,1.0000000000000002,,,,13.312,0.0,8.198065531660746e-17,1.8074448915346465e-16,,0.0,0.0
OPT,2021-04-23,7.0,0.0,12.402592719999996,76.501,0.16212327577417282,3.483007096770468e-17,0.0,0.0,0.0,0.8979591836734694,1.0,,,,23.024,0.0,1.2461289648546126e-16,0.0,1.1970059564691714e-16,0.0,0.0
OPT,2021-04-26,4.0,0.0,3.5995257599999997,24.213,0.14866087473671166,1.4672752978980303e-16,0.0,0.0,0.0,0.8125,1.0,,,,13.312,0.0,1.5708850719846574e-16,,,0.0,0.0
OPT,2021-04-27,5.0,0.0,8.611532889999996,56.611000000000004,0.15211766070198363,4.706744730000133e-17,0.0,0.0,0.0,0.8918918918918919,1.0000000000000002,,,,13.312,0.0,0.0,4.1013988118497613e-17,1.400691404668231e-16,0.0,0.0
OPT,2021-04-28,8.0,0.0,6.9708208,60.28,0.11564069011280691,4.4202641989057326e-17,0.0,0.0,0.0,0.8717948717948718,1.0000000000000002,,,,13.312,0.0,1.9901819926954496e-17,1.1487046297208035e-16,1.417230604276568e-16,0.0,0.0
OPT,2021-04-29,7.0,0.0,7.696234359999999,54.105999999999995,0.14224363952241895,8.207762722250076e-17,0.0,0.0,0.0,0.8857142857142857,1.0,,,,19.968,0.0,7.99152798002632e-17,0.0,1.7921275619453697e-16,0.0,0.0
OPT,2021-04-30,8.0,0.0,9.316492239999999,66.50800000000001,0.14008077584651465,6.677229955043943e-17,0.0,0.0,0.0,0.9047619047619048,1.0000000000000002,,,,19.968,0.0,1.3699586159721209e-16,0.0,1.4040126773634607e-16,0.0,0.0
OPT,2021-05-03,6.0,0.0,2.9272796999999997,17.919,0.1633617780010045,9.913258772254313e-17,0.0,0.0,0.0,0.6923076923076923,1.0,,,,10.1,0.0,1.2092286176992854e-16,0.0,1.6311816707073006e-16,0.0,0.0
OPT,2021-05-04,11.0,0.0,14.903066419999998,83.73500000000001,0.17797893855615926,5.303507611513257e-17,0.0,0.0,0.0,0.8545454545454545,1.0000000000000002,,,,26.624,0.0,6.046143088496428e-17,6.659756455592735e-17,,0.0,0.0
OPT,2021-05-05,8.0,0.0,6.001815599999999,47.571,0.126165428517374,5.601175630321784e-17,0.0,0.0,0.0,0.8064516129032258,1.0,,,,24.479999999999997,0.0,1.0963812118258552e-16,0.0,3.9812560836439345e-17,0.0,0.0
OPT,2021-05-06,6.0,0.0,3.995855619999999,38.521,0.10373187663871651,9.222797120532958e-17,0.0,0.0,0.0,0.84,1.0000000000000002,,,,22.255999999999997,0.0,1.4404450530329633e-16,1.4678208886136592e-16,1.4397445610311643e-16,0.0,0.0
OPT,2021-05-07,6.0,0.0,7.129142259999998,71.692,0.099441252301512,3.716642385622351e-17,0.0,0.0,0.0,0.9130434782608695,1.0,,,,33.28,0.0,1.4022393743292157e-16,4.2017097698518124e-17,0.0,0.0,0.0
OPT,2021-05-10,5.0,0.0,10.293259619999994,70.494,0.14601610945612384,5.039739096661419e-17,0.0,0.0,0.0,0.9318181818181818,1.0000000000000002,,,,19.968,0.0,1.3641198275228464e-16,1.4675783537675567e-16,0.0,0.0,0.0
OPT,2021-05-11,8.0,0.0,3.6851440799999997,35.45099999999999,0.10395035626639589,7.516107469748035e-17,0.0,0.0,0.0,0.7307692307692307,1.0,,,,13.312,0.0,0.0,0.0,1.56231911996504e-16,0.0,0.0
OPT,2021-05-12,11.0,0.0,10.46090898,76.86900000000001,0.13608748624282868,6.932665337393162e-17,0.0,0.0,0.0,0.84,1.0,,,,26.624,0.0,1.3407815926636016e-16,4.9642479372893564e-17,8.756565313024995e-17,0.0,0.0
OPT,2021-05-13,5.0,0.0,3.26725846,25.770999999999994,0.12678042994063096,1.3785703615694003e-16,0.0,0.0,0.0,0.8235294117647058,1.0000000000000002,,,,6.656,0.0,0.0,1.6283406722891656e-16,1.8144605101126154e-16,0.0,0.0
OPT,2021-05-14,10.0,0.0,12.062279059999998,81.22399999999999,0.14850634122919334,7.654448116198262e-17,0.0,0.0,0.0,0.8679245283018868,1.0,,,,19.968,0.0,6.397750814205665e-17,0.0,1.488920698545954e-16,0.0,0.0
OPT,2021-05-17,3.0,0.0,4.51511908,30.960999999999995,0.14583246923548981,1.4343503434968595e-16,0.0,0.0,0.0,0.9,1.0,,,,6.656,,1.3830246336034339e-16,2.0317475001718523e-16,1.1245611796658967e-16,0.0,0.0
OPT,2021-05-18,6.0,0.0,9.412247659999993,62.894000000000005,0.14965255286672802,2.82436613890077e-17,0.0,0.0,0.0,0.9,1.0,,,,13.312,1.1503411730347433e-16,,0.0,0.0,0.0,0.0
OPT,2021-05-19,11.0,0.0,11.37427294,81.241,0.14000655998818332,5.466318851935139e-17,0.0,0.0,0.0,0.8518518518518519,1.0,,,,15.204,5.174055806245631e-17,5.093204230295756e-17,0.0,1.1272730291916807e-16,0.0,0.0
OPT,2021-05-20,8.0,0.0,5.08571079,46.131,0.11024497171099695,1.155203771477044e-16,0.0,0.0,0.0,0.8064516129032258,1.0000000000000002,,,,16.996,9.277952780738798e-17,1.200971428165946e-16,1.8079967831045808e-16,0.0,0.0,0.0
OPT,2021-05-21,7.0,0.0,4.96960693,42.748000000000005,0.1162535540844016,1.0388537705859048e-16,0.0,0.0,0.0,0.8928571428571429,1.0000000000000002,,,,19.968,0.0,1.4035689312580993e-16,1.3879956551025553e-16,1.1418131895356427e-16,0.0,0.0
OPT,2021-05-24,12.0,0.0,8.27675511,71.682,0.11546490206746463,6.195268126587743e-17,0.0,0.0,0.0,0.7755102040816326,1.0,,,,26.624,0.0,1.2919585236134484e-16,1.5739472261210797e-16,2.5137362230779307e-17,0.0,0.0
OPT,2021-05-25,11.0,0.0,23.856778439999992,140.91300000000004,0.16930147282365704,3.151513415015382e-17,0.0,0.0,0.0,0.9,1.0,,,,33.28,0.0,0.0,1.582641517640993e-17,4.8062903200850954e-17,0.0,0.0
OPT,2021-05-26,5.0,0.0,3.7394725600000003,26.884,0.13909658384169024,4.9556153457453793e-17,0.0,0.0,0.0,0.8333333333333334,1.0,,,,18.708,0.0,,5.731169360535955e-17,,0.0,0.0
OPT,2021-05-27,5.0,0.0,5.41466096,37.68799999999999,0.14367068987476125,2.356661058427418e-17,0.0,0.0,0.0,0.84,1.0,,,,13.312,0.0,,2.562324148804562e-17,,0.0,0.0
OPT,2021-05-28,6.0,0.0,4.638100059999999,44.131,0.10509845822664339,2.0125952724844785e-17,0.0,0.0,0.0,0.896551724137931,1.0,,,,20.788,0.0,0.0,4.203598938426453e-17,,0.0,0.0
OPT,2021-05-31,2.0,0.0,1.2965195,6.9079999999999995,0.18768377243775336,6.428622030255684e-17,0.0,0.0,0.0,0.8,1.0000000000000002,,,,6.656,6.428622030255684e-17,,,,0.0,0.0
OPT,2021-06-01,9.0,0.0,7.14026208,50.019,0.14275099622143586,7.102728320839083e-17,0.0,0.0,0.0,0.7714285714285715,1.0,,,,13.312,4.75852354513863e-17,1.4217679201218588e-16,7.075145733860082e-17,,0.0,0.0
OPT,2021-06-02,11.0,0.0,10.585157839999997,76.091,0.1391118245258966,4.66903270925668e-17,0.0,0.0,0.0,0.88,1.0,,,,26.624,9.133409632373132e-17,4.5601397530426925e-17,1.40113333286027e-16,0.0,0.0,0.0
OPT,2021-06-03,6.0,0.0,10.106687239999994,64.694,0.15622294555909347,2.7457829774016917e-17,0.0,0.0,0.0,0.9024390243902439,1.0,,,,13.312,0.0,1.3954099288297332e-16,,2.0298901147300312e-17,0.0,0.0
OPT,2021-06-04,6.0,0.0,7.22390902,34.009,0.21241168573024788,7.834794492929448e-17,0.0,0.0,0.0,0.75,1.0,,,,13.312,0.0,1.0229720348218127e-16,,0.0,0.0,0.0
OPT,2021-06-07,8.0,0.0,5.3478430800000005,37.137,0.14400309879634868,4.7832534652778915e-17,0.0,0.0,0.0,0.8076923076923077,1.0,,,,26.624,0.0,1.0950969973492698e-16,0.0,0.0,0.0,0.0
OPT,2021-06-08,5.0,0.0,2.39236618,21.25,0.11258193788235293,4.179663151530001e-17,0.0,0.0,0.0,0.7333333333333333,1.0,,,,6.656,0.0,6.009732862170142e-17,0.0,,0.0,0.0
OPT,2021-06-09,10.0,0.0,9.499225480000002,56.25699999999999,0.16885410668894543,4.7363621577765884e-17,0.0,0.0,0.0,0.8157894736842105,1.0,,,,19.968,0.0,1.2583104338033934e-16,1.3899505785604465e-16,0.0,0.0,0.0
OPT,2021-06-10,6.0,0.0,7.492280099999998,50.502,0.14835610668884394,1.758699496455834e-17,0.0,0.0,0.0,0.8787878787878788,1.0,,,,13.312,0.0,1.6000331826700148e-16,0.0,,0.0,0.0
OPT,2021-06-11,11.0,0.0,12.651703479999997,81.25599999999999,0.15570177562272322,7.651433663853595e-17,0.0,0.0,0.0,0.8490566037735849,1.0000000000000002,,,,19.968,0.0,7.56991749510036e-17,8.474176316192397e-17,1.5099939131250004e-16,0.0,0.0
OPT,2021-06-14,10.0,0.0,12.140528819999998,86.013,0.1411476035017962,3.6141332925841884e-17,0.0,0.0,0.0,0.8596491228070176,1.0,,,,26.624,2.897241713531202e-17,1.2662937264045127e-16,0.0,8.78818997378049e-17,0.0,0.0
OPT,2021-06-15,9.0,0.0,4.31717151,45.23099999999999,0.0954471824633548,1.374554826977267e-16,0.0,0.0,0.0,0.7419354838709677,1.0000000000000002,,,,19.968,1.7466635588989683e-16,,1.0447314235136449e-16,0.0,0.0,0.0
OPT,2021-06-16,10.0,0.0,6.053180000000002,48.803000000000004,0.12403294879413154,1.0919555187592466e-16,0.0,0.0,0.0,0.7575757575757576,1.0,,,,13.312,9.864812791693512e-17,1.4080190546926527e-16,1.3448079638127417e-16,7.874620265095534e-17,0.0,0.0
OPT,2021-06-17,11.0,0.0,9.446188590000002,68.382,0.13813852461173995,3.896544791173665e-17,0.0,0.0,0.0,0.8222222222222222,1.0,,,,13.312,0.0,6.872850109882575e-17,7.047916360102564e-17,1.4179093545659726e-16,0.0,0.0
OPT,2021-06-18,8.0,0.0,14.345892919999994,96.023,0.14940059069181336,2.774892743509759e-17,0.0,0.0,0.0,0.9016393442622951,1.0,,,,33.28,0.0,9.599853217684017e-17,0.0,,0.0,0.0
OPT,2021-06-21,8.0,0.0,8.767477119999999,42.843999999999994,0.20463722154794137,1.0365260242975973e-16,0.0,0.0,0.0,0.8275862068965517,1.0000000000000002,,,,13.312,4.684485335971124e-17,1.668253981405194e-16,0.0,1.5954345602660773e-16,0.0,0.0
OPT,2021-06-22,12.0,0.0,11.90488268,68.609,0.1735177991225641,7.767305336327234e-17,0.0,0.0,0.0,0.8085106382978723,1.0,,,,19.968,0.0,1.150192203703866e-16,8.868038736958967e-17,,0.0,0.0
OPT,2021-06-23,14.0,0.0,20.010107879999996,119.64899999999999,0.16724007622295212,4.453919813956449e-17,0.0,0.0,0.0,0.8461538461538461,1.0,,,,30.375999999999998,1.5697745134325295e-16,4.811106763989628e-17,2.2267644935006207e-17,8.794716503615459e-17,0.0,0.0
OPT,2021-06-24,11.0,0.0,8.49667406,65.74399999999999,0.12923877555366273,9.456754894592475e-17,0.0,0.0,0.0,0.8181818181818182,1.0,,,,30.227999999999998,0.0,9.289597528502512e-17,7.865206284703345e-17,1.4113191430502923e-16,0.0,0.0
OPT,2021-06-25,9.0,0.0,4.21885713,36.357,0.11603974832907006,2.4429364900847848e-17,0.0,0.0,0.0,0.7307692307692307,1.0,,,,13.312,0.0,0.0,3.985186071252861e-17,,0.0,0.0
OPT,2021-06-28,11.0,0.0,21.07287223999999,129.251,0.16303836906484276,2.7486933786202828e-17,0.0,0.0,0.0,0.9146341463414634,1.0,,,,26.624,5.846740963071063e-17,0.0,2.9393335529672876e-17,1.806525820604343e-17,0.0,0.0
OPT,2021-06-29,15.0,0.0,10.447258999999999,87.53,0.11935632354621271,5.580922321890424e-17,0.0,0.0,0.0,0.8275862068965517,1.0,,,,19.968,1.574951980175418e-17,8.482755383749668e-17,0.0,0.0,0.0,0.0
OPT,2021-06-30,12.0,0.0,12.316222969999998,89.36600000000001,0.13781777152384572,1.9877322912519866e-17,0.0,0.0,0.0,0.8793103448275862,1.0,,,,26.624,4.9967843583692e-17,3.613272119523718e-17,0.0,0.0,0.0,0.0
OPT,2021-07-01,13.0,0.0,14.557338639999998,91.192,0.15963394420563207,6.817756971994119e-17,0.0,0.0,0.0,0.847457627118644,1.0000000000000002,,,,31.803999999999995,5.3334439422333834e-17,1.544926804140068e-16,1.9625650072921274e-17,1.4127221563545812e-16,0.0,0.0
OPT,2021-07-02,10.0,0.0,3.9831153499999994,34.037,0.11702310279989422,9.133074210272463e-17,0.0,0.0,0.0,0.68,1.0,,,,19.968,0.0,1.2518370961242075e-16,1.204407707339072e-16,,0.0,0.0
OPT,2021-07-05,1.0,0.0,0.9235200000000001,9.984,0.09250000000000001,0.0,0.0,0.0,0.0,1.0,1.0,,,,6.656,0.0,,,,0.0,0.0
OPT,2021-07-06,14.0,0.0,10.13448044,68.01799999999999,0.14899703666676473,2.6115981643098158e-17,0.0,0.0,0.0,0.72,1.0,,,,27.019999999999996,0.0,5.3509559279460506e-17,0.0,0.0,0.0,0.0
OPT,2021-07-07,14.0,0.0,13.374663119999997,104.136,0.12843457709149572,3.4116095094880745e-17,0.0,0.0,0.0,0.8382352941176471,1.0,,,,33.036,0.0,1.2383395729424992e-16,0.0,1.5656238669136705e-16,0.0,0.0
OPT,2021-07-08,12.0,0.0,13.19992765,88.897,0.14848563674814672,2.997328660247675e-17,0.0,0.0,0.0,0.8333333333333334,1.0,,,,26.624,0.0,6.107117256704965e-17,0.0,0.0,0.0,0.0
OPT,2021-07-09,10.0,0.0,6.5700212,48.749,0.13477243020369647,9.109709119162703e-17,0.0,0.0,0.0,0.7647058823529411,1.0,,,,18.075999999999997,0.0,0.0,1.2012150658643835e-16,1.605818874887227e-16,0.0,0.0
OPT,2021-07-12,13.0,0.0,21.167905059999992,139.17999999999998,0.15209013550797526,8.934112570629223e-17,0.0,0.0,0.0,0.9101123595505618,1.0,,,,23.72,0.0,7.210996344078309e-17,1.0895666567574631e-16,1.0877874093081755e-16,0.0,0.0
OPT,2021-07-13,15.0,0.0,19.48740849999999,137.61700000000002,0.14160611334355486,0.0,0.0,0.0,0.0,0.8666666666666667,1.0,,,,32.144,0.0,0.0,0.0,0.0,0.0,0.0
OPT,2021-07-14,15.0,0.0,10.976283680000002,81.70999999999998,0.13433219532492968,5.434943211969927e-17,0.0,0.0,0.0,0.8148148148148148,1.0,,,,26.624,0.0,7.556821494896132e-17,0.0,9.539022872947323e-17,0.0,0.0
OPT,2021-07-15,18.0,0.0,26.304081899999986,134.56799999999998,0.19547055689316917,5.610187093106135e-17,0.0,0.0,0.0,0.8539325842696629,1.0,,,,33.28,2.2396510570646427e-17,5.925139557705972e-17,7.190896296438672e-17,0.0,0.0,0.0
OPT,2021-07-16,14.0,0.0,14.977832299999996,119.255,0.12559500482160074,4.468634873339274e-17,0.0,0.0,0.0,0.8354430379746836,1.0,,,,34.612,4.91575392793959e-17,0.0,1.4070598984524267e-17,1.528706402237737e-16,0.0,0.0
OPT,2021-07-19,16.0,0.0,22.115798879999993,146.892,0.15055822563516047,3.627883423331939e-17,0.0,0.0,0.0,0.875,1.0,,,,26.624,0.0,6.566938408134012e-17,1.05396750884078e-16,2.3470084816217672e-17,0.0,0.0
OPT,2021-07-20,21.0,0.0,21.656490359999992,150.048,0.1443304166666666,1.7757885870523937e-17,0.0,0.0,0.0,0.8571428571428571,1.0,,,,33.28,0.0,8.988750325879215e-17,0.0,0.0,0.0,0.0
OPT,2021-07-21,12.0,0.0,7.61706776,60.154999999999994,0.12662401728867095,5.905932472447013e-17,0.0,0.0,0.0,0.7560975609756098,1.0,,,,15.684000000000001,3.4866075987286063e-17,8.793265326052326e-17,0.0,,0.0,0.0
OPT,2021-07-22,17.0,0.0,23.10779405999999,167.682,0.13780724263785016,4.237441918393747e-17,0.0,0.0,0.0,0.8888888888888888,1.0,,,,34.5,3.515310772184458e-17,1.1444544754534518e-16,0.0,0.0,0.0,0.0
OPT,2021-07-23,13.0,0.0,7.895712900000001,62.56799999999999,0.12619410721135407,8.517246065402045e-17,0.0,0.0,0.0,0.7674418604651163,1.0,,,,13.312,6.019100160613481e-17,1.1051462589978848e-16,0.0,,0.0,0.0
OPT,2021-07-26,14.0,0.0,7.960235489999999,53.97299999999999,0.14748551108887778,7.405189425547151e-17,0.0,0.0,0.0,0.7368421052631579,1.0,,,,13.312,0.0,1.137268695797081e-16,5.2031541868782967e-17,,0.0,0.0
OPT,2021-07-27,15.0,0.0,18.72270069999999,127.867,0.14642324211876395,2.0838334043188433e-17,0.0,0.0,0.0,0.8795180722891566,1.0,,,,33.28,0.0,4.6134345506966826e-17,6.404055228928728e-17,0.0,0.0,0.0
OPT,2021-07-28,12.0,0.0,18.33991987999999,112.84400000000001,0.16252454609903927,1.5741703939954722e-17,0.0,0.0,0.0,0.8783783783783784,1.0,,,,26.624,8.252145495680807e-17,9.939328779097194e-17,0.0,0.0,0.0,0.0
OPT,2021-07-29,13.0,0.0,8.763874940000001,79.622,0.11006851046193264,7.808456127578907e-17,0.0,0.0,0.0,0.8301886792452831,1.0,,,,19.968,8.260203856778657e-17,1.060638189276481e-16,9.508386893267586e-17,3.754876214171494e-17,0.0,0.0
OPT,2021-07-30,16.0,0.0,10.60677794,81.18199999999999,0.1306543068660541,5.470291565249225e-17,0.0,0.0,0.0,0.7543859649122807,1.0,,,,31.375999999999998,0.0,1.6335817908775522e-16,3.575957401912935e-17,1.3838865997197339e-16,0.0,0.0
OPT,2021-08-02,14.0,0.0,25.73393091999999,166.27,0.15477194274373002,3.205070378421093e-17,0.0,0.0,0.0,0.9423076923076923,1.0,,,,33.28,1.0993667776954144e-16,1.6603017472663337e-16,1.864276100289923e-17,9.678203568666848e-18,0.0,0.0
OPT,2021-08-03,19.0,0.0,18.734235709999993,149.36900000000003,0.1254225154483192,5.351582843361826e-17,0.0,0.0,0.0,0.8571428571428571,1.0,,,,26.624,4.6278575432478386e-17,7.945630062980849e-17,0.0,1.344299106553845e-16,0.0,0.0
OPT,2021-08-04,19.0,0.0,20.563522889411104,135.06648361111112,0.15224741430759706,2.6303443932320164e-17,0.0,0.0,0.0,0.8426966292134831,1.0,,,,23.323999999999998,4.975164628476673e-17,1.125487448140563e-16,0.0,,0.0,0.0
OPT,2021-08-05,12.0,0.0,12.736215820000002,97.441,0.1307069490255642,6.380526613951905e-17,0.0,0.0,0.0,0.859375,1.0,,,,26.624,0.0,1.1976515907498992e-16,1.9399742692705267e-17,1.593716884443074e-16,0.0,0.0
OPT,2021-08-06,12.0,0.0,15.768358359999997,90.18699999999998,0.17484070165323162,3.9392747056676696e-17,0.0,0.0,0.0,0.864406779661017,1.0,,,,26.624,0.0,1.3308037454302147e-16,1.7939011930684598e-17,0.0,0.0,0.0
OPT,2021-08-09,11.0,0.0,21.77699411999999,134.15400000000002,0.16232832505926015,1.9861765277966933e-17,0.0,0.0,0.0,0.9285714285714286,1.0,,,,33.28,0.0,2.7759045496315955e-17,1.1160403851326606e-17,1.1688096061325506e-16,0.0,0.0
OPT,2021-08-10,19.0,0.0,14.340102970000002,111.20500000000001,0.12895196232183806,3.194742753293917e-17,0.0,0.0,0.0,0.8378378378378378,1.0,,,,26.624,3.288818853958843e-17,0.0,6.979608285573071e-17,0.0,0.0,0.0
OPT,2021-08-11,18.0,0.0,17.167052472705553,137.6336188888889,0.1247300812933245,6.775868775477057e-17,0.0,0.0,0.0,0.8260869565217391,1.0000000000000002,,,,33.28,2.813485198152697e-17,1.4113602584327598e-16,0.0,3.4317778281369545e-17,0.0,0.0
OPT,2021-08-12,22.0,0.0,15.536244680000001,137.132,0.11329408657352041,6.476813724733287e-17,0.0,0.0,0.0,0.8351648351648352,1.0,,,,26.735999999999997,3.3659696809039494e-17,9.187260612362298e-17,6.500451961698892e-17,1.1086985640995197e-16,0.0,0.0
OPT,2021-08-13,16.0,0.0,10.119760999999997,87.893,0.11513728055704091,3.031567086230275e-17,0.0,0.0,0.0,0.7704918032786885,1.0,,,,24.507999999999996,0.0,3.783346480235667e-17,5.401230963878164e-17,0.0,0.0,0.0
OPT,2021-08-16,16.0,0.0,17.406744399999994,126.889,0.1371808777750632,2.799859466778445e-17,0.0,0.0,0.0,0.8571428571428571,1.0,,,,33.28,0.0,5.4635279408244415e-17,2.301129398795583e-17,0.0,0.0,0.0
OPT,2021-08-17,20.0,0.0,19.29526251999999,134.572,0.14338244597687477,4.62001674783824e-17,0.0,0.0,0.0,0.8333333333333334,1.0,,,,33.28,7.131099315135491e-17,0.0,4.400771729566082e-17,3.2218900123340415e-17,0.0,0.0
OPT,2021-08-18,20.0,0.0,19.232164959999995,142.01500000000001,0.1354234761116783,2.501646782945816e-17,0.0,0.0,0.0,0.8105263157894737,1.0,,,,34.612,0.0,0.0,3.159353149351865e-17,3.558407130208835e-17,0.0,0.0
OPT,2021-08-19,17.0,0.0,19.673657910017873,127.87477329749065,0.15385096999741027,1.389137821005317e-17,0.0,0.0,0.0,0.8470588235294118,1.0,,,,26.624,0.0,0.0,4.575698278929184e-17,1.0169089198659569e-17,0.0,0.0
OPT,2021-08-20,13.0,0.0,9.572044770000002,75.672,0.12649387844909613,8.216049447485035e-17,0.0,0.0,0.0,0.803921568627451,1.0,,,,26.624,0.0,9.7155748288097e-17,0.0,7.962869102565225e-17,0.0,0.0
OPT,2021-08-23,14.0,0.0,25.78234206144443,146.63971944444444,0.1758209996522277,1.8170624365589126e-17,0.0,0.0,0.0,0.8723404255319149,1.0,,,,33.28,0.0,0.0,2.125286352803535e-17,2.8041688468281845e-17,0.0,0.0
OPT,2021-08-24,20.0,0.0,32.35040907999999,186.09400000000002,0.17383907638075374,2.3863703819041054e-17,0.0,0.0,0.0,0.8688524590163934,1.0,,,,33.28,2.9674197978688494e-17,8.709623963326171e-17,0.0,3.241645387423356e-17,0.0,0.0
OPT,2021-08-25,17.0,0.0,23.17719792999999,148.756,0.1558068106832665,4.1794945668752026e-17,0.0,0.0,0.0,0.875,1.0,,,,28.78,0.0,5.598704108044159e-17,2.580938656031515e-17,1.3077473664296323e-16,0.0,0.0
OPT,2021-08-26,16.0,0.0,7.9927152800000005,64.478,0.12396034740531656,4.132471942523614e-17,0.0,0.0,0.0,0.723404255319149,1.0,,,,26.624,0.0,8.155159486733314e-17,0.0,8.679974783289766e-17,0.0,0.0
OPT,2021-08-27,20.0,0.0,20.636802859999996,137.37199999999999,0.15022568543808051,5.172398565647295e-17,0.0,0.0,0.0,0.8461538461538461,1.0,,,,28.403999999999996,4.8014835101098775e-17,1.0509743458763758e-16,2.0296581803019315e-17,0.0,0.0,0.0
OPT,2021-08-30,17.0,0.0,36.48741359999998,238.236,0.15315659094343417,1.1184435849747208e-17,0.0,0.0,0.0,0.8717948717948718,1.0,,,,34.612,8.230733200816655e-17,1.9763649748556415e-16,0.0,0.0,0.0,0.0
OPT,2021-08-31,19.0,0.0,14.708990979999996,104.62299999999999,0.14059041491832577,6.366992102836794e-17,0.0,0.0,0.0,0.8169014084507042,1.0,,,,33.28,0.0,1.4422226872241574e-16,4.0569986054590626e-17,1.9978819950065798e-17,0.0,0.0
OPT,2021-09-01,21.0,0.0,14.171947839999998,146.791,0.09654507319931058,1.5126581665431213e-17,0.0,0.0,0.0,0.8367346938775511,1.0,,,,34.612,0.0,5.2239643553706935e-17,2.554977810582594e-17,0.0,0.0,0.0
OPT,2021-09-02,16.0,0.0,17.57731845999999,147.946,0.11880901450529241,2.4013583867090026e-17,0.0,0.0,0.0,0.8163265306122449,1.0,,,,34.612,0.0,1.0667528461447576e-16,1.2328448561277644e-17,2.954636215964888e-17,0.0,0.0
OPT,2021-09-03,18.0,0.0,12.553276559999997,112.28999999999999,0.11179336147475286,3.163873611898211e-17,0.0,0.0,0.0,0.7692307692307693,1.0,,,,34.612,0.0,0.0,4.707077321003367e-17,3.1745033497154073e-17,0.0,0.0
OPT,2021-09-06,4.0,0.0,5.53495772,33.797,0.16377068142142798,0.0,0.0,0.0,0.0,0.8181818181818182,1.0,,,,13.312,0.0,,0.0,0.0,0.0,0.0
OPT,2021-09-07,25.0,0.0,17.36512086,162.168,0.10708105705194614,3.286141851783799e-17,0.0,0.0,0.0,0.7606837606837606,1.0,,,,34.612,4.464554235951168e-17,3.359730744818146e-17,0.0,5.522295642740232e-17,0.0,0.0
OPT,2021-09-08,28.0,0.0,24.991993959999995,194.689,0.12836880337358555,4.105833291711975e-17,0.0,0.0,0.0,0.7835820895522388,1.0,,,,34.612,0.0,7.848872567162649e-17,2.8923591591703246e-17,7.173914326370082e-17,0.0,0.0
OPT,2021-09-09,27.0,0.0,23.060271499999992,187.214,0.1231759991239971,1.660465813961797e-17,0.0,0.0,0.0,0.7984496124031008,1.0,,,,34.612,0.0,0.0,1.120136230262984e-17,4.5175090520229353e-17,0.0,0.0
OPT,2021-09-10,30.0,0.0,30.822823,204.02799999999993,0.15107153429921388,2.611930969377121e-17,0.0,0.0,0.0,0.8129496402877698,1.0,,,,34.612,2.3421809016115744e-17,0.0,4.049553383411224e-17,1.5643002918386086e-17,0.0,0.0
OPT,2021-09-13,25.0,0.0,65.20241053,349.0930000000001,0.18677661978326687,0.006039053112916644,0.0,0.0,0.0,0.8242677824267782,0.9999077352869294,,,,34.612,0.0,0.0,0.014771532241776093,1.9324750577307957e-17,0.0,0.0
PPOLag,2021-01-01,3.0,0.0,1.2791889380749901,7.075375438005855,0.1808086654884583,0.01662606838000634,0.13333333333333333,0.0,0.0,0.42222222222222217,0.9995127457762413,0.014310869959821199,0.07037037037037037,0.14686163540318373,6.61333740234375,0.01662606838000634,,,,0.36168629525403345,0.01662606838000634
PPOLag,2021-01-04,2.0,0.0,2.625229443761475,9.844118208195122,0.26668000000000003,0.0020155912210946866,0.0,0.0,0.0,0.1625,0.9999065818426727,0.002378489269634829,0.04814814814814815,0.1462050354348321,5.6673667419433595,0.012793444922205346,0.0007929088675992346,,,-2.0815640929675194e-16,0.0020155912210945066
PPOLag,2021-01-05,5.0,0.0,5.4536061733870715,29.829327395905334,0.1828268075418735,0.0021967755174666153,0.0,0.0,0.0,0.2557134017428969,0.9999842456051814,0.00785651441887796,0.20370370370370366,0.14833316038978714,10.820844001808888,0.0068964004516601455,0.0011461588124610789,0.0013654319635326108,,0.06818627595998954,0.002196775517466556
PPOLag,2021-01-06,3.0,0.0,1.8347574004378788,10.97575385484966,0.16716398043748582,0.0028387521713766294,0.0,0.0,0.0,0.12496521566289007,0.9999562192018793,0.0037380242439090912,0.09259259259259259,0.14935633338003146,6.638584396858559,0.010964423160601509,,0.0005819529145110776,0.00016399016844345545,0.24418937254871334,0.0028387521713765487
PPOLag,2021-01-07,3.0,0.0,1.4799926965121246,9.708796004010694,0.15243764212105018,0.0019740949824533444,0.0,0.0,0.0,0.10111111111111111,0.9999659018260685,0.002297403486316728,0.08148148148148146,0.14861171660716838,6.645635229492187,0.005760248294402842,,0.005509301703579035,5.38336944762352e-05,0.3240256446279526,0.001974094982453253
PPOLag,2021-01-08,2.0,0.0,1.4623777825546134,5.489696830740625,0.2663852595032724,0.005129244157190101,0.0,0.0,0.0,0.13692307692307693,0.9999984165475612,0.003385951577064074,0.04814814814814815,0.14785920211579648,6.54847173461914,0.005711198527271484,,0.004231371700493107,,0.3441428951329129,0.005129244157190101
PPOLag,2021-01-11,6.0,0.0,3.093522840642664,22.38600618870108,0.13818542760187394,0.0025839338486418014,0.0,0.0,0.0,0.16159147869674184,0.99995164035113,0.0069378886271813985,0.2185185185185185,0.14818585417136393,6.981671117447536,0.008515274477792826,0.005622252302439529,0.000314458206431751,0.0012348780876855017,0.10163920066053414,0.0025839338486416826
PPOLag,2021-01-12,2.0,0.0,2.1080979894352136,11.14965247221161,0.18905977498754292,0.0015534635791519392,0.0,0.0,0.0,0.094279176201373,0.9999998809567195,0.002075311351169192,0.05185185185185185,0.14829409792582737,5.567236127312289,,,0.0015534635791519392,,1.0438894593247878,0.00155346357915178
PPOLag,2021-01-13,3.0,0.0,1.4552762560968202,5.4570131097075905,0.26668,0.011589728363051954,0.06666666666666667,0.0,0.0,0.16363636363636364,0.9998281941157556,0.00765484989740519,0.03333333333333333,0.15352109379212683,6.223360412597655,0.01737542501285553,0.0029347237454208433,,,0.0,0.011589728363051954
PPOLag,2021-01-14,5.0,0.0,4.222972016604507,19.433194162733987,0.2173068374177399,0.0035792358747892016,0.0,0.0,0.0,0.1741469289441991,0.9999537950264692,0.00835097945025491,0.16666666666666666,0.1533284708481612,7.609029739752977,0.007686944802602127,0.0014061449380947811,0.006675155743030572,,0.09306578055909906,0.0035792358747891106
PPOLag,2021-01-15,3.0,0.0,2.244965993017895,9.492067552258899,0.23650983612566767,0.0012555184912773506,0.0,0.0,0.0,0.13575581395348837,0.9999961733628904,0.0014274970117950543,0.09259259259259259,0.15566528121174392,6.616001552561807,0.003830320950013513,0.0014883140022641454,,0.00019331521328714465,0.4023810408640485,0.0012555184912772571
PPOLag,2021-01-18,3.0,0.0,2.2290993853802883,15.154196637213015,0.14709316678958126,0.009723803357967823,0.0,0.0,0.0,0.48235294117647054,0.9999658112270604,0.017801574684409762,0.15185185185185185,0.15228532711262233,6.618125915527344,0.009723803357967823,,,,-0.0021301306171283584,0.009723803357967823
PPOLag,2021-01-19,3.0,0.0,1.2715414880537448,9.6970937874563,0.13112640462162473,0.003381933457728823,0.0,0.0,0.0,0.1325396825396825,0.9999810859304235,0.0039366206724858336,0.07777777777777777,0.15457638955922445,6.528761389160155,0.007928124856799008,0.005474209825538202,0.0017200094105878875,,0.0016051283106046337,0.003381933457728732
PPOLag,2021-01-20,3.0,0.0,1.6333335285926285,8.025400632264517,0.20352028212384057,0.004292725525494114,0.0,0.0,0.0,0.11159420289855074,0.9999859147475325,0.004139175455886152,0.04444444444444444,0.15257925000090228,6.581265975776849,0.004001512311044191,0.004858146803185205,,,-0.0001752623353270079,0.004292725525494114
PPOLag,2021-01-21,4.0,0.0,3.2946551442813643,20.931863575424234,0.15739917643736312,0.0021992766029060693,0.0,0.0,0.0,0.18750747659651418,0.9999898755234037,0.005519371244226244,0.19629629629629627,0.1550010416697963,12.584460756829571,0.006770463784535737,0.0013730657155617693,,0.00019934985701868524,0.0010227120775504175,0.0021992766029060268
PPOLag,2021-01-22,3.0,0.0,1.2334614282125465,5.616568802048446,0.21960817208453615,0.020138031743118158,0.06666666666666667,0.0,0.0,0.5,0.9998234365815563,0.013809211383126366,0.05555555555555556,0.1553527770738583,6.309477065849304,0.020138031743118158,,,,-0.0023553952249773147,0.020138031743118158
PPOLag,2021-01-25,3.0,0.0,2.14951065750842,17.79869248315959,0.12076764792988026,0.0013638285833141805,0.0,0.0,0.0,0.19444897959183674,0.9999707356751193,0.002907945516183455,0.16666666666666666,0.15508081666363677,13.271534405517576,0.007853832338008002,,,9.79427765283197e-05,-0.0013340639848600764,0.001363828583314031
PPOLag,2021-01-26,1.0,0.0,0.541876174305469,2.0319340569426614,0.26668,0.00248696271837921,0.0,0.0,0.0,0.03428571428571429,1.0,0.0006060465243550482,0.007407407407407407,0.1564784749461978,4.874046968966061,,0.00248696271837921,,,0.0,0.00248696271837921
PPOLag,2021-01-27,3.0,0.0,2.65894181859797,23.342720744846815,0.11390712762071117,0.0010817894194276086,0.0,0.0,0.0,0.2139029423512182,0.9999674018169834,0.003024196058202814,0.22592592592592592,0.15675364584240015,7.861599551393016,0.009143045042826536,,4.2178638293643724e-05,0.00014653579253900197,0.02036359549307413,0.0010817894194275325
PPOLag,2021-01-28,5.0,0.0,2.4265477724423974,14.680360005734935,0.16529279202713887,0.0034376481070576823,0.04,0.0,0.0,0.10323010323010322,0.9998192220981681,0.0060581401709252775,0.12962962962962962,0.1541491291694304,6.6484927062988275,0.0254539132118225,0.0009096716991986882,0.0013474682692160924,9.549301229098964e-05,0.1644589034692186,0.003437648107057622
PPOLag,2021-01-29,3.0,0.0,2.247356570877107,18.052674523402693,0.12448909868990432,0.006347725484219889,0.0,0.0,0.0,0.3783620689655172,0.9999357805785369,0.01379656375632322,0.20370370370370366,0.15855052291347724,6.633145104483788,0.011401887507712826,,,0.00019016398600101955,0.0011296137793178446,0.006347725484219889
PPOLag,2021-02-01,4.0,0.0,2.693686482436136,21.2578026054632,0.1267140926025412,0.0006674217063181314,0.0,0.0,0.0,0.1709709218779886,0.999998614076007,0.0016984560691784792,0.2,0.15388863121188479,12.120081657654717,0.0021694600283361323,,0.0003871522020302972,0.0006311425096009092,0.36988208218963475,0.0006674217063180897
PPOLag,2021-02-02,2.0,0.0,1.484904961908501,12.025554937382646,0.12347906891661056,0.0009508235122831701,0.0,0.0,0.0,0.1948717948717949,0.9999975025852436,0.0013691903991996488,0.11851851851851851,0.15445017497768276,6.5768820190429675,,,0.0009508235122831701,,0.3349088531525464,0.0009508235122830226
PPOLag,2021-02-03,5.0,0.0,5.165724640929236,34.752463887210176,0.1486418927363177,0.0011076460231043803,0.0,0.0,0.0,0.29456436487638527,0.9999614145258688,0.004610134279241428,0.35555555555555546,0.15507864585136608,11.832570999145506,0.007057551485809127,0.0006601766224944936,0.00010646836198050102,,0.010959989633453189,0.0011076460231042526
PPOLag,2021-02-04,1.0,0.0,0.6133764963462855,2.302935484550786,0.2663440225079082,0.004351282079210667,0.0,0.0,0.0,0.034999999999999996,1.0,0.001204033424045983,0.007407407407407407,0.1541043395567006,4.883619680786133,,,0.004351282079210667,,1.8793948379233316,0.004351282079210667
PPOLag,2021-02-05,5.0,0.0,1.8204555214681455,16.40486748547422,0.11097028178883703,0.002561714265566975,0.0,0.0,0.0,0.19283994366453136,0.9999732975162099,0.00504037736775542,0.17037037037037034,0.1547147562632745,6.642093054739817,0.006719695640043412,0.005342246541462608,,0.00014007022339373464,-0.0008522626423860206,0.002561714265566975
PPOLag,2021-02-08,5.0,0.0,2.532303961450843,23.163025432322478,0.10932461727742582,0.002152869843515418,0.0,0.0,0.0,0.2798959514440072,0.9999650427235414,0.0059785342113609415,0.23703703703703702,0.1556889750039166,10.578860244596608,0.005909123299549891,0.000274557703351218,,0.001000278640147174,0.004565781749257059,0.00215286984351538
PPOLag,2021-02-09,5.0,0.0,4.416576302446132,28.760787103487083,0.1535615640746554,0.0031614063674241105,0.0,0.0,0.0,0.25249061111170895,0.9998849028908641,0.010911938755022839,0.2851851851851852,0.15390911460902618,6.637139718909938,0.010394422480872089,,0.0008071483966191415,0.0002588897794030144,0.10742791558440225,0.0031614063674239874
PPOLag,2021-02-10,6.0,0.0,5.988103018989582,25.884376576574823,0.23134039570677403,0.001797980155997764,0.0,0.0,0.0,0.19469164715066353,0.9999853286483388,0.0055776316944109545,0.21111111111111108,0.15376588541281916,10.33489054862273,0.003857856291070097,0.0016755605572705023,0.0003707745617008871,,0.07162115595296886,0.001797980155997764
PPOLag,2021-02-11,4.0,0.0,2.1314191672210208,22.937081638171698,0.09292455398835867,0.0009546740636920435,0.0,0.0,0.0,0.21255330565675395,0.9999705028971407,0.002622127215952258,0.22222222222222224,0.15258620208745316,11.578369660143247,0.00564636575838443,,,0.00022802825242655735,0.004589772847120572,0.0009546740636918888
PPOLag,2021-02-12,4.0,0.0,1.9495636895820159,13.408122699610876,0.14540163250012444,0.0017033207050199464,0.0,0.0,0.0,0.17969548495864282,0.9999877573325717,0.002736846545739015,0.14074074074074075,0.15412248330903822,7.002546220575347,0.004163980328210821,0.0032098066474199375,,0.00013540760684461317,0.1736938286765289,0.0017033207050198803
PPOLag,2021-02-15,5.0,0.0,6.79655668062708,31.890636874708644,0.21312057938835327,0.002388811126829411,0.0,0.0,0.0,0.2651428571428572,0.9999672893177891,0.009135437860406645,0.2962962962962963,0.1555592875471727,13.157773671329831,0.003725965859441515,,0.000908387522757982,0.001428004055659592,0.7094860934694973,0.0023888111268293277
PPOLag,2021-02-16,7.0,0.0,4.420721043296227,38.19923051122763,0.11572679546144363,0.0008571220122507376,0.0,0.0,0.0,0.16463446072290905,0.9999909662972841,0.003920264167893937,0.3370370370370369,0.15253081243524017,12.512555185224445,0.004250945354157253,0.002014835742388159,0.0013932477265735394,0.00034172661322459067,0.12414383567466529,0.0008571220122507144
PPOLag,2021-02-17,4.0,0.0,5.283490367070435,25.156487374649657,0.21003013804278106,0.0008544215327009724,0.0,0.0,0.0,0.12642022209234366,0.999994926375186,0.0025735883363128195,0.11851851851851851,0.1519487833320454,7.183193687398886,0.0031058639890448863,0.00017243675433206007,0.0007799945746161146,,0.6174830102341292,0.0008544215327008666
PPOLag,2021-02-18,3.0,0.0,1.3175720534175486,9.959023936267775,0.1322989391078968,0.0033999863636772626,0.0,0.0,0.0,0.11126984126984127,0.9999901782204736,0.004064608625203368,0.08148148148148147,0.15276284787735978,13.044005682373045,,0.002081453427940939,0.004084204549207557,,0.28064208291132064,0.0033999863636772626
PPOLag,2021-02-19,7.0,0.0,5.5601952516853,42.138323090568164,0.13195032378013832,0.0010828017597153555,0.0,0.0,0.0,0.1968681693989071,0.9999216080625203,0.005464398717461509,0.385185185185185,0.15571111252938863,13.1275542476542,0.0037849786311398986,0.001306244527196154,0.0004495643179543591,0.00035599523318008533,0.19311083348920233,0.0010828017597152818
PPOLag,2021-02-22,5.0,0.0,3.8238931989557514,17.57101541289143,0.21762545309809217,0.0037977427774447013,0.0,0.0,0.0,0.1858490566037736,0.9999738810375236,0.008013468953409032,0.16666666666666669,0.153906249973564,6.623367302041814,0.007594061161666171,0.003013073854922832,0.0015069276378243226,,0.27105961692069186,0.003797742777444651
PPOLag,2021-02-23,4.0,0.0,5.484326014679871,32.70210691144155,0.16770569306810243,0.0020413527589627704,0.0,0.0,0.0,0.3569464201043148,0.9999882497052095,0.00800252285589365,0.3407407407407407,0.1533479166634303,12.75813343606782,0.006492457389831644,0.000706736771298112,0.00028040405960022275,,0.0008777662821532943,0.002041352758962662
PPOLag,2021-02-24,3.0,0.0,3.1937605452972835,12.445534109206099,0.25661905477252883,0.0018819384709199915,0.0,0.0,0.0,0.08571428571428572,0.9999080607670334,0.0028072605328271685,0.04444444444444444,0.15333402504135546,9.284937275458526,0.016554522514343282,0.0011337158355296435,,,0.0005854835084129816,0.0018819384709199915
PPOLag,2021-02-25,2.0,0.0,2.613533011642894,12.527495871241369,0.2086238554442045,0.0001998506591086067,0.0,0.0,0.0,0.1194409937888199,0.9999999952090881,0.00029957274734421555,0.11481481481481481,0.15161293331402706,6.650315356445313,,,,0.0001998506591086067,1.2553930318292372,0.00019985065910846494
PPOLag,2021-02-26,6.0,0.0,2.5345409595360735,21.542070526661806,0.11765512284142816,0.0024228861577497434,0.03333333333333333,0.0,0.0,0.16261036148592373,0.9998746780204432,0.006259211767994588,0.21111111111111108,0.1521840249855207,12.240238867187497,0.010876211566580158,0.0015644165652813579,0.00033339456404273037,,-0.0004339198376076432,0.0024228861577496406
PPOLag,2021-03-01,6.0,0.0,5.160770758541837,38.000060126020216,0.13580913647079074,0.001758475161682799,0.0,0.0,0.0,0.22368831916497972,0.9999733549962494,0.008008119848151802,0.37777777777777766,0.15321267707501346,13.185146453857422,0.010475628027298702,0.001307886210408972,,0.0007227541563540333,0.014499237488664768,0.0017584751616827059
PPOLag,2021-03-02,5.0,0.0,16.812181068414063,86.32468883986989,0.19475525807303695,0.0004436061754467936,0.0,0.0,0.0,0.4354587400177462,0.9999911555608183,0.004583222865743081,0.7888888888888884,0.15173298537168498,17.45470693995689,0.003207756917729209,0.0008744713036677138,0.0002997444276023385,0.00019526263065780097,0.22927985949853844,0.0004436061754467833
PPOLag,2021-03-03,4.0,0.0,2.503823564789675,19.63289413035496,0.12753179478664406,0.0014803107336507195,0.0,0.0,0.0,0.19062680810028926,0.9999930991379593,0.003481979819183442,0.1814814814814815,0.15252135208356776,7.392785349441991,0.005024219397687708,0.0027614516218744632,0.0006865320031023677,0.0011038333743487575,0.19841520186006098,0.001480310733650584
PPOLag,2021-03-04,5.0,0.0,4.678960567084962,24.7678804009507,0.18891234828758283,0.002099903265483499,0.0,0.0,0.0,0.2109559613319012,0.9999857607584364,0.006235147598595713,0.2148148148148148,0.15823645832521532,11.473827599499668,0.003412994638524504,0.0011568135571972758,0.00218038587202933,,0.1706638872541812,0.0020999032654833915
PPOLag,2021-03-05,4.0,0.0,2.6261850117021197,16.854622748387193,0.15581447340389895,0.002094567887081668,0.0,0.0,0.0,0.14857142857142855,0.9999595444278027,0.004232234869441983,0.15925925925925924,0.15823758752352052,11.823484885653011,0.011926920924801621,,0.0005701499640226958,0.0015561095592800463,0.22962328802201246,0.0020945678870816155
PPOLag,2021-03-08,5.0,0.0,2.7418926275647695,18.145280165633885,0.1511079295083963,0.002239075902678706,0.0,0.0,0.0,0.12923076923076923,0.9999792387552627,0.0048713762418857425,0.16666666666666666,0.16013272709945642,12.543467657775691,0.009137422070833437,0.0016441145940439602,,0.0004978451960223008,0.00014002659396986848,0.002239075902678706
PPOLag,2021-03-09,5.0,0.0,3.121984054783474,28.127686956370603,0.11099315446930544,0.0012538807523841432,0.0,0.0,0.0,0.17293369281321086,0.9999907340986354,0.004224553583137197,0.24814814814814815,0.15708923753360676,12.115660846136587,,0.001522896225179321,0.0016006593637352047,0.0005434006748718669,0.008946904200657246,0.0012538807523840487
PPOLag,2021-03-10,2.0,0.0,3.6734293641576747,13.774671382022182,0.26668,0.0018354070998417235,0.0,0.0,0.0,0.24705882352941178,0.9999890059455167,0.0030301014448878318,0.07777777777777778,0.15705112706806784,6.848064644459674,0.005580295330270978,0.0011685267132380502,,,0.0,0.0018354070998417235
PPOLag,2021-03-11,5.0,0.0,8.887993963929542,62.853360243328964,0.14140354021959817,0.00245428765666314,0.0,0.0,0.0,0.3193181818181818,0.9999560040299198,0.018499791420177675,0.6074074074074072,0.155463281256137,21.227528012430923,0.012182829777399717,0.00045502048664783243,0.00044805696541510485,0.0014203306779291926,0.04403399347844346,0.0024542876566631118
PPOLag,2021-03-12,4.0,0.0,3.0836907582114335,16.9415673292378,0.1820191889815644,0.00079225424725458,0.0,0.0,0.0,0.130718954248366,0.999999051547072,0.0016069709875119176,0.17777777777777776,0.15642942713990732,6.703203867785002,,0.0005606726529577468,0.0019131984192729521,0.0006569987789454687,0.15051582758227713,0.0007922542472545277
PPOLag,2021-03-15,5.0,0.0,4.477175682895855,21.503415183795695,0.20820763733385966,0.0014666736106015293,0.0,0.0,0.0,0.16174943200259656,0.9999848797593792,0.0037785400133123264,0.19999999999999998,0.15604557499197352,10.93559485374986,0.005440169482469918,0.0009199844706495703,0.0005438813700735361,0.00020533872136487013,0.2953690289948918,0.0014666736106014055
PPOLag,2021-03-16,5.0,0.0,3.5592592833616292,17.656118805450856,0.20159291532886706,0.00236643657753108,0.0,0.0,0.0,0.14518716577540108,0.9999913160986449,0.005010311570174862,0.16666666666666666,0.15315816041644817,7.284376895276021,0.0042866482038216745,0.0023955907188571096,0.001970813785336025,,0.039305588939198936,0.0023664365775310295
PPOLag,2021-03-17,4.0,0.0,2.940172683999902,15.342453848425302,0.19163674172260728,0.004899867140660197,0.0,0.0,0.0,0.2725925925925926,0.9999550938761519,0.009037702051508082,0.14814814814814814,0.15317300418852633,6.6256245424633375,0.006294247753380238,0.003203153535275624,,,0.0007875555080734177,0.004899867140660139
PPOLag,2021-03-18,8.0,0.0,6.863001216676283,51.618127811104614,0.1329524363389279,0.004433578708829372,0.0,0.0,0.0,0.22558779647064875,0.9999527078002298,0.027499962735093995,0.4851851851851851,0.1531966124578806,18.08770112809801,0.01296523314660252,0.0014185636832064596,0.00018755571567604653,0.0005059211088390102,0.03724133135341559,0.004433578708829354
PPOLag,2021-03-19,9.0,0.0,5.0349407489203175,38.564736779485415,0.1305583408953798,0.0037268650834324677,0.04444444444444444,0.0,0.0,0.22294828611056072,0.9998446872077477,0.017258430480166037,0.37407407407407395,0.15573688961012522,18.17593024611473,0.012978341828465082,0.0006708077515623056,0.0002383194201616225,0.002544511088797437,0.0018617901169165963,0.0037268650834324448
PPOLag,2021-03-22,6.0,0.0,6.598291535066153,34.594129116705155,0.19073631382878506,0.0014683470427147185,0.0,0.0,0.0,0.20269299947099279,0.9999879525319033,0.0060857617845952805,0.33333333333333326,0.15300486038540836,12.904202691634676,0.0018586674755867783,0.00600647464829156,0.001243875824352441,,0.3189180600360615,0.001468347042714616
PPOLag,2021-03-23,5.0,0.0,6.9302254385917905,27.3935715812626,0.25298739654485236,0.0016192294896640578,0.0,0.0,0.0,0.18021929824561403,0.9999503104547607,0.005315039895916576,0.1851851851851852,0.15278602292407112,9.467980845489624,0.002269019024512764,0.005003855420143183,0.0005019007673123924,,0.3505938414875441,0.0016192294896639607
PPOLag,2021-03-24,7.0,0.0,10.171177216065889,51.60038614070346,0.1971140828975108,0.0018302323106014734,0.0,0.0,0.0,0.24408505540581013,0.9999910496529525,0.011318801176632708,0.4444444444444443,0.15452864584707032,12.518448597046397,0.00524060583727245,0.0011020577036344108,0.0005191439489220923,0.002109276325140881,0.21842492540959763,0.0018302323106014046
PPOLag,2021-03-25,5.0,0.0,5.66439224099738,35.95359563556227,0.15754823471143423,0.0023697761990546253,0.0,0.0,0.0,0.36238114923522113,0.9999908956710097,0.010217055193831013,0.3666666666666666,0.15335486250478422,12.176438891601562,0.0055577769879738195,0.0011681709562024376,0.00022366881499067117,,0.20639280897909276,0.002369776199054502
PPOLag,2021-03-26,7.0,0.0,15.52519944020769,76.7933920161017,0.20216714829474478,0.0009446046873557171,0.0,0.0,0.0,0.4580357142857143,0.9999844576239951,0.008686204548952803,0.7925925925925922,0.1531316854804269,19.2596727355957,0.0023297200614512945,0.0011381115480861655,0.00018006815831087566,0.0024468275998948143,0.056852502692951876,0.0009446046873556709
PPOLag,2021-03-29,7.0,0.0,14.932196846586546,79.2865819004415,0.1883317593597424,0.0015667615262178372,0.0,0.0,0.0,0.38914940599556663,0.9999891162590023,0.014884328155354638,0.8481481481481474,0.15610789584267576,13.124784304443107,0.0031784527294725457,0.004456282961320222,0.0002143958239248835,0.00020149241871564075,0.145687607190002,0.0015667615262178148
PPOLag,2021-03-30,4.0,0.0,3.1702844583456242,14.17439605701009,0.2236630403926386,0.0028564152648545317,0.0,0.0,0.0,0.12106753761074165,0.9999867701762108,0.0048575119891799915,0.14814814814814814,0.15992977290200844,8.229655465412486,0.006235536216552649,0.001704391485958383,0.003660159833124183,0.002560729703095042,0.17237808756652837,0.0028564152648544693
PPOLag,2021-03-31,6.0,0.0,4.518063203558183,26.561112280326512,0.17009977407402793,0.0062439284523153294,0.0,0.0,0.0,0.23266343266343265,0.999947625832044,0.019965034045604447,0.27037037037037037,0.1642203125205318,11.997380712890623,0.00822993041426023,,0.0009083473612344094,0.00042906957290418006,0.08938671134754109,0.0062439284523153294
PPOLag,2021-04-01,5.0,0.0,4.050587872824778,23.745991038928246,0.17057944620970084,0.0016400656326150613,0.0,0.0,0.0,0.17612977318403678,0.9999067550006941,0.004666701864443708,0.23703703703703702,0.16397118127618646,10.710009486596059,0.012573713650914276,0.0011777041946852054,,0.00020836682414417936,0.09552473645071247,0.0016400656326149492
PPOLag,2021-04-02,4.0,0.0,3.196855035466202,16.37745192784148,0.1951984748615355,0.0017400994854637046,0.0,0.0,0.0,0.2361786469344609,0.9999981043235223,0.0034152496681386355,0.16666666666666666,0.15840520830655197,13.077348275717807,0.002369603054478349,0.0013559853006695638,,0.00043777643259229875,0.02607133498810805,0.0017400994854636503
PPOLag,2021-04-05,5.0,0.0,3.193515268910944,18.830077448189506,0.1695965253948089,0.0023271459049747597,0.0,0.0,0.0,0.2606060606060606,0.9999752911416188,0.005254522274974943,0.16296296296296295,0.1559457457915414,6.633870306628699,0.0029222795896504915,0.001759128179836908,,,0.00016955272495432436,0.0023271459049747597
PPOLag,2021-04-06,9.0,0.0,3.816699685744143,31.68976811988411,0.12043991316592,0.007616944230604455,0.02222222222222222,0.0,0.0,0.20469945750016558,0.9998638294207864,0.02909820312356795,0.2777777777777778,0.156378647928553,11.980438659667968,0.013027014829549674,,0.0011146732578149756,0.0003176438768921877,0.1294257939550224,0.0076169442306044
PPOLag,2021-04-07,9.0,0.0,5.9662249516704025,33.1444457513055,0.18000793064110496,0.0033544096913187757,0.02222222222222222,0.0,0.0,0.1567240606223657,0.999895667859473,0.01334540593734159,0.30740740740740735,0.15671988127602768,12.971309554979436,0.014740767743011713,0.0011718114651573716,9.866426607922475e-05,0.0007528083492243682,0.10913619196924217,0.003354409691318669
PPOLag,2021-04-08,5.0,0.0,3.4394832769614943,19.409443006558323,0.17720669737356037,0.0019312486986002829,0.0,0.0,0.0,0.16169212690951823,0.9999588971229108,0.004493000752554691,0.12962962962962962,0.15553220619040076,9.20930356527386,0.007708392920513044,0.0007129127970966788,0.0007768183945871616,,0.0494022834183493,0.0019312486986001916
PPOLag,2021-04-09,5.0,0.0,9.296439225121205,58.7641508084831,0.1581993708509315,0.000677661239318713,0.0,0.0,0.0,0.32663607824197055,0.9999856768573661,0.004767219937577595,0.5851851851851849,0.1558520833593017,16.037725643563878,0.0008928019012881958,0.0011557220413777347,0.0006216753671775653,,0.04965212619317726,0.0006776612393187055
PPOLag,2021-04-12,5.0,0.0,5.649840753089121,29.214197968828262,0.19339411845004367,0.0010190819030138972,0.0,0.0,0.0,0.24479166666666666,0.9999764474980353,0.003565262706712459,0.26296296296296295,0.15589774172137064,13.13195658569336,0.002060765039790468,0.0017962698120504474,,0.00024708779636670246,0.6212838462813602,0.0010190819030138061
PPOLag,2021-04-13,6.0,0.0,5.38542735849092,30.608340350904918,0.1759464592812395,0.0012940371017712599,0.0,0.0,0.0,0.21346166835528538,0.9999867510363707,0.004744544657078725,0.3,0.154503991719442,6.651550852101209,0.0035539255142937333,0.0008986980032895631,0.00012520470303331322,0.00017611159387709212,0.09341332281858743,0.001294037101771202
PPOLag,2021-04-14,4.0,0.0,4.774300219256233,30.077428170209124,0.15873356250462747,0.000915855498783553,0.0,0.0,0.0,0.28119699509530016,0.9999734207615291,0.003298460300380597,0.3,0.156818229182439,8.76699438658857,0.0024640635976391424,0.0006694137181545745,0.006510744033468077,5.7861659101045945e-05,0.0834745628956078,0.0009158554987835235
PPOLag,2021-04-15,6.0,0.0,7.102400352308718,44.07065424616845,0.16115942064219932,0.0008466888961537586,0.0,0.0,0.0,0.3014475557664926,0.9999923849466279,0.00446772982271115,0.4296296296296295,0.1578756958527568,15.796644292975648,0.0035662303177255673,0.0005387669363351087,,0.0004438256376747444,0.0001662144449982701,0.0008466888961536176
PPOLag,2021-04-16,6.0,0.0,5.202810171266582,33.18473961067458,0.1567823905190133,0.003999651519461636,0.0,0.0,0.0,0.21978833207225032,0.9999804193096425,0.015942144875854783,0.32592592592592584,0.1571512979050264,12.013174395751951,0.0026948309575129926,0.005225187372638109,0.0021412954120734436,0.0009832822262473035,0.085070439197372,0.003999651519461583
PPOLag,2021-04-19,7.0,0.0,3.961048651145531,20.356613644039502,0.194583691639738,0.0031041310460577284,0.0,0.0,0.0,0.11021097046413501,0.9999485217352815,0.007583007033619087,0.15185185185185185,0.1560369791453316,10.898046297661548,0.009838041816757324,0.002449963556417788,0.002568080811642319,,0.0014392973569648951,0.0031041310460577067
PPOLag,2021-04-20,6.0,0.0,3.582460160469361,20.75655391800196,0.172593762850374,0.0024724183966762132,0.0,0.0,0.0,0.1371746922237806,0.999972855081792,0.006154573707997787,0.19629629629629627,0.1553609374847535,9.811784394052115,0.006038246804794328,0.002045187528059533,0.005796335864079738,0.00011631319812443198,0.18304782817201865,0.0024724183966762132
PPOLag,2021-04-21,7.0,0.0,7.647431760558058,32.069108583160116,0.23846736866655735,0.0018951576980978286,0.0,0.0,0.0,0.150071105365223,0.9999810413210021,0.007284533618941903,0.2814814814814815,0.15593472292797136,11.819854688909668,0.002712673306465081,0.0007155226222348907,0.0020280328577037834,,0.3707089968722373,0.0018951576980977733
PPOLag,2021-04-22,7.0,0.0,5.390181531055333,31.084380217521733,0.17340427288149515,0.001678054129278309,0.0,0.0,0.0,0.2526779163609684,0.9999470554829717,0.006250621972292364,0.2592592592592592,0.15553550416977185,12.225773239015544,0.00321837844139627,0.0011588993997133216,0.0006086805409867458,,0.08831928956461922,0.0016780541292782233
PPOLag,2021-04-23,7.0,0.0,12.674862111233136,76.42881821112178,0.1658377813097231,0.0009435404619315146,0.0,0.0,0.0,0.36280091359279043,0.9999652584779621,0.008635218158326147,0.7518518518518513,0.15550737916782964,18.932771215820313,0.005941540802834666,0.0009318356883909372,0.0003910923306606623,0.001829226852243096,0.022911611659786238,0.0009435404619314798
PPOLag,2021-04-26,4.0,0.0,3.5893255905489525,24.16169665832977,0.14855401472072116,0.0021188345793676554,0.0,0.0,0.0,0.2780487804878049,0.9999639096061961,0.006137497508102327,0.21111111111111108,0.15581033121634394,13.09247400512695,0.010641136689115663,0.001517043083556391,,,-0.000718817349754985,0.002118834579367509
PPOLag,2021-04-27,5.0,0.0,8.89938210204605,56.57881102231431,0.15729221224051612,0.0005685993479304465,0.0,0.0,0.0,0.31604496817012057,0.9999965259985911,0.003850816778070018,0.5925925925925922,0.15457144163519843,12.71180642999589,0.0016735950647521966,0.002246749772319827,0.00040040490165989143,4.5193881251314176e-05,0.03401677040425997,0.0005685993479303995
PPOLag,2021-04-28,8.0,0.0,8.031936760022827,60.03465328561667,0.1337884916373468,0.004070118022284934,0.0,0.0,0.0,0.31203043476697484,0.9999530697824319,0.02935120397141101,0.6333333333333327,0.15617447706972598,12.931296618652343,0.004007237412717888,0.004897019103347071,0.0012963774698445212,0.0016203912237278152,0.15693266363973443,0.004070118022284889
PPOLag,2021-04-29,7.0,0.0,8.15947585619795,53.820076491132,0.15159419554402787,0.0052845065033083885,0.0,0.0,0.0,0.330372211923898,0.9999549983395045,0.034205468175386756,0.533333333333333,0.1549381083653619,12.916117147223849,0.00470058702835635,0.0068205677469572405,0.006389968752371605,0.00038132169887274386,0.06573619778714382,0.005284506503308306
PPOLag,2021-04-30,8.0,0.0,9.53442626654622,66.08714818769631,0.14427084857228167,0.006327837437657044,0.0,0.0,0.0,0.33043478260869563,0.9999681145654504,0.05034714820249873,0.6666666666666661,0.15631120004400145,12.488430877685548,0.006441549927659942,0.001224430075246172,0.01169006197076101,0.0004023185164759831,0.02991183265830885,0.006327837437656977
PPOLag,2021-05-03,6.0,0.0,2.9523312456411155,17.877384725247317,0.16514067273906566,0.002322410555984356,0.0,0.0,0.0,0.10380653828929691,0.9999744607338954,0.0049784991479575194,0.15555555555555553,0.15473897498547257,6.635595648868791,0.006813744654763899,0.0016069941534465754,0.0004419972375312135,0.0001567766636424715,0.010889295891785854,0.0023224105559842565
PPOLag,2021-05-04,11.0,0.0,15.025778450851998,83.34399824871116,0.1802826880947005,0.0046695139581874835,0.0,0.0,0.0,0.34053618297712784,0.9999683524913161,0.04677613959978401,0.8629629629629623,0.15578472293782397,17.65762306471727,0.004536478065097308,0.007031665583823152,0.0008314897457353295,,0.012943944700593384,0.004669513958187431
PPOLag,2021-05-05,8.0,0.0,8.582240018959931,47.52237837737622,0.18058721103296277,0.0010220853592269351,0.0,0.0,0.0,0.15419328036558133,0.9999985015587735,0.005816679274460078,0.3629629629629629,0.15289600620841762,16.889879208221437,0.0016411201761896738,0.001290237905083304,0.0011293742744880948,0.0007088023466763165,0.431352575385534,0.0010220853592268792
PPOLag,2021-05-06,6.0,0.0,3.976799989872597,38.28919088158856,0.1038620711499686,0.006017733662455371,0.0,0.0,0.0,0.292987012987013,0.9999168666165568,0.02773168061492425,0.3703703703703702,0.15586085416240775,18.366152044677733,0.014618066402598407,0.0007446257183564358,0.0009641418842702632,0.0020412711838313008,0.0012551061011412297,0.006017733662455279
PPOLag,2021-05-07,6.0,0.0,8.052032643156569,71.64549712599185,0.11238872324131169,0.0006486480222078621,0.0,0.0,0.0,0.31023504273504277,0.9999973408737011,0.0055632101286120115,0.6444444444444443,0.15489132080498771,24.223170489501953,0.003474665917707089,0.00015286559924724083,0.0006072305901372458,0.0004912784373206355,0.13020221125677456,0.0006486480222078249
PPOLag,2021-05-10,5.0,0.0,11.334883643355303,70.45855281626719,0.1608732851349672,0.0005028397272506854,0.0,0.0,0.0,0.3666495754468263,0.9999875639896066,0.004240600961605606,0.6592592592592589,0.15562022499580053,18.832289007568356,0.007187456889575239,0.000329679909447412,0.0011749089446378245,0.0001215501863351574,0.10175025025788528,0.000502839727250635
PPOLag,2021-05-11,8.0,0.0,5.959653925756104,35.40169062445896,0.16834285008531472,0.0013909163504849584,0.0,0.0,0.0,0.11692218989962525,0.999979371864659,0.005898956206935457,0.29259259259259257,0.15414904792123707,10.972178416922242,0.002988145598489895,0.003494556397328866,0.0012195420805572025,0.0008294110116431785,0.6194542869473074,0.0013909163504848832
PPOLag,2021-05-12,11.0,0.0,14.485634474259143,76.7669476141482,0.18869839858267873,0.0013276143289466726,0.0,0.0,0.0,0.23200613043497978,0.9999866418327812,0.012208683474547824,0.7111111111111106,0.15291224165897196,15.710175250272162,0.005882550788426588,0.0008499056375727836,0.0005222752873584183,0.0001334710914807499,0.3865962535745086,0.0013276143289466032
PPOLag,2021-05-13,5.0,0.0,4.304065136425517,25.749226427224194,0.16716028546103182,0.0008448866080402496,0.0,0.0,0.0,0.1224780144615986,0.9999926970754155,0.0026048058942246934,0.17777777777777776,0.15279340420117174,10.400198764419555,0.005046891567870297,0.0015118867891867893,0.0004452250142361636,5.2072674958318436e-05,0.3185022762528099,0.0008448866080401117
PPOLag,2021-05-14,10.0,0.0,12.632332055597924,80.8292726789771,0.1562702406403847,0.004859737528598704,0.02,0.0,0.0,0.42588136148696104,0.9998015934578259,0.04722183522710514,0.8111111111111107,0.15283784793306648,19.09846908569336,0.011105966249537204,0.005073460934809028,0.018945428111929143,0.0001593357440150363,0.05227991846630401,0.004859737528598628
PPOLag,2021-05-17,3.0,0.0,6.694824791872404,30.9479992463017,0.2163228928488674,0.0004199074221861346,0.0,0.0,0.0,0.15518714689265536,0.9999997802611149,0.0015553000961673151,0.16296296296296298,0.1538807291581179,8.727337804012944,,0.0003615316758047434,9.804209143751135e-05,0.0006217912934191371,0.4833657688367731,0.00041990742218599115
PPOLag,2021-05-18,6.0,0.0,10.275626238376098,62.838215922293614,0.1635232043571944,0.0008869538860049465,0.0,0.0,0.0,0.3526120660599933,0.9999881331918525,0.006673534807579709,0.5296296296296292,0.15429653124859516,13.374948007358364,0.0019051855617391422,,0.001392827836952707,0.000337488103732875,0.09268569913951806,0.0008869538860049182
PPOLag,2021-05-19,11.0,0.0,13.805042581549747,81.00748133394484,0.1704188062682353,0.0028743942843536254,0.0,0.0,0.0,0.27131659400495667,0.9999505343382818,0.027936196378049706,0.6851851851851847,0.1539341145871731,13.384465614835056,0.002668062739961933,0.004548256812459797,0.0012717358284807362,0.0007613287649476408,0.21722015227442776,0.002874394284353571
PPOLag,2021-05-20,8.0,0.0,8.0893131306505,46.053902234723196,0.17564480475993022,0.0016712788640350599,0.0,0.0,0.0,0.23312347216456802,0.9999862404731905,0.009223323941853455,0.42222222222222194,0.15550234587256756,11.736359650669531,0.002782933682720501,0.0009119704296785481,0.0002063762244058861,0.0035032148405535653,0.5932228203602471,0.0016712788640349443
PPOLag,2021-05-21,7.0,0.0,6.263785188973742,42.685111333390594,0.14674264161380485,0.0014711487463603566,0.0,0.0,0.0,0.18381352442138207,0.9999829655091927,0.007523467659469737,0.4259259259259257,0.15521658124271198,12.239121035448628,0.00383686663433624,0.0018158761492544078,0.00041824863186699305,0.0009886859740776469,0.26226370255543124,0.0014711487463602527
PPOLag,2021-05-24,12.0,0.0,9.809250373088783,71.56818707546218,0.13706094717448475,0.001587747614991468,0.016666666666666666,0.0,0.0,0.2978838931955211,0.9998664834490734,0.013615614822989574,0.6592592592592588,0.15299123545749657,13.091628738401397,0.008681401580992964,0.000941274106379519,0.00048648482910549674,0.00011685853840981051,0.1870355815518887,0.001587747614991406
PPOLag,2021-05-25,11.0,0.0,26.2921375341299,140.40286981692378,0.18726443842466395,0.0036201782878529007,0.0,0.0,0.0,0.3308610997177118,0.9999676403350787,0.06102765672192576,1.3444444444444443,0.15482603957934768,24.666071723086333,0.0021748427667245365,0.003214233085236623,0.00810546482857708,0.00035805261269527953,0.10610046859850404,0.003620178287852869
PPOLag,2021-05-26,5.0,0.0,5.061864576779088,26.847864443633433,0.1885392310484738,0.0013441287147215064,0.0,0.0,0.0,0.1616781510192363,0.9999940816485585,0.004322952046526502,0.2,0.15060147085629677,9.87054088860342,0.0027210636111221305,,0.0011286383442016116,,0.3554555104175358,0.0013441287147214567
PPOLag,2021-05-27,5.0,0.0,8.388817408116036,37.648898248994634,0.22280978274240731,0.0010375119668161134,0.0,0.0,0.0,0.17126202603282398,0.9999777602446539,0.004677802435074606,0.26296296296296295,0.15167500417495222,9.151692240386556,0.0025391859903161284,,0.0009064626081025701,,0.5508367290268611,0.0010375119668160897
PPOLag,2021-05-28,6.0,0.0,6.26727724049453,44.080536210513486,0.1421777636533954,0.0011434997957560505,0.0,0.0,0.0,0.2015062589176706,0.99998162891477,0.006037060548167685,0.4148148148148145,0.1515058145741932,17.98365687866211,0.005782814160949364,0.0003737182124439474,0.0011643565192978988,,0.3528054174381036,0.0011434997957560304
PPOLag,2021-05-31,2.0,0.0,1.290593371073567,6.878017446310778,0.18763989149837024,0.004340265444299586,0.0,0.0,0.0,0.6666666666666666,0.9999972848221255,0.003586858917241499,0.07407407407407407,0.1507976583222141,6.604792504882812,0.004340265444299586,,,,-0.00023380252225949053,0.004340265444299522
PPOLag,2021-06-01,9.0,0.0,7.679134503310746,49.88918035790435,0.1539233010919396,0.0025954065874097647,0.02222222222222222,0.0,0.0,0.25607568260949237,0.9998922020091323,0.015530522978012972,0.47037037037037016,0.15213819372850898,13.025804521141868,0.00435177056336452,0.0005934254878093737,0.0017878167645718368,,0.07826428652850329,0.0025954065874096936
PPOLag,2021-06-02,11.0,0.0,10.991745709900448,75.99670538318372,0.14463523036642126,0.0012392348216776494,0.01818181818181818,0.0,0.0,0.31761632855724214,0.9999202562531627,0.011280609672410504,0.6259259259259256,0.15264739586200446,28.047755302047726,0.0028323775712667614,0.0009735273081680339,0.0008283461628663228,0.00048645389363227,0.039704790439984775,0.0012392348216776028
PPOLag,2021-06-03,6.0,0.0,11.742779672025893,64.5714392342748,0.18185429135135397,0.001894468818208713,0.0,0.0,0.0,0.3815533980582525,0.9999736259097572,0.014662132495378191,0.681481481481481,0.15134730829231555,12.44064302368164,0.007401276828726336,0.0008515555102546404,,0.00021196220776062373,0.16406902136258275,0.0018944688182086855
PPOLag,2021-06-04,6.0,0.0,7.549113649660076,33.94662098813008,0.22238189339751857,0.0018341912984774014,0.0,0.0,0.0,0.24235294117647058,0.999979400455367,0.007462496910026231,0.31481481481481477,0.15193914999448072,12.450487712239559,0.012086767788498615,0.0015188351047188177,,0.00039431178679148374,0.04693813164277766,0.0018341912984773231
PPOLag,2021-06-07,8.0,0.0,5.330214651278098,37.019130091540625,0.14398509442996013,0.0031739211153128228,0.0,0.0,0.0,0.20512820512820515,0.9999619537449032,0.014100958050900846,0.35555555555555546,0.15140902917967955,15.740149940063821,0.007931122253154479,0.001298898755923807,0.0022959939772461586,0.0003520945875877473,-0.00012502763162068175,0.003173921115312775
PPOLag,2021-06-08,5.0,0.0,2.3854843350642043,21.19119379003689,0.11256958574704126,0.0027673510570875312,0.0,0.0,0.0,0.25896774193548383,0.9999710872833714,0.007035077142949807,0.2148148148148148,0.15132248123942799,6.6264067145004075,0.005803132757460743,0.0013408626166257806,0.007604547893387008,,-0.00010971684751580357,0.0027673510570874896
PPOLag,2021-06-09,10.0,0.0,9.753185992955395,55.96223547058362,0.1742816639659482,0.005239606260845526,0.0,0.0,0.0,0.23138550912946973,0.9999218294608203,0.03526313300938806,0.5407407407407405,0.15060555412370982,12.285964876589222,0.009782648758152523,0.0012751271749019623,0.0016772662610442801,0.002234041016520747,0.03214347215730533,0.005239606260845478
PPOLag,2021-06-10,6.0,0.0,7.769875046012054,50.35350949704097,0.15430734779377997,0.0029402895520779467,0.03333333333333333,0.0,0.0,0.2914684167350287,0.9998323865184778,0.017764146761216168,0.5185185185185182,0.15179652500592053,11.975459305488457,0.012344376481560726,0.0009620167852768677,0.0006634289528743058,,0.04011456783115722,0.002940289552077929
PPOLag,2021-06-11,11.0,0.0,13.240248345443586,81.08428413932356,0.16328941627484445,0.002113269920700408,0.0,0.0,0.0,0.2478134188719594,0.999978523850292,0.020542631831044333,0.7555555555555549,0.15170034994298476,13.647256853565892,0.009702364603678484,0.0016541039151940647,0.0006129989100441815,0.0017566956298317167,0.048731882611966044,0.0021132699207003316
PPOLag,2021-06-14,10.0,0.0,12.299215781741712,85.88640293236168,0.1432029542827205,0.0014718364391235206,0.0,0.0,0.0,0.2848461734045258,0.9999813229002017,0.015145001404089729,0.8851851851851846,0.1520356770621826,17.91700990195734,0.004912169996047207,0.001752557417553511,0.00033919061155769057,0.0012007293630398928,0.014561712207165834,0.0014718364391234843
PPOLag,2021-06-15,9.0,0.0,4.776440573668497,45.1337420576826,0.10582712976345296,0.002150249658804517,0.0,0.0,0.0,0.19089456427955132,0.9999697171258933,0.011635116809849244,0.40370370370370356,0.1525440083241847,13.124535613173572,0.0031729844232945017,,0.0009596176409595074,9.576689471634759e-05,0.10875069365283094,0.0021502496588043794
PPOLag,2021-06-16,10.0,0.0,8.130124214257298,48.66332837566589,0.1670686351145551,0.002861947510073424,0.04,0.0,0.0,0.17156075682195085,0.9998527260351147,0.0167091307275961,0.45185185185185156,0.15367204793316586,14.488686560996769,0.006437660775367328,0.0011773309127651567,0.0008876966549107223,0.00040752533377387513,0.34696979100169345,0.002861947510073315
PPOLag,2021-06-17,11.0,0.0,10.298227421197447,68.03557488056622,0.1513658084391892,0.0050660278937992315,0.03636363636363636,0.0,0.0,0.2754911433172303,0.9998053189056602,0.04144336871295825,0.6037037037037033,0.15277248339771177,14.255971164972427,0.00859754708306909,0.00112069003359372,0.0007450736901204672,0.0012680368895277789,0.09575376503134528,0.0050660278937991925
PPOLag,2021-06-18,8.0,0.0,14.451180434319664,95.91090239358336,0.15067308151445963,0.001167403709701265,0.0,0.0,0.0,0.49440950384346605,0.9999764292064228,0.013410408684125744,0.9777777777777775,0.15269158120645443,24.512665905761715,0.01061756053485624,0.0007893088203712727,0.0003163098168551458,,0.008517307841648312,0.0011674037097012372
PPOLag,2021-06-21,8.0,0.0,9.149783921460967,42.68249059820105,0.21436898826977663,0.0037697087526596894,0.025,0.0,0.0,0.24815031152647973,0.9998955706875382,0.01932161760273295,0.42222222222222217,0.15251441039557295,17.869605357122175,0.00786810052601265,0.0004461408928706061,0.001975079616906232,0.00010290852940137485,0.04755619064909632,0.003769708752659586
PPOLag,2021-06-22,12.0,0.0,12.883578645318986,68.50400574774179,0.1880704509140559,0.0015303276867205896,0.0,0.0,0.0,0.2411309523809524,0.9999746912085037,0.012560623457359674,0.6518518518518516,0.15205225627141772,17.958022404732226,0.0023199073905767484,0.0015839010733693364,0.0007504145656571419,,0.08386835163355512,0.001530327686720512
PPOLag,2021-06-23,14.0,0.0,21.975216265753907,119.52837434823243,0.18384911880827345,0.0010081626404530447,0.0,0.0,0.0,0.2593403037184428,0.9999610767455225,0.014430631719796468,1.1777777777777776,0.15254157915478572,19.82651610737713,0.0030768877946789003,0.0008716744541893993,0.0007082934086209866,0.0013083391720237088,0.09931257483510943,0.0010081626404530003
PPOLag,2021-06-24,11.0,0.0,9.51949733277162,65.66597444536049,0.14496878511875017,0.0011868087527306711,0.01818181818181818,0.0,0.0,0.21477281191806333,0.9998816815129427,0.009334316774672072,0.6629629629629625,0.15097082914508064,14.646728708446537,0.0038466770056046957,0.002137833827628465,0.0009114849389234868,0.00018240115583216082,0.12171277155559246,0.0011868087527305766
PPOLag,2021-06-25,9.0,0.0,4.694517672009474,36.27135706860132,0.12942881914121135,0.002355610512382248,0.0,0.0,0.0,0.17705110173464603,0.9999489901830874,0.010245595282418555,0.32962962962962955,0.15135659799246542,12.92209878540039,0.0029605936660299435,0.00731999086487817,0.0010719503491250398,,0.1153834871665874,0.0023556105123822236
PPOLag,2021-06-28,11.0,0.0,21.03536732644158,128.6038937207014,0.16356736990910647,0.005006586249225206,0.01818181818181818,0.0,0.0,0.39845659034157654,0.9998897276468703,0.07741431736486024,1.3555555555555556,0.15006423752007927,25.118868119613772,0.0057996522319162715,0.0011533895351468694,0.009010307866469357,0.0001897599089813405,0.003244640186834332,0.005006586249225178
PPOLag,2021-06-29,15.0,0.0,10.418835402730867,87.07841083432996,0.11964872013305143,0.00515925015046312,0.013333333333333332,0.0,0.0,0.3337253848907984,0.9999188279858041,0.054024304980535384,0.8851851851851846,0.15196753544538902,19.66864459092819,0.005513078260171082,0.005425109271984063,0.014054802412789238,4.225584563940179e-05,0.0024497787645537347,0.0051592501504630645
PPOLag,2021-06-30,12.0,0.0,13.377464746962854,89.04362723808467,0.15023613242738681,0.0036073312212174754,0.0,0.0,0.0,0.27934552575886795,0.9999364083581501,0.03856594821446755,0.8740740740740733,0.15129756875467137,18.409818378677805,0.004616133074575185,0.008148569391807933,0.0007166613388364926,0.0014928706026928749,0.09010710858426864,0.0036073312212174555
PPOLag,2021-07-01,13.0,0.0,14.633767681452653,91.07038437566094,0.16068643045163228,0.0013336216371946266,0.0,0.0,0.0,0.2873804080941495,0.9999714832813466,0.014549063742369217,0.8962962962962958,0.1529053791273327,18.754307498147632,0.0039057865432581182,0.0007586023608410336,0.000562816685498353,0.0021722457810340497,0.006593123105725272,0.0013336216371945585
PPOLag,2021-07-02,10.0,0.0,4.395626261866453,33.933551749776626,0.12953607732684452,0.003039288134188506,0.0,0.0,0.0,0.12499113975558854,0.9999666321553553,0.01237567289496701,0.2851851851851852,0.1535137166683853,15.08546227047276,0.00754994229313013,0.0019184741368125063,0.0013895024450707612,,0.10692738636700726,0.0030392881341884145
PPOLag,2021-07-05,1.0,0.0,0.916615815864563,9.909360171508789,0.0925,0.007475944360097265,0.0,0.0,0.0,1.0,1.0,0.008929277245030646,0.11111111111111112,0.15089201245549097,6.624712878417968,0.007475944360097265,,,,-1.5003013846285896e-16,0.007475944360097265
PPOLag,2021-07-06,14.0,0.0,10.429556189319559,67.92995253234729,0.15353416008174078,0.0012944730461454594,0.0,0.0,0.0,0.18557342445304847,0.9999625527211528,0.010533253643918999,0.6407407407407402,0.15191380416581526,18.63528727416992,0.0030176266164231576,0.0008164874162034681,0.000582014800433772,0.006894183426464691,0.030451098333743626,0.0012944730461454334
PPOLag,2021-07-07,14.0,0.0,14.053635881971294,103.92207039178683,0.13523208858567454,0.002054329033313882,0.014285714285714285,0.0,0.0,0.2964798133172759,0.9999289276438084,0.025592727329917853,1.0555555555555551,0.15182508544360945,24.30286506918589,0.00836252102152335,0.0014227957592746916,0.0005998058888592762,0.0017753350581207056,0.05292586815882396,0.002054329033313848
PPOLag,2021-07-08,12.0,0.0,14.243307012020669,88.63727693883592,0.16069140379641794,0.002921617840467856,0.0,0.0,0.0,0.28260726801631036,0.9999755846162675,0.031071068379457268,0.8629629629629623,0.1511787312362382,18.797265138198146,0.004975473706901648,0.004651906774612282,0.0009334242196111592,0.0004949065599327635,0.08220166822582299,0.002921617840467826
PPOLag,2021-07-09,10.0,0.0,8.386680311593565,48.67462001414103,0.17229936288740966,0.0015257745976117207,0.0,0.0,0.0,0.17937932112237362,0.9999566814711607,0.008898191798113162,0.459259259259259,0.1508619812739198,12.224069913287902,0.0033668497293506605,0.0008122792254511753,0.0010833702246391657,0.0025854051521526132,0.27844665727993906,0.0015257745976116296
PPOLag,2021-07-12,13.0,0.0,21.54689746611592,138.99724708620633,0.1550167702215109,0.001313068787136521,0.0,0.0,0.0,0.3349498708795382,0.9999821088364833,0.02186301153730505,1.3666666666666658,0.15319496460506343,23.613911901029716,0.006948931801854888,0.0008887096948937835,0.00046101630016925633,0.0017754947820743535,0.019242764849678004,0.0013130687871364317
PPOLag,2021-07-13,15.0,0.0,21.61926924769427,137.50005140111685,0.15722991151060486,0.000849812151719186,0.013333333333333332,0.0,0.0,0.2640333409628443,0.9999328523161684,0.01399074027589083,1.262962962962963,0.15153793544110766,29.27710883358396,0.0025124814490988813,0.001263488552268566,0.0006618885156468757,0.00038488832554114743,0.11033279424275023,0.000849812151719186
PPOLag,2021-07-14,15.0,0.0,12.660771925962504,81.21542636641229,0.15589504770776946,0.006052791991037777,0.0,0.0,0.0,0.1912260978234122,0.9999340059210562,0.05916660277084838,0.7592592592592589,0.15298480833128753,18.889103325394153,0.005503608595107788,0.01027917692019862,0.002269674101007987,0.0009929589184963657,0.16051887137467258,0.0060527919910377224
PPOLag,2021-07-15,18.0,0.0,27.601712985246063,134.08572048045207,0.2058533180360666,0.0035839093956060416,0.0,0.0,0.0,0.3032484802431611,0.9999521431531857,0.057695839079498004,1.2370370370370374,0.15208915004526108,22.705888573667167,0.006814174646334943,0.003334877701430107,0.0021593412793329825,0.0003747282582224489,0.053116752251194235,0.0035839093956059856
PPOLag,2021-07-16,14.0,0.0,18.007654977436324,119.04477684874094,0.1512550459583356,0.001762803666588996,0.0,0.0,0.0,0.20292154878004748,0.9999671881182758,0.025149318171949847,0.9222222222222218,0.1542355917081295,25.51357073450033,0.008110027728913822,0.0008573794975374487,0.0006773135793709502,0.00035401512525508186,0.2043078160089506,0.0017628036665889514
PPOLag,2021-07-19,16.0,0.0,23.18995979530265,146.68800364265246,0.15809018566468164,0.001388750628676484,0.0,0.0,0.0,0.3428487813035662,0.9999674769210618,0.024404397260383837,1.4962962962962967,0.1530552104062129,19.6712440090764,0.004955583242570359,0.0011339370787484216,0.002823317984639986,0.00031922666546964286,0.050026891574645384,0.0013887506286764477
PPOLag,2021-07-20,21.0,0.0,22.021280126132424,149.52512047105165,0.14727431185912734,0.003484748406832313,0.019047619047619046,0.0,0.0,0.3279171934492523,0.9997572292312398,0.06255288053468495,1.4925925925925927,0.15478376869092852,34.17587794331768,0.010316296520287834,0.0016010861727581475,0.0007447348456575852,0.0004152815298076932,0.020396914666017466,0.003484748406832295
PPOLag,2021-07-21,12.0,0.0,7.970120284801832,59.899781780845515,0.1330577623235402,0.004242676737669338,0.0,0.0,0.0,0.24688424706278952,0.9999698370597203,0.03053214723461751,0.5296296296296292,0.1554240458366015,15.978761330358585,0.007879069984755363,0.0016322577103646233,0.001152344650233408,,0.050809831915235436,0.004242676737669279
PPOLag,2021-07-22,17.0,0.0,25.140822513296605,167.06280387473043,0.15048749886793789,0.0036926809393349755,0.058823529411764705,0.0,0.0,0.4057399565928943,0.9994709918715478,0.07407538281737966,1.5629629629629636,0.15714140627096637,34.612,0.021624199564519116,0.0008272506928889105,0.000595095939970114,0.00011072123590789669,0.09201443978826819,0.003692680939334933
PPOLag,2021-07-23,13.0,0.0,8.491326121860187,62.157784293512165,0.1366098362659532,0.006556318029788881,0.0,0.0,0.0,0.27413056292366633,0.9999154098540022,0.04907473453836972,0.5777777777777776,0.1532717020684989,13.068003472900392,0.012629979682169657,0.001029882622309949,0.004809801373203229,,0.08253736473728134,0.006556318029788796
PPOLag,2021-07-26,14.0,0.0,8.016863390435372,53.749164925872705,0.1491530602909557,0.004147167549094773,0.02857142857142857,0.0,0.0,0.18322593384893865,0.9998574444758273,0.02677773341505682,0.5222222222222219,0.15331649371243353,13.135377170692498,0.010953477042670115,0.0008006616264313928,0.005072616877601515,,0.011306528958448189,0.0041471675490947
PPOLag,2021-07-27,15.0,0.0,19.42964198829833,127.5407811679459,0.15233939744300468,0.0025512355185788272,0.0,0.0,0.0,0.3541257668526544,0.9999733276739843,0.03902605947907253,1.2888888888888888,0.1529927082932166,16.825547196496434,0.006732467671001917,0.001183955491355931,0.001620867690184314,0.00012614107666940016,0.04040448250314064,0.0025512355185788064
PPOLag,2021-07-28,12.0,0.0,18.789025474289303,112.280160036695,0.16733896380013047,0.004996632194046696,0.0,0.0,0.0,0.34296147232772134,0.9999305889530022,0.06745304010804146,1.1222222222222222,0.15125338544142625,27.68192119595516,0.003131096762148055,0.0022487556194019506,0.005638207635278292,0.0024631947156799235,0.02962271125591939,0.004996632194046681
PPOLag,2021-07-29,13.0,0.0,9.856236481558076,79.48626337499516,0.12399780671515111,0.0017047628168700697,0.0,0.0,0.0,0.257929675789113,0.9999891889454627,0.016238380737367494,0.7777777777777771,0.15069418335163695,18.428614082315036,0.003792895744287708,0.0009783512919753147,0.0014090477462575242,0.0006946117303257855,0.1265511470515987,0.0017047628168699916
PPOLag,2021-07-30,16.0,0.0,11.264442110695548,80.95577469222084,0.13913965192009853,0.002786643686767493,0.0125,0.0,0.0,0.1640199969263314,0.999898396387924,0.027063680685379638,0.7185185185185181,0.1527013874995949,21.020063583088056,0.01228617560524487,0.0007292982758471107,0.000994373100091823,0.0008000452903167594,0.06494500837805185,0.002786643686767438
PPOLag,2021-08-02,14.0,0.0,27.57961798267674,165.58262434853822,0.1665455544393414,0.004134093050230306,0.0,0.0,0.0,0.29448998293424256,0.9999562024373615,0.08223180415409878,1.5333333333333337,0.15264287912941657,31.93211464302093,0.003919978470357866,0.0007629853737633172,0.011898188824579051,0.0005341550908594391,0.0760707107948243,0.004134093050230274
PPOLag,2021-08-03,19.0,0.0,20.86106039806851,149.1495110487702,0.13986364493566045,0.0014694411238596748,0.0,0.0,0.0,0.25453552869981405,0.9999881040067781,0.02625779999318168,1.3592592592592598,0.14967222293004548,27.672345912331714,0.004131122881652181,0.0018278497768842224,0.000431666824386283,0.0007332301808734248,0.11513984897944235,0.0014694411238596213
PPOLag,2021-08-04,19.0,0.0,21.506733377888583,134.502772042508,0.15989535158560003,0.004173585878093619,0.0,0.0,0.0,0.319015209389541,0.9999400934804192,0.06743768009186094,1.3444444444444452,0.15329869790245235,15.600887043188616,0.005613938863948901,0.0009307550381342352,0.004170649010811095,,0.05023361029009836,0.004173585878093593
PPOLag,2021-08-05,12.0,0.0,14.156345330059404,96.88860113399109,0.14610910971549623,0.005669059903007161,0.0,0.0,0.0,0.34498723226654515,0.9999677190911218,0.06608432415431266,0.9703703703703697,0.14997491249838885,22.910111765555428,0.006359586749875282,0.0007215165645878166,0.010024467455120863,0.001691505403477332,0.11783735145496822,0.005669059903007097
PPOLag,2021-08-06,12.0,0.0,16.322066299916617,90.00741840910207,0.18134165623758497,0.0019912137103788082,0.0,0.0,0.0,0.2725918043309347,0.9999544573614398,0.021483621279324176,0.8740740740740737,0.1522955708423979,20.047930759634124,0.006377859890700416,0.0007691822612079476,0.0005690141186527152,0.011510051081212483,0.037182157946534344,0.0019912137103787688
PPOLag,2021-08-09,11.0,0.0,21.75340772906331,133.1949761072922,0.16331852528507965,0.007148679075598266,0.0,0.0,0.0,0.3787849863118427,0.9999430897490926,0.11472950013492897,1.3962962962962968,0.15003211456132703,29.953608330411374,0.008477073245578387,0.014012188205452813,0.004604150894599428,0.0022799222681212355,0.006099984247715318,0.007148679075598246
PPOLag,2021-08-10,19.0,0.0,16.166845863593103,110.93755112387616,0.14572789159963134,0.0024050076536471015,0.0,0.0,0.0,0.21020358106450826,0.9999781628058125,0.031995319426523686,1.0222222222222217,0.15240190835659934,24.148572847585825,0.003556235875575322,0.00333569607639915,0.0006534292347646992,0.0023167929968993663,0.1300944086133715,0.0024050076536470694
PPOLag,2021-08-11,18.0,0.0,17.64914132476387,137.31643523494395,0.1285290180027129,0.002304550708653398,0.0,0.0,0.0,0.2849783883147854,0.9999174397396466,0.03794516723662765,1.3037037037037031,0.1532837687288217,23.28326645206471,0.007421910573709658,0.0007102753520116517,0.0038085840518317484,0.0004308299884771688,0.030457261552283853,0.0023045507086533303
PPOLag,2021-08-12,22.0,0.0,15.523779587237403,136.67716088722494,0.1135798582806599,0.003316797777142267,0.0,0.0,0.0,0.23675258822606823,0.999949408218359,0.054413101081103844,1.3148148148148149,0.1538462666758278,24.33157819896053,0.0069312908891370414,0.0016251509768632731,0.0008873110149799017,0.0008843671098105775,0.0025223885533870553,0.0033167977771422024
PPOLag,2021-08-13,16.0,0.0,11.889769233943937,87.72837166550552,0.13552656007448113,0.0018730539917227347,0.0,0.0,0.0,0.18047850820108124,0.9999361516292989,0.01969474014124939,0.7740740740740735,0.15137856040989087,19.61196051635742,0.007508478397624837,0.0013469234975558883,0.001788443371173507,0.0005390576017489334,0.17708668659530344,0.0018730539917227043
PPOLag,2021-08-16,16.0,0.0,17.486650476027744,126.254993348104,0.13850152096784052,0.004996545420769409,0.0125,0.0,0.0,0.2857396123561478,0.9999291255507419,0.07584718880212424,1.2851851851851854,0.15191501667383514,30.997189508792623,0.0036931195058125484,0.001015822862281733,0.0070769809595995405,0.0027604842571394674,0.009627021011943104,0.004996545420769381
PPOLag,2021-08-17,20.0,0.0,19.322700585920263,134.3543314450723,0.14381911530752572,0.001617487701213622,0.0,0.0,0.0,0.2355809028108335,0.9999796343791638,0.02604002315198948,1.3185185185185189,0.15298393961226492,29.482518956768985,0.003569686349734008,0.0024740139839719453,0.0005336355625298289,0.0010694302212485175,0.0030454866889450282,0.0016174877012135758
PPOLag,2021-08-18,20.0,0.0,19.662370582258333,141.67572859933668,0.13878317313458374,0.002388982858594647,0.01,0.0,0.0,0.19587155340875348,0.999929613077472,0.04058755824912018,1.2259259259259265,0.15249513956708446,33.11378927317797,0.007591042789858465,0.006140799081562847,0.0009157694119934678,0.001788032603118705,0.024808822808054663,0.002388982858594622
PPOLag,2021-08-19,17.0,0.0,21.05316770033422,127.6370849960794,0.1649435060486158,0.0018587583405389962,0.0,0.0,0.0,0.22988905054960768,0.9999581014653947,0.02843501613863858,1.2222222222222219,0.154424564607325,30.684358861354507,0.008572113323392506,0.003342089226290731,0.001422585754382723,0.0005374316155714201,0.07209922726773997,0.0018587583405389823
PPOLag,2021-08-20,13.0,0.0,11.321898241452917,75.58179950856487,0.1497974440537782,0.0011919929621938114,0.0,0.0,0.0,0.1862372715004294,0.9999611351218011,0.010790823129001367,0.6370370370370367,0.15800130204297602,21.63442248006437,0.004205212152083663,0.0006683283299594282,0.009910612731720374,0.0007982533170194032,0.18422682496892478,0.0011919929621937292
PPOLag,2021-08-23,14.0,0.0,26.030494569936742,146.40970550289111,0.17779136720390937,0.0015685650683508307,0.0,0.0,0.0,0.31888114209827356,0.9999706408882559,0.02751692076220379,1.4148148148148145,0.15799462086458033,25.132306319818948,0.001984848414655243,0.004309737002956505,0.0007589147923862084,0.00043884101442511126,0.011206667892794614,0.0015685650683508125
PPOLag,2021-08-24,20.0,0.0,34.24872742763533,185.79134437175014,0.18434437860012873,0.0016263588737404251,0.01,0.0,0.0,0.32231113758320484,0.9999196332461509,0.036207157259791664,1.7333333333333338,0.15791545001775376,27.972536427653857,0.007705560183915184,0.0005708356627210263,0.00029425531583335426,0.000936880628664727,0.06043118979972939,0.0016263588737404013
PPOLag,2021-08-25,17.0,0.0,24.390566475666343,148.5030956809139,0.16424131572982764,0.0017001285264869478,0.0,0.0,0.0,0.3107767191383596,0.9999672570267955,0.0302553317489762,1.4000000000000006,0.1558585895509168,26.320005659306247,0.005900986245523871,0.0008934971420157993,0.0005843477779830409,0.0009879939800030244,0.054134379681946794,0.001700128526486906
PPOLag,2021-08-26,16.0,0.0,8.695452310480116,64.30841438856649,0.13521517427692462,0.002630131384868143,0.0125,0.0,0.0,0.18629360665160824,0.9999318454026191,0.020287786930195867,0.6148148148148144,0.15466527499180907,19.86057323250258,0.004673617831097429,0.0015778252330514303,0.0006303715666181049,0.001151608821365362,0.09079376677453026,0.0026301313848681018
PPOLag,2021-08-27,20.0,0.0,22.638909040828956,136.8107998878478,0.1654718583997305,0.004085258365257747,0.0,0.0,0.0,0.22846470220494525,0.999947011745842,0.06713723063412927,1.2296296296296299,0.15406223747049808,26.08863312588685,0.005666061372012903,0.00139574224651141,0.008123213071319723,0.0012350458267835918,0.10148845663236529,0.004085258365257695
PPOLag,2021-08-30,17.0,0.0,38.678599913594844,237.59548500793386,0.16278862851117398,0.0026885734820353184,0.0,0.0,0.0,0.29909146858051966,0.9999475176360132,0.0766257914739288,2.144444444444445,0.15623550622573626,34.593163749066576,0.0022172198669907577,0.0009097750855666069,0.005189023325586435,0.0004947551790533746,0.0628901277340212,0.002688573482035307
PPOLag,2021-08-31,19.0,0.0,16.93087779311252,104.44408194330701,0.16210415367278547,0.0017101216433573628,0.0,0.0,0.0,0.17574358779928342,0.9999644253422678,0.021404241583087118,0.9888888888888886,0.15303706874571313,25.223608565515637,0.007391445022630101,0.0017129525137252709,0.0008578256407473755,0.001386836873461529,0.15302422122416973,0.001710121643357299
PPOLag,2021-09-01,21.0,0.0,17.560848081066275,146.405036680786,0.11993904755296773,0.002629339123066047,0.009523809523809523,0.0,0.0,0.22276974012583514,0.9999048192401812,0.04617338414370099,1.2703703703703704,0.15356111040697823,33.76174738177109,0.007707711774994515,0.0004947758028831061,0.0009783836917587239,0.0008350406354300675,0.24231142593223712,0.002629339123066032
PPOLag,2021-09-02,16.0,0.0,21.404831598325252,147.82191398742572,0.14480164634574488,0.0008387250251732524,0.0,0.0,0.0,0.18659946178703865,0.9999800384104172,0.014844599963932389,1.1296296296296298,0.15746423750897523,32.89674524084238,0.0026369072772931554,0.0009750221362319359,0.0008266968098310052,0.0006112586174192384,0.2187765966133371,0.0008387250251732284
PPOLag,2021-09-03,18.0,0.0,14.839112616192239,112.07823893490463,0.13239929596686087,0.0018858408148131624,0.0,0.0,0.0,0.1720373046790408,0.9999295953065607,0.0253333010535697,1.059259259259259,0.15794687706147673,33.188093427483224,0.006663827071356737,0.005707411283162357,0.0012070492600417646,0.001004239147239418,0.1843216289436078,0.0018858408148131308
PPOLag,2021-09-06,4.0,0.0,6.884074950062744,33.76674534817144,0.20387221215792312,0.0008951874967767566,0.0,0.0,0.0,0.16920985136429653,0.9999647576344532,0.0036194104216414396,0.1814814814814815,0.1522677083206266,13.338791235351561,0.002884378700562386,,0.0006486569940935118,0.0006502780400172709,0.24486391818388198,0.0008951874967767566
PPOLag,2021-09-07,25.0,0.0,22.853619840305743,161.82202028732752,0.14122355103000994,0.0021334647567490825,0.008,0.0,0.0,0.11139906546127014,0.9998936422797703,0.04139008380556765,0.9666666666666666,0.15636441042564303,34.612,0.008735661722391139,0.0008945462370499189,0.0014935216075111573,0.0011132822018113224,0.3188471884574405,0.0021334647567490496
PPOLag,2021-09-08,28.0,0.0,28.232781400392838,194.41040117469035,0.14522108712325651,0.0014309941769162105,0.0,0.0,0.0,0.16313512851914228,0.9999394036316861,0.03332920483407563,1.644444444444445,0.155745139575932,34.612,0.0071503236640096555,0.001554463381856711,0.0007872823516303055,0.00162379571273664,0.13128021222279815,0.0014309941769161695
PPOLag,2021-09-09,27.0,0.0,28.7567168310091,186.69990182322272,0.15402337832071858,0.0027460455776665248,0.007407407407407407,0.0,0.0,0.17019936135199706,0.9999388318388384,0.061502353682933594,1.4370370370370378,0.15656927080271998,33.202650228229786,0.006237229850109506,0.007656383622396482,0.0006285382782830649,0.0010263549087811184,0.2504333589019113,0.0027460455776665083
PPOLag,2021-09-10,30.0,0.0,34.64250394989546,203.7052055412493,0.17005854356626132,0.001582108626025364,0.013333333333333332,0.0,0.0,0.19077704251410632,0.9999328852096777,0.03861639630929239,1.5296296296296295,0.15519088537985226,32.93340054031533,0.0045801151827032085,0.0015788080166812262,0.0010206021292958434,0.00044866620800098267,0.12568224288661534,0.001582108626025338
PPOLag,2021-09-13,25.0,0.0,61.93963043462632,326.1866277885089,0.18987777223666163,0.07125960870435433,0.36800000000000005,0.0,0.0,0.25021719001211895,0.981932515988008,2.9940629514758625,1.9296296296296291,0.17559843542282277,34.612,0.13036901998332803,0.11597649253486905,0.0622746050576974,0.056635823967191225,0.016603536657817764,0.06522055559143769
