method,date,focal,s,gain_kwh,gain_pct,e_i
EDF,2019-11-01,7,0.5,0.0,0.0,8.995
LLF,2019-11-01,7,0.5,0.0,0.0,8.995
MPC,2019-11-01,7,0.5,0.0,0.0,8.995
PPOLag,2019-11-01,7,0.5,0.002891076020670269,0.03214092296465002,8.995
EDF,2019-11-01,7,1.0,0.0,0.0,8.995
LLF,2019-11-01,7,1.0,0.0,0.0,8.995
MPC,2019-11-01,7,1.0,0.0,0.0,8.995
PPOLag,2019-11-01,7,1.0,0.002252901289658027,0.02504615108013371,8.995
EDF,2019-11-01,7,2.0,0.0,0.0,8.995
LLF,2019-11-01,7,2.0,0.0,0.0,8.995
MPC,2019-11-01,7,2.0,1.7763568394002505e-15,1.974826947637855e-14,8.995
PPOLag,2019-11-01,7,2.0,0.004883755571236747,0.054294114188290686,8.995
EDF,2019-11-01,11,0.5,0.0,0.0,6.514
LLF,2019-11-01,11,0.5,0.0,0.0,6.514
MPC,2019-11-01,11,0.5,0.0,0.0,6.514
PPOLag,2019-11-01,11,0.5,0.001242522605258145,0.019074648530214077,6.514
EDF,2019-11-01,11,1.0,0.0,0.0,6.514
LLF,2019-11-01,11,1.0,0.0,0.0,6.514
MPC,2019-11-01,11,1.0,0.0,0.0,6.514
PPOLag,2019-11-01,11,1.0,0.0012778721368290392,0.01961731864950935,6.514
EDF,2019-11-01,11,2.0,8.881784197001252e-16,1.363491586889968e-14,6.514
LLF,2019-11-01,11,2.0,0.0,0.0,6.514
MPC,2019-11-01,11,2.0,8.881784197001252e-16,1.363491586889968e-14,6.514
PPOLag,2019-11-01,11,2.0,0.00132257991851894,0.020303652418159963,6.514
EDF,2019-11-01,3,0.5,0.0,0.0,13.43
LLF,2019-11-01,3,0.5,0.0,0.0,13.43
MPC,2019-11-01,3,0.5,1.7763568394002505e-15,1.322678212509494e-14,13.43
PPOLag,2019-11-01,3,0.5,0.002456958943236387,0.018294556539362523,13.43
EDF,2019-11-01,3,1.0,0.0,0.0,13.43
LLF,2019-11-01,3,1.0,0.0,0.0,13.43
MPC,2019-11-01,3,1.0,1.7763568394002505e-15,1.322678212509494e-14,13.43
PPOLag,2019-11-01,3,1.0,0.0028069856681007367,0.020900861266572875,13.43
EDF,2019-11-01,3,2.0,0.0,0.0,13.43
LLF,2019-11-01,3,2.0,0.0,0.0,13.43
MPC,2019-11-01,3,2.0,3.552713678800501e-15,2.645356425018988e-14,13.43
PPOLag,2019-11-01,3,2.0,0.0028985738086689137,0.021582828061570466,13.43
EDF,2019-11-01,35,0.5,0.0,0.0,17.85
LLF,2019-11-01,35,0.5,0.0,0.0,17.85
MPC,2019-11-01,35,0.5,0.0,0.0,17.85
PPOLag,2019-11-01,35,0.5,0.004717064235513391,0.026426130170943363,17.85
EDF,2019-11-01,35,1.0,0.0,0.0,17.85
LLF,2019-11-01,35,1.0,0.0,0.0,17.85
MPC,2019-11-01,35,1.0,0.0,0.0,17.85
PPOLag,2019-11-01,35,1.0,0.005696019609462155,0.031910474002589104,17.85
EDF,2019-11-01,35,2.0,0.0,0.0,17.85
LLF,2019-11-01,35,2.0,0.0,0.0,17.85
MPC,2019-11-01,35,2.0,0.0,0.0,17.85
PPOLag,2019-11-01,35,2.0,0.008371130863754673,0.046897091673695636,17.85
EDF,2019-11-01,21,0.5,0.0,0.0,5.03
LLF,2019-11-01,21,0.5,8.881784197001252e-16,1.765762265805418e-14,5.03
MPC,2019-11-01,21,0.5,0.0,0.0,5.03
PPOLag,2019-11-01,21,0.5,0.005146009905174687,0.10230635994383075,5.03
EDF,2019-11-01,21,1.0,0.0,0.0,5.03
LLF,2019-11-01,21,1.0,1.7763568394002505e-15,3.531524531610836e-14,5.03
MPC,2019-11-01,21,1.0,8.881784197001252e-16,1.765762265805418e-14,5.03
PPOLag,2019-11-01,21,1.0,0.004569573427410134,0.0908463902069609,5.03
EDF,2019-11-01,21,2.0,8.881784197001252e-16,1.765762265805418e-14,5.03
LLF,2019-11-01,21,2.0,8.881784197001252e-16,1.765762265805418e-14,5.03
MPC,2019-11-01,21,2.0,0.0,0.0,5.03
PPOLag,2019-11-01,21,2.0,0.006753559852265845,0.1342656034247683,5.03
EDF,2019-11-04,2,0.5,0.0,0.0,3.204
LLF,2019-11-04,2,0.5,0.0,0.0,3.204
MPC,2019-11-04,2,0.5,0.0,0.0,3.204
PPOLag,2019-11-04,2,0.5,0.011928024976399155,0.37228542373280754,3.204
EDF,2019-11-04,2,1.0,0.0,0.0,3.204
LLF,2019-11-04,2,1.0,0.0,0.0,3.204
MPC,2019-11-04,2,1.0,0.0,0.0,3.204
PPOLag,2019-11-04,2,1.0,0.019560624329464725,0.6105063773241175,3.204
EDF,2019-11-04,2,2.0,0.0,0.0,3.204
LLF,2019-11-04,2,2.0,0.0,0.0,3.204
MPC,2019-11-04,2,2.0,0.0,0.0,3.204
PPOLag,2019-11-04,2,2.0,0.02892110168222741,0.9026561074353123,3.204
EDF,2019-11-04,32,0.5,0.0,0.0,1.448
LLF,2019-11-04,32,0.5,0.0,0.0,1.448
MPC,2019-11-04,32,0.5,0.0,0.0,1.448
PPOLag,2019-11-04,32,0.5,0.007230956178106674,0.49937542666482554,1.448
EDF,2019-11-04,32,1.0,0.0,0.0,1.448
LLF,2019-11-04,32,1.0,0.0,0.0,1.448
MPC,2019-11-04,32,1.0,0.0,0.0,1.448
PPOLag,2019-11-04,32,1.0,0.009760107897000391,0.6740406006215741,1.448
EDF,2019-11-04,32,2.0,0.0,0.0,1.448
LLF,2019-11-04,32,2.0,0.0,0.0,1.448
MPC,2019-11-04,32,2.0,0.0,0.0,1.448
PPOLag,2019-11-04,32,2.0,0.00776848144348663,0.5364973372573639,1.448
EDF,2019-11-04,4,0.5,0.0,0.0,4.664
LLF,2019-11-04,4,0.5,0.0,0.0,4.664
MPC,2019-11-04,4,0.5,0.0,0.0,4.664
PPOLag,2019-11-04,4,0.5,0.0025431542233436133,0.05452732039759034,4.664
EDF,2019-11-04,4,1.0,0.0,0.0,4.664
LLF,2019-11-04,4,1.0,0.0,0.0,4.664
MPC,2019-11-04,4,1.0,0.0,0.0,4.664
PPOLag,2019-11-04,4,1.0,0.0017672638360183512,0.03789159168135402,4.664
EDF,2019-11-04,4,2.0,0.0,0.0,4.664
LLF,2019-11-04,4,2.0,0.0,0.0,4.664
MPC,2019-11-04,4,2.0,0.0,0.0,4.664
PPOLag,2019-11-04,4,2.0,-0.002402391957140715,-0.051509261516739166,4.664
EDF,2019-11-04,3,0.5,0.0,0.0,43.297
LLF,2019-11-04,3,0.5,7.105427357601002e-15,1.641089996443403e-14,43.297
MPC,2019-11-04,3,0.5,0.0,0.0,43.297
PPOLag,2019-11-04,3,0.5,0.9653500769282217,2.2296003809229785,43.297
EDF,2019-11-04,3,1.0,0.0,0.0,43.297
LLF,2019-11-04,3,1.0,7.105427357601002e-15,1.641089996443403e-14,43.297
MPC,2019-11-04,3,1.0,0.0,0.0,43.297
PPOLag,2019-11-04,3,1.0,1.0766528701626512,2.486668522444168,43.297
EDF,2019-11-04,3,2.0,0.0,0.0,43.297
LLF,2019-11-04,3,2.0,0.0,0.0,43.297
MPC,2019-11-04,3,2.0,0.0,0.0,43.297
PPOLag,2019-11-04,3,2.0,1.0786602955239033,2.491304929957973,43.297
EDF,2019-11-04,28,0.5,0.0,0.0,11.664
LLF,2019-11-04,28,0.5,0.2709999999999919,2.3233882030177635,11.664
MPC,2019-11-04,28,0.5,0.9599999999999707,8.230452674896869,11.664
PPOLag,2019-11-04,28,0.5,0.8631956231338421,7.400511172272308,11.664
EDF,2019-11-04,28,1.0,0.0,0.0,11.664
LLF,2019-11-04,28,1.0,0.2709999999999919,2.3233882030177635,11.664
MPC,2019-11-04,28,1.0,0.9599999999999707,8.230452674896869,11.664
PPOLag,2019-11-04,28,1.0,0.9416362585631195,8.073013190698898,11.664
EDF,2019-11-04,28,2.0,0.0,0.0,11.664
LLF,2019-11-04,28,2.0,0.2709999999999919,2.3233882030177635,11.664
MPC,2019-11-04,28,2.0,0.9599999999999707,8.230452674896869,11.664
PPOLag,2019-11-04,28,2.0,0.9853175093739199,8.447509511093278,11.664
EDF,2019-11-05,4,0.5,0.0,0.0,5.518
LLF,2019-11-05,4,0.5,0.0,0.0,5.518
MPC,2019-11-05,4,0.5,-8.881784197001252e-16,-1.6096020654224815e-14,5.518
PPOLag,2019-11-05,4,0.5,0.002912962768234273,0.0527901915229118,5.518
EDF,2019-11-05,4,1.0,0.0,0.0,5.518
LLF,2019-11-05,4,1.0,0.0,0.0,5.518
MPC,2019-11-05,4,1.0,8.881784197001252e-16,1.6096020654224815e-14,5.518
PPOLag,2019-11-05,4,1.0,0.002313029802645161,0.04191790146149259,5.518
EDF,2019-11-05,4,2.0,0.0,0.0,5.518
LLF,2019-11-05,4,2.0,0.0,0.0,5.518
MPC,2019-11-05,4,2.0,0.0,0.0,5.518
PPOLag,2019-11-05,4,2.0,0.001663556338035299,0.030147813302560694,5.518
EDF,2019-11-05,13,0.5,0.0,0.0,6.652
LLF,2019-11-05,13,0.5,0.0,0.0,6.652
MPC,2019-11-05,13,0.5,-8.881784197001252e-16,-1.335205080727789e-14,6.652
PPOLag,2019-11-05,13,0.5,0.0021957911360690474,0.033009487914447494,6.652
EDF,2019-11-05,13,1.0,0.0,0.0,6.652
LLF,2019-11-05,13,1.0,0.0,0.0,6.652
MPC,2019-11-05,13,1.0,-8.881784197001252e-16,-1.335205080727789e-14,6.652
PPOLag,2019-11-05,13,1.0,0.0020952334796454863,0.03149779734884976,6.652
EDF,2019-11-05,13,2.0,0.0,0.0,6.652
LLF,2019-11-05,13,2.0,0.0,0.0,6.652
MPC,2019-11-05,13,2.0,-8.881784197001252e-16,-1.335205080727789e-14,6.652
PPOLag,2019-11-05,13,2.0,0.0017910217614964807,0.0269245604554492,6.652
EDF,2019-11-05,7,0.5,3.552713678800501e-15,2.0437862732557677e-14,17.383
LLF,2019-11-05,7,0.5,3.552713678800501e-15,2.0437862732557677e-14,17.383
MPC,2019-11-05,7,0.5,3.552713678800501e-15,2.0437862732557677e-14,17.383
PPOLag,2019-11-05,7,0.5,0.004230417402764886,0.024336520754558395,17.383
EDF,2019-11-05,7,1.0,3.552713678800501e-15,2.0437862732557677e-14,17.383
LLF,2019-11-05,7,1.0,0.0,0.0,17.383
MPC,2019-11-05,7,1.0,3.552713678800501e-15,2.0437862732557677e-14,17.383
PPOLag,2019-11-05,7,1.0,0.004553113581830104,0.026192910210148447,17.383
EDF,2019-11-05,7,2.0,3.552713678800501e-15,2.0437862732557677e-14,17.383
LLF,2019-11-05,7,2.0,0.0,0.0,17.383
MPC,2019-11-05,7,2.0,0.0,0.0,17.383
PPOLag,2019-11-05,7,2.0,0.00714242838026351,0.04108858298489047,17.383
EDF,2019-11-05,26,0.5,0.0,0.0,6.564
LLF,2019-11-05,26,0.5,-8.881784197001252e-16,-1.353105453534621e-14,6.564
MPC,2019-11-05,26,0.5,0.0,0.0,6.564
PPOLag,2019-11-05,26,0.5,0.0005539568051361243,0.008439317567582644,6.564
EDF,2019-11-05,26,1.0,0.0,0.0,6.564
LLF,2019-11-05,26,1.0,-8.881784197001252e-16,-1.353105453534621e-14,6.564
MPC,2019-11-05,26,1.0,8.881784197001252e-16,1.353105453534621e-14,6.564
PPOLag,2019-11-05,26,1.0,0.006578947945349611,0.10022772616315678,6.564
EDF,2019-11-05,26,2.0,0.0,0.0,6.564
LLF,2019-11-05,26,2.0,-8.881784197001252e-16,-1.353105453534621e-14,6.564
MPC,2019-11-05,26,2.0,0.0,0.0,6.564
PPOLag,2019-11-05,26,2.0,0.005020541993354754,0.07648601452399077,6.564
EDF,2019-11-05,18,0.5,0.0,0.0,11.609
LLF,2019-11-05,18,0.5,1.7763568394002505e-15,1.530154913774012e-14,11.609
MPC,2019-11-05,18,0.5,1.7763568394002505e-15,1.530154913774012e-14,11.609
PPOLag,2019-11-05,18,0.5,-0.0013643472829478753,-0.011752496192160178,11.609
EDF,2019-11-05,18,1.0,0.0,0.0,11.609
LLF,2019-11-05,18,1.0,0.0,0.0,11.609
MPC,2019-11-05,18,1.0,1.7763568394002505e-15,1.530154913774012e-14,11.609
PPOLag,2019-11-05,18,1.0,0.0013031091780241865,0.011224990765993509,11.609
EDF,2019-11-05,18,2.0,0.0,0.0,11.609
LLF,2019-11-05,18,2.0,0.0,0.0,11.609
MPC,2019-11-05,18,2.0,0.0,0.0,11.609
PPOLag,2019-11-05,18,2.0,0.000623917030224419,0.005374425275427849,11.609
EDF,2019-11-06,15,0.5,0.0,0.0,4.137
LLF,2019-11-06,15,0.5,0.0,0.0,4.137
MPC,2019-11-06,15,0.5,0.0,0.0,4.137
PPOLag,2019-11-06,15,0.5,0.0011145838019706034,0.026941837127643302,4.137
EDF,2019-11-06,15,1.0,0.0,0.0,4.137
LLF,2019-11-06,15,1.0,0.0,0.0,4.137
MPC,2019-11-06,15,1.0,0.0,0.0,4.137
PPOLag,2019-11-06,15,1.0,0.0015086864179455262,0.0364681270956134,4.137
EDF,2019-11-06,15,2.0,0.0,0.0,4.137
LLF,2019-11-06,15,2.0,0.0,0.0,4.137
MPC,2019-11-06,15,2.0,0.0,0.0,4.137
PPOLag,2019-11-06,15,2.0,0.001824703316315457,0.04410692086815221,4.137
EDF,2019-11-06,1,0.5,0.0,0.0,0.892
LLF,2019-11-06,1,0.5,0.0,0.0,0.892
MPC,2019-11-06,1,0.5,0.0,0.0,0.892
PPOLag,2019-11-06,1,0.5,0.0003932302634120255,0.04408411024798492,0.892
EDF,2019-11-06,1,1.0,0.0,0.0,0.892
LLF,2019-11-06,1,1.0,0.0,0.0,0.892
MPC,2019-11-06,1,1.0,0.0,0.0,0.892
PPOLag,2019-11-06,1,1.0,0.0001979976669125305,0.022197047860149154,0.892
EDF,2019-11-06,1,2.0,0.0,0.0,0.892
LLF,2019-11-06,1,2.0,0.0,0.0,0.892
MPC,2019-11-06,1,2.0,0.0,0.0,0.892
PPOLag,2019-11-06,1,2.0,0.0002138032429806147,0.023968973428320006,0.892
EDF,2019-11-06,20,0.5,0.0,0.0,11.841
LLF,2019-11-06,20,0.5,0.0,0.0,11.841
MPC,2019-11-06,20,0.5,0.0,0.0,11.841
PPOLag,2019-11-06,20,0.5,0.0017331541917588566,0.014636890395733949,11.841
EDF,2019-11-06,20,1.0,0.0,0.0,11.841
LLF,2019-11-06,20,1.0,0.0,0.0,11.841
MPC,2019-11-06,20,1.0,0.0,0.0,11.841
PPOLag,2019-11-06,20,1.0,0.0035100740531550656,0.02964339205434563,11.841
EDF,2019-11-06,20,2.0,0.0,0.0,11.841
LLF,2019-11-06,20,2.0,0.0,0.0,11.841
MPC,2019-11-06,20,2.0,0.0,0.0,11.841
PPOLag,2019-11-06,20,2.0,0.00534258778179364,0.04511939685663069,11.841
EDF,2019-11-06,6,0.5,0.0,0.0,16.297
LLF,2019-11-06,6,0.5,0.0,0.0,16.297
MPC,2019-11-06,6,0.5,3.552713678800501e-15,2.179980167393079e-14,16.297
PPOLag,2019-11-06,6,0.5,0.0066495055930424485,0.04080202241542891,16.297
EDF,2019-11-06,6,1.0,0.0,0.0,16.297
LLF,2019-11-06,6,1.0,0.0,0.0,16.297
MPC,2019-11-06,6,1.0,3.552713678800501e-15,2.179980167393079e-14,16.297
PPOLag,2019-11-06,6,1.0,0.01254094790541771,0.07695249374374247,16.297
EDF,2019-11-06,6,2.0,0.0,0.0,16.297
LLF,2019-11-06,6,2.0,3.552713678800501e-15,2.179980167393079e-14,16.297
MPC,2019-11-06,6,2.0,3.552713678800501e-15,2.179980167393079e-14,16.297
PPOLag,2019-11-06,6,2.0,0.012258383156013509,0.07521864856116775,16.297
EDF,2019-11-06,16,0.5,0.0,0.0,7.893
LLF,2019-11-06,16,0.5,8.881784197001252e-16,1.1252735584696886e-14,7.893
MPC,2019-11-06,16,0.5,-8.881784197001252e-16,-1.1252735584696886e-14,7.893
PPOLag,2019-11-06,16,0.5,0.0017260454575758644,0.02186805343438318,7.893
EDF,2019-11-06,16,1.0,8.881784197001252e-16,1.1252735584696886e-14,7.893
LLF,2019-11-06,16,1.0,8.881784197001252e-16,1.1252735584696886e-14,7.893
MPC,2019-11-06,16,1.0,-8.881784197001252e-16,-1.1252735584696886e-14,7.893
PPOLag,2019-11-06,16,1.0,0.002045918948473435,0.025920675896027305,7.893
EDF,2019-11-06,16,2.0,1.7763568394002505e-15,2.2505471169393773e-14,7.893
LLF,2019-11-06,16,2.0,8.881784197001252e-16,1.1252735584696886e-14,7.893
MPC,2019-11-06,16,2.0,8.881784197001252e-16,1.1252735584696886e-14,7.893
PPOLag,2019-11-06,16,2.0,0.002864422013026058,0.03629066277747445,7.893
EDF,2019-11-07,19,0.5,0.0,0.0,0.839
LLF,2019-11-07,19,0.5,0.0,0.0,0.839
MPC,2019-11-07,19,0.5,0.0,0.0,0.839
PPOLag,2019-11-07,19,0.5,0.0036751335039105102,0.4380373663778916,0.839
EDF,2019-11-07,19,1.0,0.0,0.0,0.839
LLF,2019-11-07,19,1.0,0.0,0.0,0.839
MPC,2019-11-07,19,1.0,0.0,0.0,0.839
PPOLag,2019-11-07,19,1.0,0.005434578747066698,0.6477447851092608,0.839
EDF,2019-11-07,19,2.0,0.0,0.0,0.839
LLF,2019-11-07,19,2.0,0.0,0.0,0.839
MPC,2019-11-07,19,2.0,0.0,0.0,0.839
PPOLag,2019-11-07,19,2.0,0.00735326978948998,0.8764326328355161,0.839
EDF,2019-11-07,15,0.5,0.0,0.0,4.535
LLF,2019-11-07,15,0.5,0.0,0.0,4.535
MPC,2019-11-07,15,0.5,0.0,0.0,4.535
PPOLag,2019-11-07,15,0.5,-0.001806108121665595,-0.039825978427025246,4.535
EDF,2019-11-07,15,1.0,-1.7763568394002505e-15,-3.9169941331868807e-14,4.535
LLF,2019-11-07,15,1.0,0.0,0.0,4.535
MPC,2019-11-07,15,1.0,0.0,0.0,4.535
PPOLag,2019-11-07,15,1.0,0.003077043735426699,0.06785101952429325,4.535
EDF,2019-11-07,15,2.0,-8.881784197001252e-16,-1.9584970665934403e-14,4.535
LLF,2019-11-07,15,2.0,0.0,0.0,4.535
MPC,2019-11-07,15,2.0,0.0,0.0,4.535
PPOLag,2019-11-07,15,2.0,0.00297822090692641,0.06567190533465071,4.535
EDF,2019-11-07,5,0.5,0.0,0.0,10.459
LLF,2019-11-07,5,0.5,1.7763568394002505e-15,1.6984002671385894e-14,10.459
MPC,2019-11-07,5,0.5,0.0,0.0,10.459
PPOLag,2019-11-07,5,0.5,0.00010891534691097604,0.0010413552625583328,10.459
EDF,2019-11-07,5,1.0,0.0,0.0,10.459
LLF,2019-11-07,5,1.0,1.7763568394002505e-15,1.6984002671385894e-14,10.459
MPC,2019-11-07,5,1.0,0.0,0.0,10.459
PPOLag,2019-11-07,5,1.0,0.002216345741600634,0.021190799709347296,10.459
EDF,2019-11-07,5,2.0,0.0,0.0,10.459
LLF,2019-11-07,5,2.0,1.7763568394002505e-15,1.6984002671385894e-14,10.459
MPC,2019-11-07,5,2.0,0.0,0.0,10.459
PPOLag,2019-11-07,5,2.0,0.0038986928659170417,0.03727596200322251,10.459
EDF,2019-11-07,41,0.5,0.0,0.0,18.304
LLF,2019-11-07,41,0.5,0.0,0.0,18.304
MPC,2019-11-07,41,0.5,0.0,0.0,18.304
PPOLag,2019-11-07,41,0.5,0.07298699798583855,0.39874889633871585,18.304
EDF,2019-11-07,41,1.0,0.0,0.0,18.304
LLF,2019-11-07,41,1.0,0.0,0.0,18.304
MPC,2019-11-07,41,1.0,0.0,0.0,18.304
PPOLag,2019-11-07,41,1.0,0.0988277511596685,0.5399243398146225,18.304
EDF,2019-11-07,41,2.0,0.0,0.0,18.304
LLF,2019-11-07,41,2.0,0.0,0.0,18.304
MPC,2019-11-07,41,2.0,0.0,0.0,18.304
PPOLag,2019-11-07,41,2.0,0.11798557281494126,0.6445890123193907,18.304
EDF,2019-11-07,24,0.5,0.0,0.0,0.991
LLF,2019-11-07,24,0.5,0.0,0.0,0.991
MPC,2019-11-07,24,0.5,0.0,0.0,0.991
PPOLag,2019-11-07,24,0.5,0.0028208462495713515,0.28464644294362784,0.991
EDF,2019-11-07,24,1.0,0.0,0.0,0.991
LLF,2019-11-07,24,1.0,0.0,0.0,0.991
MPC,2019-11-07,24,1.0,0.0,0.0,0.991
PPOLag,2019-11-07,24,1.0,0.003996701073704578,0.4032998056210473,0.991
EDF,2019-11-07,24,2.0,-1.1102230246251565e-16,-1.1203057766146887e-14,0.991
LLF,2019-11-07,24,2.0,0.0,0.0,0.991
MPC,2019-11-07,24,2.0,0.0,0.0,0.991
PPOLag,2019-11-07,24,2.0,0.004969430107720663,0.5014561158143958,0.991
EDF,2019-11-08,9,0.5,0.0,0.0,42.376
LLF,2019-11-08,9,0.5,2.7509999999999764,6.49188219747021,42.376
MPC,2019-11-08,9,0.5,2.9950000000000117,7.067679818765366,42.376
PPOLag,2019-11-08,9,0.5,0.6256216618572396,1.476358462000282,42.376
EDF,2019-11-08,9,1.0,0.0,0.0,42.376
LLF,2019-11-08,9,1.0,2.7509999999999692,6.491882197470194,42.376
MPC,2019-11-08,9,1.0,3.772373055555569,8.902145213223449,42.376
PPOLag,2019-11-08,9,1.0,0.9008730689117002,2.1259039760989715,42.376
EDF,2019-11-08,9,2.0,0.0,0.0,42.376
LLF,2019-11-08,9,2.0,2.7509999999999764,6.49188219747021,42.376
MPC,2019-11-08,9,2.0,3.8660000000000068,9.123088540683423,42.376
PPOLag,2019-11-08,9,2.0,1.1363279608179853,2.6815366264347396,42.376
EDF,2019-11-08,28,0.5,0.0,0.0,8.059
LLF,2019-11-08,28,0.5,1.016999999999987,12.619431691276674,8.059
MPC,2019-11-08,28,0.5,1.1240000000000014,13.947139843653078,8.059
PPOLag,2019-11-08,28,0.5,0.4417677563492813,5.4816696407653716,8.059
EDF,2019-11-08,28,1.0,3.552713678800501e-15,4.408380293833604e-14,8.059
LLF,2019-11-08,28,1.0,1.016999999999987,12.619431691276674,8.059
MPC,2019-11-08,28,1.0,1.1240000000000014,13.947139843653078,8.059
PPOLag,2019-11-08,28,1.0,0.47135682600794804,5.8488252389620055,8.059
EDF,2019-11-08,28,2.0,3.552713678800501e-15,4.408380293833604e-14,8.059
LLF,2019-11-08,28,2.0,1.016999999999987,12.619431691276674,8.059
MPC,2019-11-08,28,2.0,1.1240000000000014,13.947139843653078,8.059
PPOLag,2019-11-08,28,2.0,0.47716201401884406,5.920858841281104,8.059
EDF,2019-11-08,29,0.5,0.0,0.0,43.263999999999996
LLF,2019-11-08,29,0.5,2.9950000000000045,6.922614644970426,43.263999999999996
MPC,2019-11-08,29,0.5,0.0,0.0,43.263999999999996
PPOLag,2019-11-08,29,0.5,0.8093908431809425,1.8708183320565426,43.263999999999996
EDF,2019-11-08,29,1.0,6.621999999999996,15.306028106508867,43.263999999999996
LLF,2019-11-08,29,1.0,4.325999999999972,9.999075443786918,43.263999999999996
MPC,2019-11-08,29,1.0,0.0,0.0,43.263999999999996
PPOLag,2019-11-08,29,1.0,1.225154398870707,2.831810278454852,43.263999999999996
EDF,2019-11-08,29,2.0,19.84400000000001,45.86723372781067,43.263999999999996
LLF,2019-11-08,29,2.0,4.325999999999972,9.999075443786918,43.263999999999996
MPC,2019-11-08,29,2.0,-0.33300000000000196,-0.7696930473372827,43.263999999999996
PPOLag,2019-11-08,29,2.0,1.5869119409312247,3.667973236250058,43.263999999999996
EDF,2019-11-08,8,0.5,2.597999999999999,8.14522197140707,31.896
LLF,2019-11-08,8,0.5,1.9439999999999849,6.094808126410788,31.896
MPC,2019-11-08,8,0.5,1.9560000000000173,6.132430398796141,31.896
PPOLag,2019-11-08,8,0.5,0.12618440051858074,0.3956119905899821,31.896
EDF,2019-11-08,8,1.0,2.597999999999999,8.14522197140707,31.896
LLF,2019-11-08,8,1.0,1.943999999999992,6.094808126410809,31.896
MPC,2019-11-08,8,1.0,1.8780000000000143,5.887885628291993,31.896
PPOLag,2019-11-08,8,1.0,0.19611439679703793,0.6148557712472973,31.896
EDF,2019-11-08,8,2.0,8.59099999999999,26.93441183847501,31.896
LLF,2019-11-08,8,2.0,1.943999999999992,6.094808126410809,31.896
MPC,2019-11-08,8,2.0,1.9560000000000173,6.132430398796141,31.896
PPOLag,2019-11-08,8,2.0,0.2524251094597808,0.7914005187477452,31.896
EDF,2019-11-08,23,0.5,0.0,0.0,4.123
LLF,2019-11-08,23,0.5,0.46199999999999886,11.205432937181635,4.123
MPC,2019-11-08,23,0.5,0.0,0.0,4.123
PPOLag,2019-11-08,23,0.5,0.0219485955056574,0.5323452705713654,4.123
EDF,2019-11-08,23,1.0,0.0,0.0,4.123
LLF,2019-11-08,23,1.0,0.46199999999999886,11.205432937181635,4.123
MPC,2019-11-08,23,1.0,0.0,0.0,4.123
PPOLag,2019-11-08,23,1.0,0.044420902455411235,1.077392734790474,4.123
EDF,2019-11-08,23,2.0,0.0,0.0,4.123
LLF,2019-11-08,23,2.0,0.46199999999999886,11.205432937181635,4.123
MPC,2019-11-08,23,2.0,0.0,0.0,4.123
PPOLag,2019-11-08,23,2.0,0.06269892433108586,1.5207112377173382,4.123
EDF,2019-11-11,6,0.5,0.0,0.0,5.08
LLF,2019-11-11,6,0.5,1.2829999999999995,25.255905511811015,5.08
MPC,2019-11-11,6,0.5,0.0,0.0,5.08
PPOLag,2019-11-11,6,0.5,0.040434621325594125,0.7959571127085456,5.08
EDF,2019-11-11,6,1.0,0.0,0.0,5.08
LLF,2019-11-11,6,1.0,1.2829999999999995,25.255905511811015,5.08
MPC,2019-11-11,6,1.0,0.0,0.0,5.08
PPOLag,2019-11-11,6,1.0,0.04529922790967689,0.8917170848361593,5.08
EDF,2019-11-11,6,2.0,0.0,0.0,5.08
LLF,2019-11-11,6,2.0,1.2829999999999995,25.255905511811015,5.08
MPC,2019-11-11,6,2.0,0.0,0.0,5.08
PPOLag,2019-11-11,6,2.0,0.04554638115854104,0.8965823062704927,5.08
EDF,2019-11-11,1,0.5,0.0,0.0,3.923
LLF,2019-11-11,1,0.5,0.0,0.0,3.923
MPC,2019-11-11,1,0.5,0.0,0.0,3.923
PPOLag,2019-11-11,1,0.5,0.005927725772761861,0.1511018550283421,3.923
EDF,2019-11-11,1,1.0,0.0,0.0,3.923
LLF,2019-11-11,1,1.0,0.0,0.0,3.923
MPC,2019-11-11,1,1.0,4.440892098500626e-16,1.1320142998981968e-14,3.923
PPOLag,2019-11-11,1,1.0,0.006130056209727908,0.15625939866754796,3.923
EDF,2019-11-11,1,2.0,0.0,0.0,3.923
LLF,2019-11-11,1,2.0,0.0,0.0,3.923
MPC,2019-11-11,1,2.0,0.0,0.0,3.923
PPOLag,2019-11-11,1,2.0,0.008115208941999885,0.2068623232730024,3.923
EDF,2019-11-11,8,0.5,0.0,0.0,16.748
LLF,2019-11-11,8,0.5,0.0,0.0,16.748
MPC,2019-11-11,8,0.5,0.0,0.0,16.748
PPOLag,2019-11-11,8,0.5,7.285524150120181e-05,0.0004350086070050253,16.748
EDF,2019-11-11,8,1.0,0.0,0.0,16.748
LLF,2019-11-11,8,1.0,0.0,0.0,16.748
MPC,2019-11-11,8,1.0,0.0,0.0,16.748
PPOLag,2019-11-11,8,1.0,0.0028750839190600174,0.017166729872581905,16.748
EDF,2019-11-11,8,2.0,3.552713678800501e-15,2.121276378552962e-14,16.748
LLF,2019-11-11,8,2.0,0.0,0.0,16.748
MPC,2019-11-11,8,2.0,0.0,0.0,16.748
PPOLag,2019-11-11,8,2.0,0.005476828792721733,0.032701389973260886,16.748
EDF,2019-11-11,9,0.5,0.0,0.0,2.351
LLF,2019-11-11,9,0.5,0.0,0.0,2.351
MPC,2019-11-11,9,0.5,0.0,0.0,2.351
PPOLag,2019-11-11,9,0.5,0.008862561532269896,0.3769698652603103,2.351
EDF,2019-11-11,9,1.0,0.0,0.0,2.351
LLF,2019-11-11,9,1.0,0.0,0.0,2.351
MPC,2019-11-11,9,1.0,0.0,0.0,2.351
PPOLag,2019-11-11,9,1.0,0.013046060147830652,0.5549153614560038,2.351
EDF,2019-11-11,9,2.0,0.0,0.0,2.351
LLF,2019-11-11,9,2.0,0.0,0.0,2.351
MPC,2019-11-11,9,2.0,0.0,0.0,2.351
PPOLag,2019-11-11,9,2.0,0.013001946779478413,0.5530389952989542,2.351
EDF,2019-11-11,14,0.5,0.0,0.0,44.298
LLF,2019-11-11,14,0.5,2.558,5.774527066684725,44.298
MPC,2019-11-11,14,0.5,1.1920000000000002,2.690866404803829,44.298
PPOLag,2019-11-11,14,0.5,3.112398395449405,7.0260472153356925,44.298
EDF,2019-11-11,14,1.0,0.8859999999999992,2.000090297530361,44.298
LLF,2019-11-11,14,1.0,3.2099999999999795,7.246376811594156,44.298
MPC,2019-11-11,14,1.0,1.191999999999993,2.690866404803813,44.298
PPOLag,2019-11-11,14,1.0,4.034712742107471,9.108114908364874,44.298
EDF,2019-11-11,14,2.0,12.521999999999995,28.26764187999457,44.298
LLF,2019-11-11,14,2.0,3.2099999999999653,7.246376811594124,44.298
MPC,2019-11-11,14,2.0,1.1920000000000073,2.690866404803845,44.298
PPOLag,2019-11-11,14,2.0,4.037333330946966,9.114030725872421,44.298
EDF,2019-11-12,29,0.5,0.0,0.0,1.94
LLF,2019-11-12,29,0.5,0.0,0.0,1.94
MPC,2019-11-12,29,0.5,0.0,0.0,1.94
PPOLag,2019-11-12,29,0.5,0.005329136608155549,0.2746977633069871,1.94
EDF,2019-11-12,29,1.0,0.0,0.0,1.94
LLF,2019-11-12,29,1.0,0.0,0.0,1.94
MPC,2019-11-12,29,1.0,0.0,0.0,1.94
PPOLag,2019-11-12,29,1.0,0.007099219599799156,0.3659391546288225,1.94
EDF,2019-11-12,29,2.0,0.0,0.0,1.94
LLF,2019-11-12,29,2.0,0.0,0.0,1.94
MPC,2019-11-12,29,2.0,0.0,0.0,1.94
PPOLag,2019-11-12,29,2.0,0.009532527538043168,0.4913673988682046,1.94
EDF,2019-11-12,8,0.5,0.0,0.0,10.911
LLF,2019-11-12,8,0.5,0.8889999999999993,8.147740812024557,10.911
MPC,2019-11-12,8,0.5,3.3279999999999994,30.501328934103196,10.911
PPOLag,2019-11-12,8,0.5,2.1902795781489717,20.074049840976734,10.911
EDF,2019-11-12,8,1.0,0.0,0.0,10.911
LLF,2019-11-12,8,1.0,1.6639999999999997,15.250664467051598,10.911
MPC,2019-11-12,8,1.0,3.8530000000000006,35.31298689396023,10.911
PPOLag,2019-11-12,8,1.0,3.0030855606033775,27.523467698683685,10.911
EDF,2019-11-12,8,2.0,1.7763568394002505e-15,1.628042195399368e-14,10.911
LLF,2019-11-12,8,2.0,3.921999999999999,35.94537622582714,10.911
MPC,2019-11-12,8,2.0,8.701000000000004,79.74521125469713,10.911
PPOLag,2019-11-12,8,2.0,3.325832469793859,30.4814633836849,10.911
EDF,2019-11-12,10,0.5,1.1739999999999977,7.2693498452012255,16.15
LLF,2019-11-12,10,0.5,2.7470000000000017,17.009287925696604,16.15
MPC,2019-11-12,10,0.5,-2.6119999999999743,-16.173374613002938,16.15
PPOLag,2019-11-12,10,0.5,2.7151507876451957,16.81207918046561,16.15
EDF,2019-11-12,10,1.0,1.1740000000000013,7.269349845201247,16.15
LLF,2019-11-12,10,1.0,2.554000000000009,15.81424148606817,16.15
MPC,2019-11-12,10,1.0,1.2989999999999595,8.043343653250524,16.15
PPOLag,2019-11-12,10,1.0,4.839377624350965,29.965186528488953,16.15
EDF,2019-11-12,10,2.0,1.1740000000000013,7.269349845201247,16.15
LLF,2019-11-12,10,2.0,3.5320000000000054,21.869969040247714,16.15
MPC,2019-11-12,10,2.0,4.476999999999953,27.72136222910188,16.15
PPOLag,2019-11-12,10,2.0,5.942168099755344,36.7936105248009,16.15
EDF,2019-11-12,21,0.5,4.960999999999993,29.974019696695027,16.551
LLF,2019-11-12,21,0.5,2.994999999999999,18.095583348438158,16.551
MPC,2019-11-12,21,0.5,0.5799999999999841,3.504319980665725,16.551
PPOLag,2019-11-12,21,0.5,2.6024455134815936,15.723796226702882,16.551
EDF,2019-11-12,21,1.0,4.960999999999993,29.974019696695027,16.551
LLF,2019-11-12,21,1.0,4.658999999999997,28.14935653434836,16.551
MPC,2019-11-12,21,1.0,0.5799999999999841,3.504319980665725,16.551
PPOLag,2019-11-12,21,1.0,4.929464314058514,29.783483258162732,16.551
EDF,2019-11-12,21,2.0,4.960999999999993,29.974019696695027,16.551
LLF,2019-11-12,21,2.0,4.0740000000000105,24.614826898676885,16.551
MPC,2019-11-12,21,2.0,0.5799999999999841,3.504319980665725,16.551
PPOLag,2019-11-12,21,2.0,6.501982543114015,39.28452989616347,16.551
EDF,2019-11-12,12,0.5,0.0,0.0,1.856
LLF,2019-11-12,12,0.5,0.0,0.0,1.856
MPC,2019-11-12,12,0.5,0.19200000000000017,10.344827586206906,1.856
PPOLag,2019-11-12,12,0.5,0.37853911657836425,20.395426539782555,1.856
EDF,2019-11-12,12,1.0,2.220446049250313e-16,1.1963610179150392e-14,1.856
LLF,2019-11-12,12,1.0,0.0,0.0,1.856
MPC,2019-11-12,12,1.0,0.19200000000000017,10.344827586206906,1.856
PPOLag,2019-11-12,12,1.0,0.45669151536486846,24.60622388819334,1.856
EDF,2019-11-12,12,2.0,0.0,0.0,1.856
LLF,2019-11-12,12,2.0,0.0,0.0,1.856
MPC,2019-11-12,12,2.0,0.19200000000000017,10.344827586206906,1.856
PPOLag,2019-11-12,12,2.0,0.5402236917342864,29.106879942580083,1.856
EDF,2019-11-13,29,0.5,0.0,0.0,4.142
LLF,2019-11-13,29,0.5,0.0,0.0,4.142
MPC,2019-11-13,29,0.5,0.0,0.0,4.142
PPOLag,2019-11-13,29,0.5,0.001756745937885107,0.0424129873946187,4.142
EDF,2019-11-13,29,1.0,0.0,0.0,4.142
LLF,2019-11-13,29,1.0,0.0,0.0,4.142
MPC,2019-11-13,29,1.0,0.0,0.0,4.142
PPOLag,2019-11-13,29,1.0,0.0023724661050275484,0.05727827390216196,4.142
EDF,2019-11-13,29,2.0,0.0,0.0,4.142
LLF,2019-11-13,29,2.0,0.0,0.0,4.142
MPC,2019-11-13,29,2.0,0.0,0.0,4.142
PPOLag,2019-11-13,29,2.0,0.006422336049851651,0.15505398478637494,4.142
EDF,2019-11-13,12,0.5,0.0,0.0,4.502
LLF,2019-11-13,12,0.5,0.0,0.0,4.502
MPC,2019-11-13,12,0.5,0.0,0.0,4.502
PPOLag,2019-11-13,12,0.5,0.004243916951619475,0.09426736898310697,4.502
EDF,2019-11-13,12,1.0,0.0,0.0,4.502
LLF,2019-11-13,12,1.0,0.0,0.0,4.502
MPC,2019-11-13,12,1.0,0.0,0.0,4.502
PPOLag,2019-11-13,12,1.0,0.006092839316275444,0.1353362797928797,4.502
EDF,2019-11-13,12,2.0,-8.881784197001252e-16,-1.9728529980011667e-14,4.502
LLF,2019-11-13,12,2.0,-8.881784197001252e-16,-1.9728529980011667e-14,4.502
MPC,2019-11-13,12,2.0,0.0,0.0,4.502
PPOLag,2019-11-13,12,2.0,0.010240398138886775,0.22746330828269157,4.502
EDF,2019-11-13,32,0.5,0.0,0.0,9.873
LLF,2019-11-13,32,0.5,0.0,0.0,9.873
MPC,2019-11-13,32,0.5,1.7763568394002505e-15,1.7992067653198123e-14,9.873
PPOLag,2019-11-13,32,0.5,0.001212181857371064,0.0122777459472406,9.873
EDF,2019-11-13,32,1.0,0.0,0.0,9.873
LLF,2019-11-13,32,1.0,0.0,0.0,9.873
MPC,2019-11-13,32,1.0,1.7763568394002505e-15,1.7992067653198123e-14,9.873
PPOLag,2019-11-13,32,1.0,0.005768448267449244,0.058426499214516814,9.873
EDF,2019-11-13,32,2.0,0.0,0.0,9.873
LLF,2019-11-13,32,2.0,0.0,0.0,9.873
MPC,2019-11-13,32,2.0,3.552713678800501e-15,3.598413530639625e-14,9.873
PPOLag,2019-11-13,32,2.0,0.009775401069579104,0.09901145618939637,9.873
EDF,2019-11-13,11,0.5,-8.881784197001252e-16,-1.1247035832596242e-14,7.897
LLF,2019-11-13,11,0.5,-8.881784197001252e-16,-1.1247035832596242e-14,7.897
MPC,2019-11-13,11,0.5,0.0,0.0,7.897
PPOLag,2019-11-13,11,0.5,-0.002642066011969213,-0.033456578599078295,7.897
EDF,2019-11-13,11,1.0,-8.881784197001252e-16,-1.1247035832596242e-14,7.897
LLF,2019-11-13,11,1.0,-8.881784197001252e-16,-1.1247035832596242e-14,7.897
MPC,2019-11-13,11,1.0,0.0,0.0,7.897
PPOLag,2019-11-13,11,1.0,4.1290415946093614e-05,0.0005228620481967066,7.897
EDF,2019-11-13,11,2.0,-8.881784197001252e-16,-1.1247035832596242e-14,7.897
LLF,2019-11-13,11,2.0,-8.881784197001252e-16,-1.1247035832596242e-14,7.897
MPC,2019-11-13,11,2.0,8.881784197001252e-16,1.1247035832596242e-14,7.897
PPOLag,2019-11-13,11,2.0,0.0026300592432029644,0.033304536446789476,7.897
EDF,2019-11-13,6,0.5,0.0,0.0,0.589
LLF,2019-11-13,6,0.5,0.0,0.0,0.589
MPC,2019-11-13,6,0.5,0.0,0.0,0.589
PPOLag,2019-11-13,6,0.5,0.0035646230053546944,0.6051991520126816,0.589
EDF,2019-11-13,6,1.0,0.0,0.0,0.589
LLF,2019-11-13,6,1.0,0.0,0.0,0.589
MPC,2019-11-13,6,1.0,0.0,0.0,0.589
PPOLag,2019-11-13,6,1.0,0.005532888735498243,0.9393699041592942,0.589
EDF,2019-11-13,6,2.0,0.0,0.0,0.589
LLF,2019-11-13,6,2.0,0.0,0.0,0.589
MPC,2019-11-13,6,2.0,0.0,0.0,0.589
PPOLag,2019-11-13,6,2.0,0.008333065247296333,1.4147818756020942,0.589
EDF,2019-11-14,16,0.5,-3.552713678800501e-15,-1.4188720311516038e-14,25.039
LLF,2019-11-14,16,0.5,-3.552713678800501e-15,-1.4188720311516038e-14,25.039
MPC,2019-11-14,16,0.5,0.0,0.0,25.039
PPOLag,2019-11-14,16,0.5,-0.0011459543611643142,-0.004576677827246751,25.039
EDF,2019-11-14,16,1.0,-3.552713678800501e-15,-1.4188720311516038e-14,25.039
LLF,2019-11-14,16,1.0,3.552713678800501e-15,1.4188720311516038e-14,25.039
MPC,2019-11-14,16,1.0,0.0,0.0,25.039
PPOLag,2019-11-14,16,1.0,-0.0006193265812903803,-0.0024734477466767054,25.039
EDF,2019-11-14,16,2.0,-3.552713678800501e-15,-1.4188720311516038e-14,25.039
LLF,2019-11-14,16,2.0,0.0,0.0,25.039
MPC,2019-11-14,16,2.0,3.552713678800501e-15,1.4188720311516038e-14,25.039
PPOLag,2019-11-14,16,2.0,0.00015991983851364465,0.0006386830085612242,25.039
EDF,2019-11-14,6,0.5,0.0,0.0,8.49
LLF,2019-11-14,6,0.5,-1.7763568394002505e-15,-2.0922930970556543e-14,8.49
MPC,2019-11-14,6,0.5,0.0,0.0,8.49
PPOLag,2019-11-14,6,0.5,0.0020846662702879827,0.024554373030482714,8.49
EDF,2019-11-14,6,1.0,0.0,0.0,8.49
LLF,2019-11-14,6,1.0,-1.7763568394002505e-15,-2.0922930970556543e-14,8.49
MPC,2019-11-14,6,1.0,0.0,0.0,8.49
PPOLag,2019-11-14,6,1.0,0.0030315785315842446,0.035707638770132444,8.49
EDF,2019-11-14,6,2.0,0.0,0.0,8.49
LLF,2019-11-14,6,2.0,-1.7763568394002505e-15,-2.0922930970556543e-14,8.49
MPC,2019-11-14,6,2.0,0.0,0.0,8.49
PPOLag,2019-11-14,6,2.0,0.005899008580760423,0.06948184429635362,8.49
EDF,2019-11-14,29,0.5,0.0,0.0,0.6184274193545374
LLF,2019-11-14,29,0.5,0.0,0.0,0.6184274193545374
MPC,2019-11-14,29,0.5,0.0,0.0,0.6184274193545374
PPOLag,2019-11-14,29,0.5,0.0033715707935085383,0.5451845581212263,0.6184274193545374
EDF,2019-11-14,29,1.0,0.0,0.0,0.6184274193545374
LLF,2019-11-14,29,1.0,0.0,0.0,0.6184274193545374
MPC,2019-11-14,29,1.0,0.0,0.0,0.6184274193545374
PPOLag,2019-11-14,29,1.0,0.005443810977987096,0.8802667552594755,0.6184274193545374
EDF,2019-11-14,29,2.0,0.0,0.0,0.6184274193545374
LLF,2019-11-14,29,2.0,0.0,0.0,0.6184274193545374
MPC,2019-11-14,29,2.0,0.0,0.0,0.6184274193545374
PPOLag,2019-11-14,29,2.0,0.010416840633343227,1.6844079527093818,0.6184274193545374
EDF,2019-11-14,5,0.5,0.0,0.0,13.122
LLF,2019-11-14,5,0.5,0.0,0.0,13.122
MPC,2019-11-14,5,0.5,-1.7763568394002505e-15,-1.3537241574457023e-14,13.122
PPOLag,2019-11-14,5,0.5,0.0027656308055213686,0.02107629024174187,13.122
EDF,2019-11-14,5,1.0,0.0,0.0,13.122
LLF,2019-11-14,5,1.0,0.0,0.0,13.122
MPC,2019-11-14,5,1.0,0.0,0.0,13.122
PPOLag,2019-11-14,5,1.0,0.004327716836569096,0.0329806190867939,13.122
EDF,2019-11-14,5,2.0,0.0,0.0,13.122
LLF,2019-11-14,5,2.0,0.0,0.0,13.122
MPC,2019-11-14,5,2.0,0.0,0.0,13.122
PPOLag,2019-11-14,5,2.0,0.005534009730655498,0.04217352332461133,13.122
EDF,2019-11-14,28,0.5,0.0,0.0,1.645
LLF,2019-11-14,28,0.5,0.0,0.0,1.645
MPC,2019-11-14,28,0.5,0.0,0.0,1.645
PPOLag,2019-11-14,28,0.5,0.003287459040525764,0.19984553437846592,1.645
EDF,2019-11-14,28,1.0,0.0,0.0,1.645
LLF,2019-11-14,28,1.0,0.0,0.0,1.645
MPC,2019-11-14,28,1.0,0.0,0.0,1.645
PPOLag,2019-11-14,28,1.0,0.005993960864866743,0.3643745206605922,1.645
EDF,2019-11-14,28,2.0,0.0,0.0,1.645
LLF,2019-11-14,28,2.0,0.0,0.0,1.645
MPC,2019-11-14,28,2.0,0.0,0.0,1.645
PPOLag,2019-11-14,28,2.0,0.009432009820197517,0.5733744571548642,1.645
EDF,2019-11-15,21,0.5,0.0,0.0,11.904
LLF,2019-11-15,21,0.5,0.0,0.0,11.904
MPC,2019-11-15,21,0.5,0.0,0.0,11.904
PPOLag,2019-11-15,21,0.5,0.013102427219030233,0.11006743295556312,11.904
EDF,2019-11-15,21,1.0,0.0,0.0,11.904
LLF,2019-11-15,21,1.0,1.7763568394002505e-15,1.492235248152092e-14,11.904
MPC,2019-11-15,21,1.0,1.7763568394002505e-15,1.492235248152092e-14,11.904
PPOLag,2019-11-15,21,1.0,0.01892468492300594,0.15897752791503644,11.904
EDF,2019-11-15,21,2.0,0.0,0.0,11.904
LLF,2019-11-15,21,2.0,0.0,0.0,11.904
MPC,2019-11-15,21,2.0,-1.7763568394002505e-15,-1.492235248152092e-14,11.904
PPOLag,2019-11-15,21,2.0,0.017829258346708697,0.1497753557351201,11.904
EDF,2019-11-15,2,0.5,0.0,0.0,4.904
LLF,2019-11-15,2,0.5,0.0,0.0,4.904
MPC,2019-11-15,2,0.5,0.0,0.0,4.904
PPOLag,2019-11-15,2,0.5,0.004986903101223916,0.10169052000864429,4.904
EDF,2019-11-15,2,1.0,0.0,0.0,4.904
LLF,2019-11-15,2,1.0,0.0,0.0,4.904
MPC,2019-11-15,2,1.0,0.0,0.0,4.904
PPOLag,2019-11-15,2,1.0,0.007017721811813616,0.14310199453127276,4.904
EDF,2019-11-15,2,2.0,0.0,0.0,4.904
LLF,2019-11-15,2,2.0,0.0,0.0,4.904
MPC,2019-11-15,2,2.0,0.0,0.0,4.904
PPOLag,2019-11-15,2,2.0,0.010130990979774346,0.2065862760965405,4.904
EDF,2019-11-15,12,0.5,0.0,0.0,4.192
LLF,2019-11-15,12,0.5,-8.881784197001252e-16,-2.1187462302006804e-14,4.192
MPC,2019-11-15,12,0.5,0.0,0.0,4.192
PPOLag,2019-11-15,12,0.5,0.0064969578473766275,0.15498468147367908,4.192
EDF,2019-11-15,12,1.0,0.0,0.0,4.192
LLF,2019-11-15,12,1.0,-8.881784197001252e-16,-2.1187462302006804e-14,4.192
MPC,2019-11-15,12,1.0,0.0,0.0,4.192
PPOLag,2019-11-15,12,1.0,0.007546532359122615,0.18002224139128375,4.192
EDF,2019-11-15,12,2.0,0.0,0.0,4.192
LLF,2019-11-15,12,2.0,-1.7763568394002505e-15,-4.237492460401361e-14,4.192
MPC,2019-11-15,12,2.0,0.0,0.0,4.192
PPOLag,2019-11-15,12,2.0,0.008424962380524726,0.2009771560239677,4.192
EDF,2019-11-15,1,0.5,0.0,0.0,11.014
LLF,2019-11-15,1,0.5,-1.7763568394002505e-15,-1.612817177592383e-14,11.014
MPC,2019-11-15,1,0.5,1.7763568394002505e-15,1.612817177592383e-14,11.014
PPOLag,2019-11-15,1,0.5,0.0029341008050330687,0.02663973856031477,11.014
EDF,2019-11-15,1,1.0,0.0,0.0,11.014
LLF,2019-11-15,1,1.0,-1.7763568394002505e-15,-1.612817177592383e-14,11.014
MPC,2019-11-15,1,1.0,0.0,0.0,11.014
PPOLag,2019-11-15,1,1.0,0.0031472334029221116,0.028574844769585182,11.014
EDF,2019-11-15,1,2.0,0.0,0.0,11.014
LLF,2019-11-15,1,2.0,-1.7763568394002505e-15,-1.612817177592383e-14,11.014
MPC,2019-11-15,1,2.0,0.0,0.0,11.014
PPOLag,2019-11-15,1,2.0,0.0047117933889467166,0.04278003803292825,11.014
EDF,2019-11-15,9,0.5,0.0,0.0,1.7
LLF,2019-11-15,9,0.5,0.0,0.0,1.7
MPC,2019-11-15,9,0.5,0.0,0.0,1.7
PPOLag,2019-11-15,9,0.5,0.005030009937996782,0.2958829375292225,1.7
EDF,2019-11-15,9,1.0,0.0,0.0,1.7
LLF,2019-11-15,9,1.0,2.220446049250313e-16,1.3061447348531254e-14,1.7
MPC,2019-11-15,9,1.0,0.0,0.0,1.7
PPOLag,2019-11-15,9,1.0,0.00866371981870584,0.5096305775709318,1.7
EDF,2019-11-15,9,2.0,0.0,0.0,1.7
LLF,2019-11-15,9,2.0,2.220446049250313e-16,1.3061447348531254e-14,1.7
MPC,2019-11-15,9,2.0,0.0,0.0,1.7
PPOLag,2019-11-15,9,2.0,0.010516148833536932,0.6185969902080547,1.7
EDF,2019-11-18,10,0.5,0.0,0.0,3.923
LLF,2019-11-18,10,0.5,0.0,0.0,3.923
MPC,2019-11-18,10,0.5,0.0,0.0,3.923
PPOLag,2019-11-18,10,0.5,0.004866661784011406,0.12405459556490968,3.923
EDF,2019-11-18,10,1.0,0.0,0.0,3.923
LLF,2019-11-18,10,1.0,0.0,0.0,3.923
MPC,2019-11-18,10,1.0,0.0,0.0,3.923
PPOLag,2019-11-18,10,1.0,0.00647503345592595,0.1650531087414211,3.923
EDF,2019-11-18,10,2.0,-8.881784197001252e-16,-2.2640285997963935e-14,3.923
LLF,2019-11-18,10,2.0,0.0,0.0,3.923
MPC,2019-11-18,10,2.0,-4.440892098500626e-16,-1.1320142998981968e-14,3.923
PPOLag,2019-11-18,10,2.0,0.009641286863233577,0.2457631114767672,3.923
EDF,2019-11-18,1,0.5,0.0,0.0,1.435
LLF,2019-11-18,1,0.5,0.0,0.0,1.435
MPC,2019-11-18,1,0.5,0.0,0.0,1.435
PPOLag,2019-11-18,1,0.5,0.0027338467001336133,0.19051196516610544,1.435
EDF,2019-11-18,1,1.0,0.0,0.0,1.435
LLF,2019-11-18,1,1.0,0.0,0.0,1.435
MPC,2019-11-18,1,1.0,0.0,0.0,1.435
PPOLag,2019-11-18,1,1.0,0.004108496078895518,0.28630634696136015,1.435
EDF,2019-11-18,1,2.0,0.0,0.0,1.435
LLF,2019-11-18,1,2.0,0.0,0.0,1.435
MPC,2019-11-18,1,2.0,0.0,0.0,1.435
PPOLag,2019-11-18,1,2.0,0.00640749230298332,0.4465151430650397,1.435
EDF,2019-11-18,19,0.5,0.0,0.0,22.191
LLF,2019-11-18,19,0.5,3.552713678800501e-15,1.600970519039476e-14,22.191
MPC,2019-11-18,19,0.5,-7.105427357601002e-15,-3.201941038078952e-14,22.191
PPOLag,2019-11-18,19,0.5,0.015537010393737205,0.07001491773122981,22.191
EDF,2019-11-18,19,1.0,0.0,0.0,22.191
LLF,2019-11-18,19,1.0,3.552713678800501e-15,1.600970519039476e-14,22.191
MPC,2019-11-18,19,1.0,-7.105427357601002e-15,-3.201941038078952e-14,22.191
PPOLag,2019-11-18,19,1.0,0.010828537638053604,0.04879697912691454,22.191
EDF,2019-11-18,19,2.0,3.552713678800501e-15,1.600970519039476e-14,22.191
LLF,2019-11-18,19,2.0,7.105427357601002e-15,3.201941038078952e-14,22.191
MPC,2019-11-18,19,2.0,-3.552713678800501e-15,-1.600970519039476e-14,22.191
PPOLag,2019-11-18,19,2.0,0.015430200778094871,0.06953359820690763,22.191
EDF,2019-11-18,5,0.5,3.036999999999992,11.83185289075889,25.668
LLF,2019-11-18,5,0.5,3.552713678800501e-15,1.3841022591555638e-14,25.668
MPC,2019-11-18,5,0.5,0.0,0.0,25.668
PPOLag,2019-11-18,5,0.5,0.011074858327349802,0.043146557298386325,25.668
EDF,2019-11-18,5,1.0,3.036999999999992,11.83185289075889,25.668
LLF,2019-11-18,5,1.0,3.552713678800501e-15,1.3841022591555638e-14,25.668
MPC,2019-11-18,5,1.0,0.0,0.0,25.668
PPOLag,2019-11-18,5,1.0,0.01200986848122625,0.046789264770244074,25.668
EDF,2019-11-18,5,2.0,3.036999999999992,11.83185289075889,25.668
LLF,2019-11-18,5,2.0,0.0,0.0,25.668
MPC,2019-11-18,5,2.0,3.552713678800501e-15,1.3841022591555638e-14,25.668
PPOLag,2019-11-18,5,2.0,0.009735166137264172,0.0379272484699399,25.668
EDF,2019-11-18,15,0.5,0.0,0.0,8.486
LLF,2019-11-18,15,0.5,0.0,0.0,8.486
MPC,2019-11-18,15,0.5,1.7763568394002505e-15,2.0932793299555153e-14,8.486
PPOLag,2019-11-18,15,0.5,0.0017822684433884462,0.021002456320863137,8.486
EDF,2019-11-18,15,1.0,0.0,0.0,8.486
LLF,2019-11-18,15,1.0,0.0,0.0,8.486
MPC,2019-11-18,15,1.0,1.7763568394002505e-15,2.0932793299555153e-14,8.486
PPOLag,2019-11-18,15,1.0,0.005302453996114664,0.062484727741157965,8.486
EDF,2019-11-18,15,2.0,0.0,0.0,8.486
LLF,2019-11-18,15,2.0,0.0,0.0,8.486
MPC,2019-11-18,15,2.0,1.7763568394002505e-15,2.0932793299555153e-14,8.486
PPOLag,2019-11-18,15,2.0,0.006209346699335682,0.07317165566033093,8.486
EDF,2019-11-19,21,0.5,0.0,0.0,0.899
LLF,2019-11-19,21,0.5,0.0,0.0,0.899
MPC,2019-11-19,21,0.5,0.0,0.0,0.899
PPOLag,2019-11-19,21,0.5,0.002075267338404041,0.23084175065673426,0.899
EDF,2019-11-19,21,1.0,0.0,0.0,0.899
LLF,2019-11-19,21,1.0,0.0,0.0,0.899
MPC,2019-11-19,21,1.0,0.0,0.0,0.899
PPOLag,2019-11-19,21,1.0,0.002423922921152166,0.2696243516298294,0.899
EDF,2019-11-19,21,2.0,0.0,0.0,0.899
LLF,2019-11-19,21,2.0,0.0,0.0,0.899
MPC,2019-11-19,21,2.0,0.0,0.0,0.899
PPOLag,2019-11-19,21,2.0,0.0022272506344722443,0.24774756779446538,0.899
EDF,2019-11-19,19,0.5,0.0,0.0,3.029
LLF,2019-11-19,19,0.5,0.0,0.0,3.029
MPC,2019-11-19,19,0.5,0.0,0.0,3.029
PPOLag,2019-11-19,19,0.5,0.0049268039685789414,0.16265447238623115,3.029
EDF,2019-11-19,19,1.0,0.0,0.0,3.029
LLF,2019-11-19,19,1.0,0.0,0.0,3.029
MPC,2019-11-19,19,1.0,0.0,0.0,3.029
PPOLag,2019-11-19,19,1.0,0.006211195557871729,0.20505762818988874,3.029
EDF,2019-11-19,19,2.0,0.0,0.0,3.029
LLF,2019-11-19,19,2.0,0.0,0.0,3.029
MPC,2019-11-19,19,2.0,0.0,0.0,3.029
PPOLag,2019-11-19,19,2.0,0.005006177917557775,0.16527493950339303,3.029
EDF,2019-11-19,32,0.5,0.0,0.0,5.24
LLF,2019-11-19,32,0.5,0.0,0.0,5.24
MPC,2019-11-19,32,0.5,0.0,0.0,5.24
PPOLag,2019-11-19,32,0.5,0.00871118295776494,0.1662439495756668,5.24
EDF,2019-11-19,32,1.0,0.0,0.0,5.24
LLF,2019-11-19,32,1.0,0.0,0.0,5.24
MPC,2019-11-19,32,1.0,0.0,0.0,5.24
PPOLag,2019-11-19,32,1.0,0.005362067280504768,0.10232952825390777,5.24
EDF,2019-11-19,32,2.0,0.0,0.0,5.24
LLF,2019-11-19,32,2.0,0.0,0.0,5.24
MPC,2019-11-19,32,2.0,0.0,0.0,5.24
PPOLag,2019-11-19,32,2.0,0.010230404748711664,0.19523673184564244,5.24
EDF,2019-11-19,22,0.5,0.0,0.0,0.986
LLF,2019-11-19,22,0.5,0.0,0.0,0.986
MPC,2019-11-19,22,0.5,0.0,0.0,0.986
PPOLag,2019-11-19,22,0.5,0.0010960099976804472,0.11115720057611027,0.986
EDF,2019-11-19,22,1.0,0.0,0.0,0.986
LLF,2019-11-19,22,1.0,0.0,0.0,0.986
MPC,2019-11-19,22,1.0,0.0,0.0,0.986
PPOLag,2019-11-19,22,1.0,0.001296593725263584,0.13150037781577933,0.986
EDF,2019-11-19,22,2.0,0.0,0.0,0.986
LLF,2019-11-19,22,2.0,0.0,0.0,0.986
MPC,2019-11-19,22,2.0,0.0,0.0,0.986
PPOLag,2019-11-19,22,2.0,0.0014787921490032386,0.14997891977720473,0.986
EDF,2019-11-19,9,0.5,0.0,0.0,6.171
LLF,2019-11-19,9,0.5,0.0,0.0,6.171
MPC,2019-11-19,9,0.5,0.0,0.0,6.171
PPOLag,2019-11-19,9,0.5,0.006197261896282491,0.1004255695394991,6.171
EDF,2019-11-19,9,1.0,0.0,0.0,6.171
LLF,2019-11-19,9,1.0,0.0,0.0,6.171
MPC,2019-11-19,9,1.0,8.881784197001252e-16,1.439277944741736e-14,6.171
PPOLag,2019-11-19,9,1.0,0.00894094048072489,0.14488641193850088,6.171
EDF,2019-11-19,9,2.0,0.0,0.0,6.171
LLF,2019-11-19,9,2.0,0.0,0.0,6.171
MPC,2019-11-19,9,2.0,8.881784197001252e-16,1.439277944741736e-14,6.171
PPOLag,2019-11-19,9,2.0,0.010329044942909782,0.16738040743655455,6.171
EDF,2019-11-20,17,0.5,0.0,0.0,43.077
LLF,2019-11-20,17,0.5,7.105427357601002e-15,1.649471262530121e-14,43.077
MPC,2019-11-20,17,0.5,0.0,0.0,43.077
PPOLag,2019-11-20,17,0.5,0.0007800293494597099,0.0018107791848543538,43.077
EDF,2019-11-20,17,1.0,0.0,0.0,43.077
LLF,2019-11-20,17,1.0,0.0,0.0,43.077
MPC,2019-11-20,17,1.0,0.0,0.0,43.077
PPOLag,2019-11-20,17,1.0,0.0032812851291993184,0.007617255447685117,43.077
EDF,2019-11-20,17,2.0,0.0,0.0,43.077
LLF,2019-11-20,17,2.0,0.0,0.0,43.077
MPC,2019-11-20,17,2.0,0.0,0.0,43.077
PPOLag,2019-11-20,17,2.0,0.006454603022920935,0.014983873117721602,43.077
EDF,2019-11-20,5,0.5,0.0,0.0,1.655
LLF,2019-11-20,5,0.5,0.0,0.0,1.655
MPC,2019-11-20,5,0.5,0.0,0.0,1.655
PPOLag,2019-11-20,5,0.5,0.0030663622289829997,0.18527868453069485,1.655
EDF,2019-11-20,5,1.0,0.0,0.0,1.655
LLF,2019-11-20,5,1.0,0.0,0.0,1.655
MPC,2019-11-20,5,1.0,0.0,0.0,1.655
PPOLag,2019-11-20,5,1.0,0.004665069081814588,0.281877285910247,1.655
EDF,2019-11-20,5,2.0,0.0,0.0,1.655
LLF,2019-11-20,5,2.0,0.0,0.0,1.655
MPC,2019-11-20,5,2.0,0.0,0.0,1.655
PPOLag,2019-11-20,5,2.0,0.006197845254566703,0.3744921603967796,1.655
EDF,2019-11-20,27,0.5,3.552713678800501e-15,2.2813290174022353e-14,15.573
LLF,2019-11-20,27,0.5,0.0,0.0,15.573
MPC,2019-11-20,27,0.5,0.0,0.0,15.573
PPOLag,2019-11-20,27,0.5,0.005441873813658659,0.034944286994533225,15.573
EDF,2019-11-20,27,1.0,3.552713678800501e-15,2.2813290174022353e-14,15.573
LLF,2019-11-20,27,1.0,-1.7763568394002505e-15,-1.1406645087011177e-14,15.573
MPC,2019-11-20,27,1.0,0.0,0.0,15.573
PPOLag,2019-11-20,27,1.0,0.008456457827492159,0.05430204730939549,15.573
EDF,2019-11-20,27,2.0,3.552713678800501e-15,2.2813290174022353e-14,15.573
LLF,2019-11-20,27,2.0,0.0,0.0,15.573
MPC,2019-11-20,27,2.0,0.0,0.0,15.573
PPOLag,2019-11-20,27,2.0,0.007765375015878817,0.049864348653944755,15.573
EDF,2019-11-20,25,0.5,0.0,0.0,15.128
LLF,2019-11-20,25,0.5,0.0,0.0,15.128
MPC,2019-11-20,25,0.5,-1.7763568394002505e-15,-1.1742179001852527e-14,15.128
PPOLag,2019-11-20,25,0.5,0.0012786662295340534,0.008452315107972324,15.128
EDF,2019-11-20,25,1.0,0.0,0.0,15.128
LLF,2019-11-20,25,1.0,0.0,0.0,15.128
MPC,2019-11-20,25,1.0,0.0,0.0,15.128
PPOLag,2019-11-20,25,1.0,0.004244949399731013,0.028060215492669304,15.128
EDF,2019-11-20,25,2.0,0.0,0.0,15.128
LLF,2019-11-20,25,2.0,0.0,0.0,15.128
MPC,2019-11-20,25,2.0,0.0,0.0,15.128
PPOLag,2019-11-20,25,2.0,0.004353397216529231,0.028777083662937807,15.128
EDF,2019-11-20,14,0.5,0.0,0.0,8.899
LLF,2019-11-20,14,0.5,0.0,0.0,8.899
MPC,2019-11-20,14,0.5,-1.7763568394002505e-15,-1.9961308454885388e-14,8.899
PPOLag,2019-11-20,14,0.5,0.0014897552515435563,0.016740704029031987,8.899
EDF,2019-11-20,14,1.0,0.0,0.0,8.899
LLF,2019-11-20,14,1.0,0.0,0.0,8.899
MPC,2019-11-20,14,1.0,-1.7763568394002505e-15,-1.9961308454885388e-14,8.899
PPOLag,2019-11-20,14,1.0,0.0019108358517780032,0.021472478388335808,8.899
EDF,2019-11-20,14,2.0,0.0,0.0,8.899
LLF,2019-11-20,14,2.0,0.0,0.0,8.899
MPC,2019-11-20,14,2.0,0.0,0.0,8.899
PPOLag,2019-11-20,14,2.0,0.0018103442698453875,0.020343232608668254,8.899
EDF,2019-11-21,1,0.5,0.0,0.0,0.885
LLF,2019-11-21,1,0.5,0.0,0.0,0.885
MPC,2019-11-21,1,0.5,0.0,0.0,0.885
PPOLag,2019-11-21,1,0.5,0.003364938127793415,0.38021899749078136,0.885
EDF,2019-11-21,1,1.0,0.0,0.0,0.885
LLF,2019-11-21,1,1.0,0.0,0.0,0.885
MPC,2019-11-21,1,1.0,0.0,0.0,0.885
PPOLag,2019-11-21,1,1.0,0.005669178891492632,0.6405851854793935,0.885
EDF,2019-11-21,1,2.0,0.0,0.0,0.885
LLF,2019-11-21,1,2.0,0.0,0.0,0.885
MPC,2019-11-21,1,2.0,0.0,0.0,0.885
PPOLag,2019-11-21,1,2.0,0.009015833818295627,1.018738284553178,0.885
EDF,2019-11-21,27,0.5,1.0658141036401503e-14,3.801726783093099e-14,28.035
LLF,2019-11-21,27,0.5,0.0,0.0,28.035
MPC,2019-11-21,27,0.5,0.0,0.0,28.035
PPOLag,2019-11-21,27,0.5,0.03478775161724172,0.12408686148472167,28.035
EDF,2019-11-21,27,1.0,3.552713678800501e-15,1.2672422610310329e-14,28.035
LLF,2019-11-21,27,1.0,0.0,0.0,28.035
MPC,2019-11-21,27,1.0,0.0,0.0,28.035
PPOLag,2019-11-21,27,1.0,0.03840960320954281,0.13700589694860996,28.035
EDF,2019-11-21,27,2.0,3.552713678800501e-15,1.2672422610310329e-14,28.035
LLF,2019-11-21,27,2.0,0.0,0.0,28.035
MPC,2019-11-21,27,2.0,0.0,0.0,28.035
PPOLag,2019-11-21,27,2.0,0.03593531813505422,0.12818019666507657,28.035
EDF,2019-11-21,9,0.5,0.0,0.0,5.089
LLF,2019-11-21,9,0.5,0.0,0.0,5.089
MPC,2019-11-21,9,0.5,0.0,0.0,5.089
PPOLag,2019-11-21,9,0.5,0.006061780498032654,0.1191153566129427,5.089
EDF,2019-11-21,9,1.0,0.0,0.0,5.089
LLF,2019-11-21,9,1.0,0.0,0.0,5.089
MPC,2019-11-21,9,1.0,0.0,0.0,5.089
PPOLag,2019-11-21,9,1.0,0.0029851506476306967,0.05865888480311841,5.089
EDF,2019-11-21,9,2.0,0.0,0.0,5.089
LLF,2019-11-21,9,2.0,0.0,0.0,5.089
MPC,2019-11-21,9,2.0,0.0,0.0,5.089
PPOLag,2019-11-21,9,2.0,0.010095451925281117,0.19837791167775826,5.089
EDF,2019-11-21,15,0.5,0.0,0.0,0.899
LLF,2019-11-21,15,0.5,-1.1102230246251565e-16,-1.2349533088155245e-14,0.899
MPC,2019-11-21,15,0.5,0.0,0.0,0.899
PPOLag,2019-11-21,15,0.5,0.0038822783779798977,0.4318440909877528,0.899
EDF,2019-11-21,15,1.0,0.0,0.0,0.899
LLF,2019-11-21,15,1.0,-1.1102230246251565e-16,-1.2349533088155245e-14,0.899
MPC,2019-11-21,15,1.0,0.0,0.0,0.899
PPOLag,2019-11-21,15,1.0,0.005612915180450107,0.6243509655673088,0.899
EDF,2019-11-21,15,2.0,0.0,0.0,0.899
LLF,2019-11-21,15,2.0,-1.1102230246251565e-16,-1.2349533088155245e-14,0.899
MPC,2019-11-21,15,2.0,0.0,0.0,0.899
PPOLag,2019-11-21,15,2.0,0.007801599084339128,0.8678085744537405,0.899
EDF,2019-11-21,28,0.5,-1.1102230246251565e-16,-1.1785807055468753e-14,0.942
LLF,2019-11-21,28,0.5,-1.1102230246251565e-16,-1.1785807055468753e-14,0.942
MPC,2019-11-21,28,0.5,0.0,0.0,0.942
PPOLag,2019-11-21,28,0.5,0.00687101680330493,0.7294073039601836,0.942
EDF,2019-11-21,28,1.0,0.0,0.0,0.942
LLF,2019-11-21,28,1.0,0.0,0.0,0.942
MPC,2019-11-21,28,1.0,0.0,0.0,0.942
PPOLag,2019-11-21,28,1.0,0.007760432817100216,0.8238251398195559,0.942
EDF,2019-11-21,28,2.0,0.0,0.0,0.942
LLF,2019-11-21,28,2.0,0.0,0.0,0.942
MPC,2019-11-21,28,2.0,0.0,0.0,0.942
PPOLag,2019-11-21,28,2.0,0.010224162817737793,1.0853676027322496,0.942
EDF,2019-11-22,1,0.5,0.0,0.0,14.034
LLF,2019-11-22,1,0.5,0.0,0.0,14.034
MPC,2019-11-22,1,0.5,1.7763568394002505e-15,1.265752343879329e-14,14.034
PPOLag,2019-11-22,1,0.5,0.004917442306269493,0.03503949199279958,14.034
EDF,2019-11-22,1,1.0,1.7763568394002505e-15,1.265752343879329e-14,14.034
LLF,2019-11-22,1,1.0,-1.7763568394002505e-15,-1.265752343879329e-14,14.034
MPC,2019-11-22,1,1.0,0.0,0.0,14.034
PPOLag,2019-11-22,1,1.0,0.006090656541408279,0.043399291302609944,14.034
EDF,2019-11-22,1,2.0,1.7763568394002505e-15,1.265752343879329e-14,14.034
LLF,2019-11-22,1,2.0,0.0,0.0,14.034
MPC,2019-11-22,1,2.0,0.0,0.0,14.034
PPOLag,2019-11-22,1,2.0,0.008256945302052898,0.058835295012490366,14.034
EDF,2019-11-22,33,0.5,0.0,0.0,13.312
LLF,2019-11-22,33,0.5,0.0,0.0,13.312
MPC,2019-11-22,33,0.5,0.0,0.0,13.312
PPOLag,2019-11-22,33,0.5,0.07822321528057899,0.5876142974803109,13.312
EDF,2019-11-22,33,1.0,0.0,0.0,13.312
LLF,2019-11-22,33,1.0,0.0,0.0,13.312
MPC,2019-11-22,33,1.0,0.0,0.0,13.312
PPOLag,2019-11-22,33,1.0,0.10508543119511202,0.7894037800113584,13.312
EDF,2019-11-22,33,2.0,0.0,0.0,13.312
LLF,2019-11-22,33,2.0,0.0,0.0,13.312
MPC,2019-11-22,33,2.0,0.0,0.0,13.312
PPOLag,2019-11-22,33,2.0,0.11479467024502413,0.8623397704704336,13.312
EDF,2019-11-22,0,0.5,0.0,0.0,4.417
LLF,2019-11-22,0,0.5,0.0,0.0,4.417
MPC,2019-11-22,0,0.5,2.415,54.67511885895404,4.417
PPOLag,2019-11-22,0,0.5,-0.001006891910888008,-0.02279583225918062,4.417
EDF,2019-11-22,0,1.0,0.0,0.0,4.417
LLF,2019-11-22,0,1.0,0.0,0.0,4.417
MPC,2019-11-22,0,1.0,2.725999999999999,61.716096898347274,4.417
PPOLag,2019-11-22,0,1.0,-0.0012203916337181653,-0.027629423448452917,4.417
EDF,2019-11-22,0,2.0,0.0,0.0,4.417
LLF,2019-11-22,0,2.0,0.0,0.0,4.417
MPC,2019-11-22,0,2.0,2.725999999999999,61.716096898347274,4.417
PPOLag,2019-11-22,0,2.0,0.0004916112981542042,0.011129981846370937,4.417
EDF,2019-11-22,16,0.5,0.0,0.0,15.892
LLF,2019-11-22,16,0.5,-1.7763568394002505e-15,-1.1177679583439784e-14,15.892
MPC,2019-11-22,16,0.5,1.7763568394002505e-15,1.1177679583439784e-14,15.892
PPOLag,2019-11-22,16,0.5,0.005555316632249685,0.03495668658601614,15.892
EDF,2019-11-22,16,1.0,0.0,0.0,15.892
LLF,2019-11-22,16,1.0,-1.7763568394002505e-15,-1.1177679583439784e-14,15.892
MPC,2019-11-22,16,1.0,1.7763568394002505e-15,1.1177679583439784e-14,15.892
PPOLag,2019-11-22,16,1.0,0.006042824899981624,0.038024319783423265,15.892
EDF,2019-11-22,16,2.0,0.0,0.0,15.892
LLF,2019-11-22,16,2.0,-1.7763568394002505e-15,-1.1177679583439784e-14,15.892
MPC,2019-11-22,16,2.0,0.0,0.0,15.892
PPOLag,2019-11-22,16,2.0,0.008680813052759717,0.0546237921769426,15.892
EDF,2019-11-22,7,0.5,0.0,0.0,2.065
LLF,2019-11-22,7,0.5,0.0,0.0,2.065
MPC,2019-11-22,7,0.5,0.0,0.0,2.065
PPOLag,2019-11-22,7,0.5,0.0039417356847131655,0.19088308400548018,2.065
EDF,2019-11-22,7,1.0,0.0,0.0,2.065
LLF,2019-11-22,7,1.0,0.0,0.0,2.065
MPC,2019-11-22,7,1.0,0.0,0.0,2.065
PPOLag,2019-11-22,7,1.0,0.005910352097299132,0.2862155979321614,2.065
EDF,2019-11-22,7,2.0,0.0,0.0,2.065
LLF,2019-11-22,7,2.0,0.0,0.0,2.065
MPC,2019-11-22,7,2.0,0.0,0.0,2.065
PPOLag,2019-11-22,7,2.0,0.007593348339751315,0.3677166266223398,2.065
EDF,2019-11-25,10,0.5,-8.881784197001252e-16,-2.2554048240226642e-14,3.938
LLF,2019-11-25,10,0.5,0.0,0.0,3.938
MPC,2019-11-25,10,0.5,-4.440892098500626e-16,-1.1277024120113321e-14,3.938
PPOLag,2019-11-25,10,0.5,0.0036482552343329645,0.09264233708311236,3.938
EDF,2019-11-25,10,1.0,-8.881784197001252e-16,-2.2554048240226642e-14,3.938
LLF,2019-11-25,10,1.0,0.0,0.0,3.938
MPC,2019-11-25,10,1.0,0.0,0.0,3.938
PPOLag,2019-11-25,10,1.0,0.0043982503264246905,0.11168741306309524,3.938
EDF,2019-11-25,10,2.0,-8.881784197001252e-16,-2.2554048240226642e-14,3.938
LLF,2019-11-25,10,2.0,0.0,0.0,3.938
MPC,2019-11-25,10,2.0,0.0,0.0,3.938
PPOLag,2019-11-25,10,2.0,0.005389730186368613,0.13686465684023902,3.938
EDF,2019-11-25,3,0.5,0.0,0.0,1.493
LLF,2019-11-25,3,0.5,0.0,0.0,1.493
MPC,2019-11-25,3,0.5,0.0,0.0,1.493
PPOLag,2019-11-25,3,0.5,0.0033780497703250756,0.22625919426155897,1.493
EDF,2019-11-25,3,1.0,0.0,0.0,1.493
LLF,2019-11-25,3,1.0,0.0,0.0,1.493
MPC,2019-11-25,3,1.0,0.0,0.0,1.493
PPOLag,2019-11-25,3,1.0,0.005511021815488837,0.36912403318746395,1.493
EDF,2019-11-25,3,2.0,0.0,0.0,1.493
LLF,2019-11-25,3,2.0,0.0,0.0,1.493
MPC,2019-11-25,3,2.0,0.0,0.0,1.493
PPOLag,2019-11-25,3,2.0,0.007110825523359265,0.47627766398923405,1.493
EDF,2019-11-25,0,0.5,-3.552713678800501e-15,-1.6804056753384262e-14,21.142
LLF,2019-11-25,0,0.5,-3.552713678800501e-15,-1.6804056753384262e-14,21.142
MPC,2019-11-25,0,0.5,0.0,0.0,21.142
PPOLag,2019-11-25,0,0.5,0.007613805020744024,0.036012699937300274,21.142
EDF,2019-11-25,0,1.0,-3.552713678800501e-15,-1.6804056753384262e-14,21.142
LLF,2019-11-25,0,1.0,-3.552713678800501e-15,-1.6804056753384262e-14,21.142
MPC,2019-11-25,0,1.0,0.0,0.0,21.142
PPOLag,2019-11-25,0,1.0,0.0077264060971685925,0.03654529418772392,21.142
EDF,2019-11-25,0,2.0,-3.552713678800501e-15,-1.6804056753384262e-14,21.142
LLF,2019-11-25,0,2.0,-3.552713678800501e-15,-1.6804056753384262e-14,21.142
MPC,2019-11-25,0,2.0,0.0,0.0,21.142
PPOLag,2019-11-25,0,2.0,0.00995528748133836,0.04708772813044347,21.142
EDF,2019-11-25,5,0.5,0.0,0.0,16.246
LLF,2019-11-25,5,0.5,0.0,0.0,16.246
MPC,2019-11-25,5,0.5,0.0,0.0,16.246
PPOLag,2019-11-25,5,0.5,-0.0012453874475134795,-0.007665809722476177,16.246
EDF,2019-11-25,5,1.0,0.0,0.0,16.246
LLF,2019-11-25,5,1.0,-3.552713678800501e-15,-2.186823635849133e-14,16.246
MPC,2019-11-25,5,1.0,0.0,0.0,16.246
PPOLag,2019-11-25,5,1.0,-0.002803481780296835,-0.01725644331094937,16.246
EDF,2019-11-25,5,2.0,0.0,0.0,16.246
LLF,2019-11-25,5,2.0,-3.552713678800501e-15,-2.186823635849133e-14,16.246
MPC,2019-11-25,5,2.0,0.0,0.0,16.246
PPOLag,2019-11-25,5,2.0,-0.0002966059978675162,-0.0018257170864675377,16.246
EDF,2019-11-25,1,0.5,0.0,0.0,0.891
LLF,2019-11-25,1,0.5,0.0,0.0,0.891
MPC,2019-11-25,1,0.5,0.0,0.0,0.891
PPOLag,2019-11-25,1,0.5,0.001998106210922934,0.22425434466026198,0.891
EDF,2019-11-25,1,1.0,0.0,0.0,0.891
LLF,2019-11-25,1,1.0,0.0,0.0,0.891
MPC,2019-11-25,1,1.0,0.0,0.0,0.891
PPOLag,2019-11-25,1,1.0,0.0030985704743494713,0.3477632406677297,0.891
EDF,2019-11-25,1,2.0,0.0,0.0,0.891
LLF,2019-11-25,1,2.0,0.0,0.0,0.891
MPC,2019-11-25,1,2.0,0.0,0.0,0.891
PPOLag,2019-11-25,1,2.0,0.004364461380645168,0.48983853879294814,0.891
EDF,2019-11-26,19,0.5,0.0,0.0,0.888
LLF,2019-11-26,19,0.5,1.1102230246251565e-16,1.2502511538571582e-14,0.888
MPC,2019-11-26,19,0.5,0.0,0.0,0.888
PPOLag,2019-11-26,19,0.5,0.003443300284958317,0.3877590410989096,0.888
EDF,2019-11-26,19,1.0,0.0,0.0,0.888
LLF,2019-11-26,19,1.0,0.0,0.0,0.888
MPC,2019-11-26,19,1.0,0.0,0.0,0.888
PPOLag,2019-11-26,19,1.0,0.005170577415022537,0.5822722314214568,0.888
EDF,2019-11-26,19,2.0,0.0,0.0,0.888
LLF,2019-11-26,19,2.0,0.0,0.0,0.888
MPC,2019-11-26,19,2.0,0.0,0.0,0.888
PPOLag,2019-11-26,19,2.0,0.00772455830600709,0.8698826921179155,0.888
EDF,2019-11-26,10,0.5,0.0,0.0,1.064
LLF,2019-11-26,10,0.5,0.0,0.0,1.064
MPC,2019-11-26,10,0.5,0.0,0.0,1.064
PPOLag,2019-11-26,10,0.5,0.0037647025986515814,0.353825432204096,1.064
EDF,2019-11-26,10,1.0,-2.220446049250313e-16,-2.0868853846337527e-14,1.064
LLF,2019-11-26,10,1.0,0.0,0.0,1.064
MPC,2019-11-26,10,1.0,0.0,0.0,1.064
PPOLag,2019-11-26,10,1.0,0.0056364918135967555,0.5297454712027025,1.064
EDF,2019-11-26,10,2.0,0.0,0.0,1.064
LLF,2019-11-26,10,2.0,0.0,0.0,1.064
MPC,2019-11-26,10,2.0,0.0,0.0,1.064
PPOLag,2019-11-26,10,2.0,0.007446603523630646,0.6998687522209253,1.064
EDF,2019-11-26,13,0.5,8.881784197001252e-16,1.3264313316907487e-14,6.696
LLF,2019-11-26,13,0.5,0.0,0.0,6.696
MPC,2019-11-26,13,0.5,0.0,0.0,6.696
PPOLag,2019-11-26,13,0.5,0.004666169918163554,0.06968593067747245,6.696
EDF,2019-11-26,13,1.0,0.0,0.0,6.696
LLF,2019-11-26,13,1.0,-8.881784197001252e-16,-1.3264313316907487e-14,6.696
MPC,2019-11-26,13,1.0,0.0,0.0,6.696
PPOLag,2019-11-26,13,1.0,0.0034484479274013323,0.05150011839010353,6.696
EDF,2019-11-26,13,2.0,0.0,0.0,6.696
LLF,2019-11-26,13,2.0,-8.881784197001252e-16,-1.3264313316907487e-14,6.696
MPC,2019-11-26,13,2.0,0.0,0.0,6.696
PPOLag,2019-11-26,13,2.0,0.004900409332903521,0.07318412982233455,6.696
EDF,2019-11-26,20,0.5,0.0,0.0,12.188
LLF,2019-11-26,20,0.5,-1.7763568394002505e-15,-1.4574637671482198e-14,12.188
MPC,2019-11-26,20,0.5,0.0,0.0,12.188
PPOLag,2019-11-26,20,0.5,0.004055272197616588,0.033272663255797405,12.188
EDF,2019-11-26,20,1.0,1.7763568394002505e-15,1.4574637671482198e-14,12.188
LLF,2019-11-26,20,1.0,-1.7763568394002505e-15,-1.4574637671482198e-14,12.188
MPC,2019-11-26,20,1.0,1.7763568394002505e-15,1.4574637671482198e-14,12.188
PPOLag,2019-11-26,20,1.0,0.0008703427455873936,0.007140980846631062,12.188
EDF,2019-11-26,20,2.0,0.0,0.0,12.188
LLF,2019-11-26,20,2.0,-1.7763568394002505e-15,-1.4574637671482198e-14,12.188
MPC,2019-11-26,20,2.0,0.0,0.0,12.188
PPOLag,2019-11-26,20,2.0,0.0035589288140982943,0.02920026923283799,12.188
EDF,2019-11-26,21,0.5,-8.881784197001252e-16,-1.7975681434934734e-14,4.941
LLF,2019-11-26,21,0.5,0.0,0.0,4.941
MPC,2019-11-26,21,0.5,0.0,0.0,4.941
PPOLag,2019-11-26,21,0.5,0.008760394765433156,0.17730003573028041,4.941
EDF,2019-11-26,21,1.0,-8.881784197001252e-16,-1.7975681434934734e-14,4.941
LLF,2019-11-26,21,1.0,0.0,0.0,4.941
MPC,2019-11-26,21,1.0,0.0,0.0,4.941
PPOLag,2019-11-26,21,1.0,0.008738700379692866,0.17686096700451054,4.941
EDF,2019-11-26,21,2.0,-8.881784197001252e-16,-1.7975681434934734e-14,4.941
LLF,2019-11-26,21,2.0,0.0,0.0,4.941
MPC,2019-11-26,21,2.0,0.0,0.0,4.941
PPOLag,2019-11-26,21,2.0,0.009522301832071811,0.19272013422529471,4.941
EDF,2019-11-27,4,0.5,0.0,0.0,5.83
LLF,2019-11-27,4,0.5,0.0,0.0,5.83
MPC,2019-11-27,4,0.5,0.0,0.0,5.83
PPOLag,2019-11-27,4,0.5,0.003043187115386381,0.052198749835100866,5.83
EDF,2019-11-27,4,1.0,0.0,0.0,5.83
LLF,2019-11-27,4,1.0,0.0,0.0,5.83
MPC,2019-11-27,4,1.0,0.0,0.0,5.83
PPOLag,2019-11-27,4,1.0,0.004712022584394582,0.08082371499819181,5.83
EDF,2019-11-27,4,2.0,0.0,0.0,5.83
LLF,2019-11-27,4,2.0,0.0,0.0,5.83
MPC,2019-11-27,4,2.0,0.0,0.0,5.83
PPOLag,2019-11-27,4,2.0,0.006344108370083923,0.10881832538737432,5.83
EDF,2019-11-27,7,0.5,0.0,0.0,35.72
LLF,2019-11-27,7,0.5,0.0,0.0,35.72
MPC,2019-11-27,7,0.5,0.0,0.0,35.72
PPOLag,2019-11-27,7,0.5,-0.0041263573510946115,-0.0115519522707016,35.72
EDF,2019-11-27,7,1.0,0.0,0.0,35.72
LLF,2019-11-27,7,1.0,0.0,0.0,35.72
MPC,2019-11-27,7,1.0,0.0,0.0,35.72
PPOLag,2019-11-27,7,1.0,0.0007621398270700297,0.002133650131774999,35.72
EDF,2019-11-27,7,2.0,0.0,0.0,35.72
LLF,2019-11-27,7,2.0,0.0,0.0,35.72
MPC,2019-11-27,7,2.0,0.0,0.0,35.72
PPOLag,2019-11-27,7,2.0,0.004925840474778909,0.013790146905876006,35.72
EDF,2019-11-27,3,0.5,0.0,0.0,6.739
LLF,2019-11-27,3,0.5,0.0,0.0,6.739
MPC,2019-11-27,3,0.5,0.0,0.0,6.739
PPOLag,2019-11-27,3,0.5,-0.0004169830751703074,-0.006187610553053974,6.739
EDF,2019-11-27,3,1.0,0.0,0.0,6.739
LLF,2019-11-27,3,1.0,0.0,0.0,6.739
MPC,2019-11-27,3,1.0,0.0,0.0,6.739
PPOLag,2019-11-27,3,1.0,-0.0001476859822387766,-0.0021915118302237207,6.739
EDF,2019-11-27,3,2.0,0.0,0.0,6.739
LLF,2019-11-27,3,2.0,0.0,0.0,6.739
MPC,2019-11-27,3,2.0,0.0,0.0,6.739
PPOLag,2019-11-27,3,2.0,0.002352424299017031,0.034907616842514186,6.739
EDF,2019-11-27,2,0.5,0.0,0.0,0.878
LLF,2019-11-27,2,0.5,0.0,0.0,0.878
MPC,2019-11-27,2,0.5,0.0,0.0,0.878
PPOLag,2019-11-27,2,0.5,0.0024080265117318424,0.2742627006528294,0.878
EDF,2019-11-27,2,1.0,0.0,0.0,0.878
LLF,2019-11-27,2,1.0,0.0,0.0,0.878
MPC,2019-11-27,2,1.0,0.0,0.0,0.878
PPOLag,2019-11-27,2,1.0,0.004077928941342268,0.4644565992417161,0.878
EDF,2019-11-27,2,2.0,0.0,0.0,0.878
LLF,2019-11-27,2,2.0,0.0,0.0,0.878
MPC,2019-11-27,2,2.0,0.0,0.0,0.878
PPOLag,2019-11-27,2,2.0,0.005742495473066711,0.6540427645861858,0.878
EDF,2019-11-27,5,0.5,0.0,0.0,12.263
LLF,2019-11-27,5,0.5,0.0,0.0,12.263
MPC,2019-11-27,5,0.5,0.0,0.0,12.263
PPOLag,2019-11-27,5,0.5,0.002312654964980965,0.018858802617475044,12.263
EDF,2019-11-27,5,1.0,0.0,0.0,12.263
LLF,2019-11-27,5,1.0,0.0,0.0,12.263
MPC,2019-11-27,5,1.0,0.0,0.0,12.263
PPOLag,2019-11-27,5,1.0,0.005182609506440982,0.042262166732781395,12.263
EDF,2019-11-27,5,2.0,0.0,0.0,12.263
LLF,2019-11-27,5,2.0,0.0,0.0,12.263
MPC,2019-11-27,5,2.0,0.0,0.0,12.263
PPOLag,2019-11-27,5,2.0,0.005289554697883503,0.04313426321359784,12.263
EDF,2019-11-28,0,0.5,0.0,0.0,22.616
LLF,2019-11-28,0,0.5,0.0,0.0,22.616
MPC,2019-11-28,0,0.5,0.0,0.0,22.616
PPOLag,2019-11-28,0,0.5,0.010508738158295472,0.04646594516402314,22.616
EDF,2019-11-28,0,1.0,0.0,0.0,22.616
LLF,2019-11-28,0,1.0,0.0,0.0,22.616
MPC,2019-11-28,0,1.0,0.0,0.0,22.616
PPOLag,2019-11-28,0,1.0,0.009962163325361928,0.044049183433683796,22.616
EDF,2019-11-28,0,2.0,0.0,0.0,22.616
LLF,2019-11-28,0,2.0,0.0,0.0,22.616
MPC,2019-11-28,0,2.0,0.0,0.0,22.616
PPOLag,2019-11-28,0,2.0,0.007307202938279289,0.03230988211124554,22.616
EDF,2019-11-29,2,0.5,0.0,0.0,13.312
LLF,2019-11-29,2,0.5,0.0,0.0,13.312
MPC,2019-11-29,2,0.5,0.0,0.0,13.312
PPOLag,2019-11-29,2,0.5,0.01597651519775454,0.12001588940620897,13.312
EDF,2019-11-29,2,1.0,0.0,0.0,13.312
LLF,2019-11-29,2,1.0,0.0,0.0,13.312
MPC,2019-11-29,2,1.0,0.0,0.0,13.312
PPOLag,2019-11-29,2,1.0,0.020261837768554614,0.15220731496810858,13.312
EDF,2019-11-29,2,2.0,0.0,0.0,13.312
LLF,2019-11-29,2,2.0,0.0,0.0,13.312
MPC,2019-11-29,2,2.0,0.0,0.0,13.312
PPOLag,2019-11-29,2,2.0,0.022214773559570133,0.1668778061866747,13.312
EDF,2019-11-29,0,0.5,0.0,0.0,8.255
LLF,2019-11-29,0,0.5,0.0,0.0,8.255
MPC,2019-11-29,0,0.5,0.0,0.0,8.255
PPOLag,2019-11-29,0,0.5,0.004658453275487773,0.05643189915793788,8.255
EDF,2019-11-29,0,1.0,0.0,0.0,8.255
LLF,2019-11-29,0,1.0,0.0,0.0,8.255
MPC,2019-11-29,0,1.0,0.0,0.0,8.255
PPOLag,2019-11-29,0,1.0,0.005248984660470057,0.06358551981187228,8.255
EDF,2019-11-29,0,2.0,0.0,0.0,8.255
LLF,2019-11-29,0,2.0,0.0,0.0,8.255
MPC,2019-11-29,0,2.0,0.0,0.0,8.255
PPOLag,2019-11-29,0,2.0,0.006275198392402004,0.07601693994430046,8.255
EDF,2019-11-29,4,0.5,0.0,0.0,10.627
LLF,2019-11-29,4,0.5,0.0,0.0,10.627
MPC,2019-11-29,4,0.5,0.0,0.0,10.627
PPOLag,2019-11-29,4,0.5,0.010839386000698425,0.10199855086758658,10.627
EDF,2019-11-29,4,1.0,0.0,0.0,10.627
LLF,2019-11-29,4,1.0,0.0,0.0,10.627
MPC,2019-11-29,4,1.0,0.0,0.0,10.627
PPOLag,2019-11-29,4,1.0,0.011603954086563917,0.10919313151937438,10.627
EDF,2019-11-29,4,2.0,0.0,0.0,10.627
LLF,2019-11-29,4,2.0,0.0,0.0,10.627
MPC,2019-11-29,4,2.0,3.552713678800501e-15,3.343101231580409e-14,10.627
PPOLag,2019-11-29,4,2.0,0.012946257278008489,0.12182419570912288,10.627
EDF,2019-11-29,3,0.5,0.0,0.0,14.975999999999999
LLF,2019-11-29,3,0.5,0.0,0.0,14.975999999999999
MPC,2019-11-29,3,0.5,0.0,0.0,14.975999999999999
PPOLag,2019-11-29,3,0.5,0.054044580078124585,0.36087459988063963,14.975999999999999
EDF,2019-11-29,3,1.0,0.0,0.0,14.975999999999999
LLF,2019-11-29,3,1.0,0.0,0.0,14.975999999999999
MPC,2019-11-29,3,1.0,0.0,0.0,14.975999999999999
PPOLag,2019-11-29,3,1.0,0.05716742858886725,0.3817269537183978,14.975999999999999
EDF,2019-11-29,3,2.0,0.0,0.0,14.975999999999999
LLF,2019-11-29,3,2.0,0.0,0.0,14.975999999999999
MPC,2019-11-29,3,2.0,0.0,0.0,14.975999999999999
PPOLag,2019-11-29,3,2.0,0.05853320617675806,0.3908467292785661,14.975999999999999
EDF,2019-12-02,31,0.5,0.0,0.0,2.128
LLF,2019-12-02,31,0.5,0.0,0.0,2.128
MPC,2019-12-02,31,0.5,0.0,0.0,2.128
PPOLag,2019-12-02,31,0.5,0.0009422112799495786,0.044276845862292226,2.128
EDF,2019-12-02,31,1.0,0.0,0.0,2.128
LLF,2019-12-02,31,1.0,0.0,0.0,2.128
MPC,2019-12-02,31,1.0,0.0,0.0,2.128
PPOLag,2019-12-02,31,1.0,-0.000186254445344769,-0.008752558521840658,2.128
EDF,2019-12-02,31,2.0,0.0,0.0,2.128
LLF,2019-12-02,31,2.0,0.0,0.0,2.128
MPC,2019-12-02,31,2.0,0.0,0.0,2.128
PPOLag,2019-12-02,31,2.0,0.0030817181530926165,0.14481758238217182,2.128
EDF,2019-12-02,12,0.5,8.881784197001252e-16,1.4942436401415296e-14,5.944
LLF,2019-12-02,12,0.5,8.881784197001252e-16,1.4942436401415296e-14,5.944
MPC,2019-12-02,12,0.5,0.0,0.0,5.944
PPOLag,2019-12-02,12,0.5,0.004076955119978898,0.06858941991889128,5.944
EDF,2019-12-02,12,1.0,0.0,0.0,5.944
LLF,2019-12-02,12,1.0,0.0,0.0,5.944
MPC,2019-12-02,12,1.0,0.0,0.0,5.944
PPOLag,2019-12-02,12,1.0,0.005566710113249762,0.09365259275319252,5.944
EDF,2019-12-02,12,2.0,8.881784197001252e-16,1.4942436401415296e-14,5.944
LLF,2019-12-02,12,2.0,0.0,0.0,5.944
MPC,2019-12-02,12,2.0,0.0,0.0,5.944
PPOLag,2019-12-02,12,2.0,0.0073424433081136446,0.12352697355507476,5.944
EDF,2019-12-02,9,0.5,0.0,0.0,15.941
LLF,2019-12-02,9,0.5,0.0,0.0,15.941
MPC,2019-12-02,9,0.5,1.7763568394002505e-15,1.1143321243336368e-14,15.941
PPOLag,2019-12-02,9,0.5,-0.0007649176412364511,-0.004798429466385114,15.941
EDF,2019-12-02,9,1.0,0.0,0.0,15.941
LLF,2019-12-02,9,1.0,-1.7763568394002505e-15,-1.1143321243336368e-14,15.941
MPC,2019-12-02,9,1.0,1.7763568394002505e-15,1.1143321243336368e-14,15.941
PPOLag,2019-12-02,9,1.0,-0.0012219759814858123,-0.0076656168464074555,15.941
EDF,2019-12-02,9,2.0,0.0,0.0,15.941
LLF,2019-12-02,9,2.0,0.0,0.0,15.941
MPC,2019-12-02,9,2.0,1.7763568394002505e-15,1.1143321243336368e-14,15.941
PPOLag,2019-12-02,9,2.0,0.0024170265728663764,0.01516232716182408,15.941
EDF,2019-12-02,7,0.5,0.0,0.0,20.342
LLF,2019-12-02,7,0.5,0.0,0.0,20.342
MPC,2019-12-02,7,0.5,0.0,0.0,20.342
PPOLag,2019-12-02,7,0.5,0.013884524957715883,0.06825545648272482,20.342
EDF,2019-12-02,7,1.0,0.0,0.0,20.342
LLF,2019-12-02,7,1.0,0.0,0.0,20.342
MPC,2019-12-02,7,1.0,0.0,0.0,20.342
PPOLag,2019-12-02,7,1.0,0.012935444193406198,0.06358983479208632,20.342
EDF,2019-12-02,7,2.0,-7.105427357601002e-15,-3.49298365824452e-14,20.342
LLF,2019-12-02,7,2.0,-3.552713678800501e-15,-1.74649182912226e-14,20.342
MPC,2019-12-02,7,2.0,3.552713678800501e-15,1.74649182912226e-14,20.342
PPOLag,2019-12-02,7,2.0,0.014883393122460831,0.07316582992066085,20.342
EDF,2019-12-02,3,0.5,3.552713678800501e-15,1.3125142894933134e-14,27.068
LLF,2019-12-02,3,0.5,-3.552713678800501e-15,-1.3125142894933134e-14,27.068
MPC,2019-12-02,3,0.5,0.0,0.0,27.068
PPOLag,2019-12-02,3,0.5,0.00805740965777133,0.029767288524351003,27.068
EDF,2019-12-02,3,1.0,3.552713678800501e-15,1.3125142894933134e-14,27.068
LLF,2019-12-02,3,1.0,0.0,0.0,27.068
MPC,2019-12-02,3,1.0,-3.552713678800501e-15,-1.3125142894933134e-14,27.068
PPOLag,2019-12-02,3,1.0,0.011318296019034335,0.04181430478437393,27.068
EDF,2019-12-02,3,2.0,3.552713678800501e-15,1.3125142894933134e-14,27.068
LLF,2019-12-02,3,2.0,3.552713678800501e-15,1.3125142894933134e-14,27.068
MPC,2019-12-02,3,2.0,-3.552713678800501e-15,-1.3125142894933134e-14,27.068
PPOLag,2019-12-02,3,2.0,0.014009550761016953,0.051756874394181154,27.068
EDF,2019-12-03,26,0.5,0.0,0.0,4.867
LLF,2019-12-03,26,0.5,0.0,0.0,4.867
MPC,2019-12-03,26,0.5,0.0,0.0,4.867
PPOLag,2019-12-03,26,0.5,0.004042989941092578,0.0830694460877867,4.867
EDF,2019-12-03,26,1.0,0.0,0.0,4.867
LLF,2019-12-03,26,1.0,0.0,0.0,4.867
MPC,2019-12-03,26,1.0,0.0,0.0,4.867
PPOLag,2019-12-03,26,1.0,0.005480572799692318,0.1126067967884183,4.867
EDF,2019-12-03,26,2.0,0.0,0.0,4.867
LLF,2019-12-03,26,2.0,0.0,0.0,4.867
MPC,2019-12-03,26,2.0,0.0,0.0,4.867
PPOLag,2019-12-03,26,2.0,0.0049403728570212024,0.10150755818823098,4.867
EDF,2019-12-03,32,0.5,0.0,0.0,6.882
LLF,2019-12-03,32,0.5,0.0,0.0,6.882
MPC,2019-12-03,32,0.5,0.0,0.0,6.882
PPOLag,2019-12-03,32,0.5,0.0061915164808461045,0.08996681896027471,6.882
EDF,2019-12-03,32,1.0,0.0,0.0,6.882
LLF,2019-12-03,32,1.0,0.0,0.0,6.882
MPC,2019-12-03,32,1.0,0.0,0.0,6.882
PPOLag,2019-12-03,32,1.0,0.007739072198119423,0.1124538244423049,6.882
EDF,2019-12-03,32,2.0,0.0,0.0,6.882
LLF,2019-12-03,32,2.0,0.0,0.0,6.882
MPC,2019-12-03,32,2.0,0.0,0.0,6.882
PPOLag,2019-12-03,32,2.0,0.0077586737064450515,0.11273864728923355,6.882
EDF,2019-12-03,22,0.5,0.0,0.0,7.856
LLF,2019-12-03,22,0.5,8.881784197001252e-16,1.1305733448321349e-14,7.856
MPC,2019-12-03,22,0.5,0.0,0.0,7.856
PPOLag,2019-12-03,22,0.5,0.006933249641103245,0.08825419604255659,7.856
EDF,2019-12-03,22,1.0,0.0,0.0,7.856
LLF,2019-12-03,22,1.0,8.881784197001252e-16,1.1305733448321349e-14,7.856
MPC,2019-12-03,22,1.0,0.0,0.0,7.856
PPOLag,2019-12-03,22,1.0,0.00917724311031467,0.11681826769748818,7.856
EDF,2019-12-03,22,2.0,0.0,0.0,7.856
LLF,2019-12-03,22,2.0,8.881784197001252e-16,1.1305733448321349e-14,7.856
MPC,2019-12-03,22,2.0,0.0,0.0,7.856
PPOLag,2019-12-03,22,2.0,0.01040813586475764,0.1324864544902958,7.856
EDF,2019-12-03,17,0.5,0.0,0.0,0.833
LLF,2019-12-03,17,0.5,0.0,0.0,0.833
MPC,2019-12-03,17,0.5,0.0,0.0,0.833
PPOLag,2019-12-03,17,0.5,0.003375597067358327,0.4052337415796311,0.833
EDF,2019-12-03,17,1.0,0.0,0.0,0.833
LLF,2019-12-03,17,1.0,0.0,0.0,0.833
MPC,2019-12-03,17,1.0,0.0,0.0,0.833
PPOLag,2019-12-03,17,1.0,0.005003759317459444,0.6006913946529945,0.833
EDF,2019-12-03,17,2.0,0.0,0.0,0.833
LLF,2019-12-03,17,2.0,0.0,0.0,0.833
MPC,2019-12-03,17,2.0,0.0,0.0,0.833
PPOLag,2019-12-03,17,2.0,0.006942094991050895,0.8333847528272385,0.833
EDF,2019-12-03,6,0.5,0.0,0.0,19.772
LLF,2019-12-03,6,0.5,0.0,0.0,19.772
MPC,2019-12-03,6,0.5,3.552713678800501e-15,1.796840824803005e-14,19.772
PPOLag,2019-12-03,6,0.5,0.0028029399185953707,0.014176309521522207,19.772
EDF,2019-12-03,6,1.0,0.0,0.0,19.772
LLF,2019-12-03,6,1.0,0.0,0.0,19.772
MPC,2019-12-03,6,1.0,0.0,0.0,19.772
PPOLag,2019-12-03,6,1.0,0.0040327129999546685,0.020396080315368544,19.772
EDF,2019-12-03,6,2.0,0.0,0.0,19.772
LLF,2019-12-03,6,2.0,0.0,0.0,19.772
MPC,2019-12-03,6,2.0,0.0,0.0,19.772
PPOLag,2019-12-03,6,2.0,0.007543305679295997,0.03815145498328949,19.772
EDF,2019-12-04,4,0.5,0.0,0.0,5.869
LLF,2019-12-04,4,0.5,0.0,0.0,5.869
MPC,2019-12-04,4,0.5,0.0,0.0,5.869
PPOLag,2019-12-04,4,0.5,0.0035858353454296223,0.061097893089617016,5.869
EDF,2019-12-04,4,1.0,8.881784197001252e-16,1.513338592094267e-14,5.869
LLF,2019-12-04,4,1.0,0.0,0.0,5.869
MPC,2019-12-04,4,1.0,8.881784197001252e-16,1.513338592094267e-14,5.869
PPOLag,2019-12-04,4,1.0,0.005457297976655973,0.09298514187520827,5.869
EDF,2019-12-04,4,2.0,8.881784197001252e-16,1.513338592094267e-14,5.869
LLF,2019-12-04,4,2.0,0.0,0.0,5.869
MPC,2019-12-04,4,2.0,-8.881784197001252e-16,-1.513338592094267e-14,5.869
PPOLag,2019-12-04,4,2.0,0.005307531098588036,0.09043331229490606,5.869
EDF,2019-12-04,22,0.5,-8.881784197001252e-16,-1.1205884679537285e-14,7.926
LLF,2019-12-04,22,0.5,0.0,0.0,7.926
MPC,2019-12-04,22,0.5,1.7763568394002505e-15,2.241176935907457e-14,7.926
PPOLag,2019-12-04,22,0.5,0.0057165209444281825,0.07212365561983576,7.926
EDF,2019-12-04,22,1.0,0.0,0.0,7.926
LLF,2019-12-04,22,1.0,0.0,0.0,7.926
MPC,2019-12-04,22,1.0,0.0,0.0,7.926
PPOLag,2019-12-04,22,1.0,0.008947344914123079,0.11288600699120714,7.926
EDF,2019-12-04,22,2.0,0.0,0.0,7.926
LLF,2019-12-04,22,2.0,0.0,0.0,7.926
MPC,2019-12-04,22,2.0,1.7763568394002505e-15,2.241176935907457e-14,7.926
PPOLag,2019-12-04,22,2.0,0.006006742190027126,0.07578529132004952,7.926
EDF,2019-12-04,26,0.5,0.08099999999999596,0.28552292995874357,28.369
LLF,2019-12-04,26,0.5,3.552713678800501e-15,1.2523224924391065e-14,28.369
MPC,2019-12-04,26,0.5,-3.552713678800501e-15,-1.2523224924391065e-14,28.369
PPOLag,2019-12-04,26,0.5,0.009836018353214371,0.034671713325159045,28.369
EDF,2019-12-04,26,1.0,0.08099999999998886,0.28552292995871853,28.369
LLF,2019-12-04,26,1.0,7.105427357601002e-15,2.504644984878213e-14,28.369
MPC,2019-12-04,26,1.0,-3.552713678800501e-15,-1.2523224924391065e-14,28.369
PPOLag,2019-12-04,26,1.0,0.016665745494448457,0.05874632695706037,28.369
EDF,2019-12-04,26,2.0,0.08099999999998886,0.28552292995871853,28.369
LLF,2019-12-04,26,2.0,3.552713678800501e-15,1.2523224924391065e-14,28.369
MPC,2019-12-04,26,2.0,0.0,0.0,28.369
PPOLag,2019-12-04,26,2.0,0.014861906405776892,0.0523878402685216,28.369
EDF,2019-12-04,21,0.5,-8.881784197001252e-16,-1.5041124804405167e-14,5.905
LLF,2019-12-04,21,0.5,0.0,0.0,5.905
MPC,2019-12-04,21,0.5,8.881784197001252e-16,1.5041124804405167e-14,5.905
PPOLag,2019-12-04,21,0.5,0.00648957862179902,0.10989972263842537,5.905
EDF,2019-12-04,21,1.0,0.0,0.0,5.905
LLF,2019-12-04,21,1.0,-8.881784197001252e-16,-1.5041124804405167e-14,5.905
MPC,2019-12-04,21,1.0,8.881784197001252e-16,1.5041124804405167e-14,5.905
PPOLag,2019-12-04,21,1.0,0.011207796651712698,0.18980180612553257,5.905
EDF,2019-12-04,21,2.0,8.881784197001252e-16,1.5041124804405167e-14,5.905
LLF,2019-12-04,21,2.0,-8.881784197001252e-16,-1.5041124804405167e-14,5.905
MPC,2019-12-04,21,2.0,0.0,0.0,5.905
PPOLag,2019-12-04,21,2.0,0.01343544716610907,0.22752662432022133,5.905
EDF,2019-12-04,37,0.5,0.0,0.0,0.89
LLF,2019-12-04,37,0.5,0.0,0.0,0.89
MPC,2019-12-04,37,0.5,0.0,0.0,0.89
PPOLag,2019-12-04,37,0.5,0.015311567699670991,1.720400865131572,0.89
EDF,2019-12-04,37,1.0,0.0,0.0,0.89
LLF,2019-12-04,37,1.0,0.0,0.0,0.89
MPC,2019-12-04,37,1.0,0.0,0.0,0.89
PPOLag,2019-12-04,37,1.0,0.019130210650182056,2.149461870806972,0.89
EDF,2019-12-04,37,2.0,0.0,0.0,0.89
LLF,2019-12-04,37,2.0,0.0,0.0,0.89
MPC,2019-12-04,37,2.0,0.0,0.0,0.89
PPOLag,2019-12-04,37,2.0,0.022981674778204786,2.582210649236493,0.89
EDF,2019-12-05,24,0.5,0.0,0.0,13.301
LLF,2019-12-05,24,0.5,0.0,0.0,13.301
MPC,2019-12-05,24,0.5,0.0,0.0,13.301
PPOLag,2019-12-05,24,0.5,0.00875210470664527,0.06580035115138164,13.301
EDF,2019-12-05,24,1.0,0.0,0.0,13.301
LLF,2019-12-05,24,1.0,0.0,0.0,13.301
MPC,2019-12-05,24,1.0,0.0,0.0,13.301
PPOLag,2019-12-05,24,1.0,0.006681478698448373,0.05023290503306799,13.301
EDF,2019-12-05,24,2.0,0.0,0.0,13.301
LLF,2019-12-05,24,2.0,0.0,0.0,13.301
MPC,2019-12-05,24,2.0,3.552713678800501e-15,2.6710124643263672e-14,13.301
PPOLag,2019-12-05,24,2.0,0.006728868705073765,0.050589194083706227,13.301
EDF,2019-12-05,11,0.5,0.0,0.0,1.588
LLF,2019-12-05,11,0.5,0.0,0.0,1.588
MPC,2019-12-05,11,0.5,0.0,0.0,1.588
PPOLag,2019-12-05,11,0.5,0.003725470649140794,0.23460142626831196,1.588
EDF,2019-12-05,11,1.0,2.220446049250313e-16,1.3982657740870988e-14,1.588
LLF,2019-12-05,11,1.0,0.0,0.0,1.588
MPC,2019-12-05,11,1.0,0.0,0.0,1.588
PPOLag,2019-12-05,11,1.0,0.004899564995256478,0.3085368384922215,1.588
EDF,2019-12-05,11,2.0,2.220446049250313e-16,1.3982657740870988e-14,1.588
LLF,2019-12-05,11,2.0,0.0,0.0,1.588
MPC,2019-12-05,11,2.0,0.0,0.0,1.588
PPOLag,2019-12-05,11,2.0,0.00683274734580368,0.43027376233020664,1.588
EDF,2019-12-05,14,0.5,0.0,0.0,7.743
LLF,2019-12-05,14,0.5,0.0,0.0,7.743
MPC,2019-12-05,14,0.5,0.0,0.0,7.743
PPOLag,2019-12-05,14,0.5,0.002952826238023043,0.038135428619695766,7.743
EDF,2019-12-05,14,1.0,0.0,0.0,7.743
LLF,2019-12-05,14,1.0,0.0,0.0,7.743
MPC,2019-12-05,14,1.0,0.0,0.0,7.743
PPOLag,2019-12-05,14,1.0,0.005030414126883898,0.06496724947544745,7.743
EDF,2019-12-05,14,2.0,0.0,0.0,7.743
LLF,2019-12-05,14,2.0,0.0,0.0,7.743
MPC,2019-12-05,14,2.0,0.0,0.0,7.743
PPOLag,2019-12-05,14,2.0,0.009155312811523509,0.11823986583395982,7.743
EDF,2019-12-05,5,0.5,0.0,0.0,12.944
LLF,2019-12-05,5,0.5,0.0,0.0,12.944
MPC,2019-12-05,5,0.5,0.0,0.0,12.944
PPOLag,2019-12-05,5,0.5,0.008913578977198,0.06886263115882262,12.944
EDF,2019-12-05,5,1.0,0.0,0.0,12.944
LLF,2019-12-05,5,1.0,0.0,0.0,12.944
MPC,2019-12-05,5,1.0,-1.7763568394002505e-15,-1.3723399562733702e-14,12.944
PPOLag,2019-12-05,5,1.0,0.010591687616905432,0.08182700569302712,12.944
EDF,2019-12-05,5,2.0,1.7763568394002505e-15,1.3723399562733702e-14,12.944
LLF,2019-12-05,5,2.0,0.0,0.0,12.944
MPC,2019-12-05,5,2.0,-1.7763568394002505e-15,-1.3723399562733702e-14,12.944
PPOLag,2019-12-05,5,2.0,0.013176478461948804,0.1017960326170334,12.944
EDF,2019-12-05,7,0.5,0.0,0.0,12.111
LLF,2019-12-05,7,0.5,0.0,0.0,12.111
MPC,2019-12-05,7,0.5,1.7763568394002505e-15,1.4667301126250933e-14,12.111
PPOLag,2019-12-05,7,0.5,0.009901975368721594,0.08176017974338695,12.111
EDF,2019-12-05,7,1.0,0.0,0.0,12.111
LLF,2019-12-05,7,1.0,-1.7763568394002505e-15,-1.4667301126250933e-14,12.111
MPC,2019-12-05,7,1.0,1.7763568394002505e-15,1.4667301126250933e-14,12.111
PPOLag,2019-12-05,7,1.0,0.009750467562518138,0.08050918638030005,12.111
EDF,2019-12-05,7,2.0,0.0,0.0,12.111
LLF,2019-12-05,7,2.0,-1.7763568394002505e-15,-1.4667301126250933e-14,12.111
MPC,2019-12-05,7,2.0,1.7763568394002505e-15,1.4667301126250933e-14,12.111
PPOLag,2019-12-05,7,2.0,0.009082188686158333,0.07499123677779154,12.111
EDF,2019-12-06,6,0.5,0.0,0.0,3.776
LLF,2019-12-06,6,0.5,0.0,0.0,3.776
MPC,2019-12-06,6,0.5,0.0,0.0,3.776
PPOLag,2019-12-06,6,0.5,0.003207579958002782,0.08494650312507367,3.776
EDF,2019-12-06,6,1.0,0.0,0.0,3.776
LLF,2019-12-06,6,1.0,0.0,0.0,3.776
MPC,2019-12-06,6,1.0,0.0,0.0,3.776
PPOLag,2019-12-06,6,1.0,0.004885986379971197,0.12939582574076264,3.776
EDF,2019-12-06,6,2.0,0.0,0.0,3.776
LLF,2019-12-06,6,2.0,0.0,0.0,3.776
MPC,2019-12-06,6,2.0,0.0,0.0,3.776
PPOLag,2019-12-06,6,2.0,0.0071223484023388295,0.1886215148924478,3.776
EDF,2019-12-06,0,0.5,0.0,0.0,2.875
LLF,2019-12-06,0,0.5,0.0,0.0,2.875
MPC,2019-12-06,0,0.5,0.0,0.0,2.875
PPOLag,2019-12-06,0,0.5,0.001831517310031039,0.0637049499141231,2.875
EDF,2019-12-06,0,1.0,0.0,0.0,2.875
LLF,2019-12-06,0,1.0,0.0,0.0,2.875
MPC,2019-12-06,0,1.0,0.0,0.0,2.875
PPOLag,2019-12-06,0,1.0,0.002783260466495019,0.09680905970417455,2.875
EDF,2019-12-06,0,2.0,0.0,0.0,2.875
LLF,2019-12-06,0,2.0,0.0,0.0,2.875
MPC,2019-12-06,0,2.0,0.0,0.0,2.875
PPOLag,2019-12-06,0,2.0,0.004830411944097346,0.16801432849034245,2.875
EDF,2019-12-06,27,0.5,0.0,0.0,1.514
LLF,2019-12-06,27,0.5,0.0,0.0,1.514
MPC,2019-12-06,27,0.5,0.0,0.0,1.514
PPOLag,2019-12-06,27,0.5,-0.00013982674279788831,-0.009235584068552728,1.514
EDF,2019-12-06,27,1.0,0.0,0.0,1.514
LLF,2019-12-06,27,1.0,0.0,0.0,1.514
MPC,2019-12-06,27,1.0,0.0,0.0,1.514
PPOLag,2019-12-06,27,1.0,0.000366971825492568,0.024238561789469492,1.514
EDF,2019-12-06,27,2.0,0.0,0.0,1.514
LLF,2019-12-06,27,2.0,0.0,0.0,1.514
MPC,2019-12-06,27,2.0,0.0,0.0,1.514
PPOLag,2019-12-06,27,2.0,0.002536206569416599,0.16751694646080578,1.514
EDF,2019-12-06,16,0.5,0.0,0.0,2.335
LLF,2019-12-06,16,0.5,0.0,0.0,2.335
MPC,2019-12-06,16,0.5,0.0,0.0,2.335
PPOLag,2019-12-06,16,0.5,0.00269859285574654,0.11557142851162912,2.335
EDF,2019-12-06,16,1.0,0.0,0.0,2.335
LLF,2019-12-06,16,1.0,0.0,0.0,2.335
MPC,2019-12-06,16,1.0,0.0,0.0,2.335
PPOLag,2019-12-06,16,1.0,0.004724752579458169,0.20234486421662395,2.335
EDF,2019-12-06,16,2.0,0.0,0.0,2.335
LLF,2019-12-06,16,2.0,0.0,0.0,2.335
MPC,2019-12-06,16,2.0,0.0,0.0,2.335
PPOLag,2019-12-06,16,2.0,0.006781218724717419,0.29041621947397944,2.335
EDF,2019-12-06,24,0.5,0.0,0.0,7.766
LLF,2019-12-06,24,0.5,0.0,0.0,7.766
MPC,2019-12-06,24,0.5,0.0,0.0,7.766
PPOLag,2019-12-06,24,0.5,-0.0014276308624230794,-0.018383091197824875,7.766
EDF,2019-12-06,24,1.0,0.0,0.0,7.766
LLF,2019-12-06,24,1.0,0.0,0.0,7.766
MPC,2019-12-06,24,1.0,0.0,0.0,7.766
PPOLag,2019-12-06,24,1.0,-0.0006556692151221455,-0.008442817603942127,7.766
EDF,2019-12-06,24,2.0,0.0,0.0,7.766
LLF,2019-12-06,24,2.0,0.0,0.0,7.766
MPC,2019-12-06,24,2.0,0.0,0.0,7.766
PPOLag,2019-12-06,24,2.0,0.004115050780164964,0.05298803476905696,7.766
EDF,2019-12-09,21,0.5,0.0,0.0,2.176
LLF,2019-12-09,21,0.5,0.0,0.0,2.176
MPC,2019-12-09,21,0.5,0.0,0.0,2.176
PPOLag,2019-12-09,21,0.5,0.003493010816214959,0.16052439412752567,2.176
EDF,2019-12-09,21,1.0,0.0,0.0,2.176
LLF,2019-12-09,21,1.0,0.0,0.0,2.176
MPC,2019-12-09,21,1.0,0.0,0.0,2.176
PPOLag,2019-12-09,21,1.0,0.0056271775603153,0.25860190994096044,2.176
EDF,2019-12-09,21,2.0,0.0,0.0,2.176
LLF,2019-12-09,21,2.0,0.0,0.0,2.176
MPC,2019-12-09,21,2.0,0.0,0.0,2.176
PPOLag,2019-12-09,21,2.0,0.008277494460261181,0.3803995615928851,2.176
EDF,2019-12-09,26,0.5,0.0,0.0,1.178
LLF,2019-12-09,26,0.5,0.0,0.0,1.178
MPC,2019-12-09,26,0.5,0.0,0.0,1.178
PPOLag,2019-12-09,26,0.5,-0.0002964731172962143,-0.025167497223787295,1.178
EDF,2019-12-09,26,1.0,2.220446049250313e-16,1.884928734507906e-14,1.178
LLF,2019-12-09,26,1.0,0.0,0.0,1.178
MPC,2019-12-09,26,1.0,0.0,0.0,1.178
PPOLag,2019-12-09,26,1.0,0.005306303190941763,0.45045018598826514,1.178
EDF,2019-12-09,26,2.0,2.220446049250313e-16,1.884928734507906e-14,1.178
LLF,2019-12-09,26,2.0,0.0,0.0,1.178
MPC,2019-12-09,26,2.0,0.0,0.0,1.178
PPOLag,2019-12-09,26,2.0,0.007845365426276096,0.6659902738774276,1.178
EDF,2019-12-09,0,0.5,0.0,0.0,3.432
LLF,2019-12-09,0,0.5,0.0,0.0,3.432
MPC,2019-12-09,0,0.5,4.440892098500626e-16,1.2939662291668492e-14,3.432
PPOLag,2019-12-09,0,0.5,0.0031664163775382724,0.0922615494620709,3.432
EDF,2019-12-09,0,1.0,0.0,0.0,3.432
LLF,2019-12-09,0,1.0,0.0,0.0,3.432
MPC,2019-12-09,0,1.0,4.440892098500626e-16,1.2939662291668492e-14,3.432
PPOLag,2019-12-09,0,1.0,0.004569824226653463,0.13315338655750183,3.432
EDF,2019-12-09,0,2.0,0.0,0.0,3.432
LLF,2019-12-09,0,2.0,0.0,0.0,3.432
MPC,2019-12-09,0,2.0,4.440892098500626e-16,1.2939662291668492e-14,3.432
PPOLag,2019-12-09,0,2.0,0.006213335265761621,0.1810412373473666,3.432
EDF,2019-12-09,29,0.5,0.0,0.0,0.849
LLF,2019-12-09,29,0.5,0.0,0.0,0.849
MPC,2019-12-09,29,0.5,0.0,0.0,0.849
PPOLag,2019-12-09,29,0.5,0.009368254373905005,1.103445744865136,0.849
EDF,2019-12-09,29,1.0,0.0,0.0,0.849
LLF,2019-12-09,29,1.0,0.0,0.0,0.849
MPC,2019-12-09,29,1.0,0.0,0.0,0.849
PPOLag,2019-12-09,29,1.0,0.005636372374966547,0.6638836719630798,0.849
EDF,2019-12-09,29,2.0,0.0,0.0,0.849
LLF,2019-12-09,29,2.0,0.0,0.0,0.849
MPC,2019-12-09,29,2.0,0.0,0.0,0.849
PPOLag,2019-12-09,29,2.0,0.013247203188039958,1.560330175269724,0.849
EDF,2019-12-09,10,0.5,0.0,0.0,4.017
LLF,2019-12-09,10,0.5,0.0,0.0,4.017
MPC,2019-12-09,10,0.5,0.0,0.0,4.017
PPOLag,2019-12-09,10,0.5,0.003982930310803568,0.09915186235508008,4.017
EDF,2019-12-09,10,1.0,0.0,0.0,4.017
LLF,2019-12-09,10,1.0,0.0,0.0,4.017
MPC,2019-12-09,10,1.0,0.0,0.0,4.017
PPOLag,2019-12-09,10,1.0,0.006795785925736287,0.16917565162400514,4.017
EDF,2019-12-09,10,2.0,0.0,0.0,4.017
LLF,2019-12-09,10,2.0,8.881784197001252e-16,2.2110490906151982e-14,4.017
MPC,2019-12-09,10,2.0,0.0,0.0,4.017
PPOLag,2019-12-09,10,2.0,0.012666006365585857,0.31531009125182613,4.017
EDF,2019-12-10,11,0.5,0.0,0.0,15.737
LLF,2019-12-10,11,0.5,1.7763568394002505e-15,1.128777301518873e-14,15.737
MPC,2019-12-10,11,0.5,0.0,0.0,15.737
PPOLag,2019-12-10,11,0.5,0.0018317427810412568,0.01163972028367069,15.737
EDF,2019-12-10,11,1.0,0.0,0.0,15.737
LLF,2019-12-10,11,1.0,0.0,0.0,15.737
MPC,2019-12-10,11,1.0,0.0,0.0,15.737
PPOLag,2019-12-10,11,1.0,0.0002277014000245714,0.0014469174558338405,15.737
EDF,2019-12-10,11,2.0,1.7763568394002505e-15,1.128777301518873e-14,15.737
LLF,2019-12-10,11,2.0,0.0,0.0,15.737
MPC,2019-12-10,11,2.0,-1.7763568394002505e-15,-1.128777301518873e-14,15.737
PPOLag,2019-12-10,11,2.0,0.002350622448209094,0.014936915855684654,15.737
EDF,2019-12-10,26,0.5,0.0,0.0,5.761
LLF,2019-12-10,26,0.5,0.0,0.0,5.761
MPC,2019-12-10,26,0.5,0.0,0.0,5.761
PPOLag,2019-12-10,26,0.5,0.005886405300982567,0.10217679744805705,5.761
EDF,2019-12-10,26,1.0,0.0,0.0,5.761
LLF,2019-12-10,26,1.0,0.0,0.0,5.761
MPC,2019-12-10,26,1.0,0.0,0.0,5.761
PPOLag,2019-12-10,26,1.0,0.006743216965223553,0.11704941790007903,5.761
EDF,2019-12-10,26,2.0,0.0,0.0,5.761
LLF,2019-12-10,26,2.0,0.0,0.0,5.761
MPC,2019-12-10,26,2.0,0.0,0.0,5.761
PPOLag,2019-12-10,26,2.0,0.008416927549153463,0.14610184949059996,5.761
EDF,2019-12-10,15,0.5,1.7763568394002505e-15,1.3223828179857445e-14,13.433
LLF,2019-12-10,15,0.5,0.0,0.0,13.433
MPC,2019-12-10,15,0.5,0.0,0.0,13.433
PPOLag,2019-12-10,15,0.5,0.0037472652242936276,0.027895966830146855,13.433
EDF,2019-12-10,15,1.0,1.7763568394002505e-15,1.3223828179857445e-14,13.433
LLF,2019-12-10,15,1.0,0.0,0.0,13.433
MPC,2019-12-10,15,1.0,-1.7763568394002505e-15,-1.3223828179857445e-14,13.433
PPOLag,2019-12-10,15,1.0,0.00239063905615815,0.017796762124306933,13.433
EDF,2019-12-10,15,2.0,1.7763568394002505e-15,1.3223828179857445e-14,13.433
LLF,2019-12-10,15,2.0,0.0,0.0,13.433
MPC,2019-12-10,15,2.0,-3.552713678800501e-15,-2.644765635971489e-14,13.433
PPOLag,2019-12-10,15,2.0,0.004521787023683288,0.0336617808656539,13.433
EDF,2019-12-10,17,0.5,8.881784197001252e-16,2.0982244736596392e-14,4.233
LLF,2019-12-10,17,0.5,8.881784197001252e-16,2.0982244736596392e-14,4.233
MPC,2019-12-10,17,0.5,0.0,0.0,4.233
PPOLag,2019-12-10,17,0.5,0.004682523935923477,0.11061951183376986,4.233
EDF,2019-12-10,17,1.0,0.0,0.0,4.233
LLF,2019-12-10,17,1.0,8.881784197001252e-16,2.0982244736596392e-14,4.233
MPC,2019-12-10,17,1.0,0.0,0.0,4.233
PPOLag,2019-12-10,17,1.0,0.004882496921091395,0.11534365511673506,4.233
EDF,2019-12-10,17,2.0,0.0,0.0,4.233
LLF,2019-12-10,17,2.0,8.881784197001252e-16,2.0982244736596392e-14,4.233
MPC,2019-12-10,17,2.0,0.0,0.0,4.233
PPOLag,2019-12-10,17,2.0,0.006216184131559821,0.14685055826978077,4.233
EDF,2019-12-10,24,0.5,0.0,0.0,4.218
LLF,2019-12-10,24,0.5,0.0,0.0,4.218
MPC,2019-12-10,24,0.5,0.0,0.0,4.218
PPOLag,2019-12-10,24,0.5,0.001428306352729436,0.03386217052464287,4.218
EDF,2019-12-10,24,1.0,0.0,0.0,4.218
LLF,2019-12-10,24,1.0,0.0,0.0,4.218
MPC,2019-12-10,24,1.0,0.0,0.0,4.218
PPOLag,2019-12-10,24,1.0,0.003974133636753585,0.09421843614873364,4.218
EDF,2019-12-10,24,2.0,0.0,0.0,4.218
LLF,2019-12-10,24,2.0,0.0,0.0,4.218
MPC,2019-12-10,24,2.0,0.0,0.0,4.218
PPOLag,2019-12-10,24,2.0,0.00557900973488028,0.13226670779706687,4.218
EDF,2019-12-11,5,0.5,0.0,0.0,9.69
LLF,2019-12-11,5,0.5,0.0,0.0,9.69
MPC,2019-12-11,5,0.5,1.7763568394002505e-15,1.8331855927763164e-14,9.69
PPOLag,2019-12-11,5,0.5,0.0339724892532022,0.35059328434677195,9.69
EDF,2019-12-11,5,1.0,3.552713678800501e-15,3.666371185552633e-14,9.69
LLF,2019-12-11,5,1.0,3.552713678800501e-15,3.666371185552633e-14,9.69
MPC,2019-12-11,5,1.0,1.7763568394002505e-15,1.8331855927763164e-14,9.69
PPOLag,2019-12-11,5,1.0,0.035130869134702536,0.3625476690887775,9.69
EDF,2019-12-11,5,2.0,1.7763568394002505e-15,1.8331855927763164e-14,9.69
LLF,2019-12-11,5,2.0,3.552713678800501e-15,3.666371185552633e-14,9.69
MPC,2019-12-11,5,2.0,1.7763568394002505e-15,1.8331855927763164e-14,9.69
PPOLag,2019-12-11,5,2.0,0.039297997595106084,0.4055520907647687,9.69
EDF,2019-12-11,24,0.5,-8.881784197001252e-16,-2.1673460705225117e-14,4.098
LLF,2019-12-11,24,0.5,0.0,0.0,4.098
MPC,2019-12-11,24,0.5,0.0,0.0,4.098
PPOLag,2019-12-11,24,0.5,0.026742307263861332,0.6525697233738734,4.098
EDF,2019-12-11,24,1.0,0.0,0.0,4.098
LLF,2019-12-11,24,1.0,0.0,0.0,4.098
MPC,2019-12-11,24,1.0,0.0,0.0,4.098
PPOLag,2019-12-11,24,1.0,0.025475886128143176,0.6216663281635719,4.098
EDF,2019-12-11,24,2.0,0.0,0.0,4.098
LLF,2019-12-11,24,2.0,0.0,0.0,4.098
MPC,2019-12-11,24,2.0,0.0,0.0,4.098
PPOLag,2019-12-11,24,2.0,0.02728322401289871,0.6657692536090462,4.098
EDF,2019-12-11,11,0.5,0.0,0.0,10.308
LLF,2019-12-11,11,0.5,0.0,0.0,10.308
MPC,2019-12-11,11,0.5,1.7763568394002505e-15,1.7232798209160367e-14,10.308
PPOLag,2019-12-11,11,0.5,0.003089189235041445,0.02996885171751499,10.308
EDF,2019-12-11,11,1.0,0.0,0.0,10.308
LLF,2019-12-11,11,1.0,0.0,0.0,10.308
MPC,2019-12-11,11,1.0,1.7763568394002505e-15,1.7232798209160367e-14,10.308
PPOLag,2019-12-11,11,1.0,0.003155489496788633,0.03061204401230726,10.308
EDF,2019-12-11,11,2.0,0.0,0.0,10.308
LLF,2019-12-11,11,2.0,0.0,0.0,10.308
MPC,2019-12-11,11,2.0,1.7763568394002505e-15,1.7232798209160367e-14,10.308
PPOLag,2019-12-11,11,2.0,0.0030555421446841536,0.029642434465309987,10.308
EDF,2019-12-11,23,0.5,0.0,0.0,4.002
LLF,2019-12-11,23,0.5,0.0,0.0,4.002
MPC,2019-12-11,23,0.5,0.0,0.0,4.002
PPOLag,2019-12-11,23,0.5,0.0016448450017886528,0.04110057475733765,4.002
EDF,2019-12-11,23,1.0,0.0,0.0,4.002
LLF,2019-12-11,23,1.0,0.0,0.0,4.002
MPC,2019-12-11,23,1.0,0.0,0.0,4.002
PPOLag,2019-12-11,23,1.0,-0.0002168511672358875,-0.005418569895949216,4.002
EDF,2019-12-11,23,2.0,0.0,0.0,4.002
LLF,2019-12-11,23,2.0,0.0,0.0,4.002
MPC,2019-12-11,23,2.0,0.0,0.0,4.002
PPOLag,2019-12-11,23,2.0,0.004089929836590045,0.10219714734108058,4.002
EDF,2019-12-11,31,0.5,0.0,0.0,13.765
LLF,2019-12-11,31,0.5,0.0,0.0,13.765
MPC,2019-12-11,31,0.5,1.7763568394002505e-15,1.2904880780241558e-14,13.765
PPOLag,2019-12-11,31,0.5,0.005587510880064173,0.040592160407295116,13.765
EDF,2019-12-11,31,1.0,0.0,0.0,13.765
LLF,2019-12-11,31,1.0,0.0,0.0,13.765
MPC,2019-12-11,31,1.0,0.0,0.0,13.765
PPOLag,2019-12-11,31,1.0,0.007288239339158764,0.052947615976453054,13.765
EDF,2019-12-11,31,2.0,0.0,0.0,13.765
LLF,2019-12-11,31,2.0,0.0,0.0,13.765
MPC,2019-12-11,31,2.0,0.0,0.0,13.765
PPOLag,2019-12-11,31,2.0,0.012612355709313761,0.09162626741237748,13.765
EDF,2019-12-12,15,0.5,-3.552713678800501e-15,-1.9898698772266724e-14,17.854
LLF,2019-12-12,15,0.5,0.0,0.0,17.854
MPC,2019-12-12,15,0.5,3.552713678800501e-15,1.9898698772266724e-14,17.854
PPOLag,2019-12-12,15,0.5,0.002306378493409511,0.012917993129884123,17.854
EDF,2019-12-12,15,1.0,-3.552713678800501e-15,-1.9898698772266724e-14,17.854
LLF,2019-12-12,15,1.0,-3.552713678800501e-15,-1.9898698772266724e-14,17.854
MPC,2019-12-12,15,1.0,3.552713678800501e-15,1.9898698772266724e-14,17.854
PPOLag,2019-12-12,15,1.0,0.0008562623648820988,0.004795913324084793,17.854
EDF,2019-12-12,15,2.0,-3.552713678800501e-15,-1.9898698772266724e-14,17.854
LLF,2019-12-12,15,2.0,0.0,0.0,17.854
MPC,2019-12-12,15,2.0,0.0,0.0,17.854
PPOLag,2019-12-12,15,2.0,0.003631137817595942,0.020337951257958675,17.854
EDF,2019-12-12,24,0.5,0.0,0.0,3.974
LLF,2019-12-12,24,0.5,0.0,0.0,3.974
MPC,2019-12-12,24,0.5,0.0,0.0,3.974
PPOLag,2019-12-12,24,0.5,0.012491057248005876,0.3143195080021609,3.974
EDF,2019-12-12,24,1.0,0.0,0.0,3.974
LLF,2019-12-12,24,1.0,0.0,0.0,3.974
MPC,2019-12-12,24,1.0,0.0,0.0,3.974
PPOLag,2019-12-12,24,1.0,0.012826695713383263,0.3227653677247927,3.974
EDF,2019-12-12,24,2.0,0.0,0.0,3.974
LLF,2019-12-12,24,2.0,0.0,0.0,3.974
MPC,2019-12-12,24,2.0,0.0,0.0,3.974
PPOLag,2019-12-12,24,2.0,0.015838469650857688,0.3985523314257093,3.974
EDF,2019-12-12,28,0.5,0.0,0.0,9.773
LLF,2019-12-12,28,0.5,0.0,0.0,9.773
MPC,2019-12-12,28,0.5,0.0,0.0,9.773
PPOLag,2019-12-12,28,0.5,0.006066828517298362,0.062077443132081876,9.773
EDF,2019-12-12,28,1.0,0.0,0.0,9.773
LLF,2019-12-12,28,1.0,0.0,0.0,9.773
MPC,2019-12-12,28,1.0,3.552713678800501e-15,3.635233478768547e-14,9.773
PPOLag,2019-12-12,28,1.0,0.008703990066056022,0.08906159895688144,9.773
EDF,2019-12-12,28,2.0,0.0,0.0,9.773
LLF,2019-12-12,28,2.0,0.0,0.0,9.773
MPC,2019-12-12,28,2.0,3.552713678800501e-15,3.635233478768547e-14,9.773
PPOLag,2019-12-12,28,2.0,0.008706280557585443,0.0890850358905704,9.773
EDF,2019-12-12,5,0.5,0.0,0.0,2.386
LLF,2019-12-12,5,0.5,0.0,0.0,2.386
MPC,2019-12-12,5,0.5,0.0,0.0,2.386
PPOLag,2019-12-12,5,0.5,0.005000903950274171,0.20959362742138188,2.386
EDF,2019-12-12,5,1.0,0.0,0.0,2.386
LLF,2019-12-12,5,1.0,0.0,0.0,2.386
MPC,2019-12-12,5,1.0,0.0,0.0,2.386
PPOLag,2019-12-12,5,1.0,0.008928259508475377,0.3741936089050871,2.386
EDF,2019-12-12,5,2.0,0.0,0.0,2.386
LLF,2019-12-12,5,2.0,0.0,0.0,2.386
MPC,2019-12-12,5,2.0,0.0,0.0,2.386
PPOLag,2019-12-12,5,2.0,0.010390011485512395,0.43545731288819767,2.386
EDF,2019-12-12,23,0.5,0.0,0.0,2.671
LLF,2019-12-12,23,0.5,0.0,0.0,2.671
MPC,2019-12-12,23,0.5,0.0,0.0,2.671
PPOLag,2019-12-12,23,0.5,0.0047068048368707595,0.17621882579074352,2.671
EDF,2019-12-12,23,1.0,0.0,0.0,2.671
LLF,2019-12-12,23,1.0,0.0,0.0,2.671
MPC,2019-12-12,23,1.0,0.0,0.0,2.671
PPOLag,2019-12-12,23,1.0,0.006320737037797297,0.23664309388982768,2.671
EDF,2019-12-12,23,2.0,0.0,0.0,2.671
LLF,2019-12-12,23,2.0,0.0,0.0,2.671
MPC,2019-12-12,23,2.0,0.0,0.0,2.671
PPOLag,2019-12-12,23,2.0,0.0070302516774233045,0.26320672697204434,2.671
EDF,2019-12-13,30,0.5,0.0,0.0,5.79
LLF,2019-12-13,30,0.5,0.0,0.0,5.79
MPC,2019-12-13,30,0.5,0.0,0.0,5.79
PPOLag,2019-12-13,30,0.5,0.021893616651520453,0.3781280941540665,5.79
EDF,2019-12-13,30,1.0,0.0,0.0,5.79
LLF,2019-12-13,30,1.0,0.0,0.0,5.79
MPC,2019-12-13,30,1.0,8.881784197001252e-16,1.5339869079449485e-14,5.79
PPOLag,2019-12-13,30,1.0,0.02361900899957483,0.4079276165729677,5.79
EDF,2019-12-13,30,2.0,0.0,0.0,5.79
LLF,2019-12-13,30,2.0,0.0,0.0,5.79
MPC,2019-12-13,30,2.0,0.0,0.0,5.79
PPOLag,2019-12-13,30,2.0,0.0223825869281562,0.38657317665209334,5.79
EDF,2019-12-13,36,0.5,0.0,0.0,6.873
LLF,2019-12-13,36,0.5,0.0,0.0,6.873
MPC,2019-12-13,36,0.5,0.0,0.0,6.873
PPOLag,2019-12-13,36,0.5,0.006555034100007085,0.09537369562064722,6.873
EDF,2019-12-13,36,1.0,0.0,0.0,6.873
LLF,2019-12-13,36,1.0,0.0,0.0,6.873
MPC,2019-12-13,36,1.0,8.881784197001252e-16,1.2922718168196206e-14,6.873
PPOLag,2019-12-13,36,1.0,0.009732998753513123,0.14161208720374102,6.873
EDF,2019-12-13,36,2.0,0.0,0.0,6.873
LLF,2019-12-13,36,2.0,0.0,0.0,6.873
MPC,2019-12-13,36,2.0,8.881784197001252e-16,1.2922718168196206e-14,6.873
PPOLag,2019-12-13,36,2.0,0.009766956265456095,0.142106158379981,6.873
EDF,2019-12-13,6,0.5,0.0,0.0,9.698
LLF,2019-12-13,6,0.5,1.7763568394002505e-15,1.831673375335379e-14,9.698
MPC,2019-12-13,6,0.5,0.0,0.0,9.698
PPOLag,2019-12-13,6,0.5,0.011295122010105274,0.11646857094354787,9.698
EDF,2019-12-13,6,1.0,0.0,0.0,9.698
LLF,2019-12-13,6,1.0,1.7763568394002505e-15,1.831673375335379e-14,9.698
MPC,2019-12-13,6,1.0,0.0,0.0,9.698
PPOLag,2019-12-13,6,1.0,0.011567072431841297,0.11927276172243036,9.698
EDF,2019-12-13,6,2.0,-1.7763568394002505e-15,-1.831673375335379e-14,9.698
LLF,2019-12-13,6,2.0,0.0,0.0,9.698
MPC,2019-12-13,6,2.0,0.0,0.0,9.698
PPOLag,2019-12-13,6,2.0,0.011094185322569672,0.1143966314969032,9.698
EDF,2019-12-13,9,0.5,0.0,0.0,13.312
LLF,2019-12-13,9,0.5,0.0,0.0,13.312
MPC,2019-12-13,9,0.5,0.0,0.0,13.312
PPOLag,2019-12-13,9,0.5,0.037913327835219945,0.2848056478006306,13.312
EDF,2019-12-13,9,1.0,0.0,0.0,13.312
LLF,2019-12-13,9,1.0,0.0,0.0,13.312
MPC,2019-12-13,9,1.0,0.0,0.0,13.312
PPOLag,2019-12-13,9,1.0,0.051041404338331375,0.3834240109550134,13.312
EDF,2019-12-13,9,2.0,0.0,0.0,13.312
LLF,2019-12-13,9,2.0,0.0,0.0,13.312
MPC,2019-12-13,9,2.0,0.0,0.0,13.312
PPOLag,2019-12-13,9,2.0,0.05558535291640645,0.41755824005713976,13.312
EDF,2019-12-13,3,0.5,0.0,0.0,10.552
LLF,2019-12-13,3,0.5,0.0,0.0,10.552
MPC,2019-12-13,3,0.5,1.7763568394002505e-15,1.6834314247538385e-14,10.552
PPOLag,2019-12-13,3,0.5,0.002079823256573121,0.019710227981170596,10.552
EDF,2019-12-13,3,1.0,0.0,0.0,10.552
LLF,2019-12-13,3,1.0,0.0,0.0,10.552
MPC,2019-12-13,3,1.0,-1.7763568394002505e-15,-1.6834314247538385e-14,10.552
PPOLag,2019-12-13,3,1.0,0.001734072821726329,0.01643359383743678,10.552
EDF,2019-12-13,3,2.0,0.0,0.0,10.552
LLF,2019-12-13,3,2.0,0.0,0.0,10.552
MPC,2019-12-13,3,2.0,1.7763568394002505e-15,1.6834314247538385e-14,10.552
PPOLag,2019-12-13,3,2.0,0.0015989644001635384,0.015153188022778033,10.552
EDF,2019-12-16,12,0.5,-4.440892098500626e-16,-1.1422047578448113e-14,3.888
LLF,2019-12-16,12,0.5,0.0,0.0,3.888
MPC,2019-12-16,12,0.5,0.0,0.0,3.888
PPOLag,2019-12-16,12,0.5,-0.00032767405443436817,-0.008427830618167913,3.888
EDF,2019-12-16,12,1.0,-4.440892098500626e-16,-1.1422047578448113e-14,3.888
LLF,2019-12-16,12,1.0,0.0,0.0,3.888
MPC,2019-12-16,12,1.0,0.0,0.0,3.888
PPOLag,2019-12-16,12,1.0,0.0009834406369158444,0.02529425506470793,3.888
EDF,2019-12-16,12,2.0,0.0,0.0,3.888
LLF,2019-12-16,12,2.0,4.440892098500626e-16,1.1422047578448113e-14,3.888
MPC,2019-12-16,12,2.0,0.0,0.0,3.888
PPOLag,2019-12-16,12,2.0,0.0028480085325846894,0.0732512482660671,3.888
EDF,2019-12-16,2,0.5,0.0,0.0,12.102
LLF,2019-12-16,2,0.5,0.0,0.0,12.102
MPC,2019-12-16,2,0.5,1.3609999999999793,11.246075028920668,12.102
PPOLag,2019-12-16,2,0.5,0.12782023904965206,1.0561910349500254,12.102
EDF,2019-12-16,2,1.0,0.0,0.0,12.102
LLF,2019-12-16,2,1.0,1.7763568394002505e-15,1.467820888613659e-14,12.102
MPC,2019-12-16,2,1.0,1.3609999999999811,11.246075028920684,12.102
PPOLag,2019-12-16,2,1.0,0.14687697955168844,1.2136587303890962,12.102
EDF,2019-12-16,2,2.0,0.0,0.0,12.102
LLF,2019-12-16,2,2.0,1.7763568394002505e-15,1.467820888613659e-14,12.102
MPC,2019-12-16,2,2.0,1.3609999999999811,11.246075028920684,12.102
PPOLag,2019-12-16,2,2.0,0.15315553310504876,1.2655390274752003,12.102
EDF,2019-12-16,18,0.5,0.0,0.0,29.429
LLF,2019-12-16,18,0.5,0.0,0.0,29.429
MPC,2019-12-16,18,0.5,1.1750000000000078,3.9926603010636037,29.429
PPOLag,2019-12-16,18,0.5,0.19856543175300131,0.6747270778925596,29.429
EDF,2019-12-16,18,1.0,0.0,0.0,29.429
LLF,2019-12-16,18,1.0,0.0,0.0,29.429
MPC,2019-12-16,18,1.0,2.187000000000012,7.431445173128587,29.429
PPOLag,2019-12-16,18,1.0,0.2718728874277261,0.9238264549516672,29.429
EDF,2019-12-16,18,2.0,-7.105427357601002e-15,-2.4144304453433695e-14,29.429
LLF,2019-12-16,18,2.0,0.0,0.0,29.429
MPC,2019-12-16,18,2.0,1.0910000000000046,3.7072275646471327,29.429
PPOLag,2019-12-16,18,2.0,0.32867338899176773,1.1168350572284744,29.429
EDF,2019-12-16,8,0.5,10.545000000000009,26.935553909422996,39.149
LLF,2019-12-16,8,0.5,1.6259999999999764,4.153362793430167,39.149
MPC,2019-12-16,8,0.5,3.674999999999997,9.387212955631043,39.149
PPOLag,2019-12-16,8,0.5,1.103817368138553,2.819528897643753,39.149
EDF,2019-12-16,8,1.0,13.71200000000001,35.02516028506478,39.149
LLF,2019-12-16,8,1.0,1.6259999999999835,4.153362793430186,39.149
MPC,2019-12-16,8,1.0,6.528000000000006,16.674755421594437,39.149
PPOLag,2019-12-16,8,1.0,1.300881085965551,3.322897356166316,39.149
EDF,2019-12-16,8,2.0,14.569000000000017,37.21423280288134,39.149
LLF,2019-12-16,8,2.0,1.6259999999999764,4.153362793430167,39.149
MPC,2019-12-16,8,2.0,6.528000000000006,16.674755421594437,39.149
PPOLag,2019-12-16,8,2.0,1.3555037162942667,3.4624223257152593,39.149
EDF,2019-12-16,1,0.5,0.0,0.0,3.786
LLF,2019-12-16,1,0.5,0.0,0.0,3.786
MPC,2019-12-16,1,0.5,0.7859999999999785,20.76069730586314,3.786
PPOLag,2019-12-16,1,0.5,0.00515026880740308,0.13603456966199365,3.786
EDF,2019-12-16,1,1.0,0.0,0.0,3.786
LLF,2019-12-16,1,1.0,0.0,0.0,3.786
MPC,2019-12-16,1,1.0,0.8809999999999774,23.269941891177425,3.786
PPOLag,2019-12-16,1,1.0,0.006658876821569936,0.17588158535578283,3.786
EDF,2019-12-16,1,2.0,0.0,0.0,3.786
LLF,2019-12-16,1,2.0,0.0,0.0,3.786
MPC,2019-12-16,1,2.0,1.3469999999999798,35.57844690966666,3.786
PPOLag,2019-12-16,1,2.0,0.006261985193998764,0.16539844675115595,3.786
EDF,2019-12-17,28,0.5,0.0,0.0,6.385
LLF,2019-12-17,28,0.5,8.881784197001252e-16,1.3910390285045032e-14,6.385
MPC,2019-12-17,28,0.5,8.881784197001252e-16,1.3910390285045032e-14,6.385
PPOLag,2019-12-17,28,0.5,0.018006763915941627,0.2820166627398845,6.385
EDF,2019-12-17,28,1.0,0.0,0.0,6.385
LLF,2019-12-17,28,1.0,8.881784197001252e-16,1.3910390285045032e-14,6.385
MPC,2019-12-17,28,1.0,8.881784197001252e-16,1.3910390285045032e-14,6.385
PPOLag,2019-12-17,28,1.0,0.022296152964333515,0.34919581776559927,6.385
EDF,2019-12-17,28,2.0,0.0,0.0,6.385
LLF,2019-12-17,28,2.0,8.881784197001252e-16,1.3910390285045032e-14,6.385
MPC,2019-12-17,28,2.0,0.0,0.0,6.385
PPOLag,2019-12-17,28,2.0,0.022481921100937184,0.352105263914443,6.385
EDF,2019-12-17,6,0.5,0.0,0.0,5.477
LLF,2019-12-17,6,0.5,8.881784197001252e-16,1.6216513049116764e-14,5.477
MPC,2019-12-17,6,0.5,0.0,0.0,5.477
PPOLag,2019-12-17,6,0.5,0.013010868240604444,0.2375546510973972,5.477
EDF,2019-12-17,6,1.0,0.0,0.0,5.477
LLF,2019-12-17,6,1.0,0.0,0.0,5.477
MPC,2019-12-17,6,1.0,8.881784197001252e-16,1.6216513049116764e-14,5.477
PPOLag,2019-12-17,6,1.0,0.015559996528756592,0.28409707008867247,5.477
EDF,2019-12-17,6,2.0,0.0,0.0,5.477
LLF,2019-12-17,6,2.0,0.0,0.0,5.477
MPC,2019-12-17,6,2.0,0.0,0.0,5.477
PPOLag,2019-12-17,6,2.0,0.01795791786451595,0.32787872675764007,5.477
EDF,2019-12-17,9,0.5,-1.7763568394002505e-15,-1.1261296053000194e-14,15.774
LLF,2019-12-17,9,0.5,1.7763568394002505e-15,1.1261296053000194e-14,15.774
MPC,2019-12-17,9,0.5,0.0,0.0,15.774
PPOLag,2019-12-17,9,0.5,0.00630797264136973,0.039989683284960886,15.774
EDF,2019-12-17,9,1.0,1.7763568394002505e-15,1.1261296053000194e-14,15.774
LLF,2019-12-17,9,1.0,1.7763568394002505e-15,1.1261296053000194e-14,15.774
MPC,2019-12-17,9,1.0,0.0,0.0,15.774
PPOLag,2019-12-17,9,1.0,0.0057858834579779025,0.036679874844541036,15.774
EDF,2019-12-17,9,2.0,0.0,0.0,15.774
LLF,2019-12-17,9,2.0,1.7763568394002505e-15,1.1261296053000194e-14,15.774
MPC,2019-12-17,9,2.0,0.0,0.0,15.774
PPOLag,2019-12-17,9,2.0,0.006613212072838337,0.041924762728783684,15.774
EDF,2019-12-17,4,0.5,0.0,0.0,4.651
LLF,2019-12-17,4,0.5,0.0,0.0,4.651
MPC,2019-12-17,4,0.5,8.881784197001252e-16,1.9096504401206736e-14,4.651
PPOLag,2019-12-17,4,0.5,0.041293348764824954,0.8878380727762837,4.651
EDF,2019-12-17,4,1.0,0.0,0.0,4.651
LLF,2019-12-17,4,1.0,0.0,0.0,4.651
MPC,2019-12-17,4,1.0,0.0,0.0,4.651
PPOLag,2019-12-17,4,1.0,0.04417439256625997,0.9497826825684793,4.651
EDF,2019-12-17,4,2.0,0.0,0.0,4.651
LLF,2019-12-17,4,2.0,0.0,0.0,4.651
MPC,2019-12-17,4,2.0,0.0,0.0,4.651
PPOLag,2019-12-17,4,2.0,0.046515678567463324,1.0001220934737332,4.651
EDF,2019-12-17,24,0.5,0.0,0.0,7.752
LLF,2019-12-17,24,0.5,0.0,0.0,7.752
MPC,2019-12-17,24,0.5,-1.7763568394002505e-15,-2.2914819909703955e-14,7.752
PPOLag,2019-12-17,24,0.5,0.004975644815213798,0.06418530463382092,7.752
EDF,2019-12-17,24,1.0,0.0,0.0,7.752
LLF,2019-12-17,24,1.0,-8.881784197001252e-16,-1.1457409954851977e-14,7.752
MPC,2019-12-17,24,1.0,-1.7763568394002505e-15,-2.2914819909703955e-14,7.752
PPOLag,2019-12-17,24,1.0,0.005614936456953323,0.07243210083789117,7.752
EDF,2019-12-17,24,2.0,0.0,0.0,7.752
LLF,2019-12-17,24,2.0,-8.881784197001252e-16,-1.1457409954851977e-14,7.752
MPC,2019-12-17,24,2.0,-1.7763568394002505e-15,-2.2914819909703955e-14,7.752
PPOLag,2019-12-17,24,2.0,0.008180272410662682,0.10552466990018941,7.752
EDF,2019-12-18,29,0.5,0.0,0.0,5.488
LLF,2019-12-18,29,0.5,0.0,0.0,5.488
MPC,2019-12-18,29,0.5,-8.881784197001252e-16,-1.618400910532298e-14,5.488
PPOLag,2019-12-18,29,0.5,0.0029362814409116924,0.05350367057054832,5.488
EDF,2019-12-18,29,1.0,0.0,0.0,5.488
LLF,2019-12-18,29,1.0,0.0,0.0,5.488
MPC,2019-12-18,29,1.0,-8.881784197001252e-16,-1.618400910532298e-14,5.488
PPOLag,2019-12-18,29,1.0,0.00365919283270042,0.066676254240168,5.488
EDF,2019-12-18,29,2.0,0.0,0.0,5.488
LLF,2019-12-18,29,2.0,0.0,0.0,5.488
MPC,2019-12-18,29,2.0,-8.881784197001252e-16,-1.618400910532298e-14,5.488
PPOLag,2019-12-18,29,2.0,0.006332447691163701,0.1153871663841782,5.488
EDF,2019-12-18,4,0.5,-1.7763568394002505e-15,-1.9055533570052034e-14,9.322
LLF,2019-12-18,4,0.5,0.0,0.0,9.322
MPC,2019-12-18,4,0.5,0.0,0.0,9.322
PPOLag,2019-12-18,4,0.5,-0.003711285890452487,-0.03981212068711102,9.322
EDF,2019-12-18,4,1.0,-1.7763568394002505e-15,-1.9055533570052034e-14,9.322
LLF,2019-12-18,4,1.0,0.0,0.0,9.322
MPC,2019-12-18,4,1.0,0.0,0.0,9.322
PPOLag,2019-12-18,4,1.0,0.004166842324265829,0.04469901656582096,9.322
EDF,2019-12-18,4,2.0,0.0,0.0,9.322
LLF,2019-12-18,4,2.0,0.0,0.0,9.322
MPC,2019-12-18,4,2.0,-1.7763568394002505e-15,-1.9055533570052034e-14,9.322
PPOLag,2019-12-18,4,2.0,0.003600016389674465,0.03861849806559178,9.322
EDF,2019-12-18,33,0.5,0.0,0.0,7.822
LLF,2019-12-18,33,0.5,0.0,0.0,7.822
MPC,2019-12-18,33,0.5,0.0,0.0,7.822
PPOLag,2019-12-18,33,0.5,0.012351226421547068,0.15790368731203103,7.822
EDF,2019-12-18,33,1.0,0.0,0.0,7.822
LLF,2019-12-18,33,1.0,0.0,0.0,7.822
MPC,2019-12-18,33,1.0,0.0,0.0,7.822
PPOLag,2019-12-18,33,1.0,0.011757806987619367,0.1503171437946736,7.822
EDF,2019-12-18,33,2.0,0.0,0.0,7.822
LLF,2019-12-18,33,2.0,0.0,0.0,7.822
MPC,2019-12-18,33,2.0,1.7763568394002505e-15,2.270975248530108e-14,7.822
PPOLag,2019-12-18,33,2.0,0.014065327945279194,0.17981753957145477,7.822
EDF,2019-12-18,15,0.5,0.0,0.0,3.243
LLF,2019-12-18,15,0.5,4.440892098500626e-16,1.3693777670368876e-14,3.243
MPC,2019-12-18,15,0.5,0.0,0.0,3.243
PPOLag,2019-12-18,15,0.5,0.0073382174002015075,0.22627867407343535,3.243
EDF,2019-12-18,15,1.0,4.440892098500626e-16,1.3693777670368876e-14,3.243
LLF,2019-12-18,15,1.0,-4.440892098500626e-16,-1.3693777670368876e-14,3.243
MPC,2019-12-18,15,1.0,0.0,0.0,3.243
PPOLag,2019-12-18,15,1.0,0.004535248640051037,0.13984732161736163,3.243
EDF,2019-12-18,15,2.0,0.0,0.0,3.243
LLF,2019-12-18,15,2.0,0.0,0.0,3.243
MPC,2019-12-18,15,2.0,0.0,0.0,3.243
PPOLag,2019-12-18,15,2.0,0.009613804817707993,0.2964478821371568,3.243
EDF,2019-12-18,6,0.5,0.0,0.0,4.9
LLF,2019-12-18,6,0.5,8.881784197001252e-16,1.812609019796174e-14,4.9
MPC,2019-12-18,6,0.5,0.0,0.0,4.9
PPOLag,2019-12-18,6,0.5,0.0010575614115776234,0.021582885950563742,4.9
EDF,2019-12-18,6,1.0,0.0,0.0,4.9
LLF,2019-12-18,6,1.0,8.881784197001252e-16,1.812609019796174e-14,4.9
MPC,2019-12-18,6,1.0,0.0,0.0,4.9
PPOLag,2019-12-18,6,1.0,0.0028376289447969326,0.057910794791774134,4.9
EDF,2019-12-18,6,2.0,0.0,0.0,4.9
LLF,2019-12-18,6,2.0,8.881784197001252e-16,1.812609019796174e-14,4.9
MPC,2019-12-18,6,2.0,0.0,0.0,4.9
PPOLag,2019-12-18,6,2.0,0.002724086356839983,0.05559359911918332,4.9
EDF,2019-12-19,31,0.5,-2.220446049250313e-16,-1.33040506246274e-14,1.669
LLF,2019-12-19,31,0.5,0.0,0.0,1.669
MPC,2019-12-19,31,0.5,0.0,0.0,1.669
PPOLag,2019-12-19,31,0.5,0.0023636359009442387,0.14161988621595198,1.669
EDF,2019-12-19,31,1.0,-2.220446049250313e-16,-1.33040506246274e-14,1.669
LLF,2019-12-19,31,1.0,0.0,0.0,1.669
MPC,2019-12-19,31,1.0,0.0,0.0,1.669
PPOLag,2019-12-19,31,1.0,0.006394824742094629,0.38315307022735945,1.669
EDF,2019-12-19,31,2.0,0.0,0.0,1.669
LLF,2019-12-19,31,2.0,0.0,0.0,1.669
MPC,2019-12-19,31,2.0,0.0,0.0,1.669
PPOLag,2019-12-19,31,2.0,0.00736711998603008,0.4414092262450617,1.669
EDF,2019-12-19,27,0.5,0.0,0.0,3.388
LLF,2019-12-19,27,0.5,0.0,0.0,3.388
MPC,2019-12-19,27,0.5,0.0,0.0,3.388
PPOLag,2019-12-19,27,0.5,0.0070609800853025815,0.20841145470196523,3.388
EDF,2019-12-19,27,1.0,0.0,0.0,3.388
LLF,2019-12-19,27,1.0,-4.440892098500626e-16,-1.3107709853897952e-14,3.388
MPC,2019-12-19,27,1.0,0.0,0.0,3.388
PPOLag,2019-12-19,27,1.0,0.006578442142419138,0.19416889440434293,3.388
EDF,2019-12-19,27,2.0,0.0,0.0,3.388
LLF,2019-12-19,27,2.0,-4.440892098500626e-16,-1.3107709853897952e-14,3.388
MPC,2019-12-19,27,2.0,0.0,0.0,3.388
PPOLag,2019-12-19,27,2.0,0.008439383696081215,0.24909633105316456,3.388
EDF,2019-12-19,19,0.5,0.0,0.0,5.024
LLF,2019-12-19,19,0.5,0.0,0.0,5.024
MPC,2019-12-19,19,0.5,8.881784197001252e-16,1.767871058320313e-14,5.024
PPOLag,2019-12-19,19,0.5,0.006129373285973827,0.1220018568068039,5.024
EDF,2019-12-19,19,1.0,0.0,0.0,5.024
LLF,2019-12-19,19,1.0,0.0,0.0,5.024
MPC,2019-12-19,19,1.0,8.881784197001252e-16,1.767871058320313e-14,5.024
PPOLag,2019-12-19,19,1.0,0.007616663578054706,0.151605564849815,5.024
EDF,2019-12-19,19,2.0,8.881784197001252e-16,1.767871058320313e-14,5.024
LLF,2019-12-19,19,2.0,-8.881784197001252e-16,-1.767871058320313e-14,5.024
MPC,2019-12-19,19,2.0,0.0,0.0,5.024
PPOLag,2019-12-19,19,2.0,0.008649741943782985,0.17216843040969315,5.024
EDF,2019-12-19,24,0.5,0.0,0.0,4.121
LLF,2019-12-19,24,0.5,0.0,0.0,4.121
MPC,2019-12-19,24,0.5,0.0,0.0,4.121
PPOLag,2019-12-19,24,0.5,0.00488018735173199,0.11842240601145329,4.121
EDF,2019-12-19,24,1.0,0.0,0.0,4.121
LLF,2019-12-19,24,1.0,0.0,0.0,4.121
MPC,2019-12-19,24,1.0,0.0,0.0,4.121
PPOLag,2019-12-19,24,1.0,0.002948399263901713,0.07154572346279334,4.121
EDF,2019-12-19,24,2.0,0.0,0.0,4.121
LLF,2019-12-19,24,2.0,0.0,0.0,4.121
MPC,2019-12-19,24,2.0,0.0,0.0,4.121
PPOLag,2019-12-19,24,2.0,0.003614190801316397,0.08770179085941268,4.121
EDF,2019-12-19,0,0.5,0.0,0.0,9.135
LLF,2019-12-19,0,0.5,0.0,0.0,9.135
MPC,2019-12-19,0,0.5,0.0,0.0,9.135
PPOLag,2019-12-19,0,0.5,0.003494774306063064,0.03825697105706693,9.135
EDF,2019-12-19,0,1.0,0.0,0.0,9.135
LLF,2019-12-19,0,1.0,0.0,0.0,9.135
MPC,2019-12-19,0,1.0,1.7763568394002505e-15,1.9445614005476196e-14,9.135
PPOLag,2019-12-19,0,1.0,0.0054681175422839345,0.0598589769270272,9.135
EDF,2019-12-19,0,2.0,0.0,0.0,9.135
LLF,2019-12-19,0,2.0,0.0,0.0,9.135
MPC,2019-12-19,0,2.0,0.0,0.0,9.135
PPOLag,2019-12-19,0,2.0,0.0069822722839873565,0.07643428882306902,9.135
EDF,2019-12-20,5,0.5,0.0,0.0,7.883
LLF,2019-12-20,5,0.5,0.0,0.0,7.883
MPC,2019-12-20,5,0.5,0.0,0.0,7.883
PPOLag,2019-12-20,5,0.5,0.0011603180117392142,0.014719244091579528,7.883
EDF,2019-12-20,5,1.0,0.0,0.0,7.883
LLF,2019-12-20,5,1.0,0.0,0.0,7.883
MPC,2019-12-20,5,1.0,1.7763568394002505e-15,2.2534020542943683e-14,7.883
PPOLag,2019-12-20,5,1.0,0.0015187351762634194,0.019265954284706573,7.883
EDF,2019-12-20,5,2.0,0.0,0.0,7.883
LLF,2019-12-20,5,2.0,0.0,0.0,7.883
MPC,2019-12-20,5,2.0,1.7763568394002505e-15,2.2534020542943683e-14,7.883
PPOLag,2019-12-20,5,2.0,0.0017995138201358785,0.022827779019863992,7.883
EDF,2019-12-20,16,0.5,0.0,0.0,6.623
LLF,2019-12-20,16,0.5,0.0,0.0,6.623
MPC,2019-12-20,16,0.5,0.0,0.0,6.623
PPOLag,2019-12-20,16,0.5,0.0020985518464051722,0.03168581981587154,6.623
EDF,2019-12-20,16,1.0,0.0,0.0,6.623
LLF,2019-12-20,16,1.0,0.0,0.0,6.623
MPC,2019-12-20,16,1.0,0.0,0.0,6.623
PPOLag,2019-12-20,16,1.0,0.001745460318537262,0.026354526929446804,6.623
EDF,2019-12-20,16,2.0,0.0,0.0,6.623
LLF,2019-12-20,16,2.0,0.0,0.0,6.623
MPC,2019-12-20,16,2.0,0.0,0.0,6.623
PPOLag,2019-12-20,16,2.0,0.003926917724063728,0.059292129307922804,6.623
EDF,2019-12-20,3,0.5,0.0,0.0,7.881
LLF,2019-12-20,3,0.5,0.0,0.0,7.881
MPC,2019-12-20,3,0.5,0.0,0.0,7.881
PPOLag,2019-12-20,3,0.5,0.0068893927355883735,0.08741774819931954,7.881
EDF,2019-12-20,3,1.0,8.881784197001252e-16,1.1269869555895511e-14,7.881
LLF,2019-12-20,3,1.0,0.0,0.0,7.881
MPC,2019-12-20,3,1.0,-8.881784197001252e-16,-1.1269869555895511e-14,7.881
PPOLag,2019-12-20,3,1.0,0.007240804900737174,0.09187672758199689,7.881
EDF,2019-12-20,3,2.0,8.881784197001252e-16,1.1269869555895511e-14,7.881
LLF,2019-12-20,3,2.0,8.881784197001252e-16,1.1269869555895511e-14,7.881
MPC,2019-12-20,3,2.0,0.0,0.0,7.881
PPOLag,2019-12-20,3,2.0,0.008834835028049604,0.1121029695222637,7.881
EDF,2019-12-20,10,0.5,0.0,0.0,6.326
LLF,2019-12-20,10,0.5,0.0,0.0,6.326
MPC,2019-12-20,10,0.5,0.0,0.0,6.326
PPOLag,2019-12-20,10,0.5,0.0028504656168538032,0.04505952603309838,6.326
EDF,2019-12-20,10,1.0,0.0,0.0,6.326
LLF,2019-12-20,10,1.0,0.0,0.0,6.326
MPC,2019-12-20,10,1.0,-8.881784197001252e-16,-1.4040126773634607e-14,6.326
PPOLag,2019-12-20,10,1.0,0.004640401154552443,0.07335442862081004,6.326
EDF,2019-12-20,10,2.0,0.0,0.0,6.326
LLF,2019-12-20,10,2.0,0.0,0.0,6.326
MPC,2019-12-20,10,2.0,-8.881784197001252e-16,-1.4040126773634607e-14,6.326
PPOLag,2019-12-20,10,2.0,0.005712881672622849,0.09030796194471782,6.326
EDF,2019-12-20,18,0.5,0.0,0.0,11.293
LLF,2019-12-20,18,0.5,0.0,0.0,11.293
MPC,2019-12-20,18,0.5,0.0,0.0,11.293
PPOLag,2019-12-20,18,0.5,-0.00335016964625936,-0.029665896097222706,11.293
EDF,2019-12-20,18,1.0,0.0,0.0,11.293
LLF,2019-12-20,18,1.0,0.0,0.0,11.293
MPC,2019-12-20,18,1.0,0.0,0.0,11.293
PPOLag,2019-12-20,18,1.0,-0.0009218284607896976,-0.008162830610021229,11.293
EDF,2019-12-20,18,2.0,0.0,0.0,11.293
LLF,2019-12-20,18,2.0,0.0,0.0,11.293
MPC,2019-12-20,18,2.0,0.0,0.0,11.293
PPOLag,2019-12-20,18,2.0,-0.00020759857495207258,-0.0018382942969279435,11.293
EDF,2019-12-23,1,0.5,0.0,0.0,3.64
LLF,2019-12-23,1,0.5,0.0,0.0,3.64
MPC,2019-12-23,1,0.5,0.0,0.0,3.64
PPOLag,2019-12-23,1,0.5,0.0008817912373494608,0.02422503399311705,3.64
EDF,2019-12-23,1,1.0,0.0,0.0,3.64
LLF,2019-12-23,1,1.0,0.0,0.0,3.64
MPC,2019-12-23,1,1.0,0.0,0.0,3.64
PPOLag,2019-12-23,1,1.0,0.0012575441960652079,0.034547917474318894,3.64
EDF,2019-12-23,1,2.0,0.0,0.0,3.64
LLF,2019-12-23,1,2.0,0.0,0.0,3.64
MPC,2019-12-23,1,2.0,0.0,0.0,3.64
PPOLag,2019-12-23,1,2.0,0.001546325236899282,0.04248146255217807,3.64
EDF,2019-12-23,6,0.5,0.0,0.0,2.895
LLF,2019-12-23,6,0.5,0.0,0.0,2.895
MPC,2019-12-23,6,0.5,0.0,0.0,2.895
PPOLag,2019-12-23,6,0.5,0.0027759788017399424,0.09588873235716552,2.895
EDF,2019-12-23,6,1.0,0.0,0.0,2.895
LLF,2019-12-23,6,1.0,0.0,0.0,2.895
MPC,2019-12-23,6,1.0,0.0,0.0,2.895
PPOLag,2019-12-23,6,1.0,0.004132780339445396,0.1427557975628807,2.895
EDF,2019-12-23,6,2.0,0.0,0.0,2.895
LLF,2019-12-23,6,2.0,0.0,0.0,2.895
MPC,2019-12-23,6,2.0,0.0,0.0,2.895
PPOLag,2019-12-23,6,2.0,0.0057935334806090925,0.20012205459789606,2.895
EDF,2019-12-23,7,0.5,0.0,0.0,21.631999999999998
LLF,2019-12-23,7,0.5,0.0,0.0,21.631999999999998
MPC,2019-12-23,7,0.5,0.0,0.0,21.631999999999998
PPOLag,2019-12-23,7,0.5,0.024024252319338045,0.11105885872475059,21.631999999999998
EDF,2019-12-23,7,1.0,0.0,0.0,21.631999999999998
LLF,2019-12-23,7,1.0,0.0,0.0,21.631999999999998
MPC,2019-12-23,7,1.0,0.0,0.0,21.631999999999998
PPOLag,2019-12-23,7,1.0,0.03412327423095647,0.1577444259936967,21.631999999999998
EDF,2019-12-23,7,2.0,0.0,0.0,21.631999999999998
LLF,2019-12-23,7,2.0,0.0,0.0,21.631999999999998
MPC,2019-12-23,7,2.0,0.0,0.0,21.631999999999998
PPOLag,2019-12-23,7,2.0,0.04236967315673823,0.19586572280296893,21.631999999999998
EDF,2019-12-23,3,0.5,0.0,0.0,0.871
LLF,2019-12-23,3,0.5,0.0,0.0,0.871
MPC,2019-12-23,3,0.5,0.0,0.0,0.871
PPOLag,2019-12-23,3,0.5,0.0007051566727714897,0.08095943430212282,0.871
EDF,2019-12-23,3,1.0,0.0,0.0,0.871
LLF,2019-12-23,3,1.0,0.0,0.0,0.871
MPC,2019-12-23,3,1.0,0.0,0.0,0.871
PPOLag,2019-12-23,3,1.0,0.0009865198106881134,0.11326289445328512,0.871
EDF,2019-12-23,3,2.0,0.0,0.0,0.871
LLF,2019-12-23,3,2.0,0.0,0.0,0.871
MPC,2019-12-23,3,2.0,0.0,0.0,0.871
PPOLag,2019-12-23,3,2.0,0.0010328943207810193,0.11858717804604124,0.871
EDF,2019-12-23,10,0.5,0.0,0.0,13.312
LLF,2019-12-23,10,0.5,0.0,0.0,13.312
MPC,2019-12-23,10,0.5,0.0,0.0,13.312
PPOLag,2019-12-23,10,0.5,0.05098879852295006,0.38302883505821866,13.312
EDF,2019-12-23,10,1.0,0.0,0.0,13.312
LLF,2019-12-23,10,1.0,0.0,0.0,13.312
MPC,2019-12-23,10,1.0,0.0,0.0,13.312
PPOLag,2019-12-23,10,1.0,0.0626379577636726,0.4705375432968194,13.312
EDF,2019-12-23,10,2.0,0.0,0.0,13.312
LLF,2019-12-23,10,2.0,0.0,0.0,13.312
MPC,2019-12-23,10,2.0,0.0,0.0,13.312
PPOLag,2019-12-23,10,2.0,0.06673997192382827,0.5013519525527965,13.312
EDF,2019-12-24,5,0.5,0.0,0.0,1.71
LLF,2019-12-24,5,0.5,0.0,0.0,1.71
MPC,2019-12-24,5,0.5,0.0,0.0,1.71
PPOLag,2019-12-24,5,0.5,0.0022567651413373914,0.1319745696688533,1.71
EDF,2019-12-24,5,1.0,0.0,0.0,1.71
LLF,2019-12-24,5,1.0,0.0,0.0,1.71
MPC,2019-12-24,5,1.0,0.0,0.0,1.71
PPOLag,2019-12-24,5,1.0,0.00414955155009702,0.24266383333900698,1.71
EDF,2019-12-24,5,2.0,0.0,0.0,1.71
LLF,2019-12-24,5,2.0,0.0,0.0,1.71
MPC,2019-12-24,5,2.0,0.0,0.0,1.71
PPOLag,2019-12-24,5,2.0,0.006575537338612936,0.3845343472873062,1.71
EDF,2019-12-24,4,0.5,0.0,0.0,4.021
LLF,2019-12-24,4,0.5,0.0,0.0,4.021
MPC,2019-12-24,4,0.5,0.0,0.0,4.021
PPOLag,2019-12-24,4,0.5,0.00325275366407638,0.08089414732843521,4.021
EDF,2019-12-24,4,1.0,0.0,0.0,4.021
LLF,2019-12-24,4,1.0,0.0,0.0,4.021
MPC,2019-12-24,4,1.0,0.0,0.0,4.021
PPOLag,2019-12-24,4,1.0,0.005570312912198361,0.13853053748317237,4.021
EDF,2019-12-24,4,2.0,0.0,0.0,4.021
LLF,2019-12-24,4,2.0,0.0,0.0,4.021
MPC,2019-12-24,4,2.0,0.0,0.0,4.021
PPOLag,2019-12-24,4,2.0,0.007023632265569813,0.17467376935015697,4.021
EDF,2019-12-24,0,0.5,0.0,0.0,9.797
LLF,2019-12-24,0,0.5,0.0,0.0,9.797
MPC,2019-12-24,0,0.5,0.0,0.0,9.797
PPOLag,2019-12-24,0,0.5,0.0009844575354847507,0.010048561146113614,9.797
EDF,2019-12-24,0,1.0,0.0,0.0,9.797
LLF,2019-12-24,0,1.0,0.0,0.0,9.797
MPC,2019-12-24,0,1.0,0.0,0.0,9.797
PPOLag,2019-12-24,0,1.0,0.001735948084326111,0.017719180201348484,9.797
EDF,2019-12-24,0,2.0,0.0,0.0,9.797
LLF,2019-12-24,0,2.0,0.0,0.0,9.797
MPC,2019-12-24,0,2.0,0.0,0.0,9.797
PPOLag,2019-12-24,0,2.0,0.002537718711166903,0.025903018384882136,9.797
EDF,2019-12-24,6,0.5,0.0,0.0,8.729
LLF,2019-12-24,6,0.5,0.0,0.0,8.729
MPC,2019-12-24,6,0.5,0.0,0.0,8.729
PPOLag,2019-12-24,6,0.5,-0.004023143947273766,-0.04608940253492687,8.729
EDF,2019-12-24,6,1.0,0.0,0.0,8.729
LLF,2019-12-24,6,1.0,0.0,0.0,8.729
MPC,2019-12-24,6,1.0,0.0,0.0,8.729
PPOLag,2019-12-24,6,1.0,0.0004856502199185542,0.00556364096595892,8.729
EDF,2019-12-24,6,2.0,0.0,0.0,8.729
LLF,2019-12-24,6,2.0,0.0,0.0,8.729
MPC,2019-12-24,6,2.0,0.0,0.0,8.729
PPOLag,2019-12-24,6,2.0,0.001809866856336484,0.020733954133766573,8.729
EDF,2019-12-24,1,0.5,0.0,0.0,2.085
LLF,2019-12-24,1,0.5,0.0,0.0,2.085
MPC,2019-12-24,1,0.5,0.0,0.0,2.085
PPOLag,2019-12-24,1,0.5,0.0028175736437919597,0.13513542656076544,2.085
EDF,2019-12-24,1,1.0,0.0,0.0,2.085
LLF,2019-12-24,1,1.0,0.0,0.0,2.085
MPC,2019-12-24,1,1.0,0.0,0.0,2.085
PPOLag,2019-12-24,1,1.0,0.003985506555144092,0.19115139353209074,2.085
EDF,2019-12-24,1,2.0,0.0,0.0,2.085
LLF,2019-12-24,1,2.0,0.0,0.0,2.085
MPC,2019-12-24,1,2.0,0.0,0.0,2.085
PPOLag,2019-12-24,1,2.0,0.006204988806553846,0.2976013816092971,2.085
EDF,2019-12-26,0,0.5,0.0,0.0,17.791
LLF,2019-12-26,0,0.5,0.0,0.0,17.791
MPC,2019-12-26,0,0.5,0.0,0.0,17.791
PPOLag,2019-12-26,0,0.5,0.001658327731002629,0.009321160873490128,17.791
EDF,2019-12-26,0,1.0,0.0,0.0,17.791
LLF,2019-12-26,0,1.0,0.0,0.0,17.791
MPC,2019-12-26,0,1.0,0.0,0.0,17.791
PPOLag,2019-12-26,0,1.0,0.005630069270340243,0.03164560322826284,17.791
EDF,2019-12-26,0,2.0,0.0,0.0,17.791
LLF,2019-12-26,0,2.0,0.0,0.0,17.791
MPC,2019-12-26,0,2.0,0.0,0.0,17.791
PPOLag,2019-12-26,0,2.0,0.007076085798271947,0.03977340114817575,17.791
EDF,2019-12-27,5,0.5,0.0,0.0,2.336
LLF,2019-12-27,5,0.5,0.0,0.0,2.336
MPC,2019-12-27,5,0.5,0.0,0.0,2.336
PPOLag,2019-12-27,5,0.5,0.00025980865214272344,0.011121945725287819,2.336
EDF,2019-12-27,5,1.0,0.0,0.0,2.336
LLF,2019-12-27,5,1.0,0.0,0.0,2.336
MPC,2019-12-27,5,1.0,0.0,0.0,2.336
PPOLag,2019-12-27,5,1.0,0.000388311956970977,0.016622943363483605,2.336
EDF,2019-12-27,5,2.0,0.0,0.0,2.336
LLF,2019-12-27,5,2.0,0.0,0.0,2.336
MPC,2019-12-27,5,2.0,0.0,0.0,2.336
PPOLag,2019-12-27,5,2.0,0.0009327409202879444,0.03992897775205242,2.336
EDF,2019-12-27,3,0.5,0.0,0.0,1.701
LLF,2019-12-27,3,0.5,0.0,0.0,1.701
MPC,2019-12-27,3,0.5,0.0,0.0,1.701
PPOLag,2019-12-27,3,0.5,0.002922535639301227,0.17181279478549247,1.701
EDF,2019-12-27,3,1.0,0.0,0.0,1.701
LLF,2019-12-27,3,1.0,0.0,0.0,1.701
MPC,2019-12-27,3,1.0,0.0,0.0,1.701
PPOLag,2019-12-27,3,1.0,0.004653609384947988,0.27358079864479645,1.701
EDF,2019-12-27,3,2.0,0.0,0.0,1.701
LLF,2019-12-27,3,2.0,0.0,0.0,1.701
MPC,2019-12-27,3,2.0,0.0,0.0,1.701
PPOLag,2019-12-27,3,2.0,0.006947291911493148,0.40842398068742786,1.701
EDF,2019-12-27,4,0.5,0.0,0.0,11.091
LLF,2019-12-27,4,0.5,0.0,0.0,11.091
MPC,2019-12-27,4,0.5,0.0,0.0,11.091
PPOLag,2019-12-27,4,0.5,0.001788221304594373,0.01612317468753379,11.091
EDF,2019-12-27,4,1.0,0.0,0.0,11.091
LLF,2019-12-27,4,1.0,0.0,0.0,11.091
MPC,2019-12-27,4,1.0,0.0,0.0,11.091
PPOLag,2019-12-27,4,1.0,0.0021790695637253776,0.0196471874828724,11.091
EDF,2019-12-27,4,2.0,0.0,0.0,11.091
LLF,2019-12-27,4,2.0,0.0,0.0,11.091
MPC,2019-12-27,4,2.0,0.0,0.0,11.091
PPOLag,2019-12-27,4,2.0,-0.0005804387616180406,-0.0052334213472008,11.091
EDF,2019-12-27,1,0.5,0.0,0.0,0.836
LLF,2019-12-27,1,0.5,0.0,0.0,0.836
MPC,2019-12-27,1,0.5,0.0,0.0,0.836
PPOLag,2019-12-27,1,0.5,0.003947637042678953,0.47220538788025757,0.836
EDF,2019-12-27,1,1.0,0.0,0.0,0.836
LLF,2019-12-27,1,1.0,0.0,0.0,0.836
MPC,2019-12-27,1,1.0,0.0,0.0,0.836
PPOLag,2019-12-27,1,1.0,0.006025791575142092,0.7207884659260875,0.836
EDF,2019-12-27,1,2.0,0.0,0.0,0.836
LLF,2019-12-27,1,2.0,0.0,0.0,0.836
MPC,2019-12-27,1,2.0,0.0,0.0,0.836
PPOLag,2019-12-27,1,2.0,0.00717582988882417,0.8583528575148529,0.836
EDF,2019-12-27,0,0.5,0.0,0.0,4.045
LLF,2019-12-27,0,0.5,0.0,0.0,4.045
MPC,2019-12-27,0,0.5,0.0,0.0,4.045
PPOLag,2019-12-27,0,0.5,0.0012452387803360665,0.03078464228272105,4.045
EDF,2019-12-27,0,1.0,0.0,0.0,4.045
LLF,2019-12-27,0,1.0,0.0,0.0,4.045
MPC,2019-12-27,0,1.0,0.0,0.0,4.045
PPOLag,2019-12-27,0,1.0,0.0019089888051206927,0.047193789990622806,4.045
EDF,2019-12-27,0,2.0,0.0,0.0,4.045
LLF,2019-12-27,0,2.0,0.0,0.0,4.045
MPC,2019-12-27,0,2.0,0.0,0.0,4.045
PPOLag,2019-12-27,0,2.0,0.0029535394936775817,0.07301704557917384,4.045
EDF,2019-12-30,6,0.5,0.0,0.0,1.418
LLF,2019-12-30,6,0.5,0.0,0.0,1.418
MPC,2019-12-30,6,0.5,0.0,0.0,1.418
PPOLag,2019-12-30,6,0.5,0.0031795532562111095,0.22422801524761,1.418
EDF,2019-12-30,6,1.0,0.0,0.0,1.418
LLF,2019-12-30,6,1.0,0.0,0.0,1.418
MPC,2019-12-30,6,1.0,0.0,0.0,1.418
PPOLag,2019-12-30,6,1.0,0.00512282521702172,0.3612711718633089,1.418
EDF,2019-12-30,6,2.0,0.0,0.0,1.418
LLF,2019-12-30,6,2.0,0.0,0.0,1.418
MPC,2019-12-30,6,2.0,0.0,0.0,1.418
PPOLag,2019-12-30,6,2.0,0.007521296431187885,0.5304158273052105,1.418
EDF,2019-12-30,1,0.5,0.0,0.0,2.011
LLF,2019-12-30,1,0.5,0.0,0.0,2.011
MPC,2019-12-30,1,0.5,0.0,0.0,2.011
PPOLag,2019-12-30,1,0.5,0.0033667752726232346,0.1674179648246263,2.011
EDF,2019-12-30,1,1.0,0.0,0.0,2.011
LLF,2019-12-30,1,1.0,0.0,0.0,2.011
MPC,2019-12-30,1,1.0,0.0,0.0,2.011
PPOLag,2019-12-30,1,1.0,0.005080352398295851,0.25262816500725266,2.011
EDF,2019-12-30,1,2.0,0.0,0.0,2.011
LLF,2019-12-30,1,2.0,0.0,0.0,2.011
MPC,2019-12-30,1,2.0,0.0,0.0,2.011
PPOLag,2019-12-30,1,2.0,0.0059219036296305205,0.29447556586924517,2.011
EDF,2019-12-30,3,0.5,0.0,0.0,13.312
LLF,2019-12-30,3,0.5,0.0,0.0,13.312
MPC,2019-12-30,3,0.5,0.0,0.0,13.312
PPOLag,2019-12-30,3,0.5,0.039475320434570096,0.2965393662452681,13.312
EDF,2019-12-30,3,1.0,0.0,0.0,13.312
LLF,2019-12-30,3,1.0,0.0,0.0,13.312
MPC,2019-12-30,3,1.0,0.0,0.0,13.312
PPOLag,2019-12-30,3,1.0,0.046615322875976875,0.3501752018928551,13.312
EDF,2019-12-30,3,2.0,0.0,0.0,13.312
LLF,2019-12-30,3,2.0,0.0,0.0,13.312
MPC,2019-12-30,3,2.0,0.0,0.0,13.312
PPOLag,2019-12-30,3,2.0,0.04946405181884792,0.3715749084949514,13.312
EDF,2019-12-30,0,0.5,0.0,0.0,5.814
LLF,2019-12-30,0,0.5,0.0,0.0,5.814
MPC,2019-12-30,0,0.5,0.0,0.0,5.814
PPOLag,2019-12-30,0,0.5,0.0016464317644796721,0.028318399801851947,5.814
EDF,2019-12-30,0,1.0,0.0,0.0,5.814
LLF,2019-12-30,0,1.0,0.0,0.0,5.814
MPC,2019-12-30,0,1.0,0.0,0.0,5.814
PPOLag,2019-12-30,0,1.0,0.001991014478268127,0.03424517506481127,5.814
EDF,2019-12-30,0,2.0,0.0,0.0,5.814
LLF,2019-12-30,0,2.0,0.0,0.0,5.814
MPC,2019-12-30,0,2.0,1.7763568394002505e-15,3.0553093212938605e-14,5.814
PPOLag,2019-12-30,0,2.0,0.002220147733592448,0.038186235527905885,5.814
EDF,2019-12-30,5,0.5,0.0,0.0,6.509
LLF,2019-12-30,5,0.5,0.0,0.0,6.509
MPC,2019-12-30,5,0.5,0.0,0.0,6.509
PPOLag,2019-12-30,5,0.5,0.00372487581490617,0.05722654501315362,6.509
EDF,2019-12-30,5,1.0,0.0,0.0,6.509
LLF,2019-12-30,5,1.0,0.0,0.0,6.509
MPC,2019-12-30,5,1.0,0.0,0.0,6.509
PPOLag,2019-12-30,5,1.0,0.0034948604230574886,0.05369273963830832,6.509
EDF,2019-12-30,5,2.0,0.0,0.0,6.509
LLF,2019-12-30,5,2.0,0.0,0.0,6.509
MPC,2019-12-30,5,2.0,0.0,0.0,6.509
PPOLag,2019-12-30,5,2.0,0.003955274625996807,0.06076624098935024,6.509
EDF,2019-12-31,2,0.5,0.0,0.0,13.312
LLF,2019-12-31,2,0.5,0.0,0.0,13.312
MPC,2019-12-31,2,0.5,0.0,0.0,13.312
PPOLag,2019-12-31,2,0.5,0.05529863891601572,0.41540443897247387,13.312
EDF,2019-12-31,2,1.0,0.0,0.0,13.312
LLF,2019-12-31,2,1.0,0.0,0.0,13.312
MPC,2019-12-31,2,1.0,0.0,0.0,13.312
PPOLag,2019-12-31,2,1.0,0.06294907226562359,0.4728746414184465,13.312
EDF,2019-12-31,2,2.0,0.0,0.0,13.312
LLF,2019-12-31,2,2.0,0.0,0.0,13.312
MPC,2019-12-31,2,2.0,0.0,0.0,13.312
PPOLag,2019-12-31,2,2.0,0.06461916046142484,0.4854203760623862,13.312
EDF,2019-12-31,1,0.5,0.0,0.0,25.159
LLF,2019-12-31,1,0.5,0.0,0.0,25.159
MPC,2019-12-31,1,0.5,3.552713678800501e-15,1.4121044869829886e-14,25.159
PPOLag,2019-12-31,1,0.5,0.0024630446333191005,0.00978991467593744,25.159
EDF,2019-12-31,1,1.0,0.0,0.0,25.159
LLF,2019-12-31,1,1.0,0.0,0.0,25.159
MPC,2019-12-31,1,1.0,3.552713678800501e-15,1.4121044869829886e-14,25.159
PPOLag,2019-12-31,1,1.0,0.002558030202047945,0.01016745578937138,25.159
EDF,2019-12-31,1,2.0,0.0,0.0,25.159
LLF,2019-12-31,1,2.0,0.0,0.0,25.159
MPC,2019-12-31,1,2.0,3.552713678800501e-15,1.4121044869829886e-14,25.159
PPOLag,2019-12-31,1,2.0,0.0026271206450303453,0.010442071008507275,25.159
EDF,2019-12-31,3,0.5,0.0,0.0,6.618
LLF,2019-12-31,3,0.5,0.0,0.0,6.618
MPC,2019-12-31,3,0.5,1.7763568394002505e-15,2.684129403747734e-14,6.618
PPOLag,2019-12-31,3,0.5,0.0029713393207993375,0.04489784407372828,6.618
EDF,2019-12-31,3,1.0,0.0,0.0,6.618
LLF,2019-12-31,3,1.0,0.0,0.0,6.618
MPC,2019-12-31,3,1.0,1.7763568394002505e-15,2.684129403747734e-14,6.618
PPOLag,2019-12-31,3,1.0,0.010712673443337373,0.16187176553849159,6.618
EDF,2019-12-31,3,2.0,0.0,0.0,6.618
LLF,2019-12-31,3,2.0,0.0,0.0,6.618
MPC,2019-12-31,3,2.0,1.7763568394002505e-15,2.684129403747734e-14,6.618
PPOLag,2019-12-31,3,2.0,0.01170650692837345,0.17688889284335826,6.618
EDF,2020-01-01,3,0.5,0.0,0.0,8.336
LLF,2020-01-01,3,0.5,0.0,0.0,8.336
MPC,2020-01-01,3,0.5,0.0,0.0,8.336
PPOLag,2020-01-01,3,0.5,0.0008240073158017225,0.009884924613744272,8.336
EDF,2020-01-01,3,1.0,0.0,0.0,8.336
LLF,2020-01-01,3,1.0,0.0,0.0,8.336
MPC,2020-01-01,3,1.0,0.0,0.0,8.336
PPOLag,2020-01-01,3,1.0,-0.0060425645942071785,-0.07248757910517248,8.336
EDF,2020-01-01,3,2.0,0.0,0.0,8.336
LLF,2020-01-01,3,2.0,0.0,0.0,8.336
MPC,2020-01-01,3,2.0,1.7763568394002505e-15,2.1309463044628725e-14,8.336
PPOLag,2020-01-01,3,2.0,0.0015640212834480138,0.018762251480902277,8.336
EDF,2020-01-01,2,0.5,0.0,0.0,19.868
LLF,2020-01-01,2,0.5,0.0,0.0,19.868
MPC,2020-01-01,2,0.5,0.0,0.0,19.868
PPOLag,2020-01-01,2,0.5,0.0006875470436369824,0.00346057501327251,19.868
EDF,2020-01-01,2,1.0,0.0,0.0,19.868
LLF,2020-01-01,2,1.0,0.0,0.0,19.868
MPC,2020-01-01,2,1.0,0.0,0.0,19.868
PPOLag,2020-01-01,2,1.0,-0.0003692789727551826,-0.0018586620331950015,19.868
EDF,2020-01-01,2,2.0,0.0,0.0,19.868
LLF,2020-01-01,2,2.0,0.0,0.0,19.868
MPC,2020-01-01,2,2.0,0.0,0.0,19.868
PPOLag,2020-01-01,2,2.0,0.002889807344879358,0.014545033948456607,19.868
EDF,2020-01-01,1,0.5,0.0,0.0,2.328
LLF,2020-01-01,1,0.5,0.0,0.0,2.328
MPC,2020-01-01,1,0.5,0.0,0.0,2.328
PPOLag,2020-01-01,1,0.5,0.0009441480401664037,0.0405561872923713,2.328
EDF,2020-01-01,1,1.0,0.0,0.0,2.328
LLF,2020-01-01,1,1.0,0.0,0.0,2.328
MPC,2020-01-01,1,1.0,0.0,0.0,2.328
PPOLag,2020-01-01,1,1.0,0.0014436367929201665,0.0620118897302477,2.328
EDF,2020-01-01,1,2.0,0.0,0.0,2.328
LLF,2020-01-01,1,2.0,0.0,0.0,2.328
MPC,2020-01-01,1,2.0,0.0,0.0,2.328
PPOLag,2020-01-01,1,2.0,0.0017585781313830928,0.07554029773982358,2.328
EDF,2020-01-01,0,0.5,0.0,0.0,32.02
LLF,2020-01-01,0,0.5,0.0,0.0,32.02
MPC,2020-01-01,0,0.5,0.0,0.0,32.02
PPOLag,2020-01-01,0,0.5,0.00017496046875749017,0.0005464099586430049,32.02
EDF,2020-01-01,0,1.0,0.0,0.0,32.02
LLF,2020-01-01,0,1.0,0.0,0.0,32.02
MPC,2020-01-01,0,1.0,0.0,0.0,32.02
PPOLag,2020-01-01,0,1.0,0.00025004679183240344,0.0007809081568782118,32.02
EDF,2020-01-01,0,2.0,0.0,0.0,32.02
LLF,2020-01-01,0,2.0,0.0,0.0,32.02
MPC,2020-01-01,0,2.0,0.0,0.0,32.02
PPOLag,2020-01-01,0,2.0,0.0003128383337283935,0.0009770091621748704,32.02
EDF,2020-01-02,12,0.5,0.0,0.0,14.975999999999999
LLF,2020-01-02,12,0.5,0.0,0.0,14.975999999999999
MPC,2020-01-02,12,0.5,0.0,0.0,14.975999999999999
PPOLag,2020-01-02,12,0.5,0.04260721435546806,0.2845033009846959,14.975999999999999
EDF,2020-01-02,12,1.0,0.0,0.0,14.975999999999999
LLF,2020-01-02,12,1.0,0.0,0.0,14.975999999999999
MPC,2020-01-02,12,1.0,0.0,0.0,14.975999999999999
PPOLag,2020-01-02,12,1.0,0.05265196380615045,0.35157561302183804,14.975999999999999
EDF,2020-01-02,12,2.0,0.0,0.0,14.975999999999999
LLF,2020-01-02,12,2.0,0.0,0.0,14.975999999999999
MPC,2020-01-02,12,2.0,0.0,0.0,14.975999999999999
PPOLag,2020-01-02,12,2.0,0.0583445022582989,0.38958668708800015,14.975999999999999
EDF,2020-01-02,2,0.5,0.0,0.0,49.919999999999995
LLF,2020-01-02,2,0.5,0.0,0.0,49.919999999999995
MPC,2020-01-02,2,0.5,0.0,0.0,49.919999999999995
PPOLag,2020-01-02,2,0.5,0.044710357440627034,0.0895640173089484,49.919999999999995
EDF,2020-01-02,2,1.0,0.0,0.0,49.919999999999995
LLF,2020-01-02,2,1.0,0.0,0.0,49.919999999999995
MPC,2020-01-02,2,1.0,0.0,0.0,49.919999999999995
PPOLag,2020-01-02,2,1.0,0.07104716159497712,0.14232203845147665,49.919999999999995
EDF,2020-01-02,2,2.0,0.5039999999999694,1.0096153846153233,49.919999999999995
LLF,2020-01-02,2,2.0,0.0,0.0,49.919999999999995
MPC,2020-01-02,2,2.0,0.0,0.0,49.919999999999995
PPOLag,2020-01-02,2,2.0,0.09983409967805841,0.19998818044482858,49.919999999999995
EDF,2020-01-02,13,0.5,0.0,0.0,2.35
LLF,2020-01-02,13,0.5,0.0,0.0,2.35
MPC,2020-01-02,13,0.5,0.0,0.0,2.35
PPOLag,2020-01-02,13,0.5,0.004267443042976371,0.1815933209777179,2.35
EDF,2020-01-02,13,1.0,0.0,0.0,2.35
LLF,2020-01-02,13,1.0,0.0,0.0,2.35
MPC,2020-01-02,13,1.0,0.0,0.0,2.35
PPOLag,2020-01-02,13,1.0,0.007212374505044838,0.3069095534061633,2.35
EDF,2020-01-02,13,2.0,0.0,0.0,2.35
LLF,2020-01-02,13,2.0,0.0,0.0,2.35
MPC,2020-01-02,13,2.0,0.0,0.0,2.35
PPOLag,2020-01-02,13,2.0,0.009888945467133948,0.4208061900908063,2.35
EDF,2020-01-02,3,0.5,0.0,0.0,4.187
LLF,2020-01-02,3,0.5,0.0,0.0,4.187
MPC,2020-01-02,3,0.5,0.0,0.0,4.187
PPOLag,2020-01-02,3,0.5,0.00319740487069371,0.07636505542616932,4.187
EDF,2020-01-02,3,1.0,0.0,0.0,4.187
LLF,2020-01-02,3,1.0,0.0,0.0,4.187
MPC,2020-01-02,3,1.0,0.0,0.0,4.187
PPOLag,2020-01-02,3,1.0,0.005683809967329622,0.135748984173146,4.187
EDF,2020-01-02,3,2.0,0.0,0.0,4.187
LLF,2020-01-02,3,2.0,0.0,0.0,4.187
MPC,2020-01-02,3,2.0,0.0,0.0,4.187
PPOLag,2020-01-02,3,2.0,0.009350038056265575,0.22331115491439157,4.187
EDF,2020-01-02,9,0.5,0.0,0.0,8.379
LLF,2020-01-02,9,0.5,0.0,0.0,8.379
MPC,2020-01-02,9,0.5,0.0,0.0,8.379
PPOLag,2020-01-02,9,0.5,0.003041743781554018,0.036301990470867865,8.379
EDF,2020-01-02,9,1.0,0.0,0.0,8.379
LLF,2020-01-02,9,1.0,0.0,0.0,8.379
MPC,2020-01-02,9,1.0,-1.7763568394002505e-15,-2.1200105494692093e-14,8.379
PPOLag,2020-01-02,9,1.0,0.004598150164448711,0.05487707559910145,8.379
EDF,2020-01-02,9,2.0,0.0,0.0,8.379
LLF,2020-01-02,9,2.0,0.0,0.0,8.379
MPC,2020-01-02,9,2.0,0.0,0.0,8.379
PPOLag,2020-01-02,9,2.0,0.005787800856399272,0.06907507884472219,8.379
EDF,2020-01-03,6,0.5,0.0,0.0,4.008
LLF,2020-01-03,6,0.5,0.0,0.0,4.008
MPC,2020-01-03,6,0.5,0.0,0.0,4.008
PPOLag,2020-01-03,6,0.5,0.0035060919690010016,0.08747734453595316,4.008
EDF,2020-01-03,6,1.0,0.0,0.0,4.008
LLF,2020-01-03,6,1.0,0.0,0.0,4.008
MPC,2020-01-03,6,1.0,0.0,0.0,4.008
PPOLag,2020-01-03,6,1.0,0.005930482963261064,0.14796614179793072,4.008
EDF,2020-01-03,6,2.0,0.0,0.0,4.008
LLF,2020-01-03,6,2.0,0.0,0.0,4.008
MPC,2020-01-03,6,2.0,0.0,0.0,4.008
PPOLag,2020-01-03,6,2.0,0.009078160751333808,0.2265010167498455,4.008
EDF,2020-01-03,11,0.5,0.0,0.0,3.695
LLF,2020-01-03,11,0.5,0.0,0.0,3.695
MPC,2020-01-03,11,0.5,0.0,0.0,3.695
PPOLag,2020-01-03,11,0.5,0.0026602668664471806,0.07199639692685197,3.695
EDF,2020-01-03,11,1.0,0.0,0.0,3.695
LLF,2020-01-03,11,1.0,0.0,0.0,3.695
MPC,2020-01-03,11,1.0,0.0,0.0,3.695
PPOLag,2020-01-03,11,1.0,0.003592219806639196,0.0972183980145926,3.695
EDF,2020-01-03,11,2.0,0.0,0.0,3.695
LLF,2020-01-03,11,2.0,0.0,0.0,3.695
MPC,2020-01-03,11,2.0,0.0,0.0,3.695
PPOLag,2020-01-03,11,2.0,0.005367665688661205,0.1452683542262843,3.695
EDF,2020-01-03,0,0.5,0.0,0.0,10.325
LLF,2020-01-03,0,0.5,0.0,0.0,10.325
MPC,2020-01-03,0,0.5,0.0,0.0,10.325
PPOLag,2020-01-03,0,0.5,0.0031064325196247466,0.03008651350726147,10.325
EDF,2020-01-03,0,1.0,0.0,0.0,10.325
LLF,2020-01-03,0,1.0,0.0,0.0,10.325
MPC,2020-01-03,0,1.0,0.0,0.0,10.325
PPOLag,2020-01-03,0,1.0,0.004946365703435873,0.04790668962165494,10.325
EDF,2020-01-03,0,2.0,0.0,0.0,10.325
LLF,2020-01-03,0,2.0,0.0,0.0,10.325
MPC,2020-01-03,0,2.0,0.0,0.0,10.325
PPOLag,2020-01-03,0,2.0,0.007524946044026493,0.07288083335618878,10.325
EDF,2020-01-03,5,0.5,0.0,0.0,0.914
LLF,2020-01-03,5,0.5,0.0,0.0,0.914
MPC,2020-01-03,5,0.5,0.0,0.0,0.914
PPOLag,2020-01-03,5,0.5,0.003482711506636216,0.38104064624028616,0.914
EDF,2020-01-03,5,1.0,0.0,0.0,0.914
LLF,2020-01-03,5,1.0,0.0,0.0,0.914
MPC,2020-01-03,5,1.0,0.0,0.0,0.914
PPOLag,2020-01-03,5,1.0,0.005304892015888241,0.580403940469173,0.914
EDF,2020-01-03,5,2.0,0.0,0.0,0.914
LLF,2020-01-03,5,2.0,0.0,0.0,0.914
MPC,2020-01-03,5,2.0,0.0,0.0,0.914
PPOLag,2020-01-03,5,2.0,0.006400957074533009,0.7003235311305261,0.914
EDF,2020-01-03,9,0.5,0.0,0.0,9.566
LLF,2020-01-03,9,0.5,0.0,0.0,9.566
MPC,2020-01-03,9,0.5,0.0,0.0,9.566
PPOLag,2020-01-03,9,0.5,0.009315813875809908,0.0973846317772309,9.566
EDF,2020-01-03,9,1.0,0.0,0.0,9.566
LLF,2020-01-03,9,1.0,0.0,0.0,9.566
MPC,2020-01-03,9,1.0,1.7763568394002505e-15,1.856948399958447e-14,9.566
PPOLag,2020-01-03,9,1.0,0.007476617898282712,0.07815824689820938,9.566
EDF,2020-01-03,9,2.0,0.0,0.0,9.566
LLF,2020-01-03,9,2.0,0.0,0.0,9.566
MPC,2020-01-03,9,2.0,3.552713678800501e-15,3.713896799916894e-14,9.566
PPOLag,2020-01-03,9,2.0,0.008749453876868785,0.09146407983346001,9.566
EDF,2020-01-06,15,0.5,0.0,0.0,5.961
LLF,2020-01-06,15,0.5,8.881784197001252e-16,1.489982250797056e-14,5.961
MPC,2020-01-06,15,0.5,8.881784197001252e-16,1.489982250797056e-14,5.961
PPOLag,2020-01-06,15,0.5,0.001971182397510418,0.03306798184047002,5.961
EDF,2020-01-06,15,1.0,0.0,0.0,5.961
LLF,2020-01-06,15,1.0,8.881784197001252e-16,1.489982250797056e-14,5.961
MPC,2020-01-06,15,1.0,8.881784197001252e-16,1.489982250797056e-14,5.961
PPOLag,2020-01-06,15,1.0,0.0008181937403112016,0.013725779907921514,5.961
EDF,2020-01-06,15,2.0,-8.881784197001252e-16,-1.489982250797056e-14,5.961
LLF,2020-01-06,15,2.0,8.881784197001252e-16,1.489982250797056e-14,5.961
MPC,2020-01-06,15,2.0,8.881784197001252e-16,1.489982250797056e-14,5.961
PPOLag,2020-01-06,15,2.0,0.0034998881218321286,0.058713103872372566,5.961
EDF,2020-01-06,4,0.5,0.0,0.0,0.964
LLF,2020-01-06,4,0.5,0.0,0.0,0.964
MPC,2020-01-06,4,0.5,0.0,0.0,0.964
PPOLag,2020-01-06,4,0.5,0.0015173312241618664,0.15739950458110646,0.964
EDF,2020-01-06,4,1.0,0.0,0.0,0.964
LLF,2020-01-06,4,1.0,0.0,0.0,0.964
MPC,2020-01-06,4,1.0,0.0,0.0,0.964
PPOLag,2020-01-06,4,1.0,0.0024723892175126717,0.25647191053036017,0.964
EDF,2020-01-06,4,2.0,0.0,0.0,0.964
LLF,2020-01-06,4,2.0,0.0,0.0,0.964
MPC,2020-01-06,4,2.0,0.0,0.0,0.964
PPOLag,2020-01-06,4,2.0,0.0034878179074308902,0.3618068368704243,0.964
EDF,2020-01-06,1,0.5,-3.552713678800501e-15,-1.464372317217139e-14,24.261
LLF,2020-01-06,1,0.5,0.0,0.0,24.261
MPC,2020-01-06,1,0.5,0.0,0.0,24.261
PPOLag,2020-01-06,1,0.5,0.0062063954664850485,0.025581779260892168,24.261
EDF,2020-01-06,1,1.0,-3.552713678800501e-15,-1.464372317217139e-14,24.261
LLF,2020-01-06,1,1.0,3.552713678800501e-15,1.464372317217139e-14,24.261
MPC,2020-01-06,1,1.0,0.0,0.0,24.261
PPOLag,2020-01-06,1,1.0,0.00640076379096044,0.02638293471398722,24.261
EDF,2020-01-06,1,2.0,-3.552713678800501e-15,-1.464372317217139e-14,24.261
LLF,2020-01-06,1,2.0,0.0,0.0,24.261
MPC,2020-01-06,1,2.0,0.0,0.0,24.261
PPOLag,2020-01-06,1,2.0,0.009174426605389386,0.03781553359461434,24.261
EDF,2020-01-06,7,0.5,0.0,0.0,21.338
LLF,2020-01-06,7,0.5,3.552713678800501e-15,1.664970324679211e-14,21.338
MPC,2020-01-06,7,0.5,0.0,0.0,21.338
PPOLag,2020-01-06,7,0.5,-0.0012067631492413966,-0.005655465129072062,21.338
EDF,2020-01-06,7,1.0,3.552713678800501e-15,1.664970324679211e-14,21.338
LLF,2020-01-06,7,1.0,-3.552713678800501e-15,-1.664970324679211e-14,21.338
MPC,2020-01-06,7,1.0,0.0,0.0,21.338
PPOLag,2020-01-06,7,1.0,0.002416119944222572,0.01132308531363095,21.338
EDF,2020-01-06,7,2.0,3.552713678800501e-15,1.664970324679211e-14,21.338
LLF,2020-01-06,7,2.0,3.552713678800501e-15,1.664970324679211e-14,21.338
MPC,2020-01-06,7,2.0,0.0,0.0,21.338
PPOLag,2020-01-06,7,2.0,0.003316335627804534,0.01554192345957697,21.338
EDF,2020-01-06,17,0.5,0.0,0.0,5.884
LLF,2020-01-06,17,0.5,-8.881784197001252e-16,-1.509480658905719e-14,5.884
MPC,2020-01-06,17,0.5,8.881784197001252e-16,1.509480658905719e-14,5.884
PPOLag,2020-01-06,17,0.5,0.003657024146242449,0.06215200792390294,5.884
EDF,2020-01-06,17,1.0,-8.881784197001252e-16,-1.509480658905719e-14,5.884
LLF,2020-01-06,17,1.0,-8.881784197001252e-16,-1.509480658905719e-14,5.884
MPC,2020-01-06,17,1.0,8.881784197001252e-16,1.509480658905719e-14,5.884
PPOLag,2020-01-06,17,1.0,0.0026363811259090043,0.04480593347907893,5.884
EDF,2020-01-06,17,2.0,-8.881784197001252e-16,-1.509480658905719e-14,5.884
LLF,2020-01-06,17,2.0,-8.881784197001252e-16,-1.509480658905719e-14,5.884
MPC,2020-01-06,17,2.0,8.881784197001252e-16,1.509480658905719e-14,5.884
PPOLag,2020-01-06,17,2.0,0.005250519020741073,0.0892338378779924,5.884
EDF,2020-01-07,22,0.5,4.440892098500626e-16,1.907599698668654e-14,2.328
LLF,2020-01-07,22,0.5,0.0,0.0,2.328
MPC,2020-01-07,22,0.5,0.0,0.0,2.328
PPOLag,2020-01-07,22,0.5,0.0033297407951218714,0.14303010288324192,2.328
EDF,2020-01-07,22,1.0,4.440892098500626e-16,1.907599698668654e-14,2.328
LLF,2020-01-07,22,1.0,0.0,0.0,2.328
MPC,2020-01-07,22,1.0,0.0,0.0,2.328
PPOLag,2020-01-07,22,1.0,0.005086135530072955,0.21847661211653588,2.328
EDF,2020-01-07,22,2.0,4.440892098500626e-16,1.907599698668654e-14,2.328
LLF,2020-01-07,22,2.0,0.0,0.0,2.328
MPC,2020-01-07,22,2.0,0.0,0.0,2.328
PPOLag,2020-01-07,22,2.0,0.00757717757456664,0.3254801363645464,2.328
EDF,2020-01-07,28,0.5,0.0,0.0,15.307
LLF,2020-01-07,28,0.5,0.0,0.0,15.307
MPC,2020-01-07,28,0.5,0.0,0.0,15.307
PPOLag,2020-01-07,28,0.5,0.003069287879532112,0.02005153119182147,15.307
EDF,2020-01-07,28,1.0,0.0,0.0,15.307
LLF,2020-01-07,28,1.0,0.0,0.0,15.307
MPC,2020-01-07,28,1.0,0.0,0.0,15.307
PPOLag,2020-01-07,28,1.0,0.006034431704581067,0.039422693568831685,15.307
EDF,2020-01-07,28,2.0,0.0,0.0,15.307
LLF,2020-01-07,28,2.0,0.0,0.0,15.307
MPC,2020-01-07,28,2.0,0.0,0.0,15.307
PPOLag,2020-01-07,28,2.0,0.007212607706825125,0.04711966882357827,15.307
EDF,2020-01-07,26,0.5,0.0,0.0,6.083
LLF,2020-01-07,26,0.5,0.0,0.0,6.083
MPC,2020-01-07,26,0.5,0.0,0.0,6.083
PPOLag,2020-01-07,26,0.5,0.004632958966235457,0.07616240286430144,6.083
EDF,2020-01-07,26,1.0,0.0,0.0,6.083
LLF,2020-01-07,26,1.0,0.0,0.0,6.083
MPC,2020-01-07,26,1.0,0.0,0.0,6.083
PPOLag,2020-01-07,26,1.0,0.0069438971721789144,0.11415250981717762,6.083
EDF,2020-01-07,26,2.0,0.0,0.0,6.083
LLF,2020-01-07,26,2.0,0.0,0.0,6.083
MPC,2020-01-07,26,2.0,1.7763568394002505e-15,2.920198650994987e-14,6.083
PPOLag,2020-01-07,26,2.0,0.00732420453653031,0.12040448029804884,6.083
EDF,2020-01-07,17,0.5,0.0,0.0,15.039
LLF,2020-01-07,17,0.5,0.0,0.0,15.039
MPC,2020-01-07,17,0.5,0.0,0.0,15.039
PPOLag,2020-01-07,17,0.5,-0.0005449077230355925,-0.0036232975798629725,15.039
EDF,2020-01-07,17,1.0,0.0,0.0,15.039
LLF,2020-01-07,17,1.0,0.0,0.0,15.039
MPC,2020-01-07,17,1.0,0.0,0.0,15.039
PPOLag,2020-01-07,17,1.0,0.005613952760781871,0.03732929557006364,15.039
EDF,2020-01-07,17,2.0,0.0,0.0,15.039
LLF,2020-01-07,17,2.0,0.0,0.0,15.039
MPC,2020-01-07,17,2.0,0.0,0.0,15.039
PPOLag,2020-01-07,17,2.0,0.007846229137441086,0.052172545630966724,15.039
EDF,2020-01-07,32,0.5,0.0,0.0,14.975999999999999
LLF,2020-01-07,32,0.5,0.0,0.0,14.975999999999999
MPC,2020-01-07,32,0.5,0.0,0.0,14.975999999999999
PPOLag,2020-01-07,32,0.5,0.020811723327636856,0.1389671696556948,14.975999999999999
EDF,2020-01-07,32,1.0,0.0,0.0,14.975999999999999
LLF,2020-01-07,32,1.0,0.0,0.0,14.975999999999999
MPC,2020-01-07,32,1.0,0.0,0.0,14.975999999999999
PPOLag,2020-01-07,32,1.0,0.02650180206298991,0.17696181933086214,14.975999999999999
EDF,2020-01-07,32,2.0,0.0,0.0,14.975999999999999
LLF,2020-01-07,32,2.0,0.0,0.0,14.975999999999999
MPC,2020-01-07,32,2.0,0.0,0.0,14.975999999999999
PPOLag,2020-01-07,32,2.0,0.030012730407716147,0.20040551821391656,14.975999999999999
EDF,2020-01-08,12,0.5,0.0,0.0,12.886
LLF,2020-01-08,12,0.5,0.0,0.0,12.886
MPC,2020-01-08,12,0.5,0.0,0.0,12.886
PPOLag,2020-01-08,12,0.5,0.0037763126248318455,0.029305545746017743,12.886
EDF,2020-01-08,12,1.0,0.0,0.0,12.886
LLF,2020-01-08,12,1.0,0.0,0.0,12.886
MPC,2020-01-08,12,1.0,0.0,0.0,12.886
PPOLag,2020-01-08,12,1.0,0.00579570700738472,0.044976773299586534,12.886
EDF,2020-01-08,12,2.0,0.0,0.0,12.886
LLF,2020-01-08,12,2.0,0.0,0.0,12.886
MPC,2020-01-08,12,2.0,0.0,0.0,12.886
PPOLag,2020-01-08,12,2.0,0.010446320394858332,0.08106720778254177,12.886
EDF,2020-01-08,18,0.5,0.0,0.0,22.388
LLF,2020-01-08,18,0.5,0.0,0.0,22.388
MPC,2020-01-08,18,0.5,0.0,0.0,22.388
PPOLag,2020-01-08,18,0.5,-0.0015844344791517528,-0.007077159545969952,22.388
EDF,2020-01-08,18,1.0,0.0,0.0,22.388
LLF,2020-01-08,18,1.0,0.0,0.0,22.388
MPC,2020-01-08,18,1.0,0.0,0.0,22.388
PPOLag,2020-01-08,18,1.0,0.0012217848706917779,0.005457320308610763,22.388
EDF,2020-01-08,18,2.0,0.0,0.0,22.388
LLF,2020-01-08,18,2.0,0.0,0.0,22.388
MPC,2020-01-08,18,2.0,0.0,0.0,22.388
PPOLag,2020-01-08,18,2.0,0.0012394703211207059,0.005536315531180569,22.388
EDF,2020-01-08,1,0.5,0.0,0.0,15.141
LLF,2020-01-08,1,0.5,3.552713678800501e-15,2.3464194431018434e-14,15.141
MPC,2020-01-08,1,0.5,0.0,0.0,15.141
PPOLag,2020-01-08,1,0.5,0.0047511819779362694,0.031379578481845784,15.141
EDF,2020-01-08,1,1.0,0.0,0.0,15.141
LLF,2020-01-08,1,1.0,3.552713678800501e-15,2.3464194431018434e-14,15.141
MPC,2020-01-08,1,1.0,0.0,0.0,15.141
PPOLag,2020-01-08,1,1.0,0.006062780831767612,0.04004214273672552,15.141
EDF,2020-01-08,1,2.0,0.0,0.0,15.141
LLF,2020-01-08,1,2.0,1.7763568394002505e-15,1.1732097215509217e-14,15.141
MPC,2020-01-08,1,2.0,0.0,0.0,15.141
PPOLag,2020-01-08,1,2.0,0.00822132026454625,0.05429839683340763,15.141
EDF,2020-01-08,3,0.5,0.0,0.0,2.616
LLF,2020-01-08,3,0.5,0.0,0.0,2.616
MPC,2020-01-08,3,0.5,0.0,0.0,2.616
PPOLag,2020-01-08,3,0.5,0.002385023795091179,0.09117063436892886,2.616
EDF,2020-01-08,3,1.0,0.0,0.0,2.616
LLF,2020-01-08,3,1.0,0.0,0.0,2.616
MPC,2020-01-08,3,1.0,0.0,0.0,2.616
PPOLag,2020-01-08,3,1.0,0.0033604360855544967,0.12845703690957558,2.616
EDF,2020-01-08,3,2.0,0.0,0.0,2.616
LLF,2020-01-08,3,2.0,0.0,0.0,2.616
MPC,2020-01-08,3,2.0,0.0,0.0,2.616
PPOLag,2020-01-08,3,2.0,0.003543739291281245,0.13546404018659192,2.616
EDF,2020-01-08,7,0.5,0.0,0.0,10.929
LLF,2020-01-08,7,0.5,0.0,0.0,10.929
MPC,2020-01-08,7,0.5,0.0,0.0,10.929
PPOLag,2020-01-08,7,0.5,-0.0002540686247311186,-0.0023247197797705054,10.929
EDF,2020-01-08,7,1.0,0.0,0.0,10.929
LLF,2020-01-08,7,1.0,0.0,0.0,10.929
MPC,2020-01-08,7,1.0,0.0,0.0,10.929
PPOLag,2020-01-08,7,1.0,0.001813468298538723,0.016593176855510323,10.929
EDF,2020-01-08,7,2.0,0.0,0.0,10.929
LLF,2020-01-08,7,2.0,0.0,0.0,10.929
MPC,2020-01-08,7,2.0,0.0,0.0,10.929
PPOLag,2020-01-08,7,2.0,0.004901123064605883,0.044845119083227046,10.929
EDF,2020-01-09,30,0.5,0.0,0.0,0.923
LLF,2020-01-09,30,0.5,0.0,0.0,0.923
MPC,2020-01-09,30,0.5,0.0,0.0,0.923
PPOLag,2020-01-09,30,0.5,0.003050348743538667,0.33048198738230405,0.923
EDF,2020-01-09,30,1.0,0.0,0.0,0.923
LLF,2020-01-09,30,1.0,0.0,0.0,0.923
MPC,2020-01-09,30,1.0,0.0,0.0,0.923
PPOLag,2020-01-09,30,1.0,0.004408330854239595,0.4776089766240081,0.923
EDF,2020-01-09,30,2.0,0.0,0.0,0.923
LLF,2020-01-09,30,2.0,0.0,0.0,0.923
MPC,2020-01-09,30,2.0,0.0,0.0,0.923
PPOLag,2020-01-09,30,2.0,0.005918400475037599,0.6412134859195666,0.923
EDF,2020-01-09,5,0.5,0.0,0.0,27.671
LLF,2020-01-09,5,0.5,-3.552713678800501e-15,-1.2839122831847424e-14,27.671
MPC,2020-01-09,5,0.5,0.0,0.0,27.671
PPOLag,2020-01-09,5,0.5,0.0006777950208046946,0.0024494778678208038,27.671
EDF,2020-01-09,5,1.0,-3.552713678800501e-15,-1.2839122831847424e-14,27.671
LLF,2020-01-09,5,1.0,-3.552713678800501e-15,-1.2839122831847424e-14,27.671
MPC,2020-01-09,5,1.0,0.0,0.0,27.671
PPOLag,2020-01-09,5,1.0,0.004303446987001536,0.015552191778401702,27.671
EDF,2020-01-09,5,2.0,0.0,0.0,27.671
LLF,2020-01-09,5,2.0,-3.552713678800501e-15,-1.2839122831847424e-14,27.671
MPC,2020-01-09,5,2.0,0.0,0.0,27.671
PPOLag,2020-01-09,5,2.0,0.0037520697610212038,0.013559574142680799,27.671
EDF,2020-01-09,19,0.5,0.0,0.0,8.502
LLF,2020-01-09,19,0.5,0.0,0.0,8.502
MPC,2020-01-09,19,0.5,-1.7763568394002505e-15,-2.0893399663611506e-14,8.502
PPOLag,2020-01-09,19,0.5,0.005866771563928097,0.06900460555078919,8.502
EDF,2020-01-09,19,1.0,0.0,0.0,8.502
LLF,2020-01-09,19,1.0,0.0,0.0,8.502
MPC,2020-01-09,19,1.0,-1.7763568394002505e-15,-2.0893399663611506e-14,8.502
PPOLag,2020-01-09,19,1.0,0.008766075914562067,0.10310604463140513,8.502
EDF,2020-01-09,19,2.0,0.0,0.0,8.502
LLF,2020-01-09,19,2.0,0.0,0.0,8.502
MPC,2020-01-09,19,2.0,0.0,0.0,8.502
PPOLag,2020-01-09,19,2.0,0.008970506197659489,0.10551054102163596,8.502
EDF,2020-01-09,21,0.5,0.0,0.0,4.39
LLF,2020-01-09,21,0.5,0.0,0.0,4.39
MPC,2020-01-09,21,0.5,0.0,0.0,4.39
PPOLag,2020-01-09,21,0.5,0.0029406650115712195,0.0669855355710984,4.39
EDF,2020-01-09,21,1.0,0.0,0.0,4.39
LLF,2020-01-09,21,1.0,0.0,0.0,4.39
MPC,2020-01-09,21,1.0,0.0,0.0,4.39
PPOLag,2020-01-09,21,1.0,0.005044213525154007,0.1149023582039637,4.39
EDF,2020-01-09,21,2.0,8.881784197001252e-16,2.0231854662873012e-14,4.39
LLF,2020-01-09,21,2.0,0.0,0.0,4.39
MPC,2020-01-09,21,2.0,0.0,0.0,4.39
PPOLag,2020-01-09,21,2.0,0.008374835131197144,0.19077073191793043,4.39
EDF,2020-01-09,0,0.5,0.0,0.0,0.843
LLF,2020-01-09,0,0.5,0.0,0.0,0.843
MPC,2020-01-09,0,0.5,0.0,0.0,0.843
PPOLag,2020-01-09,0,0.5,0.0021641012523040404,0.25671426480474974,0.843
EDF,2020-01-09,0,1.0,0.0,0.0,0.843
LLF,2020-01-09,0,1.0,0.0,0.0,0.843
MPC,2020-01-09,0,1.0,0.0,0.0,0.843
PPOLag,2020-01-09,0,1.0,0.0035519312414226123,0.42134415675238585,0.843
EDF,2020-01-09,0,2.0,0.0,0.0,0.843
LLF,2020-01-09,0,2.0,0.0,0.0,0.843
MPC,2020-01-09,0,2.0,0.0,0.0,0.843
PPOLag,2020-01-09,0,2.0,0.004611758813857026,0.547065102474143,0.843
EDF,2020-01-10,29,0.5,-1.1102230246251565e-16,-1.3061447348531254e-14,0.85
LLF,2020-01-10,29,0.5,0.0,0.0,0.85
MPC,2020-01-10,29,0.5,0.0,0.0,0.85
PPOLag,2020-01-10,29,0.5,0.003217913861404087,0.3785781013416573,0.85
EDF,2020-01-10,29,1.0,-1.1102230246251565e-16,-1.3061447348531254e-14,0.85
LLF,2020-01-10,29,1.0,-1.1102230246251565e-16,-1.3061447348531254e-14,0.85
MPC,2020-01-10,29,1.0,0.0,0.0,0.85
PPOLag,2020-01-10,29,1.0,0.004683264473340776,0.5509722909812678,0.85
EDF,2020-01-10,29,2.0,-1.1102230246251565e-16,-1.3061447348531254e-14,0.85
LLF,2020-01-10,29,2.0,-1.1102230246251565e-16,-1.3061447348531254e-14,0.85
MPC,2020-01-10,29,2.0,0.0,0.0,0.85
PPOLag,2020-01-10,29,2.0,0.007637339037317892,0.8985104749785755,0.85
EDF,2020-01-10,12,0.5,0.0,0.0,15.847
LLF,2020-01-10,12,0.5,0.0,0.0,15.847
MPC,2020-01-10,12,0.5,0.0,0.0,15.847
PPOLag,2020-01-10,12,0.5,0.00619835331384202,0.03911373328606058,15.847
EDF,2020-01-10,12,1.0,0.0,0.0,15.847
LLF,2020-01-10,12,1.0,0.0,0.0,15.847
MPC,2020-01-10,12,1.0,0.0,0.0,15.847
PPOLag,2020-01-10,12,1.0,0.0059705185112683525,0.03767601761385973,15.847
EDF,2020-01-10,12,2.0,0.0,0.0,15.847
LLF,2020-01-10,12,2.0,0.0,0.0,15.847
MPC,2020-01-10,12,2.0,1.7763568394002505e-15,1.1209420328139398e-14,15.847
PPOLag,2020-01-10,12,2.0,0.005393371244238665,0.03403402059846448,15.847
EDF,2020-01-10,25,0.5,0.0,0.0,14.7
LLF,2020-01-10,25,0.5,0.0,0.0,14.7
MPC,2020-01-10,25,0.5,0.0,0.0,14.7
PPOLag,2020-01-10,25,0.5,0.005782216073640356,0.03933480322204323,14.7
EDF,2020-01-10,25,1.0,0.0,0.0,14.7
LLF,2020-01-10,25,1.0,1.7763568394002505e-15,1.2084060131974494e-14,14.7
MPC,2020-01-10,25,1.0,0.0,0.0,14.7
PPOLag,2020-01-10,25,1.0,0.003912818336461043,0.026617811812660163,14.7
EDF,2020-01-10,25,2.0,0.0,0.0,14.7
LLF,2020-01-10,25,2.0,0.0,0.0,14.7
MPC,2020-01-10,25,2.0,0.0,0.0,14.7
PPOLag,2020-01-10,25,2.0,0.010393239121901132,0.07070230695170839,14.7
EDF,2020-01-10,8,0.5,0.0,0.0,9.525
LLF,2020-01-10,8,0.5,0.0,0.0,9.525
MPC,2020-01-10,8,0.5,1.7763568394002505e-15,1.8649415636748037e-14,9.525
PPOLag,2020-01-10,8,0.5,0.0027816868111116833,0.029204061009046545,9.525
EDF,2020-01-10,8,1.0,0.0,0.0,9.525
LLF,2020-01-10,8,1.0,0.0,0.0,9.525
MPC,2020-01-10,8,1.0,-1.7763568394002505e-15,-1.8649415636748037e-14,9.525
PPOLag,2020-01-10,8,1.0,0.003036217951365927,0.031876303951348314,9.525
EDF,2020-01-10,8,2.0,0.0,0.0,9.525
LLF,2020-01-10,8,2.0,0.0,0.0,9.525
MPC,2020-01-10,8,2.0,-1.7763568394002505e-15,-1.8649415636748037e-14,9.525
PPOLag,2020-01-10,8,2.0,0.0032337569980455784,0.03395020470389058,9.525
EDF,2020-01-10,3,0.5,0.0,0.0,9.301
LLF,2020-01-10,3,0.5,0.0,0.0,9.301
MPC,2020-01-10,3,0.5,-1.7763568394002505e-15,-1.9098557568006133e-14,9.301
PPOLag,2020-01-10,3,0.5,0.004698513481488575,0.0505162184871366,9.301
EDF,2020-01-10,3,1.0,0.0,0.0,9.301
LLF,2020-01-10,3,1.0,0.0,0.0,9.301
MPC,2020-01-10,3,1.0,0.0,0.0,9.301
PPOLag,2020-01-10,3,1.0,0.007582063685213214,0.08151880104519099,9.301
EDF,2020-01-10,3,2.0,0.0,0.0,9.301
LLF,2020-01-10,3,2.0,0.0,0.0,9.301
MPC,2020-01-10,3,2.0,0.0,0.0,9.301
PPOLag,2020-01-10,3,2.0,0.00974692705612341,0.10479439905519203,9.301
EDF,2020-01-13,18,0.5,0.0,0.0,11.893
LLF,2020-01-13,18,0.5,1.6640000000000015,13.99142352644414,11.893
MPC,2020-01-13,18,0.5,0.24500000000000277,2.0600353148911354,11.893
PPOLag,2020-01-13,18,0.5,0.45753211471758065,3.847070669449093,11.893
EDF,2020-01-13,18,1.0,-1.7763568394002505e-15,-1.4936154371481128e-14,11.893
LLF,2020-01-13,18,1.0,1.9090000000000042,16.051458841335275,11.893
MPC,2020-01-13,18,1.0,0.24500000000000277,2.0600353148911354,11.893
PPOLag,2020-01-13,18,1.0,0.46215265891539803,3.8859216254552935,11.893
EDF,2020-01-13,18,2.0,0.0,0.0,11.893
LLF,2020-01-13,18,2.0,1.9090000000000025,16.05145884133526,11.893
MPC,2020-01-13,18,2.0,0.245000000000001,2.060035314891121,11.893
PPOLag,2020-01-13,18,2.0,0.4638991137240396,3.9006063543600398,11.893
EDF,2020-01-13,33,0.5,0.0,0.0,4.411
LLF,2020-01-13,33,0.5,0.3330000000000013,7.549308546814812,4.411
MPC,2020-01-13,33,0.5,1.0830000000000006,24.55225572432557,4.411
PPOLag,2020-01-13,33,0.5,1.4120323759888993,32.01161586916571,4.411
EDF,2020-01-13,33,1.0,0.0,0.0,4.411
LLF,2020-01-13,33,1.0,0.3330000000000013,7.549308546814812,4.411
MPC,2020-01-13,33,1.0,1.0829999999999997,24.552255724325544,4.411
PPOLag,2020-01-13,33,1.0,1.9567782264017914,44.361329095483825,4.411
EDF,2020-01-13,33,2.0,0.0,0.0,4.411
LLF,2020-01-13,33,2.0,1.997000000000001,45.27318068465203,4.411
MPC,2020-01-13,33,2.0,1.0829999999999997,24.552255724325544,4.411
PPOLag,2020-01-13,33,2.0,2.2852207564972766,51.80731708223253,4.411
EDF,2020-01-13,21,0.5,0.0,0.0,4.816
LLF,2020-01-13,21,0.5,0.0,0.0,4.816
MPC,2020-01-13,21,0.5,1.6359999999999708,33.970099667773475,4.816
PPOLag,2020-01-13,21,0.5,0.032790526211773675,0.680866408051779,4.816
EDF,2020-01-13,21,1.0,0.0,0.0,4.816
LLF,2020-01-13,21,1.0,0.0,0.0,4.816
MPC,2020-01-13,21,1.0,1.6359999999999708,33.970099667773475,4.816
PPOLag,2020-01-13,21,1.0,0.05588640101514404,1.16043191476628,4.816
EDF,2020-01-13,21,2.0,0.0,0.0,4.816
LLF,2020-01-13,21,2.0,0.0,0.0,4.816
MPC,2020-01-13,21,2.0,1.6359999999999708,33.970099667773475,4.816
PPOLag,2020-01-13,21,2.0,0.06753816702282193,1.4023705777164026,4.816
EDF,2020-01-13,4,0.5,3.3389999999999986,13.578138343296322,24.591
LLF,2020-01-13,4,0.5,2.3879999999999875,9.710869830425715,24.591
MPC,2020-01-13,4,0.5,2.9489999999999537,11.992192265462785,24.591
PPOLag,2020-01-13,4,0.5,2.8398816707594703,11.548459480132854,24.591
EDF,2020-01-13,4,1.0,3.3389999999999915,13.578138343296294,24.591
LLF,2020-01-13,4,1.0,3.452999999999996,14.041722581432214,24.591
MPC,2020-01-13,4,1.0,6.276999999999958,25.52559879630742,24.591
PPOLag,2020-01-13,4,1.0,4.386124759765195,17.836300922147107,24.591
EDF,2020-01-13,4,2.0,3.339000000000002,13.578138343296336,24.591
LLF,2020-01-13,4,2.0,3.479999999999997,14.15151884835914,24.591
MPC,2020-01-13,4,2.0,11.847999999999963,48.180228538896195,24.591
PPOLag,2020-01-13,4,2.0,4.827425342850509,19.630862278274613,24.591
EDF,2020-01-13,20,0.5,0.0,0.0,0.918
LLF,2020-01-13,20,0.5,0.0,0.0,0.918
MPC,2020-01-13,20,0.5,0.0,0.0,0.918
PPOLag,2020-01-13,20,0.5,0.2526487144953133,27.521646459184456,0.918
EDF,2020-01-13,20,1.0,0.0,0.0,0.918
LLF,2020-01-13,20,1.0,0.0,0.0,0.918
MPC,2020-01-13,20,1.0,0.0,0.0,0.918
PPOLag,2020-01-13,20,1.0,0.27321279845085805,29.76174275063813,0.918
EDF,2020-01-13,20,2.0,0.0,0.0,0.918
LLF,2020-01-13,20,2.0,0.9179999999999999,99.99999999999999,0.918
MPC,2020-01-13,20,2.0,0.0,0.0,0.918
PPOLag,2020-01-13,20,2.0,0.4733928576475462,51.56784941694402,0.918
EDF,2020-01-14,15,0.5,0.0,0.0,3.912
LLF,2020-01-14,15,0.5,0.0,0.0,3.912
MPC,2020-01-14,15,0.5,0.0,0.0,3.912
PPOLag,2020-01-14,15,0.5,-0.0022605042740708294,-0.05778385158667763,3.912
EDF,2020-01-14,15,1.0,0.0,0.0,3.912
LLF,2020-01-14,15,1.0,0.0,0.0,3.912
MPC,2020-01-14,15,1.0,0.0,0.0,3.912
PPOLag,2020-01-14,15,1.0,-0.0006576111167471588,-0.01681010012134863,3.912
EDF,2020-01-14,15,2.0,0.0,0.0,3.912
LLF,2020-01-14,15,2.0,-4.440892098500626e-16,-1.1351973666923892e-14,3.912
MPC,2020-01-14,15,2.0,0.0,0.0,3.912
PPOLag,2020-01-14,15,2.0,0.002538665085260661,0.06489430177046679,3.912
EDF,2020-01-14,5,0.5,-8.881784197001252e-16,-1.5620443540276562e-14,5.686
LLF,2020-01-14,5,0.5,0.0,0.0,5.686
MPC,2020-01-14,5,0.5,0.0,0.0,5.686
PPOLag,2020-01-14,5,0.5,0.00369623480758694,0.06500588827975624,5.686
EDF,2020-01-14,5,1.0,-8.881784197001252e-16,-1.5620443540276562e-14,5.686
LLF,2020-01-14,5,1.0,0.0,0.0,5.686
MPC,2020-01-14,5,1.0,0.0,0.0,5.686
PPOLag,2020-01-14,5,1.0,0.002978736151757566,0.052387199292254064,5.686
EDF,2020-01-14,5,2.0,0.0,0.0,5.686
LLF,2020-01-14,5,2.0,0.0,0.0,5.686
MPC,2020-01-14,5,2.0,0.0,0.0,5.686
PPOLag,2020-01-14,5,2.0,0.005650342850486112,0.09937289571730763,5.686
EDF,2020-01-14,19,0.5,0.0,0.0,11.77
LLF,2020-01-14,19,0.5,0.0,0.0,11.77
MPC,2020-01-14,19,0.5,0.0,0.0,11.77
PPOLag,2020-01-14,19,0.5,0.005386313831990108,0.04576307418853108,11.77
EDF,2020-01-14,19,1.0,0.0,0.0,11.77
LLF,2020-01-14,19,1.0,0.0,0.0,11.77
MPC,2020-01-14,19,1.0,1.7763568394002505e-15,1.5092241626170352e-14,11.77
PPOLag,2020-01-14,19,1.0,0.008567159101271926,0.0727880977168388,11.77
EDF,2020-01-14,19,2.0,0.0,0.0,11.77
LLF,2020-01-14,19,2.0,-1.7763568394002505e-15,-1.5092241626170352e-14,11.77
MPC,2020-01-14,19,2.0,1.7763568394002505e-15,1.5092241626170352e-14,11.77
PPOLag,2020-01-14,19,2.0,0.00702464364247426,0.059682613784828045,11.77
EDF,2020-01-14,22,0.5,0.0,0.0,5.78
LLF,2020-01-14,22,0.5,0.0,0.0,5.78
MPC,2020-01-14,22,0.5,8.881784197001252e-16,1.5366408645330887e-14,5.78
PPOLag,2020-01-14,22,0.5,0.005597421772750089,0.09684120714100497,5.78
EDF,2020-01-14,22,1.0,-8.881784197001252e-16,-1.5366408645330887e-14,5.78
LLF,2020-01-14,22,1.0,8.881784197001252e-16,1.5366408645330887e-14,5.78
MPC,2020-01-14,22,1.0,0.0,0.0,5.78
PPOLag,2020-01-14,22,1.0,0.008288946077131775,0.1434073715766743,5.78
EDF,2020-01-14,22,2.0,0.0,0.0,5.78
LLF,2020-01-14,22,2.0,0.0,0.0,5.78
MPC,2020-01-14,22,2.0,0.0,0.0,5.78
PPOLag,2020-01-14,22,2.0,0.009440435307434747,0.16332933057845583,5.78
EDF,2020-01-14,21,0.5,0.0,0.0,0.808
LLF,2020-01-14,21,0.5,0.0,0.0,0.808
MPC,2020-01-14,21,0.5,0.0,0.0,0.808
PPOLag,2020-01-14,21,0.5,0.003402356342281099,0.4210837057278587,0.808
EDF,2020-01-14,21,1.0,1.1102230246251565e-16,1.3740383968133125e-14,0.808
LLF,2020-01-14,21,1.0,1.1102230246251565e-16,1.3740383968133125e-14,0.808
MPC,2020-01-14,21,1.0,0.0,0.0,0.808
PPOLag,2020-01-14,21,1.0,0.005528342872436931,0.684200850549125,0.808
EDF,2020-01-14,21,2.0,1.1102230246251565e-16,1.3740383968133125e-14,0.808
LLF,2020-01-14,21,2.0,1.1102230246251565e-16,1.3740383968133125e-14,0.808
MPC,2020-01-14,21,2.0,0.0,0.0,0.808
PPOLag,2020-01-14,21,2.0,0.008398514943766533,1.0394201663077391,0.808
EDF,2020-01-15,19,0.5,0.0,0.0,12.305
LLF,2020-01-15,19,0.5,0.0,0.0,12.305
MPC,2020-01-15,19,0.5,1.7763568394002505e-15,1.4436057207641206e-14,12.305
PPOLag,2020-01-15,19,0.5,0.0034943834288121423,0.02839807743853834,12.305
EDF,2020-01-15,19,1.0,-1.7763568394002505e-15,-1.4436057207641206e-14,12.305
LLF,2020-01-15,19,1.0,0.0,0.0,12.305
MPC,2020-01-15,19,1.0,1.7763568394002505e-15,1.4436057207641206e-14,12.305
PPOLag,2020-01-15,19,1.0,0.005493550148950632,0.04464486102357279,12.305
EDF,2020-01-15,19,2.0,1.7763568394002505e-15,1.4436057207641206e-14,12.305
LLF,2020-01-15,19,2.0,0.0,0.0,12.305
MPC,2020-01-15,19,2.0,1.7763568394002505e-15,1.4436057207641206e-14,12.305
PPOLag,2020-01-15,19,2.0,0.007866858928051456,0.06393221396222232,12.305
EDF,2020-01-15,6,0.5,0.0,0.0,8.717
LLF,2020-01-15,6,0.5,0.0,0.0,8.717
MPC,2020-01-15,6,0.5,0.0,0.0,8.717
PPOLag,2020-01-15,6,0.5,-0.001028560847267812,-0.011799482015232444,8.717
EDF,2020-01-15,6,1.0,0.0,0.0,8.717
LLF,2020-01-15,6,1.0,0.0,0.0,8.717
MPC,2020-01-15,6,1.0,0.0,0.0,8.717
PPOLag,2020-01-15,6,1.0,0.005065107523837753,0.05810608608280088,8.717
EDF,2020-01-15,6,2.0,1.7763568394002505e-15,2.0378075477804868e-14,8.717
LLF,2020-01-15,6,2.0,0.0,0.0,8.717
MPC,2020-01-15,6,2.0,0.0,0.0,8.717
PPOLag,2020-01-15,6,2.0,0.0044110943154809235,0.05060335339544479,8.717
EDF,2020-01-15,31,0.5,0.0,0.0,6.679
LLF,2020-01-15,31,0.5,0.0,0.0,6.679
MPC,2020-01-15,31,0.5,0.0,0.0,6.679
PPOLag,2020-01-15,31,0.5,0.005380085288538616,0.0805522576514241,6.679
EDF,2020-01-15,31,1.0,0.0,0.0,6.679
LLF,2020-01-15,31,1.0,0.0,0.0,6.679
MPC,2020-01-15,31,1.0,0.0,0.0,6.679
PPOLag,2020-01-15,31,1.0,0.002209703780669159,0.033084350661313947,6.679
EDF,2020-01-15,31,2.0,0.0,0.0,6.679
LLF,2020-01-15,31,2.0,0.0,0.0,6.679
MPC,2020-01-15,31,2.0,0.0,0.0,6.679
PPOLag,2020-01-15,31,2.0,0.005691384828215895,0.08521312813618648,6.679
EDF,2020-01-15,23,0.5,0.0,0.0,4.243
LLF,2020-01-15,23,0.5,0.0,0.0,4.243
MPC,2020-01-15,23,0.5,0.0,0.0,4.243
PPOLag,2020-01-15,23,0.5,0.004535397889693904,0.10689130072340099,4.243
EDF,2020-01-15,23,1.0,0.0,0.0,4.243
LLF,2020-01-15,23,1.0,0.0,0.0,4.243
MPC,2020-01-15,23,1.0,0.0,0.0,4.243
PPOLag,2020-01-15,23,1.0,0.0025746572994217233,0.06068011547069816,4.243
EDF,2020-01-15,23,2.0,0.0,0.0,4.243
LLF,2020-01-15,23,2.0,0.0,0.0,4.243
MPC,2020-01-15,23,2.0,0.0,0.0,4.243
PPOLag,2020-01-15,23,2.0,0.002999655989501626,0.07069658235921814,4.243
EDF,2020-01-15,2,0.5,1.0559999999999832,3.043315369318952,34.699
LLF,2020-01-15,2,0.5,0.0,0.0,34.699
MPC,2020-01-15,2,0.5,0.0,0.0,34.699
PPOLag,2020-01-15,2,0.5,0.4982395480223943,1.4358902216847584,34.699
EDF,2020-01-15,2,1.0,1.0559999999999832,3.043315369318952,34.699
LLF,2020-01-15,2,1.0,0.0,0.0,34.699
MPC,2020-01-15,2,1.0,7.105427357601002e-15,2.0477326025536766e-14,34.699
PPOLag,2020-01-15,2,1.0,0.5225462486601102,1.505940369059945,34.699
EDF,2020-01-15,2,2.0,1.0559999999999832,3.043315369318952,34.699
LLF,2020-01-15,2,2.0,0.0,0.0,34.699
MPC,2020-01-15,2,2.0,0.0,0.0,34.699
PPOLag,2020-01-15,2,2.0,0.5418301180402765,1.561515081242331,34.699
EDF,2020-01-16,16,0.5,0.0,0.0,3.55
LLF,2020-01-16,16,0.5,0.0,0.0,3.55
MPC,2020-01-16,16,0.5,0.0,0.0,3.55
PPOLag,2020-01-16,16,0.5,0.013011287058550636,0.36651512840987704,3.55
EDF,2020-01-16,16,1.0,0.0,0.0,3.55
LLF,2020-01-16,16,1.0,0.0,0.0,3.55
MPC,2020-01-16,16,1.0,0.0,0.0,3.55
PPOLag,2020-01-16,16,1.0,0.022399414705600317,0.6309694283267695,3.55
EDF,2020-01-16,16,2.0,-4.440892098500626e-16,-1.2509555207044018e-14,3.55
LLF,2020-01-16,16,2.0,0.0,0.0,3.55
MPC,2020-01-16,16,2.0,0.0,0.0,3.55
PPOLag,2020-01-16,16,2.0,0.030664206428405016,0.8637804627719724,3.55
EDF,2020-01-16,20,0.5,0.0,0.0,0.862
LLF,2020-01-16,20,0.5,0.0,0.0,0.862
MPC,2020-01-16,20,0.5,0.0,0.0,0.862
PPOLag,2020-01-16,20,0.5,0.010248305854922313,1.188898591058273,0.862
EDF,2020-01-16,20,1.0,0.0,0.0,0.862
LLF,2020-01-16,20,1.0,0.0,0.0,0.862
MPC,2020-01-16,20,1.0,0.0,0.0,0.862
PPOLag,2020-01-16,20,1.0,0.012576107708797713,1.4589452098373217,0.862
EDF,2020-01-16,20,2.0,0.0,0.0,0.862
LLF,2020-01-16,20,2.0,0.0,0.0,0.862
MPC,2020-01-16,20,2.0,0.0,0.0,0.862
PPOLag,2020-01-16,20,2.0,0.019699973169139785,2.2853797179976545,0.862
EDF,2020-01-16,14,0.5,0.0,0.0,25.643
LLF,2020-01-16,14,0.5,0.0,0.0,25.643
MPC,2020-01-16,14,0.5,0.0,0.0,25.643
PPOLag,2020-01-16,14,0.5,0.0014918692347464456,0.00581784204167393,25.643
EDF,2020-01-16,14,1.0,3.552713678800501e-15,1.3854516549547639e-14,25.643
LLF,2020-01-16,14,1.0,3.552713678800501e-15,1.3854516549547639e-14,25.643
MPC,2020-01-16,14,1.0,0.0,0.0,25.643
PPOLag,2020-01-16,14,1.0,0.0057721797008198905,0.022509767581093826,25.643
EDF,2020-01-16,14,2.0,0.0,0.0,25.643
LLF,2020-01-16,14,2.0,3.552713678800501e-15,1.3854516549547639e-14,25.643
MPC,2020-01-16,14,2.0,0.0,0.0,25.643
PPOLag,2020-01-16,14,2.0,0.005434595289204936,0.021193289744588915,25.643
EDF,2020-01-16,22,0.5,-1.7763568394002505e-15,-1.179519813678785e-14,15.06
LLF,2020-01-16,22,0.5,0.0,0.0,15.06
MPC,2020-01-16,22,0.5,0.0,0.0,15.06
PPOLag,2020-01-16,22,0.5,0.0071145173353009735,0.047241150964813905,15.06
EDF,2020-01-16,22,1.0,-1.7763568394002505e-15,-1.179519813678785e-14,15.06
LLF,2020-01-16,22,1.0,0.0,0.0,15.06
MPC,2020-01-16,22,1.0,0.0,0.0,15.06
PPOLag,2020-01-16,22,1.0,0.005091181810353618,0.033805988116557883,15.06
EDF,2020-01-16,22,2.0,-1.7763568394002505e-15,-1.179519813678785e-14,15.06
LLF,2020-01-16,22,2.0,0.0,0.0,15.06
MPC,2020-01-16,22,2.0,1.7763568394002505e-15,1.179519813678785e-14,15.06
PPOLag,2020-01-16,22,2.0,0.00354576561337403,0.023544260380969653,15.06
EDF,2020-01-16,19,0.5,0.0,0.0,13.149
LLF,2020-01-16,19,0.5,1.7763568394002505e-15,1.3509444363831855e-14,13.149
MPC,2020-01-16,19,0.5,0.0,0.0,13.149
PPOLag,2020-01-16,19,0.5,0.0034001116889911033,0.025858329066781528,13.149
EDF,2020-01-16,19,1.0,0.0,0.0,13.149
LLF,2020-01-16,19,1.0,0.0,0.0,13.149
MPC,2020-01-16,19,1.0,0.0,0.0,13.149
PPOLag,2020-01-16,19,1.0,0.004891250328577357,0.03719864878376574,13.149
EDF,2020-01-16,19,2.0,1.7763568394002505e-15,1.3509444363831855e-14,13.149
LLF,2020-01-16,19,2.0,0.0,0.0,13.149
MPC,2020-01-16,19,2.0,0.0,0.0,13.149
PPOLag,2020-01-16,19,2.0,0.004820193283234175,0.03665824992953211,13.149
EDF,2020-01-17,21,0.5,0.0,0.0,8.062
LLF,2020-01-17,21,0.5,0.0,0.0,8.062
MPC,2020-01-17,21,0.5,0.0,0.0,8.062
PPOLag,2020-01-17,21,0.5,0.009893715570177975,0.12272036182309569,8.062
EDF,2020-01-17,21,1.0,0.0,0.0,8.062
LLF,2020-01-17,21,1.0,0.0,0.0,8.062
MPC,2020-01-17,21,1.0,0.0,0.0,8.062
PPOLag,2020-01-17,21,1.0,0.008245916759593542,0.1022812795781883,8.062
EDF,2020-01-17,21,2.0,0.0,0.0,8.062
LLF,2020-01-17,21,2.0,1.7763568394002505e-15,2.2033699322751807e-14,8.062
MPC,2020-01-17,21,2.0,0.0,0.0,8.062
PPOLag,2020-01-17,21,2.0,0.011974055986294729,0.1485246339158364,8.062
EDF,2020-01-17,4,0.5,7.105427357601002e-15,2.857946809428446e-14,24.862
LLF,2020-01-17,4,0.5,3.552713678800501e-15,1.428973404714223e-14,24.862
MPC,2020-01-17,4,0.5,-3.552713678800501e-15,-1.428973404714223e-14,24.862
PPOLag,2020-01-17,4,0.5,0.004332294354947664,0.01742536543700291,24.862
EDF,2020-01-17,4,1.0,7.105427357601002e-15,2.857946809428446e-14,24.862
LLF,2020-01-17,4,1.0,0.0,0.0,24.862
MPC,2020-01-17,4,1.0,-3.552713678800501e-15,-1.428973404714223e-14,24.862
PPOLag,2020-01-17,4,1.0,0.008906366992342641,0.03582321210016346,24.862
EDF,2020-01-17,4,2.0,7.105427357601002e-15,2.857946809428446e-14,24.862
LLF,2020-01-17,4,2.0,3.552713678800501e-15,1.428973404714223e-14,24.862
MPC,2020-01-17,4,2.0,-3.552713678800501e-15,-1.428973404714223e-14,24.862
PPOLag,2020-01-17,4,2.0,0.010332523710435026,0.04155950329995586,24.862
EDF,2020-01-17,27,0.5,0.0,0.0,10.541
LLF,2020-01-17,27,0.5,0.0,0.0,10.541
MPC,2020-01-17,27,0.5,0.0,0.0,10.541
PPOLag,2020-01-17,27,0.5,0.024793245724846712,0.23520771961717785,10.541
EDF,2020-01-17,27,1.0,0.0,0.0,10.541
LLF,2020-01-17,27,1.0,0.0,0.0,10.541
MPC,2020-01-17,27,1.0,1.7763568394002505e-15,1.6851881599471117e-14,10.541
PPOLag,2020-01-17,27,1.0,0.028112109113810745,0.26669299984641637,10.541
EDF,2020-01-17,27,2.0,0.0,0.0,10.541
LLF,2020-01-17,27,2.0,0.0,0.0,10.541
MPC,2020-01-17,27,2.0,1.7763568394002505e-15,1.6851881599471117e-14,10.541
PPOLag,2020-01-17,27,2.0,0.02832699162944401,0.268731539981444,10.541
EDF,2020-01-17,15,0.5,0.0,0.0,3.69
LLF,2020-01-17,15,0.5,-8.881784197001252e-16,-2.406987587263212e-14,3.69
MPC,2020-01-17,15,0.5,0.0,0.0,3.69
PPOLag,2020-01-17,15,0.5,0.005516175182228711,0.14948984233682144,3.69
EDF,2020-01-17,15,1.0,4.440892098500626e-16,1.203493793631606e-14,3.69
LLF,2020-01-17,15,1.0,0.0,0.0,3.69
MPC,2020-01-17,15,1.0,4.440892098500626e-16,1.203493793631606e-14,3.69
PPOLag,2020-01-17,15,1.0,0.009999873994741115,0.27099929525043676,3.69
EDF,2020-01-17,15,2.0,0.0,0.0,3.69
LLF,2020-01-17,15,2.0,-4.440892098500626e-16,-1.203493793631606e-14,3.69
MPC,2020-01-17,15,2.0,0.0,0.0,3.69
PPOLag,2020-01-17,15,2.0,0.010326234574956938,0.2798437554188872,3.69
EDF,2020-01-17,10,0.5,-2.6645352591003757e-15,-3.439441408416646e-14,7.747
LLF,2020-01-17,10,0.5,-8.881784197001252e-16,-1.1464804694722153e-14,7.747
MPC,2020-01-17,10,0.5,8.881784197001252e-16,1.1464804694722153e-14,7.747
PPOLag,2020-01-17,10,0.5,0.009436507928667303,0.12180854432254169,7.747
EDF,2020-01-17,10,1.0,-1.7763568394002505e-15,-2.2929609389444307e-14,7.747
LLF,2020-01-17,10,1.0,0.0,0.0,7.747
MPC,2020-01-17,10,1.0,0.0,0.0,7.747
PPOLag,2020-01-17,10,1.0,0.010590272831167091,0.13670159844026192,7.747
EDF,2020-01-17,10,2.0,-1.7763568394002505e-15,-2.2929609389444307e-14,7.747
LLF,2020-01-17,10,2.0,0.0,0.0,7.747
MPC,2020-01-17,10,2.0,8.881784197001252e-16,1.1464804694722153e-14,7.747
PPOLag,2020-01-17,10,2.0,0.00985884154795027,0.12726012066542236,7.747
EDF,2020-01-20,3,0.5,0.0,0.0,0.823
LLF,2020-01-20,3,0.5,0.0,0.0,0.823
MPC,2020-01-20,3,0.5,0.0,0.0,0.823
PPOLag,2020-01-20,3,0.5,0.0031104348482366095,0.37793862068488576,0.823
EDF,2020-01-20,3,1.0,0.0,0.0,0.823
LLF,2020-01-20,3,1.0,0.0,0.0,0.823
MPC,2020-01-20,3,1.0,0.0,0.0,0.823
PPOLag,2020-01-20,3,1.0,0.004672033317736646,0.5676832706848901,0.823
EDF,2020-01-20,3,2.0,0.0,0.0,0.823
LLF,2020-01-20,3,2.0,0.0,0.0,0.823
MPC,2020-01-20,3,2.0,0.0,0.0,0.823
PPOLag,2020-01-20,3,2.0,0.006255809159977166,0.7601226196813082,0.823
EDF,2020-01-20,2,0.5,0.0,0.0,46.592
LLF,2020-01-20,2,0.5,0.0,0.0,46.592
MPC,2020-01-20,2,0.5,0.0,0.0,46.592
PPOLag,2020-01-20,2,0.5,0.08547827301025705,0.18346126590456957,46.592
EDF,2020-01-20,2,1.0,0.0,0.0,46.592
LLF,2020-01-20,2,1.0,0.0,0.0,46.592
MPC,2020-01-20,2,1.0,0.0,0.0,46.592
PPOLag,2020-01-20,2,1.0,0.14496114807128463,0.31112883772167893,46.592
EDF,2020-01-20,2,2.0,0.0,0.0,46.592
LLF,2020-01-20,2,2.0,0.0,0.0,46.592
MPC,2020-01-20,2,2.0,0.0,0.0,46.592
PPOLag,2020-01-20,2,2.0,0.21540753631591797,0.4623273015022279,46.592
EDF,2020-01-20,1,0.5,0.0,0.0,0.837
LLF,2020-01-20,1,0.5,0.0,0.0,0.837
MPC,2020-01-20,1,0.5,0.0,0.0,0.837
PPOLag,2020-01-20,1,0.5,0.0023847135568349164,0.2849120139587714,0.837
EDF,2020-01-20,1,1.0,0.0,0.0,0.837
LLF,2020-01-20,1,1.0,0.0,0.0,0.837
MPC,2020-01-20,1,1.0,0.0,0.0,0.837
PPOLag,2020-01-20,1,1.0,0.004203887408527574,0.5022565601586109,0.837
EDF,2020-01-20,1,2.0,0.0,0.0,0.837
LLF,2020-01-20,1,2.0,0.0,0.0,0.837
MPC,2020-01-20,1,2.0,0.0,0.0,0.837
PPOLag,2020-01-20,1,2.0,0.005958309459451749,0.7118649294446535,0.837
EDF,2020-01-20,8,0.5,0.0,0.0,7.32
LLF,2020-01-20,8,0.5,0.0,0.0,7.32
MPC,2020-01-20,8,0.5,0.0,0.0,7.32
PPOLag,2020-01-20,8,0.5,-2.819911867888436e-05,-0.0003852338617333931,7.32
EDF,2020-01-20,8,1.0,0.0,0.0,7.32
LLF,2020-01-20,8,1.0,0.0,0.0,7.32
MPC,2020-01-20,8,1.0,0.0,0.0,7.32
PPOLag,2020-01-20,8,1.0,0.0012332249151514318,0.016847334906440324,7.32
EDF,2020-01-20,8,2.0,0.0,0.0,7.32
LLF,2020-01-20,8,2.0,0.0,0.0,7.32
MPC,2020-01-20,8,2.0,1.7763568394002505e-15,2.4267169937161892e-14,7.32
PPOLag,2020-01-20,8,2.0,0.001578449294687978,0.0215635149547538,7.32
EDF,2020-01-20,5,0.5,0.0,0.0,0.846
LLF,2020-01-20,5,0.5,0.0,0.0,0.846
MPC,2020-01-20,5,0.5,0.0,0.0,0.846
PPOLag,2020-01-20,5,0.5,0.0030326680393117033,0.35847139944582784,0.846
EDF,2020-01-20,5,1.0,0.0,0.0,0.846
LLF,2020-01-20,5,1.0,0.0,0.0,0.846
MPC,2020-01-20,5,1.0,0.0,0.0,0.846
PPOLag,2020-01-20,5,1.0,0.00498995383355334,0.5898290583396383,0.846
EDF,2020-01-20,5,2.0,0.0,0.0,0.846
LLF,2020-01-20,5,2.0,0.0,0.0,0.846
MPC,2020-01-20,5,2.0,0.0,0.0,0.846
PPOLag,2020-01-20,5,2.0,0.006454025680578024,0.7628871962858185,0.846
EDF,2020-01-21,6,0.5,0.0,0.0,15.858
LLF,2020-01-21,6,0.5,0.0,0.0,15.858
MPC,2020-01-21,6,0.5,0.0,0.0,15.858
PPOLag,2020-01-21,6,0.5,0.004827596594542882,0.03044265729942542,15.858
EDF,2020-01-21,6,1.0,1.7763568394002505e-15,1.1201644844244232e-14,15.858
LLF,2020-01-21,6,1.0,0.0,0.0,15.858
MPC,2020-01-21,6,1.0,-1.7763568394002505e-15,-1.1201644844244232e-14,15.858
PPOLag,2020-01-21,6,1.0,0.003115890546165545,0.01964869810925429,15.858
EDF,2020-01-21,6,2.0,1.7763568394002505e-15,1.1201644844244232e-14,15.858
LLF,2020-01-21,6,2.0,1.7763568394002505e-15,1.1201644844244232e-14,15.858
MPC,2020-01-21,6,2.0,0.0,0.0,15.858
PPOLag,2020-01-21,6,2.0,0.006988701226200789,0.044070508426036006,15.858
EDF,2020-01-21,23,0.5,0.0,0.0,15.123
LLF,2020-01-21,23,0.5,0.0,0.0,15.123
MPC,2020-01-21,23,0.5,1.7763568394002505e-15,1.1746061227271379e-14,15.123
PPOLag,2020-01-21,23,0.5,0.004707291800434632,0.031126706344208378,15.123
EDF,2020-01-21,23,1.0,0.0,0.0,15.123
LLF,2020-01-21,23,1.0,0.0,0.0,15.123
MPC,2020-01-21,23,1.0,1.7763568394002505e-15,1.1746061227271379e-14,15.123
PPOLag,2020-01-21,23,1.0,0.003930061342693492,0.025987312984814465,15.123
EDF,2020-01-21,23,2.0,-1.7763568394002505e-15,-1.1746061227271379e-14,15.123
LLF,2020-01-21,23,2.0,-1.7763568394002505e-15,-1.1746061227271379e-14,15.123
MPC,2020-01-21,23,2.0,3.552713678800501e-15,2.3492122454542757e-14,15.123
PPOLag,2020-01-21,23,2.0,0.0027617539081060015,0.01826194477356346,15.123
EDF,2020-01-21,30,0.5,-3.552713678800501e-15,-1.982762405849147e-14,17.918
LLF,2020-01-21,30,0.5,-3.552713678800501e-15,-1.982762405849147e-14,17.918
MPC,2020-01-21,30,0.5,0.058999999999954866,0.32927782118514826,17.918
PPOLag,2020-01-21,30,0.5,0.4081126634934499,2.277668620903281,17.918
EDF,2020-01-21,30,1.0,-7.105427357601002e-15,-3.965524811698294e-14,17.918
LLF,2020-01-21,30,1.0,-3.552713678800501e-15,-1.982762405849147e-14,17.918
MPC,2020-01-21,30,1.0,0.7199999999999562,4.018305614465656,17.918
PPOLag,2020-01-21,30,1.0,0.4062629537779273,2.26734542793798,17.918
EDF,2020-01-21,30,2.0,-7.105427357601002e-15,-3.965524811698294e-14,17.918
LLF,2020-01-21,30,2.0,0.0,0.0,17.918
MPC,2020-01-21,30,2.0,0.7199999999999562,4.018305614465656,17.918
PPOLag,2020-01-21,30,2.0,0.4106137969651506,2.2916273968364247,17.918
EDF,2020-01-21,22,0.5,0.0,0.0,50.717
LLF,2020-01-21,22,0.5,0.0,0.0,50.717
MPC,2020-01-21,22,0.5,0.0,0.0,50.717
PPOLag,2020-01-21,22,0.5,0.5662382223927921,1.116466317788497,50.717
EDF,2020-01-21,22,1.0,3.5539999999999985,7.007512273990967,50.717
LLF,2020-01-21,22,1.0,0.0,0.0,50.717
MPC,2020-01-21,22,1.0,0.0,0.0,50.717
PPOLag,2020-01-21,22,1.0,0.8021934448667011,1.5817052366399849,50.717
EDF,2020-01-21,22,2.0,20.247000000000014,39.92152532681352,50.717
LLF,2020-01-21,22,2.0,0.0,0.0,50.717
MPC,2020-01-21,22,2.0,0.0,0.0,50.717
PPOLag,2020-01-21,22,2.0,0.9878219579361002,1.9477137013942074,50.717
EDF,2020-01-21,9,0.5,0.0,0.0,11.175
LLF,2020-01-21,9,0.5,0.0,0.0,11.175
MPC,2020-01-21,9,0.5,0.0,0.0,11.175
PPOLag,2020-01-21,9,0.5,0.06109357556753388,0.5466986627967236,11.175
EDF,2020-01-21,9,1.0,0.0,0.0,11.175
LLF,2020-01-21,9,1.0,0.0,0.0,11.175
MPC,2020-01-21,9,1.0,-1.7763568394002505e-15,-1.589581064340269e-14,11.175
PPOLag,2020-01-21,9,1.0,0.0627285387706575,0.5613292060014092,11.175
EDF,2020-01-21,9,2.0,0.0,0.0,11.175
LLF,2020-01-21,9,2.0,0.0,0.0,11.175
MPC,2020-01-21,9,2.0,0.0,0.0,11.175
PPOLag,2020-01-21,9,2.0,0.06642755837854324,0.5944300526044136,11.175
EDF,2020-01-22,14,0.5,0.0,0.0,6.063
LLF,2020-01-22,14,0.5,0.0,0.0,6.063
MPC,2020-01-22,14,0.5,0.0,0.0,6.063
PPOLag,2020-01-22,14,0.5,0.011513605590981158,0.18989948195581657,6.063
EDF,2020-01-22,14,1.0,-1.7763568394002505e-15,-2.929831501567294e-14,6.063
LLF,2020-01-22,14,1.0,0.0,0.0,6.063
MPC,2020-01-22,14,1.0,-8.881784197001252e-16,-1.464915750783647e-14,6.063
PPOLag,2020-01-22,14,1.0,0.01130700087455736,0.18649185014938746,6.063
EDF,2020-01-22,14,2.0,-8.881784197001252e-16,-1.464915750783647e-14,6.063
LLF,2020-01-22,14,2.0,0.0,0.0,6.063
MPC,2020-01-22,14,2.0,-8.881784197001252e-16,-1.464915750783647e-14,6.063
PPOLag,2020-01-22,14,2.0,0.013637647800631213,0.22493234043594285,6.063
EDF,2020-01-22,8,0.5,0.0,0.0,3.775
LLF,2020-01-22,8,0.5,-4.440892098500626e-16,-1.1763952578809606e-14,3.775
MPC,2020-01-22,8,0.5,0.0,0.0,3.775
PPOLag,2020-01-22,8,0.5,0.003690965359703835,0.09777391681334663,3.775
EDF,2020-01-22,8,1.0,0.0,0.0,3.775
LLF,2020-01-22,8,1.0,-4.440892098500626e-16,-1.1763952578809606e-14,3.775
MPC,2020-01-22,8,1.0,0.0,0.0,3.775
PPOLag,2020-01-22,8,1.0,0.00658558037499084,0.17445246026465805,3.775
EDF,2020-01-22,8,2.0,0.0,0.0,3.775
LLF,2020-01-22,8,2.0,4.440892098500626e-16,1.1763952578809606e-14,3.775
MPC,2020-01-22,8,2.0,-8.881784197001252e-16,-2.3527905157619212e-14,3.775
PPOLag,2020-01-22,8,2.0,0.0074399955300988195,0.1970859743072535,3.775
EDF,2020-01-22,22,0.5,0.0,0.0,11.319
LLF,2020-01-22,22,0.5,-1.7763568394002505e-15,-1.569358458697986e-14,11.319
MPC,2020-01-22,22,0.5,1.7763568394002505e-15,1.569358458697986e-14,11.319
PPOLag,2020-01-22,22,0.5,-0.0005210360653066459,-0.004603198739346637,11.319
EDF,2020-01-22,22,1.0,0.0,0.0,11.319
LLF,2020-01-22,22,1.0,-1.7763568394002505e-15,-1.569358458697986e-14,11.319
MPC,2020-01-22,22,1.0,1.7763568394002505e-15,1.569358458697986e-14,11.319
PPOLag,2020-01-22,22,1.0,0.007935256063935015,0.07010562827047453,11.319
EDF,2020-01-22,22,2.0,0.0,0.0,11.319
LLF,2020-01-22,22,2.0,-1.7763568394002505e-15,-1.569358458697986e-14,11.319
MPC,2020-01-22,22,2.0,1.7763568394002505e-15,1.569358458697986e-14,11.319
PPOLag,2020-01-22,22,2.0,0.0071028705626680734,0.06275174982479081,11.319
EDF,2020-01-22,0,0.5,0.0,0.0,0.838
LLF,2020-01-22,0,0.5,0.0,0.0,0.838
MPC,2020-01-22,0,0.5,0.0,0.0,0.838
PPOLag,2020-01-22,0,0.5,-0.00019488609566640225,-0.02325609733489287,0.838
EDF,2020-01-22,0,1.0,0.0,0.0,0.838
LLF,2020-01-22,0,1.0,0.0,0.0,0.838
MPC,2020-01-22,0,1.0,0.0,0.0,0.838
PPOLag,2020-01-22,0,1.0,8.348438307004269e-05,0.009962336881866669,0.838
EDF,2020-01-22,0,2.0,0.0,0.0,0.838
LLF,2020-01-22,0,2.0,0.0,0.0,0.838
MPC,2020-01-22,0,2.0,0.0,0.0,0.838
PPOLag,2020-01-22,0,2.0,0.00022700215372206678,0.027088562496666684,0.838
EDF,2020-01-22,27,0.5,3.552713678800501e-15,1.6703717517516108e-14,21.269
LLF,2020-01-22,27,0.5,0.0,0.0,21.269
MPC,2020-01-22,27,0.5,0.0,0.0,21.269
PPOLag,2020-01-22,27,0.5,0.010191176599732898,0.0479156359007612,21.269
EDF,2020-01-22,27,1.0,0.0,0.0,21.269
LLF,2020-01-22,27,1.0,0.0,0.0,21.269
MPC,2020-01-22,27,1.0,0.0,0.0,21.269
PPOLag,2020-01-22,27,1.0,0.008428904586985909,0.03962999946864408,21.269
EDF,2020-01-22,27,2.0,0.0,0.0,21.269
LLF,2020-01-22,27,2.0,0.0,0.0,21.269
MPC,2020-01-22,27,2.0,0.0,0.0,21.269
PPOLag,2020-01-22,27,2.0,0.01430218414632094,0.06724427169270272,21.269
EDF,2020-01-23,12,0.5,0.0,0.0,5.303
LLF,2020-01-23,12,0.5,-1.7763568394002505e-15,-3.3497206098439574e-14,5.303
MPC,2020-01-23,12,0.5,0.0,0.0,5.303
PPOLag,2020-01-23,12,0.5,0.00276732894075149,0.05218421536397303,5.303
EDF,2020-01-23,12,1.0,8.881784197001252e-16,1.6748603049219787e-14,5.303
LLF,2020-01-23,12,1.0,-1.7763568394002505e-15,-3.3497206098439574e-14,5.303
MPC,2020-01-23,12,1.0,0.0,0.0,5.303
PPOLag,2020-01-23,12,1.0,0.007388728929862154,0.13933111314090424,5.303
EDF,2020-01-23,12,2.0,8.881784197001252e-16,1.6748603049219787e-14,5.303
LLF,2020-01-23,12,2.0,-8.881784197001252e-16,-1.6748603049219787e-14,5.303
MPC,2020-01-23,12,2.0,8.881784197001252e-16,1.6748603049219787e-14,5.303
PPOLag,2020-01-23,12,2.0,0.009325300141769332,0.1758495218134892,5.303
EDF,2020-01-23,27,0.5,0.0,0.0,4.778
LLF,2020-01-23,27,0.5,0.0,0.0,4.778
MPC,2020-01-23,27,0.5,0.0,0.0,4.778
PPOLag,2020-01-23,27,0.5,0.0028181154732035197,0.058981068924309744,4.778
EDF,2020-01-23,27,1.0,0.0,0.0,4.778
LLF,2020-01-23,27,1.0,0.0,0.0,4.778
MPC,2020-01-23,27,1.0,0.0,0.0,4.778
PPOLag,2020-01-23,27,1.0,0.0021676230097714467,0.045366743611792514,4.778
EDF,2020-01-23,27,2.0,0.0,0.0,4.778
LLF,2020-01-23,27,2.0,0.0,0.0,4.778
MPC,2020-01-23,27,2.0,0.0,0.0,4.778
PPOLag,2020-01-23,27,2.0,0.0059254781156470315,0.12401586679880769,4.778
EDF,2020-01-23,1,0.5,8.881784197001252e-16,1.4882346174599953e-14,5.968
LLF,2020-01-23,1,0.5,8.881784197001252e-16,1.4882346174599953e-14,5.968
MPC,2020-01-23,1,0.5,-8.881784197001252e-16,-1.4882346174599953e-14,5.968
PPOLag,2020-01-23,1,0.5,0.007245068381666364,0.12139859888851146,5.968
EDF,2020-01-23,1,1.0,8.881784197001252e-16,1.4882346174599953e-14,5.968
LLF,2020-01-23,1,1.0,8.881784197001252e-16,1.4882346174599953e-14,5.968
MPC,2020-01-23,1,1.0,-8.881784197001252e-16,-1.4882346174599953e-14,5.968
PPOLag,2020-01-23,1,1.0,0.006317913949911791,0.10586316940200721,5.968
EDF,2020-01-23,1,2.0,8.881784197001252e-16,1.4882346174599953e-14,5.968
LLF,2020-01-23,1,2.0,8.881784197001252e-16,1.4882346174599953e-14,5.968
MPC,2020-01-23,1,2.0,-8.881784197001252e-16,-1.4882346174599953e-14,5.968
PPOLag,2020-01-23,1,2.0,0.008623173830897635,0.14449017813166282,5.968
EDF,2020-01-23,7,0.5,0.0,0.0,0.949
LLF,2020-01-23,7,0.5,-1.1102230246251565e-16,-1.1698872756850965e-14,0.949
MPC,2020-01-23,7,0.5,0.0,0.0,0.949
PPOLag,2020-01-23,7,0.5,0.0029568309403251725,0.31157333407009197,0.949
EDF,2020-01-23,7,1.0,0.0,0.0,0.949
LLF,2020-01-23,7,1.0,-1.1102230246251565e-16,-1.1698872756850965e-14,0.949
MPC,2020-01-23,7,1.0,0.0,0.0,0.949
PPOLag,2020-01-23,7,1.0,0.004626856884216624,0.48755077810501835,0.949
EDF,2020-01-23,7,2.0,0.0,0.0,0.949
LLF,2020-01-23,7,2.0,-1.1102230246251565e-16,-1.1698872756850965e-14,0.949
MPC,2020-01-23,7,2.0,0.0,0.0,0.949
PPOLag,2020-01-23,7,2.0,0.006937760909647417,0.7310601590777045,0.949
EDF,2020-01-23,4,0.5,-1.1102230246251565e-16,-1.2790587841303646e-14,0.868
LLF,2020-01-23,4,0.5,0.0,0.0,0.868
MPC,2020-01-23,4,0.5,0.0,0.0,0.868
PPOLag,2020-01-23,4,0.5,0.003624099981576756,0.41752303935216084,0.868
EDF,2020-01-23,4,1.0,-1.1102230246251565e-16,-1.2790587841303646e-14,0.868
LLF,2020-01-23,4,1.0,0.0,0.0,0.868
MPC,2020-01-23,4,1.0,0.0,0.0,0.868
PPOLag,2020-01-23,4,1.0,0.0055915547132523,0.6441883310198502,0.868
EDF,2020-01-23,4,2.0,-1.1102230246251565e-16,-1.2790587841303646e-14,0.868
LLF,2020-01-23,4,2.0,0.0,0.0,0.868
MPC,2020-01-23,4,2.0,0.0,0.0,0.868
PPOLag,2020-01-23,4,2.0,0.007481934551543334,0.8619740266754994,0.868
EDF,2020-01-24,26,0.5,0.0,0.0,6.572
LLF,2020-01-24,26,0.5,-8.881784197001252e-16,-1.3514583379490646e-14,6.572
MPC,2020-01-24,26,0.5,-8.881784197001252e-16,-1.3514583379490646e-14,6.572
PPOLag,2020-01-24,26,0.5,0.009101240022302014,0.13848508859254435,6.572
EDF,2020-01-24,26,1.0,-1.7763568394002505e-15,-2.702916675898129e-14,6.572
LLF,2020-01-24,26,1.0,0.0,0.0,6.572
MPC,2020-01-24,26,1.0,8.881784197001252e-16,1.3514583379490646e-14,6.572
PPOLag,2020-01-24,26,1.0,0.013172880109001995,0.20043944170727318,6.572
EDF,2020-01-24,26,2.0,-8.881784197001252e-16,-1.3514583379490646e-14,6.572
LLF,2020-01-24,26,2.0,-1.7763568394002505e-15,-2.702916675898129e-14,6.572
MPC,2020-01-24,26,2.0,0.0,0.0,6.572
PPOLag,2020-01-24,26,2.0,0.015694316742046865,0.23880579339693955,6.572
EDF,2020-01-24,28,0.5,0.0,0.0,0.802
LLF,2020-01-24,28,0.5,-1.1102230246251565e-16,-1.3843179858169033e-14,0.802
MPC,2020-01-24,28,0.5,0.0,0.0,0.802
PPOLag,2020-01-24,28,0.5,0.003021345367907391,0.3767263551006722,0.802
EDF,2020-01-24,28,1.0,0.0,0.0,0.802
LLF,2020-01-24,28,1.0,-1.1102230246251565e-16,-1.3843179858169033e-14,0.802
MPC,2020-01-24,28,1.0,0.0,0.0,0.802
PPOLag,2020-01-24,28,1.0,0.0037402180747501566,0.4663613559538849,0.802
EDF,2020-01-24,28,2.0,0.0,0.0,0.802
LLF,2020-01-24,28,2.0,-1.1102230246251565e-16,-1.3843179858169033e-14,0.802
MPC,2020-01-24,28,2.0,0.0,0.0,0.802
PPOLag,2020-01-24,28,2.0,0.004394012969329908,0.5478819163753001,0.802
EDF,2020-01-24,2,0.5,0.0,0.0,7.026
LLF,2020-01-24,2,0.5,0.0,0.0,7.026
MPC,2020-01-24,2,0.5,-8.881784197001252e-16,-1.264130970253523e-14,7.026
PPOLag,2020-01-24,2,0.5,0.0015419947020971492,0.021946978395917298,7.026
EDF,2020-01-24,2,1.0,0.0,0.0,7.026
LLF,2020-01-24,2,1.0,0.0,0.0,7.026
MPC,2020-01-24,2,1.0,-8.881784197001252e-16,-1.264130970253523e-14,7.026
PPOLag,2020-01-24,2,1.0,0.002048266187257575,0.02915266420804974,7.026
EDF,2020-01-24,2,2.0,0.0,0.0,7.026
LLF,2020-01-24,2,2.0,0.0,0.0,7.026
MPC,2020-01-24,2,2.0,-1.7763568394002505e-15,-2.528261940507046e-14,7.026
PPOLag,2020-01-24,2,2.0,0.002310109962098572,0.032879447225997324,7.026
EDF,2020-01-24,4,0.5,0.0,0.0,0.848
LLF,2020-01-24,4,0.5,0.0,0.0,0.848
MPC,2020-01-24,4,0.5,0.0,0.0,0.848
PPOLag,2020-01-24,4,0.5,0.0007611182393036042,0.08975450935184014,0.848
EDF,2020-01-24,4,1.0,0.0,0.0,0.848
LLF,2020-01-24,4,1.0,0.0,0.0,0.848
MPC,2020-01-24,4,1.0,0.0,0.0,0.848
PPOLag,2020-01-24,4,1.0,0.0012987744110370737,0.15315735979210773,0.848
EDF,2020-01-24,4,2.0,0.0,0.0,0.848
LLF,2020-01-24,4,2.0,0.0,0.0,0.848
MPC,2020-01-24,4,2.0,0.0,0.0,0.848
PPOLag,2020-01-24,4,2.0,0.0019704690997264683,0.23236663911868732,0.848
EDF,2020-01-24,8,0.5,8.881784197001252e-16,1.8103922130047397e-14,4.906
LLF,2020-01-24,8,0.5,8.881784197001252e-16,1.8103922130047397e-14,4.906
MPC,2020-01-24,8,0.5,0.0,0.0,4.906
PPOLag,2020-01-24,8,0.5,0.006053848719219523,0.12339683488013704,4.906
EDF,2020-01-24,8,1.0,8.881784197001252e-16,1.8103922130047397e-14,4.906
LLF,2020-01-24,8,1.0,8.881784197001252e-16,1.8103922130047397e-14,4.906
MPC,2020-01-24,8,1.0,0.0,0.0,4.906
PPOLag,2020-01-24,8,1.0,0.00960640947288507,0.19580940629606744,4.906
EDF,2020-01-24,8,2.0,0.0,0.0,4.906
LLF,2020-01-24,8,2.0,8.881784197001252e-16,1.8103922130047397e-14,4.906
MPC,2020-01-24,8,2.0,0.0,0.0,4.906
PPOLag,2020-01-24,8,2.0,0.010066795516329385,0.20519354904870335,4.906
EDF,2020-01-27,4,0.5,8.881784197001252e-16,1.1497455271199033e-14,7.725
LLF,2020-01-27,4,0.5,0.0,0.0,7.725
MPC,2020-01-27,4,0.5,-8.881784197001252e-16,-1.1497455271199033e-14,7.725
PPOLag,2020-01-27,4,0.5,-0.000822591090273761,-0.010648428353058398,7.725
EDF,2020-01-27,4,1.0,8.881784197001252e-16,1.1497455271199033e-14,7.725
LLF,2020-01-27,4,1.0,0.0,0.0,7.725
MPC,2020-01-27,4,1.0,-8.881784197001252e-16,-1.1497455271199033e-14,7.725
PPOLag,2020-01-27,4,1.0,0.00242000585934008,0.03132693669048647,7.725
EDF,2020-01-27,4,2.0,2.6645352591003757e-15,3.44923658135971e-14,7.725
LLF,2020-01-27,4,2.0,0.0,0.0,7.725
MPC,2020-01-27,4,2.0,0.0,0.0,7.725
PPOLag,2020-01-27,4,2.0,0.004410659991278543,0.05709592221719797,7.725
EDF,2020-01-27,7,0.5,0.0,0.0,1.314
LLF,2020-01-27,7,0.5,0.0,0.0,1.314
MPC,2020-01-27,7,0.5,0.0,0.0,1.314
PPOLag,2020-01-27,7,0.5,0.010332627676712659,0.7863491382581931,1.314
EDF,2020-01-27,7,1.0,0.0,0.0,1.314
LLF,2020-01-27,7,1.0,0.0,0.0,1.314
MPC,2020-01-27,7,1.0,0.0,0.0,1.314
PPOLag,2020-01-27,7,1.0,0.012480570246430168,0.9498150872473492,1.314
EDF,2020-01-27,7,2.0,0.0,0.0,1.314
LLF,2020-01-27,7,2.0,0.0,0.0,1.314
MPC,2020-01-27,7,2.0,0.0,0.0,1.314
PPOLag,2020-01-27,7,2.0,0.01243601195454418,0.9464240452468932,1.314
EDF,2020-01-27,22,0.5,0.0,0.0,2.108
LLF,2020-01-27,22,0.5,0.0,0.0,2.108
MPC,2020-01-27,22,0.5,0.0,0.0,2.108
PPOLag,2020-01-27,22,0.5,0.006115364648809329,0.2901026873249207,2.108
EDF,2020-01-27,22,1.0,0.0,0.0,2.108
LLF,2020-01-27,22,1.0,0.0,0.0,2.108
MPC,2020-01-27,22,1.0,0.0,0.0,2.108
PPOLag,2020-01-27,22,1.0,0.00442166163238511,0.209756244420546,2.108
EDF,2020-01-27,22,2.0,0.0,0.0,2.108
LLF,2020-01-27,22,2.0,0.0,0.0,2.108
MPC,2020-01-27,22,2.0,0.0,0.0,2.108
PPOLag,2020-01-27,22,2.0,0.005402262223646037,0.256274299034442,2.108
EDF,2020-01-27,19,0.5,0.0,0.0,1.6860005555555557
LLF,2020-01-27,19,0.5,0.0,0.0,1.6860005555555557
MPC,2020-01-27,19,0.5,0.0,0.0,1.6860005555555557
PPOLag,2020-01-27,19,0.5,0.0023857139133628634,0.14150137172266497,1.6860005555555557
EDF,2020-01-27,19,1.0,0.0,0.0,1.6860005555555557
LLF,2020-01-27,19,1.0,0.0,0.0,1.6860005555555557
MPC,2020-01-27,19,1.0,0.0,0.0,1.6860005555555557
PPOLag,2020-01-27,19,1.0,0.002846618699568415,0.16883853864629497,1.6860005555555557
EDF,2020-01-27,19,2.0,0.0,0.0,1.6860005555555557
LLF,2020-01-27,19,2.0,0.0,0.0,1.6860005555555557
MPC,2020-01-27,19,2.0,0.0,0.0,1.6860005555555557
PPOLag,2020-01-27,19,2.0,0.0031093209248052476,0.18441992290925982,1.6860005555555557
EDF,2020-01-27,6,0.5,0.0,0.0,12.735
LLF,2020-01-27,6,0.5,1.7763568394002505e-15,1.3948620647037695e-14,12.735
MPC,2020-01-27,6,0.5,0.0,0.0,12.735
PPOLag,2020-01-27,6,0.5,0.02024660425677034,0.1589839360563042,12.735
EDF,2020-01-27,6,1.0,0.0,0.0,12.735
LLF,2020-01-27,6,1.0,1.7763568394002505e-15,1.3948620647037695e-14,12.735
MPC,2020-01-27,6,1.0,-1.7763568394002505e-15,-1.3948620647037695e-14,12.735
PPOLag,2020-01-27,6,1.0,0.02914137888365076,0.22882904502277784,12.735
EDF,2020-01-27,6,2.0,0.0,0.0,12.735
LLF,2020-01-27,6,2.0,1.7763568394002505e-15,1.3948620647037695e-14,12.735
MPC,2020-01-27,6,2.0,1.7763568394002505e-15,1.3948620647037695e-14,12.735
PPOLag,2020-01-27,6,2.0,0.030097426341442458,0.23633628850759686,12.735
EDF,2020-01-28,17,0.5,0.0,0.0,3.768
LLF,2020-01-28,17,0.5,0.0,0.0,3.768
MPC,2020-01-28,17,0.5,0.0,0.0,3.768
PPOLag,2020-01-28,17,0.5,0.0006900832957096092,0.018314312518832514,3.768
EDF,2020-01-28,17,1.0,0.0,0.0,3.768
LLF,2020-01-28,17,1.0,0.0,0.0,3.768
MPC,2020-01-28,17,1.0,0.0,0.0,3.768
PPOLag,2020-01-28,17,1.0,0.00177493473935586,0.047105486713265934,3.768
EDF,2020-01-28,17,2.0,0.0,0.0,3.768
LLF,2020-01-28,17,2.0,0.0,0.0,3.768
MPC,2020-01-28,17,2.0,0.0,0.0,3.768
PPOLag,2020-01-28,17,2.0,0.0028771523837658464,0.07635754733985792,3.768
EDF,2020-01-28,22,0.5,0.0,0.0,11.224
LLF,2020-01-28,22,0.5,0.0,0.0,11.224
MPC,2020-01-28,22,0.5,0.0,0.0,11.224
PPOLag,2020-01-28,22,0.5,0.0026808392361978408,0.023884882717372068,11.224
EDF,2020-01-28,22,1.0,0.0,0.0,11.224
LLF,2020-01-28,22,1.0,0.0,0.0,11.224
MPC,2020-01-28,22,1.0,0.0,0.0,11.224
PPOLag,2020-01-28,22,1.0,0.00676945539960272,0.06031232537065858,11.224
EDF,2020-01-28,22,2.0,1.7763568394002505e-15,1.5826415176409928e-14,11.224
LLF,2020-01-28,22,2.0,0.0,0.0,11.224
MPC,2020-01-28,22,2.0,1.7763568394002505e-15,1.5826415176409928e-14,11.224
PPOLag,2020-01-28,22,2.0,0.005802376270108667,0.051696153511303154,11.224
EDF,2020-01-28,16,0.5,0.0,0.0,6.636
LLF,2020-01-28,16,0.5,8.881784197001252e-16,1.3384243817060356e-14,6.636
MPC,2020-01-28,16,0.5,0.0,0.0,6.636
PPOLag,2020-01-28,16,0.5,0.007772006477436477,0.11711884384322602,6.636
EDF,2020-01-28,16,1.0,0.0,0.0,6.636
LLF,2020-01-28,16,1.0,0.0,0.0,6.636
MPC,2020-01-28,16,1.0,-8.881784197001252e-16,-1.3384243817060356e-14,6.636
PPOLag,2020-01-28,16,1.0,0.006066608742239588,0.0914196615768473,6.636
EDF,2020-01-28,16,2.0,8.881784197001252e-16,1.3384243817060356e-14,6.636
LLF,2020-01-28,16,2.0,0.0,0.0,6.636
MPC,2020-01-28,16,2.0,-8.881784197001252e-16,-1.3384243817060356e-14,6.636
PPOLag,2020-01-28,16,2.0,0.007697951266781899,0.11600288226012508,6.636
EDF,2020-01-28,21,0.5,-1.7763568394002505e-15,-1.4887335227960528e-14,11.932
LLF,2020-01-28,21,0.5,0.0,0.0,11.932
MPC,2020-01-28,21,0.5,0.0,0.0,11.932
PPOLag,2020-01-28,21,0.5,-0.0005484131751625654,-0.0045961546694817754,11.932
EDF,2020-01-28,21,1.0,-1.7763568394002505e-15,-1.4887335227960528e-14,11.932
LLF,2020-01-28,21,1.0,0.0,0.0,11.932
MPC,2020-01-28,21,1.0,1.7763568394002505e-15,1.4887335227960528e-14,11.932
PPOLag,2020-01-28,21,1.0,0.0017028793531022046,0.014271533297872984,11.932
EDF,2020-01-28,21,2.0,-1.7763568394002505e-15,-1.4887335227960528e-14,11.932
LLF,2020-01-28,21,2.0,0.0,0.0,11.932
MPC,2020-01-28,21,2.0,0.0,0.0,11.932
PPOLag,2020-01-28,21,2.0,0.00357699010842083,0.029978126956259055,11.932
EDF,2020-01-28,4,0.5,-1.7763568394002505e-15,-1.3808744087377568e-14,12.864
LLF,2020-01-28,4,0.5,-3.552713678800501e-15,-2.7617488174755136e-14,12.864
MPC,2020-01-28,4,0.5,-1.7763568394002505e-15,-1.3808744087377568e-14,12.864
PPOLag,2020-01-28,4,0.5,0.007213198064401283,0.05607274614739803,12.864
EDF,2020-01-28,4,1.0,0.0,0.0,12.864
LLF,2020-01-28,4,1.0,-3.552713678800501e-15,-2.7617488174755136e-14,12.864
MPC,2020-01-28,4,1.0,-3.552713678800501e-15,-2.7617488174755136e-14,12.864
PPOLag,2020-01-28,4,1.0,0.009000684451825336,0.0699680072436671,12.864
EDF,2020-01-28,4,2.0,0.0,0.0,12.864
LLF,2020-01-28,4,2.0,-1.7763568394002505e-15,-1.3808744087377568e-14,12.864
MPC,2020-01-28,4,2.0,0.0,0.0,12.864
PPOLag,2020-01-28,4,2.0,0.009105887809710467,0.07078581941628162,12.864
EDF,2020-01-29,14,0.5,0.0,0.0,11.838
LLF,2020-01-29,14,0.5,1.7763568394002505e-15,1.500554856732768e-14,11.838
MPC,2020-01-29,14,0.5,0.0,0.0,11.838
PPOLag,2020-01-29,14,0.5,0.0028551084045478348,0.024118165269030538,11.838
EDF,2020-01-29,14,1.0,0.0,0.0,11.838
LLF,2020-01-29,14,1.0,1.7763568394002505e-15,1.500554856732768e-14,11.838
MPC,2020-01-29,14,1.0,0.0,0.0,11.838
PPOLag,2020-01-29,14,1.0,0.0044019799494289915,0.037185165986053315,11.838
EDF,2020-01-29,14,2.0,0.0,0.0,11.838
LLF,2020-01-29,14,2.0,1.7763568394002505e-15,1.500554856732768e-14,11.838
MPC,2020-01-29,14,2.0,-1.7763568394002505e-15,-1.500554856732768e-14,11.838
PPOLag,2020-01-29,14,2.0,0.007245968180930973,0.06120939500701953,11.838
EDF,2020-01-29,16,0.5,0.0,0.0,3.765
LLF,2020-01-29,16,0.5,4.440892098500626e-16,1.179519813678785e-14,3.765
MPC,2020-01-29,16,0.5,0.0,0.0,3.765
PPOLag,2020-01-29,16,0.5,0.0022543633719566357,0.059876849188755264,3.765
EDF,2020-01-29,16,1.0,0.0,0.0,3.765
LLF,2020-01-29,16,1.0,0.0,0.0,3.765
MPC,2020-01-29,16,1.0,0.0,0.0,3.765
PPOLag,2020-01-29,16,1.0,0.0031022222479136553,0.08239634124604661,3.765
EDF,2020-01-29,16,2.0,4.440892098500626e-16,1.179519813678785e-14,3.765
LLF,2020-01-29,16,2.0,8.881784197001252e-16,2.35903962735757e-14,3.765
MPC,2020-01-29,16,2.0,-8.881784197001252e-16,-2.35903962735757e-14,3.765
PPOLag,2020-01-29,16,2.0,0.0045627518348201335,0.12118862775086674,3.765
EDF,2020-01-29,11,0.5,0.0,0.0,8.498
LLF,2020-01-29,11,0.5,0.0,0.0,8.498
MPC,2020-01-29,11,0.5,0.0,0.0,8.498
PPOLag,2020-01-29,11,0.5,0.0029141479035409644,0.03429216172677059,8.498
EDF,2020-01-29,11,1.0,0.0,0.0,8.498
LLF,2020-01-29,11,1.0,0.0,0.0,8.498
MPC,2020-01-29,11,1.0,0.0,0.0,8.498
PPOLag,2020-01-29,11,1.0,0.004684496107790892,0.055124689430347054,8.498
EDF,2020-01-29,11,2.0,0.0,0.0,8.498
LLF,2020-01-29,11,2.0,0.0,0.0,8.498
MPC,2020-01-29,11,2.0,-1.7763568394002505e-15,-2.0903234165688993e-14,8.498
PPOLag,2020-01-29,11,2.0,0.006138931799562997,0.07223972463594959,8.498
EDF,2020-01-29,21,0.5,0.0,0.0,12.527
LLF,2020-01-29,21,0.5,0.0,0.0,12.527
MPC,2020-01-29,21,0.5,0.0,0.0,12.527
PPOLag,2020-01-29,21,0.5,-0.002875158907400177,-0.022951695596712517,12.527
EDF,2020-01-29,21,1.0,0.0,0.0,12.527
LLF,2020-01-29,21,1.0,-1.7763568394002505e-15,-1.4180225428276927e-14,12.527
MPC,2020-01-29,21,1.0,0.0,0.0,12.527
PPOLag,2020-01-29,21,1.0,0.0008699796011661931,0.006944835963648066,12.527
EDF,2020-01-29,21,2.0,0.0,0.0,12.527
LLF,2020-01-29,21,2.0,-1.7763568394002505e-15,-1.4180225428276927e-14,12.527
MPC,2020-01-29,21,2.0,0.0,0.0,12.527
PPOLag,2020-01-29,21,2.0,0.0036117601060645654,0.02883180415154918,12.527
EDF,2020-01-29,9,0.5,0.0,0.0,9.93
LLF,2020-01-29,9,0.5,0.0,0.0,9.93
MPC,2020-01-29,9,0.5,0.0,0.0,9.93
PPOLag,2020-01-29,9,0.5,0.003125804853332426,0.03147839731452594,9.93
EDF,2020-01-29,9,1.0,-1.7763568394002505e-15,-1.7888789923466772e-14,9.93
LLF,2020-01-29,9,1.0,0.0,0.0,9.93
MPC,2020-01-29,9,1.0,0.0,0.0,9.93
PPOLag,2020-01-29,9,1.0,0.004952372019225848,0.049872830002274396,9.93
EDF,2020-01-29,9,2.0,-1.7763568394002505e-15,-1.7888789923466772e-14,9.93
LLF,2020-01-29,9,2.0,0.0,0.0,9.93
MPC,2020-01-29,9,2.0,0.0,0.0,9.93
PPOLag,2020-01-29,9,2.0,0.0069943733532340955,0.07043679106982977,9.93
EDF,2020-01-30,12,0.5,0.0,0.0,5.017
LLF,2020-01-30,12,0.5,0.0,0.0,5.017
MPC,2020-01-30,12,0.5,0.0,0.0,5.017
PPOLag,2020-01-30,12,0.5,0.001088666322578824,0.021699547988415863,5.017
EDF,2020-01-30,12,1.0,0.0,0.0,5.017
LLF,2020-01-30,12,1.0,-1.7763568394002505e-15,-3.540675382500001e-14,5.017
MPC,2020-01-30,12,1.0,8.881784197001252e-16,1.7703376912500003e-14,5.017
PPOLag,2020-01-30,12,1.0,0.001223589152126614,0.024388860915419853,5.017
EDF,2020-01-30,12,2.0,8.881784197001252e-16,1.7703376912500003e-14,5.017
LLF,2020-01-30,12,2.0,-8.881784197001252e-16,-1.7703376912500003e-14,5.017
MPC,2020-01-30,12,2.0,8.881784197001252e-16,1.7703376912500003e-14,5.017
PPOLag,2020-01-30,12,2.0,0.00444662259305133,0.08863110610028563,5.017
EDF,2020-01-30,6,0.5,-1.1102230246251565e-16,-1.2281228148508369e-14,0.904
LLF,2020-01-30,6,0.5,0.0,0.0,0.904
MPC,2020-01-30,6,0.5,0.0,0.0,0.904
PPOLag,2020-01-30,6,0.5,0.0047613761985652705,0.5267009069209369,0.904
EDF,2020-01-30,6,1.0,-1.1102230246251565e-16,-1.2281228148508369e-14,0.904
LLF,2020-01-30,6,1.0,0.0,0.0,0.904
MPC,2020-01-30,6,1.0,0.0,0.0,0.904
PPOLag,2020-01-30,6,1.0,0.0066991916232279625,0.7410610202685799,0.904
EDF,2020-01-30,6,2.0,-1.1102230246251565e-16,-1.2281228148508369e-14,0.904
LLF,2020-01-30,6,2.0,0.0,0.0,0.904
MPC,2020-01-30,6,2.0,0.0,0.0,0.904
PPOLag,2020-01-30,6,2.0,0.009166169237213074,1.0139567740279947,0.904
EDF,2020-01-30,20,0.5,0.0,0.0,12.061
LLF,2020-01-30,20,0.5,0.0,0.0,12.061
MPC,2020-01-30,20,0.5,0.0,0.0,12.061
PPOLag,2020-01-30,20,0.5,0.005323980746675972,0.044142117126904655,12.061
EDF,2020-01-30,20,1.0,-1.7763568394002505e-15,-1.4728105790566708e-14,12.061
LLF,2020-01-30,20,1.0,0.0,0.0,12.061
MPC,2020-01-30,20,1.0,1.7763568394002505e-15,1.4728105790566708e-14,12.061
PPOLag,2020-01-30,20,1.0,0.0052706490830978225,0.043699934359487796,12.061
EDF,2020-01-30,20,2.0,0.0,0.0,12.061
LLF,2020-01-30,20,2.0,0.0,0.0,12.061
MPC,2020-01-30,20,2.0,1.7763568394002505e-15,1.4728105790566708e-14,12.061
PPOLag,2020-01-30,20,2.0,0.007802858184984629,0.06469495220118257,12.061
EDF,2020-01-30,14,0.5,0.0,0.0,7.771
LLF,2020-01-30,14,0.5,0.0,0.0,7.771
MPC,2020-01-30,14,0.5,0.0,0.0,7.771
PPOLag,2020-01-30,14,0.5,0.006711048164772038,0.08636016168796858,7.771
EDF,2020-01-30,14,1.0,-1.7763568394002505e-15,-2.2858793455157e-14,7.771
LLF,2020-01-30,14,1.0,0.0,0.0,7.771
MPC,2020-01-30,14,1.0,8.881784197001252e-16,1.14293967275785e-14,7.771
PPOLag,2020-01-30,14,1.0,0.009872675979311652,0.1270451161924032,7.771
EDF,2020-01-30,14,2.0,-8.881784197001252e-16,-1.14293967275785e-14,7.771
LLF,2020-01-30,14,2.0,-8.881784197001252e-16,-1.14293967275785e-14,7.771
MPC,2020-01-30,14,2.0,0.0,0.0,7.771
PPOLag,2020-01-30,14,2.0,0.010465525658089092,0.13467411733482298,7.771
EDF,2020-01-30,19,0.5,0.0,0.0,2.057
LLF,2020-01-30,19,0.5,0.0,0.0,2.057
MPC,2020-01-30,19,0.5,0.0,0.0,2.057
PPOLag,2020-01-30,19,0.5,0.0016739673343932893,0.08137906341241076,2.057
EDF,2020-01-30,19,1.0,0.0,0.0,2.057
LLF,2020-01-30,19,1.0,0.0,0.0,2.057
MPC,2020-01-30,19,1.0,0.0,0.0,2.057
PPOLag,2020-01-30,19,1.0,0.0008900765382072074,0.043270614399961466,2.057
EDF,2020-01-30,19,2.0,-4.440892098500626e-16,-2.1589169171126038e-14,2.057
LLF,2020-01-30,19,2.0,0.0,0.0,2.057
MPC,2020-01-30,19,2.0,0.0,0.0,2.057
PPOLag,2020-01-30,19,2.0,0.0035118086962953932,0.17072477862398605,2.057
EDF,2020-01-31,11,0.5,0.0,0.0,5.537
LLF,2020-01-31,11,0.5,0.0,0.0,5.537
MPC,2020-01-31,11,0.5,0.0,0.0,5.537
PPOLag,2020-01-31,11,0.5,0.003769353832955247,0.06807574197137885,5.537
EDF,2020-01-31,11,1.0,0.0,0.0,5.537
LLF,2020-01-31,11,1.0,8.881784197001252e-16,1.604078778580685e-14,5.537
MPC,2020-01-31,11,1.0,0.0,0.0,5.537
PPOLag,2020-01-31,11,1.0,0.0060579798581965605,0.1094090637203641,5.537
EDF,2020-01-31,11,2.0,-8.881784197001252e-16,-1.604078778580685e-14,5.537
LLF,2020-01-31,11,2.0,8.881784197001252e-16,1.604078778580685e-14,5.537
MPC,2020-01-31,11,2.0,0.0,0.0,5.537
PPOLag,2020-01-31,11,2.0,0.011936564207334932,0.2155781868761953,5.537
EDF,2020-01-31,25,0.5,0.0,0.0,1.846
LLF,2020-01-31,25,0.5,2.220446049250313e-16,1.2028418468311555e-14,1.846
MPC,2020-01-31,25,0.5,0.0,0.0,1.846
PPOLag,2020-01-31,25,0.5,-0.0038768022349998875,-0.21001095530876962,1.846
EDF,2020-01-31,25,1.0,0.0,0.0,1.846
LLF,2020-01-31,25,1.0,2.220446049250313e-16,1.2028418468311555e-14,1.846
MPC,2020-01-31,25,1.0,0.0,0.0,1.846
PPOLag,2020-01-31,25,1.0,0.000231275826441113,0.012528484639280224,1.846
EDF,2020-01-31,25,2.0,0.0,0.0,1.846
LLF,2020-01-31,25,2.0,2.220446049250313e-16,1.2028418468311555e-14,1.846
MPC,2020-01-31,25,2.0,0.0,0.0,1.846
PPOLag,2020-01-31,25,2.0,0.0024297752940231287,0.13162379707600916,1.846
EDF,2020-01-31,18,0.5,-1.7763568394002505e-15,-1.503857805113656e-14,11.812
LLF,2020-01-31,18,0.5,0.0,0.0,11.812
MPC,2020-01-31,18,0.5,-1.7763568394002505e-15,-1.503857805113656e-14,11.812
PPOLag,2020-01-31,18,0.5,0.007905396027069144,0.06692682041203138,11.812
EDF,2020-01-31,18,1.0,1.7763568394002505e-15,1.503857805113656e-14,11.812
LLF,2020-01-31,18,1.0,-1.7763568394002505e-15,-1.503857805113656e-14,11.812
MPC,2020-01-31,18,1.0,0.0,0.0,11.812
PPOLag,2020-01-31,18,1.0,0.009246957908304054,0.07828443877670213,11.812
EDF,2020-01-31,18,2.0,-1.7763568394002505e-15,-1.503857805113656e-14,11.812
LLF,2020-01-31,18,2.0,0.0,0.0,11.812
MPC,2020-01-31,18,2.0,1.7763568394002505e-15,1.503857805113656e-14,11.812
PPOLag,2020-01-31,18,2.0,0.007213696722694607,0.06107091705633768,11.812
EDF,2020-01-31,1,0.5,0.0,0.0,2.589
LLF,2020-01-31,1,0.5,0.0,0.0,2.589
MPC,2020-01-31,1,0.5,0.0,0.0,2.589
PPOLag,2020-01-31,1,0.5,0.0053930709750923175,0.20830710602905828,2.589
EDF,2020-01-31,1,1.0,0.0,0.0,2.589
LLF,2020-01-31,1,1.0,0.0,0.0,2.589
MPC,2020-01-31,1,1.0,0.0,0.0,2.589
PPOLag,2020-01-31,1,1.0,0.009052631018172708,0.3496574360051258,2.589
EDF,2020-01-31,1,2.0,0.0,0.0,2.589
LLF,2020-01-31,1,2.0,0.0,0.0,2.589
MPC,2020-01-31,1,2.0,0.0,0.0,2.589
PPOLag,2020-01-31,1,2.0,0.008531344742409797,0.32952277877210495,2.589
EDF,2020-01-31,28,0.5,0.0,0.0,6.524
LLF,2020-01-31,28,0.5,0.0,0.0,6.524
MPC,2020-01-31,28,0.5,8.881784197001252e-16,1.361401624310431e-14,6.524
PPOLag,2020-01-31,28,0.5,0.0031787372601844053,0.04872374709050284,6.524
EDF,2020-01-31,28,1.0,8.881784197001252e-16,1.361401624310431e-14,6.524
LLF,2020-01-31,28,1.0,0.0,0.0,6.524
MPC,2020-01-31,28,1.0,0.0,0.0,6.524
PPOLag,2020-01-31,28,1.0,0.008272386191181803,0.1267992978415359,6.524
EDF,2020-01-31,28,2.0,0.0,0.0,6.524
LLF,2020-01-31,28,2.0,8.881784197001252e-16,1.361401624310431e-14,6.524
MPC,2020-01-31,28,2.0,8.881784197001252e-16,1.361401624310431e-14,6.524
PPOLag,2020-01-31,28,2.0,0.009884346344846051,0.1515074547033423,6.524
EDF,2020-02-03,7,0.5,0.0,0.0,4.436
LLF,2020-02-03,7,0.5,0.0,0.0,4.436
MPC,2020-02-03,7,0.5,0.7680000000000025,17.3128944995492,4.436
PPOLag,2020-02-03,7,0.5,0.0026868155018876295,0.060568428807205345,4.436
EDF,2020-02-03,7,1.0,0.0,0.0,4.436
LLF,2020-02-03,7,1.0,0.0,0.0,4.436
MPC,2020-02-03,7,1.0,0.7680000000000025,17.3128944995492,4.436
PPOLag,2020-02-03,7,1.0,0.002541838318931333,0.05730023261792907,4.436
EDF,2020-02-03,7,2.0,0.0,0.0,4.436
LLF,2020-02-03,7,2.0,0.0,0.0,4.436
MPC,2020-02-03,7,2.0,0.7680000000000025,17.3128944995492,4.436
PPOLag,2020-02-03,7,2.0,0.0027659237032473527,0.06235175165120273,4.436
EDF,2020-02-03,17,0.5,0.0,0.0,4.446
LLF,2020-02-03,17,0.5,0.0,0.0,4.446
MPC,2020-02-03,17,0.5,0.0,0.0,4.446
PPOLag,2020-02-03,17,0.5,0.015090002805306391,0.3394062709245702,4.446
EDF,2020-02-03,17,1.0,0.0,0.0,4.446
LLF,2020-02-03,17,1.0,0.0,0.0,4.446
MPC,2020-02-03,17,1.0,0.0,0.0,4.446
PPOLag,2020-02-03,17,1.0,0.020561627392873837,0.4624747501770994,4.446
EDF,2020-02-03,17,2.0,0.0,0.0,4.446
LLF,2020-02-03,17,2.0,-8.881784197001252e-16,-1.9977022485382934e-14,4.446
MPC,2020-02-03,17,2.0,0.0,0.0,4.446
PPOLag,2020-02-03,17,2.0,0.022298342354516797,0.5015371649688889,4.446
EDF,2020-02-03,9,0.5,0.0,0.0,6.219
LLF,2020-02-03,9,0.5,8.881784197001252e-16,1.4281691907061026e-14,6.219
MPC,2020-02-03,9,0.5,8.881784197001252e-16,1.4281691907061026e-14,6.219
PPOLag,2020-02-03,9,0.5,0.04709359615752806,0.7572535159596085,6.219
EDF,2020-02-03,9,1.0,8.881784197001252e-16,1.4281691907061026e-14,6.219
LLF,2020-02-03,9,1.0,8.881784197001252e-16,1.4281691907061026e-14,6.219
MPC,2020-02-03,9,1.0,0.0,0.0,6.219
PPOLag,2020-02-03,9,1.0,0.04675680389133809,0.7518379786354412,6.219
EDF,2020-02-03,9,2.0,-8.881784197001252e-16,-1.4281691907061026e-14,6.219
LLF,2020-02-03,9,2.0,-8.881784197001252e-16,-1.4281691907061026e-14,6.219
MPC,2020-02-03,9,2.0,0.0,0.0,6.219
PPOLag,2020-02-03,9,2.0,0.04945698120258015,0.7952561698437072,6.219
EDF,2020-02-03,25,0.5,6.4800000000000075,20.4126634115609,31.745
LLF,2020-02-03,25,0.5,0.0,0.0,31.745
MPC,2020-02-03,25,0.5,-3.552713678800501e-15,-1.1191411809105374e-14,31.745
PPOLag,2020-02-03,25,0.5,0.02418398085673701,0.07618201561422903,31.745
EDF,2020-02-03,25,1.0,6.708999999999989,21.134036856197792,31.745
LLF,2020-02-03,25,1.0,3.552713678800501e-15,1.1191411809105374e-14,31.745
MPC,2020-02-03,25,1.0,-3.552713678800501e-15,-1.1191411809105374e-14,31.745
PPOLag,2020-02-03,25,1.0,0.026565093896063274,0.08368276546247684,31.745
EDF,2020-02-03,25,2.0,6.708999999999985,21.134036856197778,31.745
LLF,2020-02-03,25,2.0,0.0,0.0,31.745
MPC,2020-02-03,25,2.0,0.0,0.0,31.745
PPOLag,2020-02-03,25,2.0,0.029078930705994564,0.0916016087761681,31.745
EDF,2020-02-03,11,0.5,0.0,0.0,13.745
LLF,2020-02-03,11,0.5,0.0,0.0,13.745
MPC,2020-02-03,11,0.5,1.7763568394002505e-15,1.292365834412696e-14,13.745
PPOLag,2020-02-03,11,0.5,0.006078726174224514,0.04422499944870508,13.745
EDF,2020-02-03,11,1.0,0.0,0.0,13.745
LLF,2020-02-03,11,1.0,0.0,0.0,13.745
MPC,2020-02-03,11,1.0,1.7763568394002505e-15,1.292365834412696e-14,13.745
PPOLag,2020-02-03,11,1.0,0.008474118045007018,0.061652368461309705,13.745
EDF,2020-02-03,11,2.0,0.0,0.0,13.745
LLF,2020-02-03,11,2.0,-1.7763568394002505e-15,-1.292365834412696e-14,13.745
MPC,2020-02-03,11,2.0,1.7763568394002505e-15,1.292365834412696e-14,13.745
PPOLag,2020-02-03,11,2.0,0.012119636024550573,0.08817487104074626,13.745
EDF,2020-02-04,17,0.5,0.0,0.0,13.234
LLF,2020-02-04,17,0.5,0.0,0.0,13.234
MPC,2020-02-04,17,0.5,0.0,0.0,13.234
PPOLag,2020-02-04,17,0.5,0.0046418890049039875,0.03507547986174994,13.234
EDF,2020-02-04,17,1.0,0.0,0.0,13.234
LLF,2020-02-04,17,1.0,-3.552713678800501e-15,-2.684535045187019e-14,13.234
MPC,2020-02-04,17,1.0,0.0,0.0,13.234
PPOLag,2020-02-04,17,1.0,0.005284482342818819,0.039931104298162455,13.234
EDF,2020-02-04,17,2.0,-3.552713678800501e-15,-2.684535045187019e-14,13.234
LLF,2020-02-04,17,2.0,-1.7763568394002505e-15,-1.3422675225935095e-14,13.234
MPC,2020-02-04,17,2.0,0.0,0.0,13.234
PPOLag,2020-02-04,17,2.0,0.007293434486922479,0.05511133812091944,13.234
EDF,2020-02-04,9,0.5,0.0,0.0,5.442
LLF,2020-02-04,9,0.5,8.881784197001252e-16,1.632080888827867e-14,5.442
MPC,2020-02-04,9,0.5,0.0,0.0,5.442
PPOLag,2020-02-04,9,0.5,0.01009481454932466,0.1854982460368368,5.442
EDF,2020-02-04,9,1.0,0.0,0.0,5.442
LLF,2020-02-04,9,1.0,0.0,0.0,5.442
MPC,2020-02-04,9,1.0,1.7763568394002505e-15,3.264161777655734e-14,5.442
PPOLag,2020-02-04,9,1.0,0.013028157861151256,0.23940018120454348,5.442
EDF,2020-02-04,9,2.0,0.0,0.0,5.442
LLF,2020-02-04,9,2.0,8.881784197001252e-16,1.632080888827867e-14,5.442
MPC,2020-02-04,9,2.0,8.881784197001252e-16,1.632080888827867e-14,5.442
PPOLag,2020-02-04,9,2.0,0.011484228187005207,0.21102955139664106,5.442
EDF,2020-02-04,16,0.5,0.0,0.0,4.672
LLF,2020-02-04,16,0.5,0.0,0.0,4.672
MPC,2020-02-04,16,0.5,0.0,0.0,4.672
PPOLag,2020-02-04,16,0.5,0.0031078842411698558,0.06652149488805344,4.672
EDF,2020-02-04,16,1.0,0.0,0.0,4.672
LLF,2020-02-04,16,1.0,8.881784197001252e-16,1.901066822988282e-14,4.672
MPC,2020-02-04,16,1.0,0.0,0.0,4.672
PPOLag,2020-02-04,16,1.0,0.004524669533533832,0.0968465225499536,4.672
EDF,2020-02-04,16,2.0,0.0,0.0,4.672
LLF,2020-02-04,16,2.0,0.0,0.0,4.672
MPC,2020-02-04,16,2.0,0.0,0.0,4.672
PPOLag,2020-02-04,16,2.0,0.005476423181602108,0.11721796193497662,4.672
EDF,2020-02-04,10,0.5,0.0,0.0,14.128
LLF,2020-02-04,10,0.5,0.0,0.0,14.128
MPC,2020-02-04,10,0.5,1.7763568394002505e-15,1.2573307187147865e-14,14.128
PPOLag,2020-02-04,10,0.5,0.043494585303259115,0.3078608812518341,14.128
EDF,2020-02-04,10,1.0,0.0,0.0,14.128
LLF,2020-02-04,10,1.0,0.0,0.0,14.128
MPC,2020-02-04,10,1.0,1.7763568394002505e-15,1.2573307187147865e-14,14.128
PPOLag,2020-02-04,10,1.0,0.06098601309826677,0.43166770313042735,14.128
EDF,2020-02-04,10,2.0,0.0,0.0,14.128
LLF,2020-02-04,10,2.0,0.0,0.0,14.128
MPC,2020-02-04,10,2.0,1.7763568394002505e-15,1.2573307187147865e-14,14.128
PPOLag,2020-02-04,10,2.0,0.07118996694627207,0.5038927445234432,14.128
EDF,2020-02-04,18,0.5,0.0,0.0,7.784
LLF,2020-02-04,18,0.5,0.0,0.0,7.784
MPC,2020-02-04,18,0.5,-8.881784197001252e-16,-1.1410308577853614e-14,7.784
PPOLag,2020-02-04,18,0.5,0.005859288207702739,0.07527348673821607,7.784
EDF,2020-02-04,18,1.0,0.0,0.0,7.784
LLF,2020-02-04,18,1.0,8.881784197001252e-16,1.1410308577853614e-14,7.784
MPC,2020-02-04,18,1.0,-8.881784197001252e-16,-1.1410308577853614e-14,7.784
PPOLag,2020-02-04,18,1.0,0.009526386072985638,0.12238419929323789,7.784
EDF,2020-02-04,18,2.0,8.881784197001252e-16,1.1410308577853614e-14,7.784
LLF,2020-02-04,18,2.0,0.0,0.0,7.784
MPC,2020-02-04,18,2.0,-1.7763568394002505e-15,-2.2820617155707227e-14,7.784
PPOLag,2020-02-04,18,2.0,0.010714735395147557,0.13765076304146398,7.784
EDF,2020-02-05,6,0.5,0.0,0.0,0.995
LLF,2020-02-05,6,0.5,0.0,0.0,0.995
MPC,2020-02-05,6,0.5,0.0,0.0,0.995
PPOLag,2020-02-05,6,0.5,0.006568708164635439,0.6601716748377326,0.995
EDF,2020-02-05,6,1.0,0.0,0.0,0.995
LLF,2020-02-05,6,1.0,0.0,0.0,0.995
MPC,2020-02-05,6,1.0,0.0,0.0,0.995
PPOLag,2020-02-05,6,1.0,0.012399800223680434,1.2462110777568276,0.995
EDF,2020-02-05,6,2.0,0.0,0.0,0.995
LLF,2020-02-05,6,2.0,0.0,0.0,0.995
MPC,2020-02-05,6,2.0,0.0,0.0,0.995
PPOLag,2020-02-05,6,2.0,0.0141616206101693,1.423278453283347,0.995
EDF,2020-02-05,30,0.5,0.0,0.0,36.478
LLF,2020-02-05,30,0.5,0.0,0.0,36.478
MPC,2020-02-05,30,0.5,0.0,0.0,36.478
PPOLag,2020-02-05,30,0.5,0.21993951365703596,0.6029374243572453,36.478
EDF,2020-02-05,30,1.0,4.884000000000004,13.38889193486486,36.478
LLF,2020-02-05,30,1.0,0.0,0.0,36.478
MPC,2020-02-05,30,1.0,0.0,0.0,36.478
PPOLag,2020-02-05,30,1.0,0.3283167523521868,0.9000404417791185,36.478
EDF,2020-02-05,30,2.0,7.381000000000004,20.23411371237459,36.478
LLF,2020-02-05,30,2.0,0.0,0.0,36.478
MPC,2020-02-05,30,2.0,0.0,0.0,36.478
PPOLag,2020-02-05,30,2.0,0.3283973599951963,0.9002614178277216,36.478
EDF,2020-02-05,32,0.5,1.7763568394002505e-15,2.113955538974474e-14,8.403
LLF,2020-02-05,32,0.5,1.7763568394002505e-15,2.113955538974474e-14,8.403
MPC,2020-02-05,32,0.5,0.0,0.0,8.403
PPOLag,2020-02-05,32,0.5,0.05150402873517557,0.6129242976933901,8.403
EDF,2020-02-05,32,1.0,1.7763568394002505e-15,2.113955538974474e-14,8.403
LLF,2020-02-05,32,1.0,0.0,0.0,8.403
MPC,2020-02-05,32,1.0,0.0,0.0,8.403
PPOLag,2020-02-05,32,1.0,0.05553296046284224,0.6608706469456413,8.403
EDF,2020-02-05,32,2.0,1.7763568394002505e-15,2.113955538974474e-14,8.403
LLF,2020-02-05,32,2.0,1.7763568394002505e-15,2.113955538974474e-14,8.403
MPC,2020-02-05,32,2.0,0.0,0.0,8.403
PPOLag,2020-02-05,32,2.0,0.05465748538997737,0.6504520455786905,8.403
EDF,2020-02-05,10,0.5,0.0,0.0,3.47
LLF,2020-02-05,10,0.5,8.881784197001252e-16,2.5595919876084298e-14,3.47
MPC,2020-02-05,10,0.5,4.440892098500626e-16,1.2797959938042149e-14,3.47
PPOLag,2020-02-05,10,0.5,0.007350806281727795,0.21183879774431685,3.47
EDF,2020-02-05,10,1.0,0.0,0.0,3.47
LLF,2020-02-05,10,1.0,0.0,0.0,3.47
MPC,2020-02-05,10,1.0,0.0,0.0,3.47
PPOLag,2020-02-05,10,1.0,0.008695168548087207,0.2505812261696601,3.47
EDF,2020-02-05,10,2.0,0.0,0.0,3.47
LLF,2020-02-05,10,2.0,0.0,0.0,3.47
MPC,2020-02-05,10,2.0,0.0,0.0,3.47
PPOLag,2020-02-05,10,2.0,0.009878816915889922,0.2846921301409199,3.47
EDF,2020-02-05,4,0.5,0.0,0.0,29.042
LLF,2020-02-05,4,0.5,7.105427357601002e-15,2.446604007162386e-14,29.042
MPC,2020-02-05,4,0.5,-3.552713678800501e-15,-1.223302003581193e-14,29.042
PPOLag,2020-02-05,4,0.5,0.08476181442955451,0.29185942576115453,29.042
EDF,2020-02-05,4,1.0,0.0,0.0,29.042
LLF,2020-02-05,4,1.0,0.0,0.0,29.042
MPC,2020-02-05,4,1.0,0.0,0.0,29.042
PPOLag,2020-02-05,4,1.0,0.08720468194940523,0.300270924693221,29.042
EDF,2020-02-05,4,2.0,-3.552713678800501e-15,-1.223302003581193e-14,29.042
LLF,2020-02-05,4,2.0,3.552713678800501e-15,1.223302003581193e-14,29.042
MPC,2020-02-05,4,2.0,0.0,0.0,29.042
PPOLag,2020-02-05,4,2.0,0.08647596752247821,0.29776175030121277,29.042
EDF,2020-02-06,11,0.5,3.552713678800501e-15,1.5616323862859346e-14,22.75
LLF,2020-02-06,11,0.5,-7.105427357601002e-15,-3.123264772571869e-14,22.75
MPC,2020-02-06,11,0.5,0.0,0.0,22.75
PPOLag,2020-02-06,11,0.5,0.008375528010722633,0.03681550773944014,22.75
EDF,2020-02-06,11,1.0,7.105427357601002e-15,3.123264772571869e-14,22.75
LLF,2020-02-06,11,1.0,-7.105427357601002e-15,-3.123264772571869e-14,22.75
MPC,2020-02-06,11,1.0,0.0,0.0,22.75
PPOLag,2020-02-06,11,1.0,0.008286567294700831,0.036424471625058595,22.75
EDF,2020-02-06,11,2.0,3.552713678800501e-15,1.5616323862859346e-14,22.75
LLF,2020-02-06,11,2.0,0.0,0.0,22.75
MPC,2020-02-06,11,2.0,0.0,0.0,22.75
PPOLag,2020-02-06,11,2.0,0.009211585037948566,0.040490483683290404,22.75
EDF,2020-02-06,18,0.5,0.0,0.0,20.564
LLF,2020-02-06,18,0.5,0.0,0.0,20.564
MPC,2020-02-06,18,0.5,0.0,0.0,20.564
PPOLag,2020-02-06,18,0.5,0.0007732197034528099,0.0037600646929236035,20.564
EDF,2020-02-06,18,1.0,0.0,0.0,20.564
LLF,2020-02-06,18,1.0,3.552713678800501e-15,1.727637462945196e-14,20.564
MPC,2020-02-06,18,1.0,0.0,0.0,20.564
PPOLag,2020-02-06,18,1.0,0.0008448066994581893,0.0041081827439126105,20.564
EDF,2020-02-06,18,2.0,-3.552713678800501e-15,-1.727637462945196e-14,20.564
LLF,2020-02-06,18,2.0,0.0,0.0,20.564
MPC,2020-02-06,18,2.0,3.552713678800501e-15,1.727637462945196e-14,20.564
PPOLag,2020-02-06,18,2.0,0.005087179660049656,0.024738278837043652,20.564
EDF,2020-02-06,19,0.5,0.0,0.0,7.97
LLF,2020-02-06,19,0.5,0.0,0.0,7.97
MPC,2020-02-06,19,0.5,8.881784197001252e-16,1.1144020322460794e-14,7.97
PPOLag,2020-02-06,19,0.5,0.0027055500941544964,0.03394667621272894,7.97
EDF,2020-02-06,19,1.0,1.7763568394002505e-15,2.2288040644921588e-14,7.97
LLF,2020-02-06,19,1.0,1.7763568394002505e-15,2.2288040644921588e-14,7.97
MPC,2020-02-06,19,1.0,1.7763568394002505e-15,2.2288040644921588e-14,7.97
PPOLag,2020-02-06,19,1.0,0.0031799531405427572,0.0398990356404361,7.97
EDF,2020-02-06,19,2.0,8.881784197001252e-16,1.1144020322460794e-14,7.97
LLF,2020-02-06,19,2.0,8.881784197001252e-16,1.1144020322460794e-14,7.97
MPC,2020-02-06,19,2.0,1.7763568394002505e-15,2.2288040644921588e-14,7.97
PPOLag,2020-02-06,19,2.0,0.004470874933264213,0.056096297782486995,7.97
EDF,2020-02-06,7,0.5,1.7763568394002505e-15,1.9865319161264265e-14,8.942
LLF,2020-02-06,7,0.5,0.0,0.0,8.942
MPC,2020-02-06,7,0.5,0.0,0.0,8.942
PPOLag,2020-02-06,7,0.5,0.0011716132088665176,0.013102361986876735,8.942
EDF,2020-02-06,7,1.0,3.552713678800501e-15,3.973063832252853e-14,8.942
LLF,2020-02-06,7,1.0,1.7763568394002505e-15,1.9865319161264265e-14,8.942
MPC,2020-02-06,7,1.0,1.7763568394002505e-15,1.9865319161264265e-14,8.942
PPOLag,2020-02-06,7,1.0,0.0018853147198178988,0.021083814804494505,8.942
EDF,2020-02-06,7,2.0,1.7763568394002505e-15,1.9865319161264265e-14,8.942
LLF,2020-02-06,7,2.0,1.7763568394002505e-15,1.9865319161264265e-14,8.942
MPC,2020-02-06,7,2.0,0.0,0.0,8.942
PPOLag,2020-02-06,7,2.0,0.003968377488562424,0.04437908173297276,8.942
EDF,2020-02-06,20,0.5,-2.220446049250313e-16,-1.4188153669331074e-14,1.565
LLF,2020-02-06,20,0.5,0.0,0.0,1.565
MPC,2020-02-06,20,0.5,0.0,0.0,1.565
PPOLag,2020-02-06,20,0.5,0.0022226343922451706,0.14202136691662431,1.565
EDF,2020-02-06,20,1.0,-2.220446049250313e-16,-1.4188153669331074e-14,1.565
LLF,2020-02-06,20,1.0,0.0,0.0,1.565
MPC,2020-02-06,20,1.0,0.0,0.0,1.565
PPOLag,2020-02-06,20,1.0,0.0029618169915812675,0.18925348189017685,1.565
EDF,2020-02-06,20,2.0,-2.220446049250313e-16,-1.4188153669331074e-14,1.565
LLF,2020-02-06,20,2.0,0.0,0.0,1.565
MPC,2020-02-06,20,2.0,0.0,0.0,1.565
PPOLag,2020-02-06,20,2.0,0.00335217386963933,0.21419641339548434,1.565
EDF,2020-02-07,23,0.5,0.0,0.0,0.978
LLF,2020-02-07,23,0.5,1.1102230246251565e-16,1.1351973666923892e-14,0.978
MPC,2020-02-07,23,0.5,0.0,0.0,0.978
PPOLag,2020-02-07,23,0.5,0.0039518183150651694,0.4040714023584019,0.978
EDF,2020-02-07,23,1.0,-1.1102230246251565e-16,-1.1351973666923892e-14,0.978
LLF,2020-02-07,23,1.0,1.1102230246251565e-16,1.1351973666923892e-14,0.978
MPC,2020-02-07,23,1.0,0.0,0.0,0.978
PPOLag,2020-02-07,23,1.0,0.006031392299865712,0.6167067791273736,0.978
EDF,2020-02-07,23,2.0,0.0,0.0,0.978
LLF,2020-02-07,23,2.0,1.1102230246251565e-16,1.1351973666923892e-14,0.978
MPC,2020-02-07,23,2.0,0.0,0.0,0.978
PPOLag,2020-02-07,23,2.0,0.008361938434795291,0.8550039299381688,0.978
EDF,2020-02-07,35,0.5,0.0,0.0,18.304
LLF,2020-02-07,35,0.5,0.0,0.0,18.304
MPC,2020-02-07,35,0.5,0.0,0.0,18.304
PPOLag,2020-02-07,35,0.5,0.10477106170654338,0.5723943493583008,18.304
EDF,2020-02-07,35,1.0,0.0,0.0,18.304
LLF,2020-02-07,35,1.0,0.0,0.0,18.304
MPC,2020-02-07,35,1.0,0.0,0.0,18.304
PPOLag,2020-02-07,35,1.0,0.13047210693359332,0.7128065282648237,18.304
EDF,2020-02-07,35,2.0,0.0,0.0,18.304
LLF,2020-02-07,35,2.0,0.0,0.0,18.304
MPC,2020-02-07,35,2.0,0.0,0.0,18.304
PPOLag,2020-02-07,35,2.0,0.14644451599121028,0.8000683784484828,18.304
EDF,2020-02-07,10,0.5,0.0,0.0,34.528
LLF,2020-02-07,10,0.5,0.0,0.0,34.528
MPC,2020-02-07,10,0.5,0.0,0.0,34.528
PPOLag,2020-02-07,10,0.5,0.003926435022228248,0.011371741839168928,34.528
EDF,2020-02-07,10,1.0,0.0,0.0,34.528
LLF,2020-02-07,10,1.0,0.0,0.0,34.528
MPC,2020-02-07,10,1.0,0.0,0.0,34.528
PPOLag,2020-02-07,10,1.0,0.008268500669232992,0.023947233170855516,34.528
EDF,2020-02-07,10,2.0,0.0,0.0,34.528
LLF,2020-02-07,10,2.0,0.0,0.0,34.528
MPC,2020-02-07,10,2.0,0.0,0.0,34.528
PPOLag,2020-02-07,10,2.0,0.008545878756326886,0.02475057563811077,34.528
EDF,2020-02-07,21,0.5,0.0,0.0,13.331
LLF,2020-02-07,21,0.5,-1.7763568394002505e-15,-1.3325008171931967e-14,13.331
MPC,2020-02-07,21,0.5,0.0,0.0,13.331
PPOLag,2020-02-07,21,0.5,0.0037773486248873665,0.028335073324487037,13.331
EDF,2020-02-07,21,1.0,0.0,0.0,13.331
LLF,2020-02-07,21,1.0,0.0,0.0,13.331
MPC,2020-02-07,21,1.0,0.0,0.0,13.331
PPOLag,2020-02-07,21,1.0,0.00683163209602391,0.0512462088067205,13.331
EDF,2020-02-07,21,2.0,-1.7763568394002505e-15,-1.3325008171931967e-14,13.331
LLF,2020-02-07,21,2.0,-1.7763568394002505e-15,-1.3325008171931967e-14,13.331
MPC,2020-02-07,21,2.0,1.7763568394002505e-15,1.3325008171931967e-14,13.331
PPOLag,2020-02-07,21,2.0,0.0074248162444263245,0.05569586861020422,13.331
EDF,2020-02-07,1,0.5,0.0,0.0,0.881
LLF,2020-02-07,1,0.5,0.0,0.0,0.881
MPC,2020-02-07,1,0.5,0.0,0.0,0.881
PPOLag,2020-02-07,1,0.5,-0.0002708632288704882,-0.03074497490016892,0.881
EDF,2020-02-07,1,1.0,0.0,0.0,0.881
LLF,2020-02-07,1,1.0,0.0,0.0,0.881
MPC,2020-02-07,1,1.0,0.0,0.0,0.881
PPOLag,2020-02-07,1,1.0,-0.0007287725713191584,-0.08272106371386587,0.881
EDF,2020-02-07,1,2.0,0.0,0.0,0.881
LLF,2020-02-07,1,2.0,0.0,0.0,0.881
MPC,2020-02-07,1,2.0,0.0,0.0,0.881
PPOLag,2020-02-07,1,2.0,-0.001389034252072241,-0.15766563587653132,0.881
EDF,2020-02-10,5,0.5,7.105427357601002e-15,3.0414465189628465e-14,23.362
LLF,2020-02-10,5,0.5,0.0,0.0,23.362
MPC,2020-02-10,5,0.5,0.0,0.0,23.362
PPOLag,2020-02-10,5,0.5,0.005228816681891147,0.022381716813163026,23.362
EDF,2020-02-10,5,1.0,3.552713678800501e-15,1.5207232594814232e-14,23.362
LLF,2020-02-10,5,1.0,-3.552713678800501e-15,-1.5207232594814232e-14,23.362
MPC,2020-02-10,5,1.0,0.0,0.0,23.362
PPOLag,2020-02-10,5,1.0,0.007702140616330411,0.0329686697043507,23.362
EDF,2020-02-10,5,2.0,7.105427357601002e-15,3.0414465189628465e-14,23.362
LLF,2020-02-10,5,2.0,-3.552713678800501e-15,-1.5207232594814232e-14,23.362
MPC,2020-02-10,5,2.0,0.0,0.0,23.362
PPOLag,2020-02-10,5,2.0,0.006920013406098491,0.02962080903218257,23.362
EDF,2020-02-10,24,0.5,0.0,0.0,7.168
LLF,2020-02-10,24,0.5,8.881784197001252e-16,1.2390881971262908e-14,7.168
MPC,2020-02-10,24,0.5,8.881784197001252e-16,1.2390881971262908e-14,7.168
PPOLag,2020-02-10,24,0.5,0.006161139093999957,0.08595339137834761,7.168
EDF,2020-02-10,24,1.0,0.0,0.0,7.168
LLF,2020-02-10,24,1.0,8.881784197001252e-16,1.2390881971262908e-14,7.168
MPC,2020-02-10,24,1.0,8.881784197001252e-16,1.2390881971262908e-14,7.168
PPOLag,2020-02-10,24,1.0,0.006647457571060045,0.09273796834626177,7.168
EDF,2020-02-10,24,2.0,0.0,0.0,7.168
LLF,2020-02-10,24,2.0,8.881784197001252e-16,1.2390881971262908e-14,7.168
MPC,2020-02-10,24,2.0,0.0,0.0,7.168
PPOLag,2020-02-10,24,2.0,0.00755540923750928,0.10540470476435937,7.168
EDF,2020-02-10,28,0.5,0.0,0.0,4.295
LLF,2020-02-10,28,0.5,0.0,0.0,4.295
MPC,2020-02-10,28,0.5,0.0,0.0,4.295
PPOLag,2020-02-10,28,0.5,0.00610563326765412,0.1421567699104568,4.295
EDF,2020-02-10,28,1.0,0.0,0.0,4.295
LLF,2020-02-10,28,1.0,0.0,0.0,4.295
MPC,2020-02-10,28,1.0,0.0,0.0,4.295
PPOLag,2020-02-10,28,1.0,0.00684116218652484,0.15928200667112552,4.295
EDF,2020-02-10,28,2.0,0.0,0.0,4.295
LLF,2020-02-10,28,2.0,0.0,0.0,4.295
MPC,2020-02-10,28,2.0,0.0,0.0,4.295
PPOLag,2020-02-10,28,2.0,0.00884467002738738,0.20592945348981093,4.295
EDF,2020-02-10,16,0.5,0.0,0.0,1.029
LLF,2020-02-10,16,0.5,0.0,0.0,1.029
MPC,2020-02-10,16,0.5,0.0,0.0,1.029
PPOLag,2020-02-10,16,0.5,0.006188627159249771,0.6014214926384618,1.029
EDF,2020-02-10,16,1.0,0.0,0.0,1.029
LLF,2020-02-10,16,1.0,-2.220446049250313e-16,-2.157867880709731e-14,1.029
MPC,2020-02-10,16,1.0,0.0,0.0,1.029
PPOLag,2020-02-10,16,1.0,0.009640447605399926,0.9368753746744343,1.029
EDF,2020-02-10,16,2.0,0.0,0.0,1.029
LLF,2020-02-10,16,2.0,0.0,0.0,1.029
MPC,2020-02-10,16,2.0,0.0,0.0,1.029
PPOLag,2020-02-10,16,2.0,0.01379450255405743,1.3405736204137446,1.029
EDF,2020-02-10,17,0.5,0.0,0.0,14.005
LLF,2020-02-10,17,0.5,0.0,0.0,14.005
MPC,2020-02-10,17,0.5,0.0,0.0,14.005
PPOLag,2020-02-10,17,0.5,-0.00021217891107561115,-0.0015150225710504166,14.005
EDF,2020-02-10,17,1.0,0.0,0.0,14.005
LLF,2020-02-10,17,1.0,0.0,0.0,14.005
MPC,2020-02-10,17,1.0,0.0,0.0,14.005
PPOLag,2020-02-10,17,1.0,0.0014475475133711058,0.010335933690618393,14.005
EDF,2020-02-10,17,2.0,0.0,0.0,14.005
LLF,2020-02-10,17,2.0,0.0,0.0,14.005
MPC,2020-02-10,17,2.0,1.7763568394002505e-15,1.2683733233846843e-14,14.005
PPOLag,2020-02-10,17,2.0,0.006901740245456978,0.0492805444159727,14.005
EDF,2020-02-11,17,0.5,0.0,0.0,12.612
LLF,2020-02-11,17,0.5,-1.7763568394002505e-15,-1.4084656195688633e-14,12.612
MPC,2020-02-11,17,0.5,0.0,0.0,12.612
PPOLag,2020-02-11,17,0.5,0.0030572555009609204,0.02424084602728291,12.612
EDF,2020-02-11,17,1.0,0.0,0.0,12.612
LLF,2020-02-11,17,1.0,-1.7763568394002505e-15,-1.4084656195688633e-14,12.612
MPC,2020-02-11,17,1.0,0.0,0.0,12.612
PPOLag,2020-02-11,17,1.0,0.004724599953203778,0.037461147741863134,12.612
EDF,2020-02-11,17,2.0,1.7763568394002505e-15,1.4084656195688633e-14,12.612
LLF,2020-02-11,17,2.0,0.0,0.0,12.612
MPC,2020-02-11,17,2.0,0.0,0.0,12.612
PPOLag,2020-02-11,17,2.0,0.0064588813289987,0.0512121894148327,12.612
EDF,2020-02-11,0,0.5,0.0,0.0,8.077
LLF,2020-02-11,0,0.5,0.0,0.0,8.077
MPC,2020-02-11,0,0.5,0.0,0.0,8.077
PPOLag,2020-02-11,0,0.5,0.005866382941647074,0.0726307161278578,8.077
EDF,2020-02-11,0,1.0,0.0,0.0,8.077
LLF,2020-02-11,0,1.0,0.0,0.0,8.077
MPC,2020-02-11,0,1.0,0.0,0.0,8.077
PPOLag,2020-02-11,0,1.0,0.006714578924876946,0.08313209019285558,8.077
EDF,2020-02-11,0,2.0,0.0,0.0,8.077
LLF,2020-02-11,0,2.0,0.0,0.0,8.077
MPC,2020-02-11,0,2.0,0.0,0.0,8.077
PPOLag,2020-02-11,0,2.0,0.007674133742121825,0.09501217954836975,8.077
EDF,2020-02-11,1,0.5,0.0,0.0,0.902
LLF,2020-02-11,1,0.5,0.0,0.0,0.902
MPC,2020-02-11,1,0.5,0.0,0.0,0.902
PPOLag,2020-02-11,1,0.5,0.00022095483452932996,0.02449610138906097,0.902
EDF,2020-02-11,1,1.0,0.0,0.0,0.902
LLF,2020-02-11,1,1.0,0.0,0.0,0.902
MPC,2020-02-11,1,1.0,0.0,0.0,0.902
PPOLag,2020-02-11,1,1.0,0.0003156513733185484,0.03499460901536013,0.902
EDF,2020-02-11,1,2.0,0.0,0.0,0.902
LLF,2020-02-11,1,2.0,0.0,0.0,0.902
MPC,2020-02-11,1,2.0,0.0,0.0,0.902
PPOLag,2020-02-11,1,2.0,0.00037642611790495996,0.04173238557704655,0.902
EDF,2020-02-11,33,0.5,0.0,0.0,6.445
LLF,2020-02-11,33,0.5,0.0,0.0,6.445
MPC,2020-02-11,33,0.5,0.0,0.0,6.445
PPOLag,2020-02-11,33,0.5,0.0032333849354865053,0.05016888961189302,6.445
EDF,2020-02-11,33,1.0,0.0,0.0,6.445
LLF,2020-02-11,33,1.0,0.0,0.0,6.445
MPC,2020-02-11,33,1.0,0.0,0.0,6.445
PPOLag,2020-02-11,33,1.0,0.0012269542144139223,0.019037303559564348,6.445
EDF,2020-02-11,33,2.0,0.0,0.0,6.445
LLF,2020-02-11,33,2.0,0.0,0.0,6.445
MPC,2020-02-11,33,2.0,8.881784197001252e-16,1.3780890918543447e-14,6.445
PPOLag,2020-02-11,33,2.0,0.004329578253661914,0.06717731968443622,6.445
EDF,2020-02-11,26,0.5,0.0,0.0,6.467
LLF,2020-02-11,26,0.5,-8.881784197001252e-16,-1.3734009891760095e-14,6.467
MPC,2020-02-11,26,0.5,0.0,0.0,6.467
PPOLag,2020-02-11,26,0.5,0.002557531536093549,0.039547418217002465,6.467
EDF,2020-02-11,26,1.0,8.881784197001252e-16,1.3734009891760095e-14,6.467
LLF,2020-02-11,26,1.0,0.0,0.0,6.467
MPC,2020-02-11,26,1.0,0.0,0.0,6.467
PPOLag,2020-02-11,26,1.0,0.005309184784100829,0.0820965638487835,6.467
EDF,2020-02-11,26,2.0,8.881784197001252e-16,1.3734009891760095e-14,6.467
LLF,2020-02-11,26,2.0,-8.881784197001252e-16,-1.3734009891760095e-14,6.467
MPC,2020-02-11,26,2.0,0.0,0.0,6.467
PPOLag,2020-02-11,26,2.0,0.004556556367210441,0.07045857997851308,6.467
EDF,2020-02-12,15,0.5,0.0,0.0,4.345
LLF,2020-02-12,15,0.5,-8.881784197001252e-16,-2.044139055696491e-14,4.345
MPC,2020-02-12,15,0.5,0.0,0.0,4.345
PPOLag,2020-02-12,15,0.5,0.0013238418554935905,0.030468166984892762,4.345
EDF,2020-02-12,15,1.0,0.0,0.0,4.345
LLF,2020-02-12,15,1.0,-8.881784197001252e-16,-2.044139055696491e-14,4.345
MPC,2020-02-12,15,1.0,0.0,0.0,4.345
PPOLag,2020-02-12,15,1.0,0.0012990422193350781,0.029897404357539202,4.345
EDF,2020-02-12,15,2.0,0.0,0.0,4.345
LLF,2020-02-12,15,2.0,-8.881784197001252e-16,-2.044139055696491e-14,4.345
MPC,2020-02-12,15,2.0,0.0,0.0,4.345
PPOLag,2020-02-12,15,2.0,0.001314450802777145,0.0302520322848595,4.345
EDF,2020-02-12,16,0.5,1.7763568394002505e-15,2.7274018722558736e-14,6.513
LLF,2020-02-12,16,0.5,8.881784197001252e-16,1.3637009361279368e-14,6.513
MPC,2020-02-12,16,0.5,-8.881784197001252e-16,-1.3637009361279368e-14,6.513
PPOLag,2020-02-12,16,0.5,0.003803252549477598,0.05839478810805463,6.513
EDF,2020-02-12,16,1.0,1.7763568394002505e-15,2.7274018722558736e-14,6.513
LLF,2020-02-12,16,1.0,8.881784197001252e-16,1.3637009361279368e-14,6.513
MPC,2020-02-12,16,1.0,-8.881784197001252e-16,-1.3637009361279368e-14,6.513
PPOLag,2020-02-12,16,1.0,0.0058360797393353534,0.08960662888584914,6.513
EDF,2020-02-12,16,2.0,1.7763568394002505e-15,2.7274018722558736e-14,6.513
LLF,2020-02-12,16,2.0,0.0,0.0,6.513
MPC,2020-02-12,16,2.0,0.0,0.0,6.513
PPOLag,2020-02-12,16,2.0,0.007115081524841749,0.10924430408170964,6.513
EDF,2020-02-12,2,0.5,0.0,0.0,12.215
LLF,2020-02-12,2,0.5,0.0,0.0,12.215
MPC,2020-02-12,2,0.5,0.0,0.0,12.215
PPOLag,2020-02-12,2,0.5,0.009649593341738694,0.078997898827169,12.215
EDF,2020-02-12,2,1.0,0.0,0.0,12.215
LLF,2020-02-12,2,1.0,1.7763568394002505e-15,1.454242193532747e-14,12.215
MPC,2020-02-12,2,1.0,-1.7763568394002505e-15,-1.454242193532747e-14,12.215
PPOLag,2020-02-12,2,1.0,0.009789595950234542,0.08014405198718413,12.215
EDF,2020-02-12,2,2.0,0.0,0.0,12.215
LLF,2020-02-12,2,2.0,1.7763568394002505e-15,1.454242193532747e-14,12.215
MPC,2020-02-12,2,2.0,-1.7763568394002505e-15,-1.454242193532747e-14,12.215
PPOLag,2020-02-12,2,2.0,0.01197189363360387,0.09800977186740786,12.215
EDF,2020-02-12,28,0.5,0.0,0.0,9.063
LLF,2020-02-12,28,0.5,0.0,0.0,9.063
MPC,2020-02-12,28,0.5,0.0,0.0,9.063
PPOLag,2020-02-12,28,0.5,0.0049461767151484535,0.05457549062284513,9.063
EDF,2020-02-12,28,1.0,0.0,0.0,9.063
LLF,2020-02-12,28,1.0,0.0,0.0,9.063
MPC,2020-02-12,28,1.0,0.0,0.0,9.063
PPOLag,2020-02-12,28,1.0,0.00866167817085035,0.09557186550645869,9.063
EDF,2020-02-12,28,2.0,1.7763568394002505e-15,1.9600097532828536e-14,9.063
LLF,2020-02-12,28,2.0,1.7763568394002505e-15,1.9600097532828536e-14,9.063
MPC,2020-02-12,28,2.0,0.0,0.0,9.063
PPOLag,2020-02-12,28,2.0,0.007968089860189664,0.08791889948350065,9.063
EDF,2020-02-12,20,0.5,1.7763568394002505e-15,1.1243476418762266e-14,15.799
LLF,2020-02-12,20,0.5,0.0,0.0,15.799
MPC,2020-02-12,20,0.5,0.0,0.0,15.799
PPOLag,2020-02-12,20,0.5,0.0034633853460725563,0.021921547857918576,15.799
EDF,2020-02-12,20,1.0,1.7763568394002505e-15,1.1243476418762266e-14,15.799
LLF,2020-02-12,20,1.0,1.7763568394002505e-15,1.1243476418762266e-14,15.799
MPC,2020-02-12,20,1.0,0.0,0.0,15.799
PPOLag,2020-02-12,20,1.0,0.0047402503733462,0.030003483596089627,15.799
EDF,2020-02-12,20,2.0,1.7763568394002505e-15,1.1243476418762266e-14,15.799
LLF,2020-02-12,20,2.0,0.0,0.0,15.799
MPC,2020-02-12,20,2.0,-1.7763568394002505e-15,-1.1243476418762266e-14,15.799
PPOLag,2020-02-12,20,2.0,0.007994713661677722,0.05060265625468524,15.799
EDF,2020-02-13,7,0.5,0.0,0.0,1.041
LLF,2020-02-13,7,0.5,0.0,0.0,1.041
MPC,2020-02-13,7,0.5,0.0,0.0,1.041
PPOLag,2020-02-13,7,0.5,0.0037720834355521983,0.36235191503863573,1.041
EDF,2020-02-13,7,1.0,0.0,0.0,1.041
LLF,2020-02-13,7,1.0,0.0,0.0,1.041
MPC,2020-02-13,7,1.0,0.0,0.0,1.041
PPOLag,2020-02-13,7,1.0,0.005841159347624791,0.5611104080331212,1.041
EDF,2020-02-13,7,2.0,0.0,0.0,1.041
LLF,2020-02-13,7,2.0,0.0,0.0,1.041
MPC,2020-02-13,7,2.0,0.0,0.0,1.041
PPOLag,2020-02-13,7,2.0,0.008275964149779935,0.795001359248793,1.041
EDF,2020-02-13,15,0.5,0.0,0.0,4.618
LLF,2020-02-13,15,0.5,0.0,0.0,4.618
MPC,2020-02-13,15,0.5,0.0,0.0,4.618
PPOLag,2020-02-13,15,0.5,0.004294221400913578,0.09298877005009913,4.618
EDF,2020-02-13,15,1.0,8.881784197001252e-16,1.923296707882471e-14,4.618
LLF,2020-02-13,15,1.0,0.0,0.0,4.618
MPC,2020-02-13,15,1.0,0.0,0.0,4.618
PPOLag,2020-02-13,15,1.0,0.0060601330758885295,0.13122852048264463,4.618
EDF,2020-02-13,15,2.0,0.0,0.0,4.618
LLF,2020-02-13,15,2.0,0.0,0.0,4.618
MPC,2020-02-13,15,2.0,0.0,0.0,4.618
PPOLag,2020-02-13,15,2.0,0.00843731789404636,0.1827050215254733,4.618
EDF,2020-02-13,12,0.5,0.0,0.0,16.717
LLF,2020-02-13,12,0.5,0.0,0.0,16.717
MPC,2020-02-13,12,0.5,-3.552713678800501e-15,-2.1252100728602627e-14,16.717
PPOLag,2020-02-13,12,0.5,0.0018150420529998712,0.010857462780402413,16.717
EDF,2020-02-13,12,1.0,-3.552713678800501e-15,-2.1252100728602627e-14,16.717
LLF,2020-02-13,12,1.0,0.0,0.0,16.717
MPC,2020-02-13,12,1.0,-3.552713678800501e-15,-2.1252100728602627e-14,16.717
PPOLag,2020-02-13,12,1.0,0.0037291030078947076,0.02230725015190948,16.717
EDF,2020-02-13,12,2.0,-3.552713678800501e-15,-2.1252100728602627e-14,16.717
LLF,2020-02-13,12,2.0,0.0,0.0,16.717
MPC,2020-02-13,12,2.0,-3.552713678800501e-15,-2.1252100728602627e-14,16.717
PPOLag,2020-02-13,12,2.0,0.005678658527138225,0.03396936368450216,16.717
EDF,2020-02-13,35,0.5,0.0,0.0,4.24
LLF,2020-02-13,35,0.5,0.0,0.0,4.24
MPC,2020-02-13,35,0.5,0.0,0.0,4.24
PPOLag,2020-02-13,35,0.5,0.005291141645480124,0.12479107654434254,4.24
EDF,2020-02-13,35,1.0,0.0,0.0,4.24
LLF,2020-02-13,35,1.0,0.0,0.0,4.24
MPC,2020-02-13,35,1.0,0.0,0.0,4.24
PPOLag,2020-02-13,35,1.0,0.0043442919802352264,0.10245971651498176,4.24
EDF,2020-02-13,35,2.0,0.0,0.0,4.24
LLF,2020-02-13,35,2.0,0.0,0.0,4.24
MPC,2020-02-13,35,2.0,0.0,0.0,4.24
PPOLag,2020-02-13,35,2.0,0.005118618452634394,0.12072213331684892,4.24
EDF,2020-02-13,9,0.5,0.0,0.0,23.815
LLF,2020-02-13,9,0.5,-3.552713678800501e-15,-1.49179663187088e-14,23.815
MPC,2020-02-13,9,0.5,-3.552713678800501e-15,-1.49179663187088e-14,23.815
PPOLag,2020-02-13,9,0.5,0.002676444048178439,0.011238480151914502,23.815
EDF,2020-02-13,9,1.0,0.0,0.0,23.815
LLF,2020-02-13,9,1.0,-3.552713678800501e-15,-1.49179663187088e-14,23.815
MPC,2020-02-13,9,1.0,-3.552713678800501e-15,-1.49179663187088e-14,23.815
PPOLag,2020-02-13,9,1.0,0.0017357462978274895,0.0072884581055111895,23.815
EDF,2020-02-13,9,2.0,1.4210854715202004e-14,5.96718652748352e-14,23.815
LLF,2020-02-13,9,2.0,-3.552713678800501e-15,-1.49179663187088e-14,23.815
MPC,2020-02-13,9,2.0,-3.552713678800501e-15,-1.49179663187088e-14,23.815
PPOLag,2020-02-13,9,2.0,0.0037880968029881503,0.01590634811248436,23.815
EDF,2020-02-14,0,0.5,0.0,0.0,14.375
LLF,2020-02-14,0,0.5,0.0,0.0,14.375
MPC,2020-02-14,0,0.5,1.7763568394002505e-15,1.2357264969740872e-14,14.375
PPOLag,2020-02-14,0,0.5,0.003467097306119271,0.024118937781699278,14.375
EDF,2020-02-14,0,1.0,0.0,0.0,14.375
LLF,2020-02-14,0,1.0,0.0,0.0,14.375
MPC,2020-02-14,0,1.0,0.0,0.0,14.375
PPOLag,2020-02-14,0,1.0,0.005358524382728547,0.037276691358111624,14.375
EDF,2020-02-14,0,2.0,0.0,0.0,14.375
LLF,2020-02-14,0,2.0,0.0,0.0,14.375
MPC,2020-02-14,0,2.0,1.7763568394002505e-15,1.2357264969740872e-14,14.375
PPOLag,2020-02-14,0,2.0,0.006912936261576519,0.048089991384880126,14.375
EDF,2020-02-14,13,0.5,0.0,0.0,1.22
LLF,2020-02-14,13,0.5,0.0,0.0,1.22
MPC,2020-02-14,13,0.5,0.0,0.0,1.22
PPOLag,2020-02-14,13,0.5,0.004783958842544766,0.3921277739790792,1.22
EDF,2020-02-14,13,1.0,0.0,0.0,1.22
LLF,2020-02-14,13,1.0,0.0,0.0,1.22
MPC,2020-02-14,13,1.0,0.0,0.0,1.22
PPOLag,2020-02-14,13,1.0,0.0067333246089186,0.5519118531900492,1.22
EDF,2020-02-14,13,2.0,-2.220446049250313e-16,-1.820037745287142e-14,1.22
LLF,2020-02-14,13,2.0,0.0,0.0,1.22
MPC,2020-02-14,13,2.0,0.0,0.0,1.22
PPOLag,2020-02-14,13,2.0,0.00967447213581929,0.79298951932945,1.22
EDF,2020-02-14,1,0.5,0.0,0.0,5.654
LLF,2020-02-14,1,0.5,0.0,0.0,5.654
MPC,2020-02-14,1,0.5,0.0,0.0,5.654
PPOLag,2020-02-14,1,0.5,0.0026233374128562304,0.046397902597386464,5.654
EDF,2020-02-14,1,1.0,0.0,0.0,5.654
LLF,2020-02-14,1,1.0,0.0,0.0,5.654
MPC,2020-02-14,1,1.0,0.0,0.0,5.654
PPOLag,2020-02-14,1,1.0,0.004425722328556603,0.0782759520438027,5.654
EDF,2020-02-14,1,2.0,0.0,0.0,5.654
LLF,2020-02-14,1,2.0,0.0,0.0,5.654
MPC,2020-02-14,1,2.0,0.0,0.0,5.654
PPOLag,2020-02-14,1,2.0,0.006725569249515395,0.11895240978980182,5.654
EDF,2020-02-14,23,0.5,0.0,0.0,4.369
LLF,2020-02-14,23,0.5,0.0,0.0,4.369
MPC,2020-02-14,23,0.5,0.0,0.0,4.369
PPOLag,2020-02-14,23,0.5,0.0020723533442160045,0.04743312758562611,4.369
EDF,2020-02-14,23,1.0,0.0,0.0,4.369
LLF,2020-02-14,23,1.0,0.0,0.0,4.369
MPC,2020-02-14,23,1.0,0.0,0.0,4.369
PPOLag,2020-02-14,23,1.0,0.0026345634918428116,0.06030129301539968,4.369
EDF,2020-02-14,23,2.0,0.0,0.0,4.369
LLF,2020-02-14,23,2.0,0.0,0.0,4.369
MPC,2020-02-14,23,2.0,0.0,0.0,4.369
PPOLag,2020-02-14,23,2.0,0.002363941428358807,0.05410715102675227,4.369
EDF,2020-02-14,12,0.5,0.0,0.0,15.766
LLF,2020-02-14,12,0.5,0.0,0.0,15.766
MPC,2020-02-14,12,0.5,0.0,0.0,15.766
PPOLag,2020-02-14,12,0.5,-0.0019318786925040855,-0.01225344851264801,15.766
EDF,2020-02-14,12,1.0,1.7763568394002505e-15,1.1267010271471842e-14,15.766
LLF,2020-02-14,12,1.0,0.0,0.0,15.766
MPC,2020-02-14,12,1.0,0.0,0.0,15.766
PPOLag,2020-02-14,12,1.0,0.003759982378742066,0.023848676764823457,15.766
EDF,2020-02-14,12,2.0,-1.7763568394002505e-15,-1.1267010271471842e-14,15.766
LLF,2020-02-14,12,2.0,0.0,0.0,15.766
MPC,2020-02-14,12,2.0,0.0,0.0,15.766
PPOLag,2020-02-14,12,2.0,0.0032316214769483763,0.020497408835141295,15.766
EDF,2020-02-17,8,0.5,0.0,0.0,6.47
LLF,2020-02-17,8,0.5,0.0,0.0,6.47
MPC,2020-02-17,8,0.5,0.0,0.0,6.47
PPOLag,2020-02-17,8,0.5,0.003160479442275843,0.04884821394553081,6.47
EDF,2020-02-17,8,1.0,0.0,0.0,6.47
LLF,2020-02-17,8,1.0,0.0,0.0,6.47
MPC,2020-02-17,8,1.0,0.0,0.0,6.47
PPOLag,2020-02-17,8,1.0,0.005425576515791342,0.08385744228425566,6.47
EDF,2020-02-17,8,2.0,0.0,0.0,6.47
LLF,2020-02-17,8,2.0,0.0,0.0,6.47
MPC,2020-02-17,8,2.0,0.0,0.0,6.47
PPOLag,2020-02-17,8,2.0,0.004000641772270797,0.06183372136430907,6.47
EDF,2020-02-17,9,0.5,0.0,0.0,36.936
LLF,2020-02-17,9,0.5,0.0,0.0,36.936
MPC,2020-02-17,9,0.5,0.0,0.0,36.936
PPOLag,2020-02-17,9,0.5,0.0033390409700785996,0.009040071935452133,36.936
EDF,2020-02-17,9,1.0,0.0,0.0,36.936
LLF,2020-02-17,9,1.0,0.0,0.0,36.936
MPC,2020-02-17,9,1.0,0.0,0.0,36.936
PPOLag,2020-02-17,9,1.0,0.004525416626580636,0.012252048480021215,36.936
EDF,2020-02-17,9,2.0,0.0,0.0,36.936
LLF,2020-02-17,9,2.0,0.0,0.0,36.936
MPC,2020-02-17,9,2.0,0.0,0.0,36.936
PPOLag,2020-02-17,9,2.0,0.006542907150917187,0.017714173572983504,36.936
EDF,2020-02-17,4,0.5,0.0,0.0,10.256
LLF,2020-02-17,4,0.5,0.0,0.0,10.256
MPC,2020-02-17,4,0.5,0.0,0.0,10.256
PPOLag,2020-02-17,4,0.5,0.0007072579959277903,0.006896041301948033,10.256
EDF,2020-02-17,4,1.0,0.0,0.0,10.256
LLF,2020-02-17,4,1.0,0.0,0.0,10.256
MPC,2020-02-17,4,1.0,0.0,0.0,10.256
PPOLag,2020-02-17,4,1.0,0.002235228532587641,0.021794349966728167,10.256
EDF,2020-02-17,4,2.0,0.0,0.0,10.256
LLF,2020-02-17,4,2.0,0.0,0.0,10.256
MPC,2020-02-17,4,2.0,0.0,0.0,10.256
PPOLag,2020-02-17,4,2.0,0.003504352668849009,0.03416880527348878,10.256
EDF,2020-02-17,7,0.5,0.0,0.0,0.836
LLF,2020-02-17,7,0.5,0.0,0.0,0.836
MPC,2020-02-17,7,0.5,0.0,0.0,0.836
PPOLag,2020-02-17,7,0.5,0.0007549955437325506,0.09031047173834339,0.836
EDF,2020-02-17,7,1.0,0.0,0.0,0.836
LLF,2020-02-17,7,1.0,0.0,0.0,0.836
MPC,2020-02-17,7,1.0,0.0,0.0,0.836
PPOLag,2020-02-17,7,1.0,0.006609981533116515,0.7906676475019756,0.836
EDF,2020-02-17,7,2.0,0.0,0.0,0.836
LLF,2020-02-17,7,2.0,0.0,0.0,0.836
MPC,2020-02-17,7,2.0,0.0,0.0,0.836
PPOLag,2020-02-17,7,2.0,0.007832661257961759,0.9369212031054737,0.836
EDF,2020-02-17,2,0.5,0.0,0.0,12.335
LLF,2020-02-17,2,0.5,0.0,0.0,12.335
MPC,2020-02-17,2,0.5,0.0,0.0,12.335
PPOLag,2020-02-17,2,0.5,0.005674061716904788,0.04599968963846605,12.335
EDF,2020-02-17,2,1.0,0.0,0.0,12.335
LLF,2020-02-17,2,1.0,0.0,0.0,12.335
MPC,2020-02-17,2,1.0,0.0,0.0,12.335
PPOLag,2020-02-17,2,1.0,0.005629256706815866,0.04563645485866125,12.335
EDF,2020-02-17,2,2.0,0.0,0.0,12.335
LLF,2020-02-17,2,2.0,0.0,0.0,12.335
MPC,2020-02-17,2,2.0,0.0,0.0,12.335
PPOLag,2020-02-17,2,2.0,0.0057722314469181414,0.04679555287327232,12.335
EDF,2020-02-18,9,0.5,0.0,0.0,3.729
LLF,2020-02-18,9,0.5,0.0,0.0,3.729
MPC,2020-02-18,9,0.5,0.0,0.0,3.729
PPOLag,2020-02-18,9,0.5,0.007410552312576879,0.1987276029116889,3.729
EDF,2020-02-18,9,1.0,0.0,0.0,3.729
LLF,2020-02-18,9,1.0,0.0,0.0,3.729
MPC,2020-02-18,9,1.0,0.0,0.0,3.729
PPOLag,2020-02-18,9,1.0,0.009182567758120808,0.24624745932209188,3.729
EDF,2020-02-18,9,2.0,0.0,0.0,3.729
LLF,2020-02-18,9,2.0,0.0,0.0,3.729
MPC,2020-02-18,9,2.0,0.0,0.0,3.729
PPOLag,2020-02-18,9,2.0,0.011678566556525017,0.31318226217551665,3.729
EDF,2020-02-18,38,0.5,0.0,0.0,6.736
LLF,2020-02-18,38,0.5,0.0,0.0,6.736
MPC,2020-02-18,38,0.5,8.881784197001252e-16,1.3185546610750078e-14,6.736
PPOLag,2020-02-18,38,0.5,0.009525577789462858,0.141412971933831,6.736
EDF,2020-02-18,38,1.0,0.0,0.0,6.736
LLF,2020-02-18,38,1.0,0.0,0.0,6.736
MPC,2020-02-18,38,1.0,8.881784197001252e-16,1.3185546610750078e-14,6.736
PPOLag,2020-02-18,38,1.0,0.005288677226806015,0.07851361678750024,6.736
EDF,2020-02-18,38,2.0,0.0,0.0,6.736
LLF,2020-02-18,38,2.0,0.0,0.0,6.736
MPC,2020-02-18,38,2.0,1.7763568394002505e-15,2.6371093221500156e-14,6.736
PPOLag,2020-02-18,38,2.0,0.005699738417423816,0.08461606914227755,6.736
EDF,2020-02-18,26,0.5,-8.881784197001252e-16,-1.3211042982301432e-14,6.723
LLF,2020-02-18,26,0.5,-1.7763568394002505e-15,-2.6422085964602864e-14,6.723
MPC,2020-02-18,26,0.5,8.881784197001252e-16,1.3211042982301432e-14,6.723
PPOLag,2020-02-18,26,0.5,-0.0027433999278423825,-0.04080618664052332,6.723
EDF,2020-02-18,26,1.0,0.0,0.0,6.723
LLF,2020-02-18,26,1.0,-8.881784197001252e-16,-1.3211042982301432e-14,6.723
MPC,2020-02-18,26,1.0,0.0,0.0,6.723
PPOLag,2020-02-18,26,1.0,0.00032815348856249924,0.004881057393462743,6.723
EDF,2020-02-18,26,2.0,8.881784197001252e-16,1.3211042982301432e-14,6.723
LLF,2020-02-18,26,2.0,0.0,0.0,6.723
MPC,2020-02-18,26,2.0,8.881784197001252e-16,1.3211042982301432e-14,6.723
PPOLag,2020-02-18,26,2.0,0.005025325438085026,0.07474825878454598,6.723
EDF,2020-02-18,8,0.5,0.0,0.0,17.266
LLF,2020-02-18,8,0.5,0.0,0.0,17.266
MPC,2020-02-18,8,0.5,0.0,0.0,17.266
PPOLag,2020-02-18,8,0.5,0.00048480591578439205,0.0028078646807853116,17.266
EDF,2020-02-18,8,1.0,0.0,0.0,17.266
LLF,2020-02-18,8,1.0,0.0,0.0,17.266
MPC,2020-02-18,8,1.0,0.0,0.0,17.266
PPOLag,2020-02-18,8,1.0,0.0064041579374169546,0.03709114987499684,17.266
EDF,2020-02-18,8,2.0,0.0,0.0,17.266
LLF,2020-02-18,8,2.0,3.552713678800501e-15,2.0576356300246155e-14,17.266
MPC,2020-02-18,8,2.0,0.0,0.0,17.266
PPOLag,2020-02-18,8,2.0,0.008613361142125343,0.04988625704926065,17.266
EDF,2020-02-18,22,0.5,-2.220446049250313e-16,-1.1107784138320726e-14,1.999
LLF,2020-02-18,22,0.5,0.0,0.0,1.999
MPC,2020-02-18,22,0.5,0.0,0.0,1.999
PPOLag,2020-02-18,22,0.5,0.008702248780030031,0.4353301040535283,1.999
EDF,2020-02-18,22,1.0,0.0,0.0,1.999
LLF,2020-02-18,22,1.0,0.0,0.0,1.999
MPC,2020-02-18,22,1.0,0.0,0.0,1.999
PPOLag,2020-02-18,22,1.0,0.009380654245548525,0.4692673459504014,1.999
EDF,2020-02-18,22,2.0,-2.220446049250313e-16,-1.1107784138320726e-14,1.999
LLF,2020-02-18,22,2.0,0.0,0.0,1.999
MPC,2020-02-18,22,2.0,0.0,0.0,1.999
PPOLag,2020-02-18,22,2.0,0.014323043062664942,0.7165104083374159,1.999
EDF,2020-02-19,33,0.5,0.0,0.0,1.613
LLF,2020-02-19,33,0.5,0.0,0.0,1.613
MPC,2020-02-19,33,0.5,0.0,0.0,1.613
PPOLag,2020-02-19,33,0.5,0.2428032021884415,15.052895361961657,1.613
EDF,2020-02-19,33,1.0,0.0,0.0,1.613
LLF,2020-02-19,33,1.0,0.0,0.0,1.613
MPC,2020-02-19,33,1.0,0.0,0.0,1.613
PPOLag,2020-02-19,33,1.0,0.2622029225439069,16.255605861370547,1.613
EDF,2020-02-19,33,2.0,0.0,0.0,1.613
LLF,2020-02-19,33,2.0,0.0,0.0,1.613
MPC,2020-02-19,33,2.0,0.0,0.0,1.613
PPOLag,2020-02-19,33,2.0,0.2668256758704506,16.542199372005616,1.613
EDF,2020-02-19,8,0.5,0.0,0.0,5.29
LLF,2020-02-19,8,0.5,0.0,0.0,5.29
MPC,2020-02-19,8,0.5,0.0,0.0,5.29
PPOLag,2020-02-19,8,0.5,0.001174039383962011,0.022193561133497373,5.29
EDF,2020-02-19,8,1.0,0.0,0.0,5.29
LLF,2020-02-19,8,1.0,0.0,0.0,5.29
MPC,2020-02-19,8,1.0,0.0,0.0,5.29
PPOLag,2020-02-19,8,1.0,0.00164778979625968,0.031149145486950476,5.29
EDF,2020-02-19,8,2.0,0.0,0.0,5.29
LLF,2020-02-19,8,2.0,0.0,0.0,5.29
MPC,2020-02-19,8,2.0,8.881784197001252e-16,1.6789762187147924e-14,5.29
PPOLag,2020-02-19,8,2.0,0.001835797174724796,0.03470316020273716,5.29
EDF,2020-02-19,10,0.5,0.0,0.0,2.985
LLF,2020-02-19,10,0.5,-8.881784197001252e-16,-2.97547209279774e-14,2.985
MPC,2020-02-19,10,0.5,4.440892098500626e-16,1.48773604639887e-14,2.985
PPOLag,2020-02-19,10,0.5,0.05805406841670822,1.9448599134575617,2.985
EDF,2020-02-19,10,1.0,0.0,0.0,2.985
LLF,2020-02-19,10,1.0,-4.440892098500626e-16,-1.48773604639887e-14,2.985
MPC,2020-02-19,10,1.0,4.440892098500626e-16,1.48773604639887e-14,2.985
PPOLag,2020-02-19,10,1.0,0.07243450595263719,2.426616614828716,2.985
EDF,2020-02-19,10,2.0,-4.440892098500626e-16,-1.48773604639887e-14,2.985
LLF,2020-02-19,10,2.0,-8.881784197001252e-16,-2.97547209279774e-14,2.985
MPC,2020-02-19,10,2.0,4.440892098500626e-16,1.48773604639887e-14,2.985
PPOLag,2020-02-19,10,2.0,0.07901628955173612,2.6471118777801044,2.985
EDF,2020-02-19,5,0.5,3.328000000000003,6.248005256735198,53.265
LLF,2020-02-19,5,0.5,0.0,0.0,53.265
MPC,2020-02-19,5,0.5,1.331000000000003,2.4988266216089423,53.265
PPOLag,2020-02-19,5,0.5,0.08526634619462499,0.16007950097554677,53.265
EDF,2020-02-19,5,1.0,9.431000000000004,17.705810569792554,53.265
LLF,2020-02-19,5,1.0,0.0,0.0,53.265
MPC,2020-02-19,5,1.0,1.331000000000003,2.4988266216089423,53.265
PPOLag,2020-02-19,5,1.0,0.08630600092124326,0.1620313544001563,53.265
EDF,2020-02-19,5,2.0,13.32899999999998,25.023936919177654,53.265
LLF,2020-02-19,5,2.0,0.0,0.0,53.265
MPC,2020-02-19,5,2.0,1.331000000000003,2.4988266216089423,53.265
PPOLag,2020-02-19,5,2.0,0.08608307969155363,0.16161284087403288,53.265
EDF,2020-02-19,39,0.5,0.0,0.0,2.087
LLF,2020-02-19,39,0.5,0.0,0.0,2.087
MPC,2020-02-19,39,0.5,0.0,0.0,2.087
PPOLag,2020-02-19,39,0.5,0.003538319814548796,0.16954095901048374,2.087
EDF,2020-02-19,39,1.0,0.0,0.0,2.087
LLF,2020-02-19,39,1.0,0.0,0.0,2.087
MPC,2020-02-19,39,1.0,0.0,0.0,2.087
PPOLag,2020-02-19,39,1.0,0.005720635258935047,0.274108062239341,2.087
EDF,2020-02-19,39,2.0,0.0,0.0,2.087
LLF,2020-02-19,39,2.0,0.0,0.0,2.087
MPC,2020-02-19,39,2.0,0.0,0.0,2.087
PPOLag,2020-02-19,39,2.0,0.008885368455421715,0.4257483687312753,2.087
EDF,2020-02-20,38,0.5,0.0,0.0,2.2
LLF,2020-02-20,38,0.5,0.0,0.0,2.2
MPC,2020-02-20,38,0.5,0.0,0.0,2.2
PPOLag,2020-02-20,38,0.5,0.005635045920296999,0.25613845092259085,2.2
EDF,2020-02-20,38,1.0,0.0,0.0,2.2
LLF,2020-02-20,38,1.0,0.0,0.0,2.2
MPC,2020-02-20,38,1.0,0.0,0.0,2.2
PPOLag,2020-02-20,38,1.0,0.002601086765439131,0.11823121661086958,2.2
EDF,2020-02-20,38,2.0,0.0,0.0,2.2
LLF,2020-02-20,38,2.0,0.0,0.0,2.2
MPC,2020-02-20,38,2.0,0.0,0.0,2.2
PPOLag,2020-02-20,38,2.0,0.007143812190927523,0.32471873595125106,2.2
EDF,2020-02-20,11,0.5,-1.1102230246251565e-16,-1.331202667416255e-14,0.834
LLF,2020-02-20,11,0.5,0.0,0.0,0.834
MPC,2020-02-20,11,0.5,0.0,0.0,0.834
PPOLag,2020-02-20,11,0.5,0.005708221440152261,0.6844390216009906,0.834
EDF,2020-02-20,11,1.0,0.0,0.0,0.834
LLF,2020-02-20,11,1.0,1.1102230246251565e-16,1.331202667416255e-14,0.834
MPC,2020-02-20,11,1.0,0.0,0.0,0.834
PPOLag,2020-02-20,11,1.0,0.008031952754577309,0.9630638794457207,0.834
EDF,2020-02-20,11,2.0,-1.1102230246251565e-16,-1.331202667416255e-14,0.834
LLF,2020-02-20,11,2.0,0.0,0.0,0.834
MPC,2020-02-20,11,2.0,0.0,0.0,0.834
PPOLag,2020-02-20,11,2.0,0.010635254887135081,1.2752104181217128,0.834
EDF,2020-02-20,26,0.5,0.0,0.0,2.865
LLF,2020-02-20,26,0.5,0.0,0.0,2.865
MPC,2020-02-20,26,0.5,0.0,0.0,2.865
PPOLag,2020-02-20,26,0.5,0.014676455485927864,0.512267207187709,2.865
EDF,2020-02-20,26,1.0,0.0,0.0,2.865
LLF,2020-02-20,26,1.0,0.0,0.0,2.865
MPC,2020-02-20,26,1.0,0.0,0.0,2.865
PPOLag,2020-02-20,26,1.0,0.012875377949065837,0.4494023716951426,2.865
EDF,2020-02-20,26,2.0,0.0,0.0,2.865
LLF,2020-02-20,26,2.0,0.0,0.0,2.865
MPC,2020-02-20,26,2.0,0.0,0.0,2.865
PPOLag,2020-02-20,26,2.0,0.014049081733516733,0.49036934497440604,2.865
EDF,2020-02-20,29,0.5,0.0,0.0,5.861
LLF,2020-02-20,29,0.5,0.0,0.0,5.861
MPC,2020-02-20,29,0.5,8.881784197001252e-16,1.515404230848192e-14,5.861
PPOLag,2020-02-20,29,0.5,0.00777957275933403,0.13273456337372513,5.861
EDF,2020-02-20,29,1.0,0.0,0.0,5.861
LLF,2020-02-20,29,1.0,0.0,0.0,5.861
MPC,2020-02-20,29,1.0,0.0,0.0,5.861
PPOLag,2020-02-20,29,1.0,0.008233348606190382,0.14047685729722542,5.861
EDF,2020-02-20,29,2.0,0.0,0.0,5.861
LLF,2020-02-20,29,2.0,0.0,0.0,5.861
MPC,2020-02-20,29,2.0,0.0,0.0,5.861
PPOLag,2020-02-20,29,2.0,0.012619209558566524,0.21530813101120158,5.861
EDF,2020-02-20,23,0.5,0.0,0.0,1.709
LLF,2020-02-20,23,0.5,0.0,0.0,1.709
MPC,2020-02-20,23,0.5,0.0,0.0,1.709
PPOLag,2020-02-20,23,0.5,0.003126864534275775,0.18296457192953627,1.709
EDF,2020-02-20,23,1.0,0.0,0.0,1.709
LLF,2020-02-20,23,1.0,0.0,0.0,1.709
MPC,2020-02-20,23,1.0,0.0,0.0,1.709
PPOLag,2020-02-20,23,1.0,0.0030526824757581396,0.17862390144869159,1.709
EDF,2020-02-20,23,2.0,0.0,0.0,1.709
LLF,2020-02-20,23,2.0,0.0,0.0,1.709
MPC,2020-02-20,23,2.0,0.0,0.0,1.709
PPOLag,2020-02-20,23,2.0,0.005833179113817222,0.3413211886376373,1.709
EDF,2020-02-21,0,0.5,0.0,0.0,5.776
LLF,2020-02-21,0,0.5,0.0,0.0,5.776
MPC,2020-02-21,0,0.5,0.0,0.0,5.776
PPOLag,2020-02-21,0,0.5,0.003134812322120517,0.054273066518707024,5.776
EDF,2020-02-21,0,1.0,0.0,0.0,5.776
LLF,2020-02-21,0,1.0,0.0,0.0,5.776
MPC,2020-02-21,0,1.0,0.0,0.0,5.776
PPOLag,2020-02-21,0,1.0,0.0047010920173669035,0.08139009725358212,5.776
EDF,2020-02-21,0,2.0,0.0,0.0,5.776
LLF,2020-02-21,0,2.0,0.0,0.0,5.776
MPC,2020-02-21,0,2.0,0.0,0.0,5.776
PPOLag,2020-02-21,0,2.0,0.005398855985036732,0.09347049835589911,5.776
EDF,2020-02-21,5,0.5,0.0,0.0,5.742
LLF,2020-02-21,5,0.5,0.0,0.0,5.742
MPC,2020-02-21,5,0.5,0.0,0.0,5.742
PPOLag,2020-02-21,5,0.5,0.004425853192111617,0.07707859965363317,5.742
EDF,2020-02-21,5,1.0,0.0,0.0,5.742
LLF,2020-02-21,5,1.0,8.881784197001252e-16,1.546810204981061e-14,5.742
MPC,2020-02-21,5,1.0,0.0,0.0,5.742
PPOLag,2020-02-21,5,1.0,0.006216607767302484,0.10826554801989696,5.742
EDF,2020-02-21,5,2.0,0.0,0.0,5.742
LLF,2020-02-21,5,2.0,8.881784197001252e-16,1.546810204981061e-14,5.742
MPC,2020-02-21,5,2.0,0.0,0.0,5.742
PPOLag,2020-02-21,5,2.0,0.00819399162759744,0.1427027451688861,5.742
EDF,2020-02-21,25,0.5,0.0,0.0,9.297
LLF,2020-02-21,25,0.5,0.0,0.0,9.297
MPC,2020-02-21,25,0.5,0.0,0.0,9.297
PPOLag,2020-02-21,25,0.5,-0.0036348147659712284,-0.039096641561484645,9.297
EDF,2020-02-21,25,1.0,0.0,0.0,9.297
LLF,2020-02-21,25,1.0,0.0,0.0,9.297
MPC,2020-02-21,25,1.0,0.0,0.0,9.297
PPOLag,2020-02-21,25,1.0,0.0035174316965825626,0.03783405073230679,9.297
EDF,2020-02-21,25,2.0,0.0,0.0,9.297
LLF,2020-02-21,25,2.0,-1.7763568394002505e-15,-1.9106774652040984e-14,9.297
MPC,2020-02-21,25,2.0,0.0,0.0,9.297
PPOLag,2020-02-21,25,2.0,0.003925272164304517,0.042220847201296284,9.297
EDF,2020-02-21,33,0.5,0.0,0.0,0.887
LLF,2020-02-21,33,0.5,1.1102230246251565e-16,1.2516606816518112e-14,0.887
MPC,2020-02-21,33,0.5,0.0,0.0,0.887
PPOLag,2020-02-21,33,0.5,0.0006650355718936351,0.07497582546715167,0.887
EDF,2020-02-21,33,1.0,0.0,0.0,0.887
LLF,2020-02-21,33,1.0,1.1102230246251565e-16,1.2516606816518112e-14,0.887
MPC,2020-02-21,33,1.0,0.0,0.0,0.887
PPOLag,2020-02-21,33,1.0,0.0034106252446214126,0.38451242893138815,0.887
EDF,2020-02-21,33,2.0,0.0,0.0,0.887
LLF,2020-02-21,33,2.0,1.1102230246251565e-16,1.2516606816518112e-14,0.887
MPC,2020-02-21,33,2.0,0.0,0.0,0.887
PPOLag,2020-02-21,33,2.0,0.007622205267329596,0.8593241564069443,0.887
EDF,2020-02-21,26,0.5,0.0,0.0,15.892
LLF,2020-02-21,26,0.5,0.0,0.0,15.892
MPC,2020-02-21,26,0.5,1.7763568394002505e-15,1.1177679583439784e-14,15.892
PPOLag,2020-02-21,26,0.5,0.0030102728778899747,0.018942064421658536,15.892
EDF,2020-02-21,26,1.0,0.0,0.0,15.892
LLF,2020-02-21,26,1.0,0.0,0.0,15.892
MPC,2020-02-21,26,1.0,0.0,0.0,15.892
PPOLag,2020-02-21,26,1.0,0.0077145739062579825,0.04854375727572353,15.892
EDF,2020-02-21,26,2.0,0.0,0.0,15.892
LLF,2020-02-21,26,2.0,0.0,0.0,15.892
MPC,2020-02-21,26,2.0,1.7763568394002505e-15,1.1177679583439784e-14,15.892
PPOLag,2020-02-21,26,2.0,0.008653363149077008,0.054451064366203186,15.892
EDF,2020-02-24,14,0.5,8.881784197001252e-16,2.13401830778502e-14,4.162
LLF,2020-02-24,14,0.5,0.0,0.0,4.162
MPC,2020-02-24,14,0.5,0.0,0.0,4.162
PPOLag,2020-02-24,14,0.5,0.0042479432675085246,0.10206495116550998,4.162
EDF,2020-02-24,14,1.0,8.881784197001252e-16,2.13401830778502e-14,4.162
LLF,2020-02-24,14,1.0,0.0,0.0,4.162
MPC,2020-02-24,14,1.0,0.0,0.0,4.162
PPOLag,2020-02-24,14,1.0,0.0035854149115991164,0.0861464418932993,4.162
EDF,2020-02-24,14,2.0,8.881784197001252e-16,2.13401830778502e-14,4.162
LLF,2020-02-24,14,2.0,0.0,0.0,4.162
MPC,2020-02-24,14,2.0,0.0,0.0,4.162
PPOLag,2020-02-24,14,2.0,0.004623298014837474,0.11108356594996334,4.162
EDF,2020-02-24,5,0.5,0.0,0.0,0.931
LLF,2020-02-24,5,0.5,0.0,0.0,0.931
MPC,2020-02-24,5,0.5,0.0,0.0,0.931
PPOLag,2020-02-24,5,0.5,0.006129028136653392,0.6583274045814599,0.931
EDF,2020-02-24,5,1.0,0.0,0.0,0.931
LLF,2020-02-24,5,1.0,0.0,0.0,0.931
MPC,2020-02-24,5,1.0,0.0,0.0,0.931
PPOLag,2020-02-24,5,1.0,0.009107310711623628,0.9782288626878225,0.931
EDF,2020-02-24,5,2.0,0.0,0.0,0.931
LLF,2020-02-24,5,2.0,0.0,0.0,0.931
MPC,2020-02-24,5,2.0,0.0,0.0,0.931
PPOLag,2020-02-24,5,2.0,0.011926813679981784,1.2810755832418674,0.931
EDF,2020-02-24,13,0.5,0.0,0.0,4.472
LLF,2020-02-24,13,0.5,0.0,0.0,4.472
MPC,2020-02-24,13,0.5,0.0,0.0,4.472
PPOLag,2020-02-24,13,0.5,0.002415654348166996,0.05401731547779507,4.472
EDF,2020-02-24,13,1.0,0.0,0.0,4.472
LLF,2020-02-24,13,1.0,8.881784197001252e-16,1.986087700581675e-14,4.472
MPC,2020-02-24,13,1.0,0.0,0.0,4.472
PPOLag,2020-02-24,13,1.0,0.0037839858690183804,0.08461506862742352,4.472
EDF,2020-02-24,13,2.0,8.881784197001252e-16,1.986087700581675e-14,4.472
LLF,2020-02-24,13,2.0,0.0,0.0,4.472
MPC,2020-02-24,13,2.0,0.0,0.0,4.472
PPOLag,2020-02-24,13,2.0,0.006316584919818347,0.14124742665067855,4.472
EDF,2020-02-24,19,0.5,0.0,0.0,29.888
LLF,2020-02-24,19,0.5,0.0,0.0,29.888
MPC,2020-02-24,19,0.5,0.0,0.0,29.888
PPOLag,2020-02-24,19,0.5,0.004490710000814602,0.015025127144053135,29.888
EDF,2020-02-24,19,1.0,7.105427357601002e-15,2.3773512304607204e-14,29.888
LLF,2020-02-24,19,1.0,0.0,0.0,29.888
MPC,2020-02-24,19,1.0,3.552713678800501e-15,1.1886756152303602e-14,29.888
PPOLag,2020-02-24,19,1.0,0.007792742650295992,0.02607314858905243,29.888
EDF,2020-02-24,19,2.0,0.0,0.0,29.888
LLF,2020-02-24,19,2.0,0.0,0.0,29.888
MPC,2020-02-24,19,2.0,0.0,0.0,29.888
PPOLag,2020-02-24,19,2.0,0.009789848076187723,0.03275511267461095,29.888
EDF,2020-02-24,0,0.5,0.0,0.0,28.692
LLF,2020-02-24,0,0.5,0.0,0.0,28.692
MPC,2020-02-24,0,0.5,-7.105427357601002e-15,-2.476448960546843e-14,28.692
PPOLag,2020-02-24,0,0.5,0.002297806462595986,0.008008526636679164,28.692
EDF,2020-02-24,0,1.0,-3.552713678800501e-15,-1.2382244802734215e-14,28.692
LLF,2020-02-24,0,1.0,0.0,0.0,28.692
MPC,2020-02-24,0,1.0,-3.552713678800501e-15,-1.2382244802734215e-14,28.692
PPOLag,2020-02-24,0,1.0,0.005404219212705641,0.018835282352940335,28.692
EDF,2020-02-24,0,2.0,-3.552713678800501e-15,-1.2382244802734215e-14,28.692
LLF,2020-02-24,0,2.0,3.552713678800501e-15,1.2382244802734215e-14,28.692
MPC,2020-02-24,0,2.0,-3.552713678800501e-15,-1.2382244802734215e-14,28.692
PPOLag,2020-02-24,0,2.0,0.009833959802873693,0.0342742220928262,28.692
EDF,2020-02-25,14,0.5,0.0,0.0,0.928
LLF,2020-02-25,14,0.5,0.0,0.0,0.928
MPC,2020-02-25,14,0.5,0.0,0.0,0.928
PPOLag,2020-02-25,14,0.5,0.004019210726387623,0.43310460413659735,0.928
EDF,2020-02-25,14,1.0,0.0,0.0,0.928
LLF,2020-02-25,14,1.0,0.0,0.0,0.928
MPC,2020-02-25,14,1.0,0.0,0.0,0.928
PPOLag,2020-02-25,14,1.0,0.0062566731323634665,0.6742104668495115,0.928
EDF,2020-02-25,14,2.0,-1.1102230246251565e-16,-1.1963610179150392e-14,0.928
LLF,2020-02-25,14,2.0,0.0,0.0,0.928
MPC,2020-02-25,14,2.0,0.0,0.0,0.928
PPOLag,2020-02-25,14,2.0,0.009337279001179977,1.0061723061616354,0.928
EDF,2020-02-25,3,0.5,0.0,0.0,4.957
LLF,2020-02-25,3,0.5,0.0,0.0,4.957
MPC,2020-02-25,3,0.5,8.881784197001252e-16,1.791766027234467e-14,4.957
PPOLag,2020-02-25,3,0.5,-0.0012274790848980643,-0.02476253953798798,4.957
EDF,2020-02-25,3,1.0,0.0,0.0,4.957
LLF,2020-02-25,3,1.0,0.0,0.0,4.957
MPC,2020-02-25,3,1.0,0.0,0.0,4.957
PPOLag,2020-02-25,3,1.0,0.0023219223796260733,0.04684128262307996,4.957
EDF,2020-02-25,3,2.0,0.0,0.0,4.957
LLF,2020-02-25,3,2.0,0.0,0.0,4.957
MPC,2020-02-25,3,2.0,0.0,0.0,4.957
PPOLag,2020-02-25,3,2.0,0.003274101004807939,0.066050050530723,4.957
EDF,2020-02-25,10,0.5,8.881784197001252e-16,1.2836803290939808e-14,6.919
LLF,2020-02-25,10,0.5,-8.881784197001252e-16,-1.2836803290939808e-14,6.919
MPC,2020-02-25,10,0.5,0.0,0.0,6.919
PPOLag,2020-02-25,10,0.5,0.001928516950159853,0.027872769911256735,6.919
EDF,2020-02-25,10,1.0,8.881784197001252e-16,1.2836803290939808e-14,6.919
LLF,2020-02-25,10,1.0,8.881784197001252e-16,1.2836803290939808e-14,6.919
MPC,2020-02-25,10,1.0,0.0,0.0,6.919
PPOLag,2020-02-25,10,1.0,0.0017416195912787202,0.02517155067609077,6.919
EDF,2020-02-25,10,2.0,8.881784197001252e-16,1.2836803290939808e-14,6.919
LLF,2020-02-25,10,2.0,8.881784197001252e-16,1.2836803290939808e-14,6.919
MPC,2020-02-25,10,2.0,0.0,0.0,6.919
PPOLag,2020-02-25,10,2.0,0.003039065512582084,0.043923479008268304,6.919
EDF,2020-02-25,6,0.5,1.7763568394002505e-15,1.3111579859759746e-14,13.548
LLF,2020-02-25,6,0.5,1.7763568394002505e-15,1.3111579859759746e-14,13.548
MPC,2020-02-25,6,0.5,0.0,0.0,13.548
PPOLag,2020-02-25,6,0.5,0.005200871611127411,0.03838848251496465,13.548
EDF,2020-02-25,6,1.0,0.0,0.0,13.548
LLF,2020-02-25,6,1.0,0.0,0.0,13.548
MPC,2020-02-25,6,1.0,0.0,0.0,13.548
PPOLag,2020-02-25,6,1.0,0.009570070753570548,0.0706382547502993,13.548
EDF,2020-02-25,6,2.0,0.0,0.0,13.548
LLF,2020-02-25,6,2.0,0.0,0.0,13.548
MPC,2020-02-25,6,2.0,1.7763568394002505e-15,1.3111579859759746e-14,13.548
PPOLag,2020-02-25,6,2.0,0.009830683313378686,0.07256187860480282,13.548
EDF,2020-02-25,19,0.5,0.0,0.0,6.368
LLF,2020-02-25,19,0.5,0.0,0.0,6.368
MPC,2020-02-25,19,0.5,0.0,0.0,6.368
PPOLag,2020-02-25,19,0.5,0.0012336509894318227,0.019372660009921838,6.368
EDF,2020-02-25,19,1.0,-8.881784197001252e-16,-1.3947525434989404e-14,6.368
LLF,2020-02-25,19,1.0,0.0,0.0,6.368
MPC,2020-02-25,19,1.0,0.0,0.0,6.368
PPOLag,2020-02-25,19,1.0,0.003973705675198147,0.06240115695976989,6.368
EDF,2020-02-25,19,2.0,0.0,0.0,6.368
LLF,2020-02-25,19,2.0,-8.881784197001252e-16,-1.3947525434989404e-14,6.368
MPC,2020-02-25,19,2.0,8.881784197001252e-16,1.3947525434989404e-14,6.368
PPOLag,2020-02-25,19,2.0,0.007457118680908081,0.11710299436099374,6.368
EDF,2020-02-26,25,0.5,0.0,0.0,3.157
LLF,2020-02-26,25,0.5,0.0,0.0,3.157
MPC,2020-02-26,25,0.5,0.0,0.0,3.157
PPOLag,2020-02-26,25,0.5,0.002690331836210014,0.08521798657618036,3.157
EDF,2020-02-26,25,1.0,0.0,0.0,3.157
LLF,2020-02-26,25,1.0,0.0,0.0,3.157
MPC,2020-02-26,25,1.0,0.0,0.0,3.157
PPOLag,2020-02-26,25,1.0,0.00417191528218046,0.13214809256194046,3.157
EDF,2020-02-26,25,2.0,0.0,0.0,3.157
LLF,2020-02-26,25,2.0,0.0,0.0,3.157
MPC,2020-02-26,25,2.0,0.0,0.0,3.157
PPOLag,2020-02-26,25,2.0,0.005715633240827511,0.18104634909178055,3.157
EDF,2020-02-26,36,0.5,0.0,0.0,5.707
LLF,2020-02-26,36,0.5,0.0,0.0,5.707
MPC,2020-02-26,36,0.5,0.0,0.0,5.707
PPOLag,2020-02-26,36,0.5,0.0017983994319402895,0.031512168073248456,5.707
EDF,2020-02-26,36,1.0,0.0,0.0,5.707
LLF,2020-02-26,36,1.0,0.0,0.0,5.707
MPC,2020-02-26,36,1.0,0.0,0.0,5.707
PPOLag,2020-02-26,36,1.0,0.0011606090076398345,0.020336586781843958,5.707
EDF,2020-02-26,36,2.0,0.0,0.0,5.707
LLF,2020-02-26,36,2.0,0.0,0.0,5.707
MPC,2020-02-26,36,2.0,1.7763568394002505e-15,3.112593025057386e-14,5.707
PPOLag,2020-02-26,36,2.0,0.004347677334019195,0.07618148473837735,5.707
EDF,2020-02-26,39,0.5,0.0,0.0,14.975999999999999
LLF,2020-02-26,39,0.5,0.0,0.0,14.975999999999999
MPC,2020-02-26,39,0.5,0.0,0.0,14.975999999999999
PPOLag,2020-02-26,39,0.5,0.03094373321533226,0.20662215020921648,14.975999999999999
EDF,2020-02-26,39,1.0,0.0,0.0,14.975999999999999
LLF,2020-02-26,39,1.0,0.0,0.0,14.975999999999999
MPC,2020-02-26,39,1.0,0.0,0.0,14.975999999999999
PPOLag,2020-02-26,39,1.0,0.03968564605712821,0.26499496565924285,14.975999999999999
EDF,2020-02-26,39,2.0,0.0,0.0,14.975999999999999
LLF,2020-02-26,39,2.0,0.0,0.0,14.975999999999999
MPC,2020-02-26,39,2.0,0.0,0.0,14.975999999999999
PPOLag,2020-02-26,39,2.0,0.04449800262451191,0.2971287568410251,14.975999999999999
EDF,2020-02-26,2,0.5,0.0,0.0,3.119
LLF,2020-02-26,2,0.5,0.0,0.0,3.119
MPC,2020-02-26,2,0.5,0.0,0.0,3.119
PPOLag,2020-02-26,2,0.5,0.002454300467271331,0.07868869725140529,3.119
EDF,2020-02-26,2,1.0,0.0,0.0,3.119
LLF,2020-02-26,2,1.0,0.0,0.0,3.119
MPC,2020-02-26,2,1.0,0.0,0.0,3.119
PPOLag,2020-02-26,2,1.0,0.004067456604367336,0.1304089966132522,3.119
EDF,2020-02-26,2,2.0,0.0,0.0,3.119
LLF,2020-02-26,2,2.0,0.0,0.0,3.119
MPC,2020-02-26,2,2.0,0.0,0.0,3.119
PPOLag,2020-02-26,2,2.0,0.005804322007312557,0.1860956078009797,3.119
EDF,2020-02-26,13,0.5,0.0,0.0,5.939
LLF,2020-02-26,13,0.5,0.0,0.0,5.939
MPC,2020-02-26,13,0.5,8.881784197001252e-16,1.4955016327666697e-14,5.939
PPOLag,2020-02-26,13,0.5,0.006716812173082687,0.113096685857597,5.939
EDF,2020-02-26,13,1.0,0.0,0.0,5.939
LLF,2020-02-26,13,1.0,0.0,0.0,5.939
MPC,2020-02-26,13,1.0,8.881784197001252e-16,1.4955016327666697e-14,5.939
PPOLag,2020-02-26,13,1.0,0.004460789355387185,0.07511010869485071,5.939
EDF,2020-02-26,13,2.0,8.881784197001252e-16,1.4955016327666697e-14,5.939
LLF,2020-02-26,13,2.0,-8.881784197001252e-16,-1.4955016327666697e-14,5.939
MPC,2020-02-26,13,2.0,0.0,0.0,5.939
PPOLag,2020-02-26,13,2.0,0.006290045399942379,0.10591085031053002,5.939
EDF,2020-02-27,34,0.5,0.0,0.0,9.559
LLF,2020-02-27,34,0.5,0.0,0.0,9.559
MPC,2020-02-27,34,0.5,0.0,0.0,9.559
PPOLag,2020-02-27,34,0.5,-0.0021004710984176,-0.021973753514150016,9.559
EDF,2020-02-27,34,1.0,0.0,0.0,9.559
LLF,2020-02-27,34,1.0,0.0,0.0,9.559
MPC,2020-02-27,34,1.0,0.0,0.0,9.559
PPOLag,2020-02-27,34,1.0,0.00092528080828842,0.00967968206181002,9.559
EDF,2020-02-27,34,2.0,0.0,0.0,9.559
LLF,2020-02-27,34,2.0,0.0,0.0,9.559
MPC,2020-02-27,34,2.0,3.552713678800501e-15,3.716616464902711e-14,9.559
PPOLag,2020-02-27,34,2.0,0.0014694477486766999,0.015372400341842243,9.559
EDF,2020-02-27,8,0.5,0.0,0.0,4.535
LLF,2020-02-27,8,0.5,0.0,0.0,4.535
MPC,2020-02-27,8,0.5,0.0,0.0,4.535
PPOLag,2020-02-27,8,0.5,0.003739191694774213,0.08245185655510943,4.535
EDF,2020-02-27,8,1.0,0.0,0.0,4.535
LLF,2020-02-27,8,1.0,0.0,0.0,4.535
MPC,2020-02-27,8,1.0,0.0,0.0,4.535
PPOLag,2020-02-27,8,1.0,0.005759455100631428,0.1270001124725783,4.535
EDF,2020-02-27,8,2.0,0.0,0.0,4.535
LLF,2020-02-27,8,2.0,0.0,0.0,4.535
MPC,2020-02-27,8,2.0,0.0,0.0,4.535
PPOLag,2020-02-27,8,2.0,0.008055626322884635,0.17763233347044396,4.535
EDF,2020-02-27,7,0.5,0.0,0.0,0.723
LLF,2020-02-27,7,0.5,0.0,0.0,0.723
MPC,2020-02-27,7,0.5,0.0,0.0,0.723
PPOLag,2020-02-27,7,0.5,0.004212727889787593,0.582673290427053,0.723
EDF,2020-02-27,7,1.0,0.0,0.0,0.723
LLF,2020-02-27,7,1.0,0.0,0.0,0.723
MPC,2020-02-27,7,1.0,0.0,0.0,0.723
PPOLag,2020-02-27,7,1.0,0.007595657895800012,1.05057508932227,0.723
EDF,2020-02-27,7,2.0,0.0,0.0,0.723
LLF,2020-02-27,7,2.0,0.0,0.0,0.723
MPC,2020-02-27,7,2.0,0.0,0.0,0.723
PPOLag,2020-02-27,7,2.0,0.010232166498837491,1.415237413393844,0.723
EDF,2020-02-27,14,0.5,0.0,0.0,13.433
LLF,2020-02-27,14,0.5,0.0,0.0,13.433
MPC,2020-02-27,14,0.5,0.0,0.0,13.433
PPOLag,2020-02-27,14,0.5,0.004554223589520489,0.033903250126706544,13.433
EDF,2020-02-27,14,1.0,0.0,0.0,13.433
LLF,2020-02-27,14,1.0,0.0,0.0,13.433
MPC,2020-02-27,14,1.0,-1.7763568394002505e-15,-1.3223828179857445e-14,13.433
PPOLag,2020-02-27,14,1.0,0.0057421048098248665,0.04274625779665649,13.433
EDF,2020-02-27,14,2.0,0.0,0.0,13.433
LLF,2020-02-27,14,2.0,0.0,0.0,13.433
MPC,2020-02-27,14,2.0,0.0,0.0,13.433
PPOLag,2020-02-27,14,2.0,0.00903787666069924,0.0672811483711698,13.433
EDF,2020-02-27,13,0.5,0.0,0.0,11.05
LLF,2020-02-27,13,0.5,0.0,0.0,11.05
MPC,2020-02-27,13,0.5,0.0,0.0,11.05
PPOLag,2020-02-27,13,0.5,0.010341306760727064,0.09358648652241688,11.05
EDF,2020-02-27,13,1.0,0.0,0.0,11.05
LLF,2020-02-27,13,1.0,1.7763568394002505e-15,1.607562750588462e-14,11.05
MPC,2020-02-27,13,1.0,0.0,0.0,11.05
PPOLag,2020-02-27,13,1.0,0.010359215842477454,0.09374855966042944,11.05
EDF,2020-02-27,13,2.0,-1.7763568394002505e-15,-1.607562750588462e-14,11.05
LLF,2020-02-27,13,2.0,0.0,0.0,11.05
MPC,2020-02-27,13,2.0,0.0,0.0,11.05
PPOLag,2020-02-27,13,2.0,0.011550970165541585,0.10453366665648492,11.05
EDF,2020-02-28,5,0.5,0.0,0.0,8.092
LLF,2020-02-28,5,0.5,0.0,0.0,8.092
MPC,2020-02-28,5,0.5,0.0,0.0,8.092
PPOLag,2020-02-28,5,0.5,0.002907087772680228,0.03592545443252877,8.092
EDF,2020-02-28,5,1.0,0.0,0.0,8.092
LLF,2020-02-28,5,1.0,0.0,0.0,8.092
MPC,2020-02-28,5,1.0,0.0,0.0,8.092
PPOLag,2020-02-28,5,1.0,0.004185043431470703,0.05171828264298941,8.092
EDF,2020-02-28,5,2.0,0.0,0.0,8.092
LLF,2020-02-28,5,2.0,0.0,0.0,8.092
MPC,2020-02-28,5,2.0,0.0,0.0,8.092
PPOLag,2020-02-28,5,2.0,0.005037990862018305,0.06225890832944024,8.092
EDF,2020-02-28,20,0.5,0.0,0.0,4.164
LLF,2020-02-28,20,0.5,0.0,0.0,4.164
MPC,2020-02-28,20,0.5,0.0,0.0,4.164
PPOLag,2020-02-28,20,0.5,0.004673035746862553,0.11222468172100271,4.164
EDF,2020-02-28,20,1.0,0.0,0.0,4.164
LLF,2020-02-28,20,1.0,0.0,0.0,4.164
MPC,2020-02-28,20,1.0,0.0,0.0,4.164
PPOLag,2020-02-28,20,1.0,0.007238285188769389,0.17383009579177205,4.164
EDF,2020-02-28,20,2.0,0.0,0.0,4.164
LLF,2020-02-28,20,2.0,0.0,0.0,4.164
MPC,2020-02-28,20,2.0,0.0,0.0,4.164
PPOLag,2020-02-28,20,2.0,0.008700360620473547,0.20894237801329366,4.164
EDF,2020-02-28,29,0.5,0.0,0.0,7.888
LLF,2020-02-28,29,0.5,0.0,0.0,7.888
MPC,2020-02-28,29,0.5,8.881784197001252e-16,1.1259868403906254e-14,7.888
PPOLag,2020-02-28,29,0.5,0.0001256033266271217,0.0015923342625142208,7.888
EDF,2020-02-28,29,1.0,0.0,0.0,7.888
LLF,2020-02-28,29,1.0,0.0,0.0,7.888
MPC,2020-02-28,29,1.0,0.0,0.0,7.888
PPOLag,2020-02-28,29,1.0,0.003993062640956779,0.050621990884340516,7.888
EDF,2020-02-28,29,2.0,0.0,0.0,7.888
LLF,2020-02-28,29,2.0,0.0,0.0,7.888
MPC,2020-02-28,29,2.0,1.7763568394002505e-15,2.2519736807812508e-14,7.888
PPOLag,2020-02-28,29,2.0,0.006194961104713137,0.07853652516117059,7.888
EDF,2020-02-28,33,0.5,0.0,0.0,0.559
LLF,2020-02-28,33,0.5,0.0,0.0,0.559
MPC,2020-02-28,33,0.5,0.0,0.0,0.559
PPOLag,2020-02-28,33,0.5,0.006418317666829432,1.1481784734936373,0.559
EDF,2020-02-28,33,1.0,0.0,0.0,0.559
LLF,2020-02-28,33,1.0,0.0,0.0,0.559
MPC,2020-02-28,33,1.0,0.0,0.0,0.559
PPOLag,2020-02-28,33,1.0,0.006672239691899407,1.1936028071376397,0.559
EDF,2020-02-28,33,2.0,0.0,0.0,0.559
LLF,2020-02-28,33,2.0,0.0,0.0,0.559
MPC,2020-02-28,33,2.0,0.0,0.0,0.559
PPOLag,2020-02-28,33,2.0,0.0110952173620134,1.9848331595730584,0.559
EDF,2020-02-28,7,0.5,0.0,0.0,11.282
LLF,2020-02-28,7,0.5,0.0,0.0,11.282
MPC,2020-02-28,7,0.5,0.0,0.0,11.282
PPOLag,2020-02-28,7,0.5,0.0028646054647591514,0.025390936578258742,11.282
EDF,2020-02-28,7,1.0,0.0,0.0,11.282
LLF,2020-02-28,7,1.0,0.0,0.0,11.282
MPC,2020-02-28,7,1.0,0.0,0.0,11.282
PPOLag,2020-02-28,7,1.0,0.004349760478500997,0.03855487039976065,11.282
EDF,2020-02-28,7,2.0,1.7763568394002505e-15,1.5745052644923335e-14,11.282
LLF,2020-02-28,7,2.0,0.0,0.0,11.282
MPC,2020-02-28,7,2.0,0.0,0.0,11.282
PPOLag,2020-02-28,7,2.0,0.00639613952495246,0.05669331257713579,11.282
