method,date,focal,s,gain_kwh,gain_pct,e_i
EDF,2019-11-01,7,0.5,0.0,0.0,8.995
LLF,2019-11-01,7,0.5,1.7763568394002505e-15,1.974826947637855e-14,8.995
MPC,2019-11-01,7,0.5,0.0,0.0,8.995
PPOLag,2019-11-01,7,0.5,0.003192749779766757,0.03549471684009736,8.995
EDF,2019-11-01,7,1.0,-1.7763568394002505e-15,-1.974826947637855e-14,8.995
LLF,2019-11-01,7,1.0,0.0,0.0,8.995
MPC,2019-11-01,7,1.0,0.0,0.0,8.995
PPOLag,2019-11-01,7,1.0,0.0038717840951438378,0.043043736466301705,8.995
EDF,2019-11-01,7,2.0,0.0,0.0,8.995
LLF,2019-11-01,7,2.0,1.7763568394002505e-15,1.974826947637855e-14,8.995
MPC,2019-11-01,7,2.0,1.7763568394002505e-15,1.974826947637855e-14,8.995
PPOLag,2019-11-01,7,2.0,-0.004601051883105711,-0.05115121604342092,8.995
EDF,2019-11-01,11,0.5,0.0,0.0,6.514
LLF,2019-11-01,11,0.5,0.0,0.0,6.514
MPC,2019-11-01,11,0.5,8.881784197001252e-16,1.363491586889968e-14,6.514
PPOLag,2019-11-01,11,0.5,-0.022292774537609538,-0.3422286542463853,6.514
EDF,2019-11-01,11,1.0,0.0,0.0,6.514
LLF,2019-11-01,11,1.0,0.0,0.0,6.514
MPC,2019-11-01,11,1.0,8.881784197001252e-16,1.363491586889968e-14,6.514
PPOLag,2019-11-01,11,1.0,-0.958876472969943,-14.72024060438967,6.514
EDF,2019-11-01,11,2.0,-6.514000000000001,-100.00000000000001,6.514
LLF,2019-11-01,11,2.0,-6.514,-100.0,6.514
MPC,2019-11-01,11,2.0,-6.514,-100.0,6.514
PPOLag,2019-11-01,11,2.0,-6.411165381338771,-98.42132915779507,6.514
EDF,2019-11-01,3,0.5,0.0,0.0,13.43
LLF,2019-11-01,3,0.5,0.0,0.0,13.43
MPC,2019-11-01,3,0.5,0.0,0.0,13.43
PPOLag,2019-11-01,3,0.5,-0.0006862936783761598,-0.005110153971527624,13.43
EDF,2019-11-01,3,1.0,0.0,0.0,13.43
LLF,2019-11-01,3,1.0,0.0,0.0,13.43
MPC,2019-11-01,3,1.0,0.0,0.0,13.43
PPOLag,2019-11-01,3,1.0,-0.07361688870845491,-0.5481525592587857,13.43
EDF,2019-11-01,3,2.0,-1.7820000000000018,-13.268801191362636,13.43
LLF,2019-11-01,3,2.0,-1.7820000000000018,-13.268801191362636,13.43
MPC,2019-11-01,3,2.0,-1.782,-13.26880119136262,13.43
PPOLag,2019-11-01,3,2.0,-2.224530880620673,-16.56389337766696,13.43
EDF,2019-11-01,35,0.5,0.0,0.0,17.85
LLF,2019-11-01,35,0.5,0.0,0.0,17.85
MPC,2019-11-01,35,0.5,0.0,0.0,17.85
PPOLag,2019-11-01,35,0.5,0.0011093308379471977,0.006214738587939484,17.85
EDF,2019-11-01,35,1.0,-3.552713678800501e-15,-1.9903157864428575e-14,17.85
LLF,2019-11-01,35,1.0,0.0,0.0,17.85
MPC,2019-11-01,35,1.0,0.0,0.0,17.85
PPOLag,2019-11-01,35,1.0,-0.003083729263868662,-0.017275794195342642,17.85
EDF,2019-11-01,35,2.0,-3.552713678800501e-15,-1.9903157864428575e-14,17.85
LLF,2019-11-01,35,2.0,0.0,0.0,17.85
MPC,2019-11-01,35,2.0,0.0,0.0,17.85
PPOLag,2019-11-01,35,2.0,-0.14640149727585766,-0.8201764553269335,17.85
EDF,2019-11-01,21,0.5,0.0,0.0,5.03
LLF,2019-11-01,21,0.5,0.0,0.0,5.03
MPC,2019-11-01,21,0.5,-8.881784197001252e-16,-1.765762265805418e-14,5.03
PPOLag,2019-11-01,21,0.5,0.0034250947058565018,0.0680933341124553,5.03
EDF,2019-11-01,21,1.0,0.0,0.0,5.03
LLF,2019-11-01,21,1.0,8.881784197001252e-16,1.765762265805418e-14,5.03
MPC,2019-11-01,21,1.0,0.0,0.0,5.03
PPOLag,2019-11-01,21,1.0,0.004496860032022276,0.089400795865254,5.03
EDF,2019-11-01,21,2.0,0.0,0.0,5.03
LLF,2019-11-01,21,2.0,0.0,0.0,5.03
MPC,2019-11-01,21,2.0,-8.881784197001252e-16,-1.765762265805418e-14,5.03
PPOLag,2019-11-01,21,2.0,0.005827107582918245,0.11584706924290744,5.03
EDF,2019-11-04,2,0.5,0.0,0.0,3.204
LLF,2019-11-04,2,0.5,0.0,0.0,3.204
MPC,2019-11-04,2,0.5,0.0,0.0,3.204
PPOLag,2019-11-04,2,0.5,0.0008034632833743948,0.025076881503570375,3.204
EDF,2019-11-04,2,1.0,0.0,0.0,3.204
LLF,2019-11-04,2,1.0,0.0,0.0,3.204
MPC,2019-11-04,2,1.0,0.0,0.0,3.204
PPOLag,2019-11-04,2,1.0,0.0014043317637608688,0.04383057939328554,3.204
EDF,2019-11-04,2,2.0,0.0,0.0,3.204
LLF,2019-11-04,2,2.0,0.0,0.0,3.204
MPC,2019-11-04,2,2.0,0.0,0.0,3.204
PPOLag,2019-11-04,2,2.0,0.0015696089992717432,0.04898904492109061,3.204
EDF,2019-11-04,32,0.5,2.220446049250313e-16,1.5334572163330892e-14,1.448
LLF,2019-11-04,32,0.5,0.0,0.0,1.448
MPC,2019-11-04,32,0.5,0.0,0.0,1.448
PPOLag,2019-11-04,32,0.5,-0.2644322043264198,-18.261892563979266,1.448
EDF,2019-11-04,32,1.0,2.220446049250313e-16,1.5334572163330892e-14,1.448
LLF,2019-11-04,32,1.0,-2.220446049250313e-16,-1.5334572163330892e-14,1.448
MPC,2019-11-04,32,1.0,0.0,0.0,1.448
PPOLag,2019-11-04,32,1.0,-0.3431584166812856,-23.698785682409223,1.448
EDF,2019-11-04,32,2.0,2.220446049250313e-16,1.5334572163330892e-14,1.448
LLF,2019-11-04,32,2.0,0.0,0.0,1.448
MPC,2019-11-04,32,2.0,0.0,0.0,1.448
PPOLag,2019-11-04,32,2.0,0.05798542724031808,4.004518455823073,1.448
EDF,2019-11-04,4,0.5,0.0,0.0,4.664
LLF,2019-11-04,4,0.5,0.0,0.0,4.664
MPC,2019-11-04,4,0.5,0.0,0.0,4.664
PPOLag,2019-11-04,4,0.5,0.005324022862329514,0.11415143358339438,4.664
EDF,2019-11-04,4,1.0,0.0,0.0,4.664
LLF,2019-11-04,4,1.0,0.0,0.0,4.664
MPC,2019-11-04,4,1.0,0.0,0.0,4.664
PPOLag,2019-11-04,4,1.0,0.006929622323879237,0.148576807973397,4.664
EDF,2019-11-04,4,2.0,0.0,0.0,4.664
LLF,2019-11-04,4,2.0,0.0,0.0,4.664
MPC,2019-11-04,4,2.0,0.0,0.0,4.664
PPOLag,2019-11-04,4,2.0,-0.05162565927850142,-1.1068966397620374,4.664
EDF,2019-11-04,3,0.5,-1.343999999999994,-3.104141164514849,43.297
LLF,2019-11-04,3,0.5,0.0,0.0,43.297
MPC,2019-11-04,3,0.5,0.0,0.0,43.297
PPOLag,2019-11-04,3,0.5,0.00043074970243708324,0.0009948719367094331,43.297
EDF,2019-11-04,3,1.0,-4.6719999999999935,-10.790585952837365,43.297
LLF,2019-11-04,3,1.0,7.105427357601002e-15,1.641089996443403e-14,43.297
MPC,2019-11-04,3,1.0,-7.105427357601002e-15,-1.641089996443403e-14,43.297
PPOLag,2019-11-04,3,1.0,-0.03991976870507585,-0.09219984919295991,43.297
EDF,2019-11-04,3,2.0,-9.984000000000009,-23.059334364967572,43.297
LLF,2019-11-04,3,2.0,0.0,0.0,43.297
MPC,2019-11-04,3,2.0,-7.105427357601002e-15,-1.641089996443403e-14,43.297
PPOLag,2019-11-04,3,2.0,-0.21662936232809074,-0.5003334233967498,43.297
EDF,2019-11-04,28,0.5,0.0,0.0,11.664
LLF,2019-11-04,28,0.5,0.0,0.0,11.664
MPC,2019-11-04,28,0.5,0.0,0.0,11.664
PPOLag,2019-11-04,28,0.5,0.12740976008838664,1.0923333340911063,11.664
EDF,2019-11-04,28,1.0,0.0,0.0,11.664
LLF,2019-11-04,28,1.0,0.0,0.0,11.664
MPC,2019-11-04,28,1.0,0.0,0.0,11.664
PPOLag,2019-11-04,28,1.0,0.15312649790811933,1.312812910734905,11.664
EDF,2019-11-04,28,2.0,-1.6800000000000015,-14.403292181069972,11.664
LLF,2019-11-04,28,2.0,-1.6800000000000015,-14.403292181069972,11.664
MPC,2019-11-04,28,2.0,-1.6799999999999997,-14.403292181069956,11.664
PPOLag,2019-11-04,28,2.0,-1.8339417402025469,-15.72309448047451,11.664
EDF,2019-11-05,4,0.5,0.0,0.0,5.518
LLF,2019-11-05,4,0.5,0.0,0.0,5.518
MPC,2019-11-05,4,0.5,8.881784197001252e-16,1.6096020654224815e-14,5.518
PPOLag,2019-11-05,4,0.5,-0.0014985082932529536,-0.027156728765004596,5.518
EDF,2019-11-05,4,1.0,0.0,0.0,5.518
LLF,2019-11-05,4,1.0,0.0,0.0,5.518
MPC,2019-11-05,4,1.0,1.7763568394002505e-15,3.219204130844963e-14,5.518
PPOLag,2019-11-05,4,1.0,-0.00473228644359196,-0.08576089966640014,5.518
EDF,2019-11-05,4,2.0,0.0,0.0,5.518
LLF,2019-11-05,4,2.0,0.0,0.0,5.518
MPC,2019-11-05,4,2.0,8.881784197001252e-16,1.6096020654224815e-14,5.518
PPOLag,2019-11-05,4,2.0,-0.06624143220466472,-1.2004608953364393,5.518
EDF,2019-11-05,13,0.5,0.0,0.0,6.652
LLF,2019-11-05,13,0.5,0.0,0.0,6.652
MPC,2019-11-05,13,0.5,0.0,0.0,6.652
PPOLag,2019-11-05,13,0.5,-0.001544341443531927,-0.023216197287010326,6.652
EDF,2019-11-05,13,1.0,0.0,0.0,6.652
LLF,2019-11-05,13,1.0,0.0,0.0,6.652
MPC,2019-11-05,13,1.0,0.0,0.0,6.652
PPOLag,2019-11-05,13,1.0,-0.0034259331802134695,-0.051502302769294496,6.652
EDF,2019-11-05,13,2.0,0.0,0.0,6.652
LLF,2019-11-05,13,2.0,0.0,0.0,6.652
MPC,2019-11-05,13,2.0,-8.881784197001252e-16,-1.335205080727789e-14,6.652
PPOLag,2019-11-05,13,2.0,-0.510796382273327,-7.678839180296558,6.652
EDF,2019-11-05,7,0.5,0.0,0.0,17.383
LLF,2019-11-05,7,0.5,0.0,0.0,17.383
MPC,2019-11-05,7,0.5,0.0,0.0,17.383
PPOLag,2019-11-05,7,0.5,0.0011360518842757016,0.006535418997156426,17.383
EDF,2019-11-05,7,1.0,0.0,0.0,17.383
LLF,2019-11-05,7,1.0,0.0,0.0,17.383
MPC,2019-11-05,7,1.0,0.0,0.0,17.383
PPOLag,2019-11-05,7,1.0,0.0020364651749076755,0.011715268796569497,17.383
EDF,2019-11-05,7,2.0,0.0,0.0,17.383
LLF,2019-11-05,7,2.0,0.0,0.0,17.383
MPC,2019-11-05,7,2.0,0.0,0.0,17.383
PPOLag,2019-11-05,7,2.0,0.003625921031375867,0.02085900610582677,17.383
EDF,2019-11-05,26,0.5,0.0,0.0,6.564
LLF,2019-11-05,26,0.5,8.881784197001252e-16,1.353105453534621e-14,6.564
MPC,2019-11-05,26,0.5,0.0,0.0,6.564
PPOLag,2019-11-05,26,0.5,0.0030501249016886335,0.0464674726034222,6.564
EDF,2019-11-05,26,1.0,0.0,0.0,6.564
LLF,2019-11-05,26,1.0,8.881784197001252e-16,1.353105453534621e-14,6.564
MPC,2019-11-05,26,1.0,8.881784197001252e-16,1.353105453534621e-14,6.564
PPOLag,2019-11-05,26,1.0,0.00656215888138405,0.09997195127032374,6.564
EDF,2019-11-05,26,2.0,0.0,0.0,6.564
LLF,2019-11-05,26,2.0,8.881784197001252e-16,1.353105453534621e-14,6.564
MPC,2019-11-05,26,2.0,-8.881784197001252e-16,-1.353105453534621e-14,6.564
PPOLag,2019-11-05,26,2.0,0.005983818752190118,0.09116116319607126,6.564
EDF,2019-11-05,18,0.5,0.0,0.0,11.609
LLF,2019-11-05,18,0.5,0.0,0.0,11.609
MPC,2019-11-05,18,0.5,1.7763568394002505e-15,1.530154913774012e-14,11.609
PPOLag,2019-11-05,18,0.5,-0.00010153958354592873,-0.0008746626199149677,11.609
EDF,2019-11-05,18,1.0,0.0,0.0,11.609
LLF,2019-11-05,18,1.0,1.7763568394002505e-15,1.530154913774012e-14,11.609
MPC,2019-11-05,18,1.0,0.0,0.0,11.609
PPOLag,2019-11-05,18,1.0,-0.004672174992290579,-0.040246145165738476,11.609
EDF,2019-11-05,18,2.0,1.7763568394002505e-15,1.530154913774012e-14,11.609
LLF,2019-11-05,18,2.0,0.0,0.0,11.609
MPC,2019-11-05,18,2.0,0.0,0.0,11.609
PPOLag,2019-11-05,18,2.0,-0.001648745463588952,-0.014202303933060146,11.609
EDF,2019-11-06,15,0.5,0.0,0.0,4.137
LLF,2019-11-06,15,0.5,0.0,0.0,4.137
MPC,2019-11-06,15,0.5,0.0,0.0,4.137
PPOLag,2019-11-06,15,0.5,-0.0007875011994208592,-0.019035561987451273,4.137
EDF,2019-11-06,15,1.0,0.0,0.0,4.137
LLF,2019-11-06,15,1.0,0.0,0.0,4.137
MPC,2019-11-06,15,1.0,0.0,0.0,4.137
PPOLag,2019-11-06,15,1.0,-0.0023997891813371196,-0.05800795700597341,4.137
EDF,2019-11-06,15,2.0,-2.473,-59.77761663040851,4.137
LLF,2019-11-06,15,2.0,-2.473,-59.77761663040851,4.137
MPC,2019-11-06,15,2.0,-2.473,-59.77761663040851,4.137
PPOLag,2019-11-06,15,2.0,-2.5958060660641586,-62.74609780188928,4.137
EDF,2019-11-06,1,0.5,0.0,0.0,0.892
LLF,2019-11-06,1,0.5,0.0,0.0,0.892
MPC,2019-11-06,1,0.5,0.0,0.0,0.892
PPOLag,2019-11-06,1,0.5,-0.0004036002423425833,-0.045246663939751484,0.892
EDF,2019-11-06,1,1.0,0.0,0.0,0.892
LLF,2019-11-06,1,1.0,0.0,0.0,0.892
MPC,2019-11-06,1,1.0,0.0,0.0,0.892
PPOLag,2019-11-06,1,1.0,-0.0019066887850476056,-0.21375434809950736,0.892
EDF,2019-11-06,1,2.0,0.0,0.0,0.892
LLF,2019-11-06,1,2.0,0.0,0.0,0.892
MPC,2019-11-06,1,2.0,0.0,0.0,0.892
PPOLag,2019-11-06,1,2.0,-0.006503876247251928,-0.7291341084363148,0.892
EDF,2019-11-06,20,0.5,0.0,0.0,11.841
LLF,2019-11-06,20,0.5,0.0,0.0,11.841
MPC,2019-11-06,20,0.5,0.0,0.0,11.841
PPOLag,2019-11-06,20,0.5,0.004107579938060724,0.0346894682717737,11.841
EDF,2019-11-06,20,1.0,-1.7763568394002505e-15,-1.5001746806859644e-14,11.841
LLF,2019-11-06,20,1.0,-1.7763568394002505e-15,-1.5001746806859644e-14,11.841
MPC,2019-11-06,20,1.0,-1.7763568394002505e-15,-1.5001746806859644e-14,11.841
PPOLag,2019-11-06,20,1.0,0.0040084876762119135,0.03385261106504446,11.841
EDF,2019-11-06,20,2.0,-1.7763568394002505e-15,-1.5001746806859644e-14,11.841
LLF,2019-11-06,20,2.0,-1.7763568394002505e-15,-1.5001746806859644e-14,11.841
MPC,2019-11-06,20,2.0,-3.552713678800501e-15,-3.000349361371929e-14,11.841
PPOLag,2019-11-06,20,2.0,0.009829215091100352,0.08301000837007307,11.841
EDF,2019-11-06,6,0.5,0.0,0.0,16.297
LLF,2019-11-06,6,0.5,0.0,0.0,16.297
MPC,2019-11-06,6,0.5,-3.552713678800501e-15,-2.179980167393079e-14,16.297
PPOLag,2019-11-06,6,0.5,0.001080330361112658,0.006629013690327409,16.297
EDF,2019-11-06,6,1.0,0.0,0.0,16.297
LLF,2019-11-06,6,1.0,0.0,0.0,16.297
MPC,2019-11-06,6,1.0,-3.552713678800501e-15,-2.179980167393079e-14,16.297
PPOLag,2019-11-06,6,1.0,0.002326861439000538,0.014277851377557455,16.297
EDF,2019-11-06,6,2.0,3.552713678800501e-15,2.179980167393079e-14,16.297
LLF,2019-11-06,6,2.0,0.0,0.0,16.297
MPC,2019-11-06,6,2.0,-3.552713678800501e-15,-2.179980167393079e-14,16.297
PPOLag,2019-11-06,6,2.0,-0.0037194372781286233,-0.022822834129770035,16.297
EDF,2019-11-06,16,0.5,0.0,0.0,7.893
LLF,2019-11-06,16,0.5,0.0,0.0,7.893
MPC,2019-11-06,16,0.5,0.0,0.0,7.893
PPOLag,2019-11-06,16,0.5,-0.0012828355375718915,-0.016252825764245422,7.893
EDF,2019-11-06,16,1.0,0.0,0.0,7.893
LLF,2019-11-06,16,1.0,0.0,0.0,7.893
MPC,2019-11-06,16,1.0,0.0,0.0,7.893
PPOLag,2019-11-06,16,1.0,-0.004076857588949601,-0.0516515594697783,7.893
EDF,2019-11-06,16,2.0,-1.237000000000001,-15.67211453186369,7.893
LLF,2019-11-06,16,2.0,-1.237000000000001,-15.67211453186369,7.893
MPC,2019-11-06,16,2.0,-1.237000000000001,-15.67211453186369,7.893
PPOLag,2019-11-06,16,2.0,-1.6482409705868761,-20.88231306964242,7.893
EDF,2019-11-07,19,0.5,0.0,0.0,0.839
LLF,2019-11-07,19,0.5,0.0,0.0,0.839
MPC,2019-11-07,19,0.5,1.1102230246251565e-16,1.3232693976461938e-14,0.839
PPOLag,2019-11-07,19,0.5,0.000288534400575835,0.034390274204509554,0.839
EDF,2019-11-07,19,1.0,0.0,0.0,0.839
LLF,2019-11-07,19,1.0,0.0,0.0,0.839
MPC,2019-11-07,19,1.0,1.1102230246251565e-16,1.3232693976461938e-14,0.839
PPOLag,2019-11-07,19,1.0,0.0022149679850683945,0.2640009517363998,0.839
EDF,2019-11-07,19,2.0,0.0,0.0,0.839
LLF,2019-11-07,19,2.0,0.0,0.0,0.839
MPC,2019-11-07,19,2.0,1.1102230246251565e-16,1.3232693976461938e-14,0.839
PPOLag,2019-11-07,19,2.0,0.003589240818129702,0.42779985913345675,0.839
EDF,2019-11-07,15,0.5,8.881784197001252e-16,1.9584970665934403e-14,4.535
LLF,2019-11-07,15,0.5,0.0,0.0,4.535
MPC,2019-11-07,15,0.5,0.0,0.0,4.535
PPOLag,2019-11-07,15,0.5,-0.004094136516033941,-0.09027864423448602,4.535
EDF,2019-11-07,15,1.0,8.881784197001252e-16,1.9584970665934403e-14,4.535
LLF,2019-11-07,15,1.0,0.0,0.0,4.535
MPC,2019-11-07,15,1.0,0.0,0.0,4.535
PPOLag,2019-11-07,15,1.0,-0.004690268735750536,-0.10342378689637347,4.535
EDF,2019-11-07,15,2.0,8.881784197001252e-16,1.9584970665934403e-14,4.535
LLF,2019-11-07,15,2.0,0.0,0.0,4.535
MPC,2019-11-07,15,2.0,0.0,0.0,4.535
PPOLag,2019-11-07,15,2.0,-0.0033949608696380194,-0.07486132016842381,4.535
EDF,2019-11-07,5,0.5,0.0,0.0,10.459
LLF,2019-11-07,5,0.5,0.0,0.0,10.459
MPC,2019-11-07,5,0.5,1.7763568394002505e-15,1.6984002671385894e-14,10.459
PPOLag,2019-11-07,5,0.5,4.818442503058406e-05,0.00046069820279743856,10.459
EDF,2019-11-07,5,1.0,0.0,0.0,10.459
LLF,2019-11-07,5,1.0,0.0,0.0,10.459
MPC,2019-11-07,5,1.0,0.0,0.0,10.459
PPOLag,2019-11-07,5,1.0,0.0005649360833871242,0.0054014349688031775,10.459
EDF,2019-11-07,5,2.0,0.0,0.0,10.459
LLF,2019-11-07,5,2.0,0.0,0.0,10.459
MPC,2019-11-07,5,2.0,0.0,0.0,10.459
PPOLag,2019-11-07,5,2.0,0.0029390964936219176,0.02810112337338099,10.459
EDF,2019-11-07,41,0.5,-3.3279999999999994,-18.18181818181818,18.304
LLF,2019-11-07,41,0.5,-3.3279999999999994,-18.18181818181818,18.304
MPC,2019-11-07,41,0.5,-3.3279999999999994,-18.18181818181818,18.304
PPOLag,2019-11-07,41,0.5,-3.2647961087130817,-17.836517202322344,18.304
EDF,2019-11-07,41,1.0,-6.655999999999999,-36.36363636363636,18.304
LLF,2019-11-07,41,1.0,-6.655999999999999,-36.36363636363636,18.304
MPC,2019-11-07,41,1.0,-6.655999999999999,-36.36363636363636,18.304
PPOLag,2019-11-07,41,1.0,-6.5463074388808336,-35.76435445192764,18.304
EDF,2019-11-07,41,2.0,-13.311999999999998,-72.72727272727272,18.304
LLF,2019-11-07,41,2.0,-13.311999999999998,-72.72727272727272,18.304
MPC,2019-11-07,41,2.0,-13.311999999999998,-72.72727272727272,18.304
PPOLag,2019-11-07,41,2.0,-13.129976781636469,-71.73282769687756,18.304
EDF,2019-11-07,24,0.5,0.0,0.0,0.991
LLF,2019-11-07,24,0.5,0.0,0.0,0.991
MPC,2019-11-07,24,0.5,0.0,0.0,0.991
PPOLag,2019-11-07,24,0.5,-0.00047975303098557465,-0.04841100211761601,0.991
EDF,2019-11-07,24,1.0,0.0,0.0,0.991
LLF,2019-11-07,24,1.0,0.0,0.0,0.991
MPC,2019-11-07,24,1.0,0.0,0.0,0.991
PPOLag,2019-11-07,24,1.0,0.0003149113168665174,0.03177712581902294,0.991
EDF,2019-11-07,24,2.0,1.1102230246251565e-16,1.1203057766146887e-14,0.991
LLF,2019-11-07,24,2.0,-1.1102230246251565e-16,-1.1203057766146887e-14,0.991
MPC,2019-11-07,24,2.0,-1.1102230246251565e-16,-1.1203057766146887e-14,0.991
PPOLag,2019-11-07,24,2.0,0.0011464487013517655,0.11568604453600055,0.991
EDF,2019-11-08,9,0.5,0.0,0.0,42.376
LLF,2019-11-08,9,0.5,0.0,0.0,42.376
MPC,2019-11-08,9,0.5,-0.1559999999999988,-0.3681329054181584,42.376
PPOLag,2019-11-08,9,0.5,-2.324785023290424,-5.48608887882392,42.376
EDF,2019-11-08,9,1.0,-1.4210854715202004e-14,-3.353514894091468e-14,42.376
LLF,2019-11-08,9,1.0,0.0,0.0,42.376
MPC,2019-11-08,9,1.0,0.3170000000000073,0.7480649424202551,42.376
PPOLag,2019-11-08,9,1.0,-4.887687832950729,-11.534094376417618,42.376
EDF,2019-11-08,9,2.0,-4.103999999999992,-9.684727204077761,42.376
LLF,2019-11-08,9,2.0,-4.103999999999978,-9.68472720407773,42.376
MPC,2019-11-08,9,2.0,-3.0109999999999957,-7.105437039833858,42.376
PPOLag,2019-11-08,9,2.0,-10.338757974682967,-24.397673151507853,42.376
EDF,2019-11-08,28,0.5,0.0,0.0,8.059
LLF,2019-11-08,28,0.5,0.0,0.0,8.059
MPC,2019-11-08,28,0.5,-0.3400000000000496,-4.218885717831612,8.059
PPOLag,2019-11-08,28,0.5,-0.05436976979441841,-0.6746466037277381,8.059
EDF,2019-11-08,28,1.0,0.0,0.0,8.059
LLF,2019-11-08,28,1.0,0.0,0.0,8.059
MPC,2019-11-08,28,1.0,-1.4029999999999996,-17.40910782975555,8.059
PPOLag,2019-11-08,28,1.0,-0.0476217879650898,-0.5909143561867453,8.059
EDF,2019-11-08,28,2.0,0.0,0.0,8.059
LLF,2019-11-08,28,2.0,0.0,0.0,8.059
MPC,2019-11-08,28,2.0,-1.0699999999999994,-13.277081523762247,8.059
PPOLag,2019-11-08,28,2.0,-0.35672425967370636,-4.4264084833565756,8.059
EDF,2019-11-08,29,0.5,6.7766269444444305,15.663431361974,43.263999999999996
LLF,2019-11-08,29,0.5,-1.9969999999999999,-4.615846893491124,43.263999999999996
MPC,2019-11-08,29,0.5,1.470000000000006,3.397744082840251,43.263999999999996
PPOLag,2019-11-08,29,0.5,-2.770133745351294,-6.402860912886683,43.263999999999996
EDF,2019-11-08,29,1.0,9.119626944444427,21.079019379725473,43.263999999999996
LLF,2019-11-08,29,1.0,-5.325000000000003,-12.308154585798823,43.263999999999996
MPC,2019-11-08,29,1.0,-0.9919999999999973,-2.2928994082840175,43.263999999999996
PPOLag,2019-11-08,29,1.0,-5.144803769170064,-11.891650723858323,43.263999999999996
EDF,2019-11-08,29,2.0,7.4416269444444225,17.20050606611599,43.263999999999996
LLF,2019-11-08,29,2.0,-11.981000000000009,-27.692769970414222,43.263999999999996
MPC,2019-11-08,29,2.0,-6.989000000000004,-16.154308431952675,43.263999999999996
PPOLag,2019-11-08,29,2.0,-10.331599907428773,-23.880362212067247,43.263999999999996
EDF,2019-11-08,8,0.5,-0.2799999999999905,-0.8778530223225184,31.896
LLF,2019-11-08,8,0.5,-0.2799999999999905,-0.8778530223225184,31.896
MPC,2019-11-08,8,0.5,0.053000000000015035,0.16616503636824378,31.896
PPOLag,2019-11-08,8,0.5,-2.6437665107832253,-8.28870864930783,31.896
EDF,2019-11-08,8,1.0,-3.6079999999999934,-11.311763230499102,31.896
LLF,2019-11-08,8,1.0,-3.6079999999999934,-11.311763230499102,31.896
MPC,2019-11-08,8,1.0,-3.274999999999988,-10.26774517180834,31.896
PPOLag,2019-11-08,8,1.0,-5.174017084064948,-16.22152333855326,31.896
EDF,2019-11-08,8,2.0,-10.263999999999996,-32.17958364685226,31.896
LLF,2019-11-08,8,2.0,-10.264,-32.179583646852265,31.896
MPC,2019-11-08,8,2.0,-9.930999999999994,-31.135565588161505,31.896
PPOLag,2019-11-08,8,2.0,-9.801747953972914,-30.730335947996345,31.896
EDF,2019-11-08,23,0.5,0.0,0.0,4.123
LLF,2019-11-08,23,0.5,0.0,0.0,4.123
MPC,2019-11-08,23,0.5,0.0,0.0,4.123
PPOLag,2019-11-08,23,0.5,0.006552861988041414,0.15893431938009736,4.123
EDF,2019-11-08,23,1.0,0.0,0.0,4.123
LLF,2019-11-08,23,1.0,0.0,0.0,4.123
MPC,2019-11-08,23,1.0,0.0,0.0,4.123
PPOLag,2019-11-08,23,1.0,0.012520077543118013,0.303664262505894,4.123
EDF,2019-11-08,23,2.0,-0.7950000000000004,-19.282076158137286,4.123
LLF,2019-11-08,23,2.0,-0.7950000000000004,-19.282076158137286,4.123
MPC,2019-11-08,23,2.0,-0.7950000000000004,-19.282076158137286,4.123
PPOLag,2019-11-08,23,2.0,-1.4626956574978212,-35.47648938874172,4.123
EDF,2019-11-11,6,0.5,0.0,0.0,5.08
LLF,2019-11-11,6,0.5,0.0,0.0,5.08
MPC,2019-11-11,6,0.5,-1.3560000000000239,-26.69291338582724,5.08
PPOLag,2019-11-11,6,0.5,-0.17891285915587166,-3.521906676296686,5.08
EDF,2019-11-11,6,1.0,0.0,0.0,5.08
LLF,2019-11-11,6,1.0,0.0,0.0,5.08
MPC,2019-11-11,6,1.0,0.0,0.0,5.08
PPOLag,2019-11-11,6,1.0,-0.33048729953500705,-6.5056555026576195,5.08
EDF,2019-11-11,6,2.0,0.0,0.0,5.08
LLF,2019-11-11,6,2.0,0.0,0.0,5.08
MPC,2019-11-11,6,2.0,0.0,0.0,5.08
PPOLag,2019-11-11,6,2.0,-0.12598071239139924,-2.4799352832952604,5.08
EDF,2019-11-11,1,0.5,0.0,0.0,3.923
LLF,2019-11-11,1,0.5,0.0,0.0,3.923
MPC,2019-11-11,1,0.5,-4.440892098500626e-16,-1.1320142998981968e-14,3.923
PPOLag,2019-11-11,1,0.5,-0.04386572063827625,-1.1181677450491017,3.923
EDF,2019-11-11,1,1.0,0.0,0.0,3.923
LLF,2019-11-11,1,1.0,0.0,0.0,3.923
MPC,2019-11-11,1,1.0,-4.440892098500626e-16,-1.1320142998981968e-14,3.923
PPOLag,2019-11-11,1,1.0,-0.003839592808608927,-0.09787389264871085,3.923
EDF,2019-11-11,1,2.0,0.0,0.0,3.923
LLF,2019-11-11,1,2.0,0.0,0.0,3.923
MPC,2019-11-11,1,2.0,-4.440892098500626e-16,-1.1320142998981968e-14,3.923
PPOLag,2019-11-11,1,2.0,0.020250298498228236,0.5161942008215201,3.923
EDF,2019-11-11,8,0.5,0.0,0.0,16.748
LLF,2019-11-11,8,0.5,0.0,0.0,16.748
MPC,2019-11-11,8,0.5,0.0,0.0,16.748
PPOLag,2019-11-11,8,0.5,-0.005984730103619285,-0.03573399870802056,16.748
EDF,2019-11-11,8,1.0,0.0,0.0,16.748
LLF,2019-11-11,8,1.0,3.552713678800501e-15,2.121276378552962e-14,16.748
MPC,2019-11-11,8,1.0,0.0,0.0,16.748
PPOLag,2019-11-11,8,1.0,-0.0022896932809608472,-0.01367144304371177,16.748
EDF,2019-11-11,8,2.0,0.0,0.0,16.748
LLF,2019-11-11,8,2.0,7.105427357601002e-15,4.242552757105924e-14,16.748
MPC,2019-11-11,8,2.0,0.0,0.0,16.748
PPOLag,2019-11-11,8,2.0,-0.003958394207872829,-0.02363502631880122,16.748
EDF,2019-11-11,9,0.5,0.0,0.0,2.351
LLF,2019-11-11,9,0.5,0.0,0.0,2.351
MPC,2019-11-11,9,0.5,0.0,0.0,2.351
PPOLag,2019-11-11,9,0.5,-0.00794810937281767,-0.33807355903095143,2.351
EDF,2019-11-11,9,1.0,0.0,0.0,2.351
LLF,2019-11-11,9,1.0,0.0,0.0,2.351
MPC,2019-11-11,9,1.0,0.0,0.0,2.351
PPOLag,2019-11-11,9,1.0,-0.02587792388939363,-1.1007198591830551,2.351
EDF,2019-11-11,9,2.0,0.0,0.0,2.351
LLF,2019-11-11,9,2.0,0.0,0.0,2.351
MPC,2019-11-11,9,2.0,0.0,0.0,2.351
PPOLag,2019-11-11,9,2.0,-0.026100050451964306,-1.1101680328355723,2.351
EDF,2019-11-11,14,0.5,-3.328000000000003,-7.512754526163715,44.298
LLF,2019-11-11,14,0.5,0.0,0.0,44.298
MPC,2019-11-11,14,0.5,0.0,0.0,44.298
PPOLag,2019-11-11,14,0.5,-0.009117624678205516,-0.02058247478036371,44.298
EDF,2019-11-11,14,1.0,-5.592000000000011,-12.623594744683757,44.298
LLF,2019-11-11,14,1.0,-0.7009999999999792,-1.5824642196035468,44.298
MPC,2019-11-11,14,1.0,-1.6599999999999824,-3.7473475100455604,44.298
PPOLag,2019-11-11,14,1.0,-0.0012417299079601207,-0.002803128601652718,44.298
EDF,2019-11-11,14,2.0,11.138999999999967,25.14560476770953,44.298
LLF,2019-11-11,14,2.0,-0.2599999999999767,-0.5869339473564872,44.298
MPC,2019-11-11,14,2.0,-0.2109999999999559,-0.4763194726623231,44.298
PPOLag,2019-11-11,14,2.0,-2.2366624696766677,-5.049127431659821,44.298
EDF,2019-11-12,29,0.5,0.0,0.0,1.94
LLF,2019-11-12,29,0.5,0.0,0.0,1.94
MPC,2019-11-12,29,0.5,0.0,0.0,1.94
PPOLag,2019-11-12,29,0.5,-0.0027890801495554563,-0.1437670180183225,1.94
EDF,2019-11-12,29,1.0,0.0,0.0,1.94
LLF,2019-11-12,29,1.0,0.0,0.0,1.94
MPC,2019-11-12,29,1.0,0.0,0.0,1.94
PPOLag,2019-11-12,29,1.0,-0.10098354316193267,-5.205337276388282,1.94
EDF,2019-11-12,29,2.0,-4.440892098500626e-16,-2.2891196384023847e-14,1.94
LLF,2019-11-12,29,2.0,-0.276,-14.226804123711341,1.94
MPC,2019-11-12,29,2.0,-0.276,-14.226804123711341,1.94
PPOLag,2019-11-12,29,2.0,-0.2946318576227597,-15.187209155812354,1.94
EDF,2019-11-12,8,0.5,0.0,0.0,10.911
LLF,2019-11-12,8,0.5,0.0,0.0,10.911
MPC,2019-11-12,8,0.5,-0.33700000000002106,-3.088626157089369,10.911
PPOLag,2019-11-12,8,0.5,0.16584680926546796,1.5199964188934831,10.911
EDF,2019-11-12,8,1.0,0.0,0.0,10.911
LLF,2019-11-12,8,1.0,1.7763568394002505e-15,1.628042195399368e-14,10.911
MPC,2019-11-12,8,1.0,0.5939999999999994,5.444047291723943,10.911
PPOLag,2019-11-12,8,1.0,0.25138451207922935,2.3039548352967585,10.911
EDF,2019-11-12,8,2.0,0.0,0.0,10.911
LLF,2019-11-12,8,2.0,0.0,0.0,10.911
MPC,2019-11-12,8,2.0,0.5939999999999994,5.444047291723943,10.911
PPOLag,2019-11-12,8,2.0,0.33113380544850946,3.0348621157410824,10.911
EDF,2019-11-12,10,0.5,0.0,0.0,16.15
LLF,2019-11-12,10,0.5,1.5380000000000003,9.523219814241488,16.15
MPC,2019-11-12,10,0.5,0.6109999999999989,3.7832817337461235,16.15
PPOLag,2019-11-12,10,0.5,1.0083961181174388,6.243938811872686,16.15
EDF,2019-11-12,10,1.0,3.552713678800501e-15,2.1998227113315797e-14,16.15
LLF,2019-11-12,10,1.0,2.9599999999999937,18.328173374612966,16.15
MPC,2019-11-12,10,1.0,-1.1550000000000011,-7.151702786377717,16.15
PPOLag,2019-11-12,10,1.0,1.8027992165221494,11.162843445957582,16.15
EDF,2019-11-12,10,2.0,3.552713678800501e-15,2.1998227113315797e-14,16.15
LLF,2019-11-12,10,2.0,2.9599999999999973,18.328173374612987,16.15
MPC,2019-11-12,10,2.0,4.501999999999999,27.87616099071207,16.15
PPOLag,2019-11-12,10,2.0,2.524767436469016,15.63323490073694,16.15
EDF,2019-11-12,21,0.5,0.0,0.0,16.551
LLF,2019-11-12,21,0.5,1.8439999999999994,11.141320766116849,16.551
MPC,2019-11-12,21,0.5,0.6039999999999974,3.649326324693357,16.551
PPOLag,2019-11-12,21,0.5,1.1003719250215878,6.648371246580797,16.551
EDF,2019-11-12,21,1.0,0.0,0.0,16.551
LLF,2019-11-12,21,1.0,3.102000000000002,18.742069965561008,16.551
MPC,2019-11-12,21,1.0,1.0089999999999986,6.096308380158291,16.551
PPOLag,2019-11-12,21,1.0,2.152471584216128,13.005084793765501,16.551
EDF,2019-11-12,21,2.0,0.0,0.0,16.551
LLF,2019-11-12,21,2.0,3.817999999999996,23.068092562382915,16.551
MPC,2019-11-12,21,2.0,-0.3010000000000197,-1.8186212313456571,16.551
PPOLag,2019-11-12,21,2.0,3.5859865922738883,21.66628356156056,16.551
EDF,2019-11-12,12,0.5,0.0,0.0,1.856
LLF,2019-11-12,12,0.5,0.0,0.0,1.856
MPC,2019-11-12,12,0.5,1.4500000000000526,78.12500000000283,1.856
PPOLag,2019-11-12,12,0.5,0.06128593080950777,3.3020436858571003,1.856
EDF,2019-11-12,12,1.0,-2.220446049250313e-16,-1.1963610179150392e-14,1.856
LLF,2019-11-12,12,1.0,1.664,89.6551724137931,1.856
MPC,2019-11-12,12,1.0,1.856,100.00000000000001,1.856
PPOLag,2019-11-12,12,1.0,0.3422003473032094,18.437518712457404,1.856
EDF,2019-11-12,12,2.0,-2.220446049250313e-16,-1.1963610179150392e-14,1.856
LLF,2019-11-12,12,2.0,1.856,100.00000000000001,1.856
MPC,2019-11-12,12,2.0,1.856,100.00000000000001,1.856
PPOLag,2019-11-12,12,2.0,1.0330561427882372,55.660352520917954,1.856
EDF,2019-11-13,29,0.5,0.0,0.0,4.142
LLF,2019-11-13,29,0.5,0.0,0.0,4.142
MPC,2019-11-13,29,0.5,0.0,0.0,4.142
PPOLag,2019-11-13,29,0.5,0.0015192694095294001,0.036679609114664426,4.142
EDF,2019-11-13,29,1.0,0.0,0.0,4.142
LLF,2019-11-13,29,1.0,0.0,0.0,4.142
MPC,2019-11-13,29,1.0,0.0,0.0,4.142
PPOLag,2019-11-13,29,1.0,-0.0005428242022064822,-0.01310536461145539,4.142
EDF,2019-11-13,29,2.0,-2.4780000000000006,-59.82617093191696,4.142
LLF,2019-11-13,29,2.0,-2.4780000000000006,-59.82617093191696,4.142
MPC,2019-11-13,29,2.0,-2.4780000000000006,-59.82617093191696,4.142
PPOLag,2019-11-13,29,2.0,-2.4934924967657603,-60.20020513678802,4.142
EDF,2019-11-13,12,0.5,1.7763568394002505e-15,3.9457059960023334e-14,4.502
LLF,2019-11-13,12,0.5,0.0,0.0,4.502
MPC,2019-11-13,12,0.5,0.0,0.0,4.502
PPOLag,2019-11-13,12,0.5,0.001159453254135734,0.02575418156676441,4.502
EDF,2019-11-13,12,1.0,1.7763568394002505e-15,3.9457059960023334e-14,4.502
LLF,2019-11-13,12,1.0,8.881784197001252e-16,1.9728529980011667e-14,4.502
MPC,2019-11-13,12,1.0,0.0,0.0,4.502
PPOLag,2019-11-13,12,1.0,0.0018923008300870236,0.04203244846928085,4.502
EDF,2019-11-13,12,2.0,8.881784197001252e-16,1.9728529980011667e-14,4.502
LLF,2019-11-13,12,2.0,8.881784197001252e-16,1.9728529980011667e-14,4.502
MPC,2019-11-13,12,2.0,0.0,0.0,4.502
PPOLag,2019-11-13,12,2.0,0.0024257465243110233,0.05388153097092455,4.502
EDF,2019-11-13,32,0.5,0.0,0.0,9.873
LLF,2019-11-13,32,0.5,0.0,0.0,9.873
MPC,2019-11-13,32,0.5,1.7763568394002505e-15,1.7992067653198123e-14,9.873
PPOLag,2019-11-13,32,0.5,0.0007152854065886061,0.007244863836611018,9.873
EDF,2019-11-13,32,1.0,0.0,0.0,9.873
LLF,2019-11-13,32,1.0,0.0,0.0,9.873
MPC,2019-11-13,32,1.0,0.0,0.0,9.873
PPOLag,2019-11-13,32,1.0,0.001196146332434722,0.012115327989817912,9.873
EDF,2019-11-13,32,2.0,-3.2170000000000014,-32.5838144434316,9.873
LLF,2019-11-13,32,2.0,-3.2170000000000014,-32.5838144434316,9.873
MPC,2019-11-13,32,2.0,-3.216999999999998,-32.58381444343156,9.873
PPOLag,2019-11-13,32,2.0,-3.2888268050748124,-33.31132183809189,9.873
EDF,2019-11-13,11,0.5,0.0,0.0,7.897
LLF,2019-11-13,11,0.5,8.881784197001252e-16,1.1247035832596242e-14,7.897
MPC,2019-11-13,11,0.5,0.0,0.0,7.897
PPOLag,2019-11-13,11,0.5,0.001589482343617199,0.02012767308619981,7.897
EDF,2019-11-13,11,1.0,0.0,0.0,7.897
LLF,2019-11-13,11,1.0,0.0,0.0,7.897
MPC,2019-11-13,11,1.0,-8.881784197001252e-16,-1.1247035832596242e-14,7.897
PPOLag,2019-11-13,11,1.0,0.0013468147846495526,0.017054764906287864,7.897
EDF,2019-11-13,11,2.0,0.0,0.0,7.897
LLF,2019-11-13,11,2.0,0.0,0.0,7.897
MPC,2019-11-13,11,2.0,8.881784197001252e-16,1.1247035832596242e-14,7.897
PPOLag,2019-11-13,11,2.0,0.0021093008174657866,0.026710153443912716,7.897
EDF,2019-11-13,6,0.5,0.0,0.0,0.589
LLF,2019-11-13,6,0.5,0.0,0.0,0.589
MPC,2019-11-13,6,0.5,0.0,0.0,0.589
PPOLag,2019-11-13,6,0.5,0.0002891611740162947,0.04909357793145921,0.589
EDF,2019-11-13,6,1.0,0.0,0.0,0.589
LLF,2019-11-13,6,1.0,0.0,0.0,0.589
MPC,2019-11-13,6,1.0,0.0,0.0,0.589
PPOLag,2019-11-13,6,1.0,0.0005162933604175191,0.08765591857682838,0.589
EDF,2019-11-13,6,2.0,0.0,0.0,0.589
LLF,2019-11-13,6,2.0,0.0,0.0,0.589
MPC,2019-11-13,6,2.0,0.0,0.0,0.589
PPOLag,2019-11-13,6,2.0,0.0007344440129096741,0.12469338079960512,0.589
EDF,2019-11-14,16,0.5,0.0,0.0,25.039
LLF,2019-11-14,16,0.5,3.552713678800501e-15,1.4188720311516038e-14,25.039
MPC,2019-11-14,16,0.5,3.552713678800501e-15,1.4188720311516038e-14,25.039
PPOLag,2019-11-14,16,0.5,-0.00169380705938309,-0.006764675343995727,25.039
EDF,2019-11-14,16,1.0,0.0,0.0,25.039
LLF,2019-11-14,16,1.0,3.552713678800501e-15,1.4188720311516038e-14,25.039
MPC,2019-11-14,16,1.0,3.552713678800501e-15,1.4188720311516038e-14,25.039
PPOLag,2019-11-14,16,1.0,-0.003013537528883603,-0.01203537493064261,25.039
EDF,2019-11-14,16,2.0,3.552713678800501e-15,1.4188720311516038e-14,25.039
LLF,2019-11-14,16,2.0,3.552713678800501e-15,1.4188720311516038e-14,25.039
MPC,2019-11-14,16,2.0,0.0,0.0,25.039
PPOLag,2019-11-14,16,2.0,-0.0016114207806282367,-0.006435643518623893,25.039
EDF,2019-11-14,6,0.5,0.0,0.0,8.49
LLF,2019-11-14,6,0.5,0.0,0.0,8.49
MPC,2019-11-14,6,0.5,-1.7763568394002505e-15,-2.0922930970556543e-14,8.49
PPOLag,2019-11-14,6,0.5,-0.0017146552471785982,-0.02019617487842872,8.49
EDF,2019-11-14,6,1.0,0.0,0.0,8.49
LLF,2019-11-14,6,1.0,-1.7763568394002505e-15,-2.0922930970556543e-14,8.49
MPC,2019-11-14,6,1.0,-1.7763568394002505e-15,-2.0922930970556543e-14,8.49
PPOLag,2019-11-14,6,1.0,-0.0011923767216035941,-0.014044484353399223,8.49
EDF,2019-11-14,6,2.0,0.0,0.0,8.49
LLF,2019-11-14,6,2.0,0.0,0.0,8.49
MPC,2019-11-14,6,2.0,-1.7763568394002505e-15,-2.0922930970556543e-14,8.49
PPOLag,2019-11-14,6,2.0,0.0019138005809498538,0.022541820741458815,8.49
EDF,2019-11-14,29,0.5,0.0,0.0,0.6184274193545374
LLF,2019-11-14,29,0.5,0.0,0.0,0.6184274193545374
MPC,2019-11-14,29,0.5,0.0,0.0,0.6184274193545374
PPOLag,2019-11-14,29,0.5,0.00022378055561824705,0.036185419438842216,0.6184274193545374
EDF,2019-11-14,29,1.0,0.0,0.0,0.6184274193545374
LLF,2019-11-14,29,1.0,0.0,0.0,0.6184274193545374
MPC,2019-11-14,29,1.0,0.0,0.0,0.6184274193545374
PPOLag,2019-11-14,29,1.0,-0.0004963498541226575,-0.0802600011882891,0.6184274193545374
EDF,2019-11-14,29,2.0,0.0,0.0,0.6184274193545374
LLF,2019-11-14,29,2.0,0.0,0.0,0.6184274193545374
MPC,2019-11-14,29,2.0,0.0,0.0,0.6184274193545374
PPOLag,2019-11-14,29,2.0,0.004065140242493803,0.6573350590982294,0.6184274193545374
EDF,2019-11-14,5,0.5,0.0,0.0,13.122
LLF,2019-11-14,5,0.5,0.0,0.0,13.122
MPC,2019-11-14,5,0.5,1.7763568394002505e-15,1.3537241574457023e-14,13.122
PPOLag,2019-11-14,5,0.5,-0.0001449310624558109,-0.0011044891209862132,13.122
EDF,2019-11-14,5,1.0,0.0,0.0,13.122
LLF,2019-11-14,5,1.0,0.0,0.0,13.122
MPC,2019-11-14,5,1.0,5.329070518200751e-15,4.061172472337107e-14,13.122
PPOLag,2019-11-14,5,1.0,-0.0021926215089461466,-0.016709507003095158,13.122
EDF,2019-11-14,5,2.0,0.0,0.0,13.122
LLF,2019-11-14,5,2.0,0.0,0.0,13.122
MPC,2019-11-14,5,2.0,1.7763568394002505e-15,1.3537241574457023e-14,13.122
PPOLag,2019-11-14,5,2.0,-0.02027598465904319,-0.1545190112714768,13.122
EDF,2019-11-14,28,0.5,0.0,0.0,1.645
LLF,2019-11-14,28,0.5,0.0,0.0,1.645
MPC,2019-11-14,28,0.5,0.0,0.0,1.645
PPOLag,2019-11-14,28,0.5,0.00425203554263569,0.25848240380764076,1.645
EDF,2019-11-14,28,1.0,0.0,0.0,1.645
LLF,2019-11-14,28,1.0,0.0,0.0,1.645
MPC,2019-11-14,28,1.0,0.0,0.0,1.645
PPOLag,2019-11-14,28,1.0,0.004650043768169488,0.28267743271547036,1.645
EDF,2019-11-14,28,2.0,0.0,0.0,1.645
LLF,2019-11-14,28,2.0,0.0,0.0,1.645
MPC,2019-11-14,28,2.0,0.0,0.0,1.645
PPOLag,2019-11-14,28,2.0,-0.014410769919799416,-0.8760346455805117,1.645
EDF,2019-11-15,21,0.5,1.7763568394002505e-15,1.492235248152092e-14,11.904
LLF,2019-11-15,21,0.5,1.7763568394002505e-15,1.492235248152092e-14,11.904
MPC,2019-11-15,21,0.5,1.7763568394002505e-15,1.492235248152092e-14,11.904
PPOLag,2019-11-15,21,0.5,0.00018850240258032612,0.0015835215270524699,11.904
EDF,2019-11-15,21,1.0,1.7763568394002505e-15,1.492235248152092e-14,11.904
LLF,2019-11-15,21,1.0,0.0,0.0,11.904
MPC,2019-11-15,21,1.0,0.0,0.0,11.904
PPOLag,2019-11-15,21,1.0,0.0008130989443387194,0.006830468282415317,11.904
EDF,2019-11-15,21,2.0,1.7763568394002505e-15,1.492235248152092e-14,11.904
LLF,2019-11-15,21,2.0,1.7763568394002505e-15,1.492235248152092e-14,11.904
MPC,2019-11-15,21,2.0,0.0,0.0,11.904
PPOLag,2019-11-15,21,2.0,0.0032445195295959907,0.027255708413944812,11.904
EDF,2019-11-15,2,0.5,0.0,0.0,4.904
LLF,2019-11-15,2,0.5,0.0,0.0,4.904
MPC,2019-11-15,2,0.5,0.0,0.0,4.904
PPOLag,2019-11-15,2,0.5,0.0016227978021140289,0.03309130917850793,4.904
EDF,2019-11-15,2,1.0,0.0,0.0,4.904
LLF,2019-11-15,2,1.0,0.0,0.0,4.904
MPC,2019-11-15,2,1.0,0.0,0.0,4.904
PPOLag,2019-11-15,2,1.0,0.0029455856336760176,0.060064959903670834,4.904
EDF,2019-11-15,2,2.0,0.0,0.0,4.904
LLF,2019-11-15,2,2.0,0.0,0.0,4.904
MPC,2019-11-15,2,2.0,0.0,0.0,4.904
PPOLag,2019-11-15,2,2.0,0.003856880847700772,0.07864765186991787,4.904
EDF,2019-11-15,12,0.5,8.881784197001252e-16,2.1187462302006804e-14,4.192
LLF,2019-11-15,12,0.5,0.0,0.0,4.192
MPC,2019-11-15,12,0.5,0.0,0.0,4.192
PPOLag,2019-11-15,12,0.5,-0.005759354349047108,-0.13738917817383367,4.192
EDF,2019-11-15,12,1.0,0.0,0.0,4.192
LLF,2019-11-15,12,1.0,0.0,0.0,4.192
MPC,2019-11-15,12,1.0,0.0,0.0,4.192
PPOLag,2019-11-15,12,1.0,-0.001991726279838346,-0.047512554385456734,4.192
EDF,2019-11-15,12,2.0,0.0,0.0,4.192
LLF,2019-11-15,12,2.0,0.0,0.0,4.192
MPC,2019-11-15,12,2.0,0.0,0.0,4.192
PPOLag,2019-11-15,12,2.0,-0.0032442560386012785,-0.07739160397426714,4.192
EDF,2019-11-15,1,0.5,0.0,0.0,11.014
LLF,2019-11-15,1,0.5,0.0,0.0,11.014
MPC,2019-11-15,1,0.5,0.0,0.0,11.014
PPOLag,2019-11-15,1,0.5,9.610572416427488e-05,0.0008725778478688478,11.014
EDF,2019-11-15,1,1.0,0.0,0.0,11.014
LLF,2019-11-15,1,1.0,0.0,0.0,11.014
MPC,2019-11-15,1,1.0,1.7763568394002505e-15,1.612817177592383e-14,11.014
PPOLag,2019-11-15,1,1.0,0.0007088073757447688,0.006435512763253758,11.014
EDF,2019-11-15,1,2.0,0.0,0.0,11.014
LLF,2019-11-15,1,2.0,0.0,0.0,11.014
MPC,2019-11-15,1,2.0,0.0,0.0,11.014
PPOLag,2019-11-15,1,2.0,0.003252522213142228,0.02953079910243534,11.014
EDF,2019-11-15,9,0.5,0.0,0.0,1.7
LLF,2019-11-15,9,0.5,4.440892098500626e-16,2.612289469706251e-14,1.7
MPC,2019-11-15,9,0.5,0.0,0.0,1.7
PPOLag,2019-11-15,9,0.5,0.00046804992865685514,0.027532348744520894,1.7
EDF,2019-11-15,9,1.0,0.0,0.0,1.7
LLF,2019-11-15,9,1.0,2.220446049250313e-16,1.3061447348531254e-14,1.7
MPC,2019-11-15,9,1.0,0.0,0.0,1.7
PPOLag,2019-11-15,9,1.0,0.0012584654746716772,0.07402738086303984,1.7
EDF,2019-11-15,9,2.0,-2.220446049250313e-16,-1.3061447348531254e-14,1.7
LLF,2019-11-15,9,2.0,0.0,0.0,1.7
MPC,2019-11-15,9,2.0,0.0,0.0,1.7
PPOLag,2019-11-15,9,2.0,0.001766934592310232,0.10393732895942542,1.7
EDF,2019-11-18,10,0.5,0.0,0.0,3.923
LLF,2019-11-18,10,0.5,0.0,0.0,3.923
MPC,2019-11-18,10,0.5,0.0,0.0,3.923
PPOLag,2019-11-18,10,0.5,0.0011061999370125975,0.02819780619456022,3.923
EDF,2019-11-18,10,1.0,0.0,0.0,3.923
LLF,2019-11-18,10,1.0,0.0,0.0,3.923
MPC,2019-11-18,10,1.0,0.0,0.0,3.923
PPOLag,2019-11-18,10,1.0,0.0014486777994883403,0.036927805238040796,3.923
EDF,2019-11-18,10,2.0,0.0,0.0,3.923
LLF,2019-11-18,10,2.0,0.0,0.0,3.923
MPC,2019-11-18,10,2.0,0.0,0.0,3.923
PPOLag,2019-11-18,10,2.0,-7.995156169560147e-05,-0.0020380209455926972,3.923
EDF,2019-11-18,1,0.5,0.0,0.0,1.435
LLF,2019-11-18,1,0.5,0.0,0.0,1.435
MPC,2019-11-18,1,0.5,0.0,0.0,1.435
PPOLag,2019-11-18,1,0.5,0.0001472266449902282,0.010259696514998477,1.435
EDF,2019-11-18,1,1.0,0.0,0.0,1.435
LLF,2019-11-18,1,1.0,0.0,0.0,1.435
MPC,2019-11-18,1,1.0,0.0,0.0,1.435
PPOLag,2019-11-18,1,1.0,-0.001761134178145296,-0.12272712042824363,1.435
EDF,2019-11-18,1,2.0,0.0,0.0,1.435
LLF,2019-11-18,1,2.0,0.0,0.0,1.435
MPC,2019-11-18,1,2.0,0.0,0.0,1.435
PPOLag,2019-11-18,1,2.0,-0.003437821678273378,-0.2395694549319427,1.435
EDF,2019-11-18,19,0.5,0.0,0.0,22.191
LLF,2019-11-18,19,0.5,0.0,0.0,22.191
MPC,2019-11-18,19,0.5,3.552713678800501e-15,1.600970519039476e-14,22.191
PPOLag,2019-11-18,19,0.5,0.001086344364252767,0.0048954277150771355,22.191
EDF,2019-11-18,19,1.0,0.0,0.0,22.191
LLF,2019-11-18,19,1.0,0.0,0.0,22.191
MPC,2019-11-18,19,1.0,0.0,0.0,22.191
PPOLag,2019-11-18,19,1.0,0.0021507189407742543,0.0096918522859459,22.191
EDF,2019-11-18,19,2.0,0.0,0.0,22.191
LLF,2019-11-18,19,2.0,0.0,0.0,22.191
MPC,2019-11-18,19,2.0,0.0,0.0,22.191
PPOLag,2019-11-18,19,2.0,0.0019511480935108239,0.008792519911274046,22.191
EDF,2019-11-18,5,0.5,-3.552713678800501e-15,-1.3841022591555638e-14,25.668
LLF,2019-11-18,5,0.5,-1.0658141036401503e-14,-4.152306777466691e-14,25.668
MPC,2019-11-18,5,0.5,0.0,0.0,25.668
PPOLag,2019-11-18,5,0.5,-0.0010402285022607315,-0.004052627794377169,25.668
EDF,2019-11-18,5,1.0,-3.552713678800501e-15,-1.3841022591555638e-14,25.668
LLF,2019-11-18,5,1.0,-7.105427357601002e-15,-2.7682045183111276e-14,25.668
MPC,2019-11-18,5,1.0,0.0,0.0,25.668
PPOLag,2019-11-18,5,1.0,0.00020545732356396228,0.0008004414974441418,25.668
EDF,2019-11-18,5,2.0,-3.552713678800501e-15,-1.3841022591555638e-14,25.668
LLF,2019-11-18,5,2.0,-7.105427357601002e-15,-2.7682045183111276e-14,25.668
MPC,2019-11-18,5,2.0,-3.552713678800501e-15,-1.3841022591555638e-14,25.668
PPOLag,2019-11-18,5,2.0,0.0012665261170589303,0.004934261013943161,25.668
EDF,2019-11-18,15,0.5,0.0,0.0,8.486
LLF,2019-11-18,15,0.5,0.0,0.0,8.486
MPC,2019-11-18,15,0.5,0.0,0.0,8.486
PPOLag,2019-11-18,15,0.5,-0.003620777888085769,-0.042667663069594255,8.486
EDF,2019-11-18,15,1.0,0.0,0.0,8.486
LLF,2019-11-18,15,1.0,-1.7763568394002505e-15,-2.0932793299555153e-14,8.486
MPC,2019-11-18,15,1.0,0.0,0.0,8.486
PPOLag,2019-11-18,15,1.0,-0.004679137866263261,-0.05513949877755434,8.486
EDF,2019-11-18,15,2.0,0.0,0.0,8.486
LLF,2019-11-18,15,2.0,-3.552713678800501e-15,-4.1865586599110305e-14,8.486
MPC,2019-11-18,15,2.0,0.0,0.0,8.486
PPOLag,2019-11-18,15,2.0,-0.004214837442554753,-0.049668129184006045,8.486
EDF,2019-11-19,21,0.5,0.0,0.0,0.899
LLF,2019-11-19,21,0.5,0.0,0.0,0.899
MPC,2019-11-19,21,0.5,0.0,0.0,0.899
PPOLag,2019-11-19,21,0.5,-0.0011660972318851882,-0.12971048185597198,0.899
EDF,2019-11-19,21,1.0,0.0,0.0,0.899
LLF,2019-11-19,21,1.0,0.0,0.0,0.899
MPC,2019-11-19,21,1.0,0.0,0.0,0.899
PPOLag,2019-11-19,21,1.0,-0.0022539440045239003,-0.25071679694370413,0.899
EDF,2019-11-19,21,2.0,0.0,0.0,0.899
LLF,2019-11-19,21,2.0,0.0,0.0,0.899
MPC,2019-11-19,21,2.0,0.0,0.0,0.899
PPOLag,2019-11-19,21,2.0,-0.012797724683311196,-1.4235511327376191,0.899
EDF,2019-11-19,19,0.5,0.0,0.0,3.029
LLF,2019-11-19,19,0.5,0.0,0.0,3.029
MPC,2019-11-19,19,0.5,0.0,0.0,3.029
PPOLag,2019-11-19,19,0.5,0.0022356827165166846,0.07380926763013156,3.029
EDF,2019-11-19,19,1.0,0.0,0.0,3.029
LLF,2019-11-19,19,1.0,0.0,0.0,3.029
MPC,2019-11-19,19,1.0,0.0,0.0,3.029
PPOLag,2019-11-19,19,1.0,0.0011034337483914135,0.03642897815752438,3.029
EDF,2019-11-19,19,2.0,0.0,0.0,3.029
LLF,2019-11-19,19,2.0,0.0,0.0,3.029
MPC,2019-11-19,19,2.0,0.0,0.0,3.029
PPOLag,2019-11-19,19,2.0,0.0022104575254328295,0.0729764782249201,3.029
EDF,2019-11-19,32,0.5,0.0,0.0,5.24
LLF,2019-11-19,32,0.5,0.0,0.0,5.24
MPC,2019-11-19,32,0.5,0.0,0.0,5.24
PPOLag,2019-11-19,32,0.5,0.0009496137268127924,0.01812239936665635,5.24
EDF,2019-11-19,32,1.0,0.0,0.0,5.24
LLF,2019-11-19,32,1.0,0.0,0.0,5.24
MPC,2019-11-19,32,1.0,0.0,0.0,5.24
PPOLag,2019-11-19,32,1.0,0.0004669135997708906,0.008910564881123868,5.24
EDF,2019-11-19,32,2.0,0.0,0.0,5.24
LLF,2019-11-19,32,2.0,0.0,0.0,5.24
MPC,2019-11-19,32,2.0,0.0,0.0,5.24
PPOLag,2019-11-19,32,2.0,-0.00204904412871052,-0.03910389558607863,5.24
EDF,2019-11-19,22,0.5,0.0,0.0,0.986
LLF,2019-11-19,22,0.5,0.0,0.0,0.986
MPC,2019-11-19,22,0.5,0.0,0.0,0.986
PPOLag,2019-11-19,22,0.5,-0.0012055210991274601,-0.12226380315694323,0.986
EDF,2019-11-19,22,1.0,0.0,0.0,0.986
LLF,2019-11-19,22,1.0,0.0,0.0,0.986
MPC,2019-11-19,22,1.0,0.0,0.0,0.986
PPOLag,2019-11-19,22,1.0,-0.0031735836857488932,-0.32186447117128736,0.986
EDF,2019-11-19,22,2.0,-0.9859999999999999,-100.0,0.986
LLF,2019-11-19,22,2.0,-0.9859999999999999,-100.0,0.986
MPC,2019-11-19,22,2.0,-0.986,-100.0,0.986
PPOLag,2019-11-19,22,2.0,-0.9767974354224357,-99.066677020531,0.986
EDF,2019-11-19,9,0.5,0.0,0.0,6.171
LLF,2019-11-19,9,0.5,0.0,0.0,6.171
MPC,2019-11-19,9,0.5,0.0,0.0,6.171
PPOLag,2019-11-19,9,0.5,-0.0004166976881771589,-0.006752514797879743,6.171
EDF,2019-11-19,9,1.0,0.0,0.0,6.171
LLF,2019-11-19,9,1.0,0.0,0.0,6.171
MPC,2019-11-19,9,1.0,8.881784197001252e-16,1.439277944741736e-14,6.171
PPOLag,2019-11-19,9,1.0,-4.0290803708842306e-05,-0.0006529055859478578,6.171
EDF,2019-11-19,9,2.0,-8.881784197001252e-16,-1.439277944741736e-14,6.171
LLF,2019-11-19,9,2.0,0.0,0.0,6.171
MPC,2019-11-19,9,2.0,0.0,0.0,6.171
PPOLag,2019-11-19,9,2.0,-0.0004863946372628547,-0.007881941942357067,6.171
EDF,2019-11-20,17,0.5,-3.328000000000003,-7.725700489820561,43.077
LLF,2019-11-20,17,0.5,0.0,0.0,43.077
MPC,2019-11-20,17,0.5,0.0,0.0,43.077
PPOLag,2019-11-20,17,0.5,0.003962631608249012,0.009198949806739123,43.077
EDF,2019-11-20,17,1.0,6.95799999999997,16.152471156301438,43.077
LLF,2019-11-20,17,1.0,0.0,0.0,43.077
MPC,2019-11-20,17,1.0,7.105427357601002e-15,1.649471262530121e-14,43.077
PPOLag,2019-11-20,17,1.0,-0.0002955514831668893,-0.0006861004321723638,43.077
EDF,2019-11-20,17,2.0,6.957999999999963,16.15247115630142,43.077
LLF,2019-11-20,17,2.0,7.105427357601002e-15,1.649471262530121e-14,43.077
MPC,2019-11-20,17,2.0,0.0,0.0,43.077
PPOLag,2019-11-20,17,2.0,-0.5026986056460473,-1.166976822076856,43.077
EDF,2019-11-20,5,0.5,0.0,0.0,1.655
LLF,2019-11-20,5,0.5,0.0,0.0,1.655
MPC,2019-11-20,5,0.5,0.0,0.0,1.655
PPOLag,2019-11-20,5,0.5,-0.0005594904931902622,-0.03380607209608835,1.655
EDF,2019-11-20,5,1.0,0.0,0.0,1.655
LLF,2019-11-20,5,1.0,0.0,0.0,1.655
MPC,2019-11-20,5,1.0,0.0,0.0,1.655
PPOLag,2019-11-20,5,1.0,-0.0005276107319818202,-0.03187980253666587,1.655
EDF,2019-11-20,5,2.0,0.0,0.0,1.655
LLF,2019-11-20,5,2.0,0.0,0.0,1.655
MPC,2019-11-20,5,2.0,0.0,0.0,1.655
PPOLag,2019-11-20,5,2.0,-0.0002645912342644774,-0.015987385756161775,1.655
EDF,2019-11-20,27,0.5,0.0,0.0,15.573
LLF,2019-11-20,27,0.5,0.0,0.0,15.573
MPC,2019-11-20,27,0.5,0.0,0.0,15.573
PPOLag,2019-11-20,27,0.5,-0.00352624114904998,-0.02264330025717575,15.573
EDF,2019-11-20,27,1.0,0.0,0.0,15.573
LLF,2019-11-20,27,1.0,0.0,0.0,15.573
MPC,2019-11-20,27,1.0,1.7763568394002505e-15,1.1406645087011177e-14,15.573
PPOLag,2019-11-20,27,1.0,-0.0005000832307665348,-0.003211219615787162,15.573
EDF,2019-11-20,27,2.0,1.7763568394002505e-15,1.1406645087011177e-14,15.573
LLF,2019-11-20,27,2.0,0.0,0.0,15.573
MPC,2019-11-20,27,2.0,0.0,0.0,15.573
PPOLag,2019-11-20,27,2.0,-0.007233209168262889,-0.046447114674519285,15.573
EDF,2019-11-20,25,0.5,0.0,0.0,15.128
LLF,2019-11-20,25,0.5,0.0,0.0,15.128
MPC,2019-11-20,25,0.5,-1.7763568394002505e-15,-1.1742179001852527e-14,15.128
PPOLag,2019-11-20,25,0.5,0.012778506061686202,0.08446923626180726,15.128
EDF,2019-11-20,25,1.0,0.0,0.0,15.128
LLF,2019-11-20,25,1.0,0.0,0.0,15.128
MPC,2019-11-20,25,1.0,0.0,0.0,15.128
PPOLag,2019-11-20,25,1.0,-0.04828657722011691,-0.3191867875470446,15.128
EDF,2019-11-20,25,2.0,-5.144000000000002,-34.003172924378646,15.128
LLF,2019-11-20,25,2.0,-5.144000000000002,-34.003172924378646,15.128
MPC,2019-11-20,25,2.0,-5.144000000000002,-34.003172924378646,15.128
PPOLag,2019-11-20,25,2.0,-5.770399150889891,-38.14383362566029,15.128
EDF,2019-11-20,14,0.5,0.0,0.0,8.899
LLF,2019-11-20,14,0.5,0.0,0.0,8.899
MPC,2019-11-20,14,0.5,1.7763568394002505e-15,1.9961308454885388e-14,8.899
PPOLag,2019-11-20,14,0.5,-0.00124987812289703,-0.014045152521598273,8.899
EDF,2019-11-20,14,1.0,0.0,0.0,8.899
LLF,2019-11-20,14,1.0,0.0,0.0,8.899
MPC,2019-11-20,14,1.0,0.0,0.0,8.899
PPOLag,2019-11-20,14,1.0,-0.007199843277436102,-0.0809062060617609,8.899
EDF,2019-11-20,14,2.0,-3.907,-43.903809416788405,8.899
LLF,2019-11-20,14,2.0,-3.907,-43.903809416788405,8.899
MPC,2019-11-20,14,2.0,-3.906999999999999,-43.9038094167884,8.899
PPOLag,2019-11-20,14,2.0,-4.07016186994162,-45.737294863935496,8.899
EDF,2019-11-21,1,0.5,0.0,0.0,0.885
LLF,2019-11-21,1,0.5,0.0,0.0,0.885
MPC,2019-11-21,1,0.5,0.0,0.0,0.885
PPOLag,2019-11-21,1,0.5,4.839324716228166e-05,0.00546816352116177,0.885
EDF,2019-11-21,1,1.0,0.0,0.0,0.885
LLF,2019-11-21,1,1.0,0.0,0.0,0.885
MPC,2019-11-21,1,1.0,0.0,0.0,0.885
PPOLag,2019-11-21,1,1.0,0.0002647953194917063,0.029920375083808626,0.885
EDF,2019-11-21,1,2.0,0.0,0.0,0.885
LLF,2019-11-21,1,2.0,0.0,0.0,0.885
MPC,2019-11-21,1,2.0,0.0,0.0,0.885
PPOLag,2019-11-21,1,2.0,0.0009302690767660105,0.10511514991706332,0.885
EDF,2019-11-21,27,0.5,0.0,0.0,28.035
LLF,2019-11-21,27,0.5,0.0,0.0,28.035
MPC,2019-11-21,27,0.5,0.0,0.0,28.035
PPOLag,2019-11-21,27,0.5,-0.0018828162549468174,-0.0067159488316276715,28.035
EDF,2019-11-21,27,1.0,-1.4109999999999943,-5.032994471196698,28.035
LLF,2019-11-21,27,1.0,-1.4109999999999943,-5.032994471196698,28.035
MPC,2019-11-21,27,1.0,-1.4109999999999943,-5.032994471196698,28.035
PPOLag,2019-11-21,27,1.0,-1.8083316611605453,-6.450264530624382,28.035
EDF,2019-11-21,27,2.0,-8.067,-28.77474585339754,28.035
LLF,2019-11-21,27,2.0,-8.067,-28.77474585339754,28.035
MPC,2019-11-21,27,2.0,-8.067,-28.77474585339754,28.035
PPOLag,2019-11-21,27,2.0,-8.363324340652284,-29.8317258450233,28.035
EDF,2019-11-21,9,0.5,0.0,0.0,5.089
LLF,2019-11-21,9,0.5,0.0,0.0,5.089
MPC,2019-11-21,9,0.5,0.0,0.0,5.089
PPOLag,2019-11-21,9,0.5,-0.0031426191432942117,-0.06175317632725903,5.089
EDF,2019-11-21,9,1.0,0.0,0.0,5.089
LLF,2019-11-21,9,1.0,0.0,0.0,5.089
MPC,2019-11-21,9,1.0,0.0,0.0,5.089
PPOLag,2019-11-21,9,1.0,-0.006629752756276375,-0.13027613983643888,5.089
EDF,2019-11-21,9,2.0,0.0,0.0,5.089
LLF,2019-11-21,9,2.0,0.0,0.0,5.089
MPC,2019-11-21,9,2.0,0.0,0.0,5.089
PPOLag,2019-11-21,9,2.0,-0.003553467671371102,-0.06982644274653374,5.089
EDF,2019-11-21,15,0.5,0.0,0.0,0.899
LLF,2019-11-21,15,0.5,0.0,0.0,0.899
MPC,2019-11-21,15,0.5,0.0,0.0,0.899
PPOLag,2019-11-21,15,0.5,-0.0016252945270068598,-0.18078915762034037,0.899
EDF,2019-11-21,15,1.0,0.0,0.0,0.899
LLF,2019-11-21,15,1.0,0.0,0.0,0.899
MPC,2019-11-21,15,1.0,0.0,0.0,0.899
PPOLag,2019-11-21,15,1.0,-0.018801989866232983,-2.091433800470855,0.899
EDF,2019-11-21,15,2.0,0.0,0.0,0.899
LLF,2019-11-21,15,2.0,0.0,0.0,0.899
MPC,2019-11-21,15,2.0,0.0,0.0,0.899
PPOLag,2019-11-21,15,2.0,-0.05760470760305623,-6.407642669972884,0.899
EDF,2019-11-21,28,0.5,0.0,0.0,0.942
LLF,2019-11-21,28,0.5,-1.1102230246251565e-16,-1.1785807055468753e-14,0.942
MPC,2019-11-21,28,0.5,0.0,0.0,0.942
PPOLag,2019-11-21,28,0.5,0.0006708699223834547,0.07121761384113108,0.942
EDF,2019-11-21,28,1.0,0.0,0.0,0.942
LLF,2019-11-21,28,1.0,-1.1102230246251565e-16,-1.1785807055468753e-14,0.942
MPC,2019-11-21,28,1.0,0.0,0.0,0.942
PPOLag,2019-11-21,28,1.0,0.002075486766842216,0.22032768225501229,0.942
EDF,2019-11-21,28,2.0,0.0,0.0,0.942
LLF,2019-11-21,28,2.0,-1.1102230246251565e-16,-1.1785807055468753e-14,0.942
MPC,2019-11-21,28,2.0,0.0,0.0,0.942
PPOLag,2019-11-21,28,2.0,0.0037831042356553323,0.4016034220440905,0.942
EDF,2019-11-22,1,0.5,0.0,0.0,14.034
LLF,2019-11-22,1,0.5,0.0,0.0,14.034
MPC,2019-11-22,1,0.5,0.0,0.0,14.034
PPOLag,2019-11-22,1,0.5,0.0032421504444478445,0.023102112330396496,14.034
EDF,2019-11-22,1,1.0,0.0,0.0,14.034
LLF,2019-11-22,1,1.0,0.0,0.0,14.034
MPC,2019-11-22,1,1.0,0.0,0.0,14.034
PPOLag,2019-11-22,1,1.0,0.006374665680023384,0.04542301325369376,14.034
EDF,2019-11-22,1,2.0,0.0,0.0,14.034
LLF,2019-11-22,1,2.0,0.0,0.0,14.034
MPC,2019-11-22,1,2.0,-1.7763568394002505e-15,-1.265752343879329e-14,14.034
PPOLag,2019-11-22,1,2.0,0.007632188979567189,0.054383561205409645,14.034
EDF,2019-11-22,33,0.5,-3.3279999999999994,-24.999999999999996,13.312
LLF,2019-11-22,33,0.5,-3.3279999999999994,-24.999999999999996,13.312
MPC,2019-11-22,33,0.5,-3.3279999999999994,-24.999999999999996,13.312
PPOLag,2019-11-22,33,0.5,-3.253669890842585,-24.441630790584323,13.312
EDF,2019-11-22,33,1.0,-6.656,-50.00000000000001,13.312
LLF,2019-11-22,33,1.0,-6.656,-50.00000000000001,13.312
MPC,2019-11-22,33,1.0,-6.656,-50.00000000000001,13.312
PPOLag,2019-11-22,33,1.0,-6.508603584311578,-48.89275529080212,13.312
EDF,2019-11-22,33,2.0,-13.312,-100.00000000000001,13.312
LLF,2019-11-22,33,2.0,-13.312,-100.00000000000001,13.312
MPC,2019-11-22,33,2.0,-13.312,-100.00000000000001,13.312
PPOLag,2019-11-22,33,2.0,-13.080500313148159,-98.26096990045191,13.312
EDF,2019-11-22,0,0.5,0.0,0.0,4.417
LLF,2019-11-22,0,0.5,0.0,0.0,4.417
MPC,2019-11-22,0,0.5,0.0,0.0,4.417
PPOLag,2019-11-22,0,0.5,-0.001415181580935787,-0.032039429045410614,4.417
EDF,2019-11-22,0,1.0,0.0,0.0,4.417
LLF,2019-11-22,0,1.0,0.0,0.0,4.417
MPC,2019-11-22,0,1.0,0.0,0.0,4.417
PPOLag,2019-11-22,0,1.0,-0.0036323737315647974,-0.08223621760391212,4.417
EDF,2019-11-22,0,2.0,0.0,0.0,4.417
LLF,2019-11-22,0,2.0,0.0,0.0,4.417
MPC,2019-11-22,0,2.0,0.0,0.0,4.417
PPOLag,2019-11-22,0,2.0,-0.0056669929870880155,-0.12829959219126139,4.417
EDF,2019-11-22,16,0.5,1.7763568394002505e-15,1.1177679583439784e-14,15.892
LLF,2019-11-22,16,0.5,-1.7763568394002505e-15,-1.1177679583439784e-14,15.892
MPC,2019-11-22,16,0.5,1.7763568394002505e-15,1.1177679583439784e-14,15.892
PPOLag,2019-11-22,16,0.5,0.0010001824500434965,0.006293622263047421,15.892
EDF,2019-11-22,16,1.0,1.7763568394002505e-15,1.1177679583439784e-14,15.892
LLF,2019-11-22,16,1.0,-1.7763568394002505e-15,-1.1177679583439784e-14,15.892
MPC,2019-11-22,16,1.0,3.552713678800501e-15,2.235535916687957e-14,15.892
PPOLag,2019-11-22,16,1.0,0.0010353046850408276,0.006514628020644524,15.892
EDF,2019-11-22,16,2.0,1.7763568394002505e-15,1.1177679583439784e-14,15.892
LLF,2019-11-22,16,2.0,-1.7763568394002505e-15,-1.1177679583439784e-14,15.892
MPC,2019-11-22,16,2.0,1.7763568394002505e-15,1.1177679583439784e-14,15.892
PPOLag,2019-11-22,16,2.0,0.0031240424099934216,0.019657956267262914,15.892
EDF,2019-11-22,7,0.5,0.0,0.0,2.065
LLF,2019-11-22,7,0.5,0.0,0.0,2.065
MPC,2019-11-22,7,0.5,0.0,0.0,2.065
PPOLag,2019-11-22,7,0.5,0.0017320438551054807,0.08387621574360682,2.065
EDF,2019-11-22,7,1.0,0.0,0.0,2.065
LLF,2019-11-22,7,1.0,-4.440892098500626e-16,-2.1505530743344437e-14,2.065
MPC,2019-11-22,7,1.0,0.0,0.0,2.065
PPOLag,2019-11-22,7,1.0,0.0019348170407263332,0.09369574047100888,2.065
EDF,2019-11-22,7,2.0,-4.440892098500626e-16,-2.1505530743344437e-14,2.065
LLF,2019-11-22,7,2.0,-4.440892098500626e-16,-2.1505530743344437e-14,2.065
MPC,2019-11-22,7,2.0,0.0,0.0,2.065
PPOLag,2019-11-22,7,2.0,-0.0002625940691557638,-0.012716419813838439,2.065
EDF,2019-11-25,10,0.5,0.0,0.0,3.938
LLF,2019-11-25,10,0.5,4.440892098500626e-16,1.1277024120113321e-14,3.938
MPC,2019-11-25,10,0.5,-8.881784197001252e-16,-2.2554048240226642e-14,3.938
PPOLag,2019-11-25,10,0.5,0.0033232094145191128,0.08438825328895663,3.938
EDF,2019-11-25,10,1.0,0.0,0.0,3.938
LLF,2019-11-25,10,1.0,0.0,0.0,3.938
MPC,2019-11-25,10,1.0,-8.881784197001252e-16,-2.2554048240226642e-14,3.938
PPOLag,2019-11-25,10,1.0,0.004885493778542127,0.12406027878471629,3.938
EDF,2019-11-25,10,2.0,0.0,0.0,3.938
LLF,2019-11-25,10,2.0,0.0,0.0,3.938
MPC,2019-11-25,10,2.0,-8.881784197001252e-16,-2.2554048240226642e-14,3.938
PPOLag,2019-11-25,10,2.0,0.007576084522772586,0.192384066093768,3.938
EDF,2019-11-25,3,0.5,0.0,0.0,1.493
LLF,2019-11-25,3,0.5,0.0,0.0,1.493
MPC,2019-11-25,3,0.5,0.0,0.0,1.493
PPOLag,2019-11-25,3,0.5,0.0023365792002453924,0.15650229070632232,1.493
EDF,2019-11-25,3,1.0,0.0,0.0,1.493
LLF,2019-11-25,3,1.0,0.0,0.0,1.493
MPC,2019-11-25,3,1.0,0.0,0.0,1.493
PPOLag,2019-11-25,3,1.0,0.0037901574810986992,0.2538618540588546,1.493
EDF,2019-11-25,3,2.0,0.0,0.0,1.493
LLF,2019-11-25,3,2.0,0.0,0.0,1.493
MPC,2019-11-25,3,2.0,0.0,0.0,1.493
PPOLag,2019-11-25,3,2.0,0.003913315521827343,0.2621108855878997,1.493
EDF,2019-11-25,0,0.5,-3.552713678800501e-15,-1.6804056753384262e-14,21.142
LLF,2019-11-25,0,0.5,7.105427357601002e-15,3.3608113506768525e-14,21.142
MPC,2019-11-25,0,0.5,0.0,0.0,21.142
PPOLag,2019-11-25,0,0.5,0.0024002686369762214,0.011353082191733147,21.142
EDF,2019-11-25,0,1.0,-3.552713678800501e-15,-1.6804056753384262e-14,21.142
LLF,2019-11-25,0,1.0,7.105427357601002e-15,3.3608113506768525e-14,21.142
MPC,2019-11-25,0,1.0,0.0,0.0,21.142
PPOLag,2019-11-25,0,1.0,0.0035646789443035233,0.016860651519740436,21.142
EDF,2019-11-25,0,2.0,-3.552713678800501e-15,-1.6804056753384262e-14,21.142
LLF,2019-11-25,0,2.0,7.105427357601002e-15,3.3608113506768525e-14,21.142
MPC,2019-11-25,0,2.0,0.0,0.0,21.142
PPOLag,2019-11-25,0,2.0,0.006208358999158748,0.02936505060618081,21.142
EDF,2019-11-25,5,0.5,3.552713678800501e-15,2.186823635849133e-14,16.246
LLF,2019-11-25,5,0.5,0.0,0.0,16.246
MPC,2019-11-25,5,0.5,0.0,0.0,16.246
PPOLag,2019-11-25,5,0.5,-0.007554839163989158,-0.04650276476664507,16.246
EDF,2019-11-25,5,1.0,0.0,0.0,16.246
LLF,2019-11-25,5,1.0,0.0,0.0,16.246
MPC,2019-11-25,5,1.0,0.0,0.0,16.246
PPOLag,2019-11-25,5,1.0,-0.009323228255221494,-0.057387838577012774,16.246
EDF,2019-11-25,5,2.0,0.0,0.0,16.246
LLF,2019-11-25,5,2.0,0.0,0.0,16.246
MPC,2019-11-25,5,2.0,0.0,0.0,16.246
PPOLag,2019-11-25,5,2.0,0.009251559385455011,0.05694669078822486,16.246
EDF,2019-11-25,1,0.5,0.0,0.0,0.891
LLF,2019-11-25,1,0.5,0.0,0.0,0.891
MPC,2019-11-25,1,0.5,0.0,0.0,0.891
PPOLag,2019-11-25,1,0.5,0.00010595303043454684,0.011891473673910982,0.891
EDF,2019-11-25,1,1.0,0.0,0.0,0.891
LLF,2019-11-25,1,1.0,0.0,0.0,0.891
MPC,2019-11-25,1,1.0,0.0,0.0,0.891
PPOLag,2019-11-25,1,1.0,-0.0001221092124276568,-0.013704737646201665,0.891
EDF,2019-11-25,1,2.0,0.0,0.0,0.891
LLF,2019-11-25,1,2.0,0.0,0.0,0.891
MPC,2019-11-25,1,2.0,0.0,0.0,0.891
PPOLag,2019-11-25,1,2.0,-0.0007777773207395811,-0.0872926285903009,0.891
EDF,2019-11-26,19,0.5,0.0,0.0,0.888
LLF,2019-11-26,19,0.5,0.0,0.0,0.888
MPC,2019-11-26,19,0.5,0.0,0.0,0.888
PPOLag,2019-11-26,19,0.5,0.0016428049314529015,0.1850005553437952,0.888
EDF,2019-11-26,19,1.0,0.0,0.0,0.888
LLF,2019-11-26,19,1.0,0.0,0.0,0.888
MPC,2019-11-26,19,1.0,0.0,0.0,0.888
PPOLag,2019-11-26,19,1.0,0.00303474200543028,0.34175022583674325,0.888
EDF,2019-11-26,19,2.0,0.0,0.0,0.888
LLF,2019-11-26,19,2.0,0.0,0.0,0.888
MPC,2019-11-26,19,2.0,0.0,0.0,0.888
PPOLag,2019-11-26,19,2.0,0.0030443694938121933,0.34283440245632807,0.888
EDF,2019-11-26,10,0.5,0.0,0.0,1.064
LLF,2019-11-26,10,0.5,0.0,0.0,1.064
MPC,2019-11-26,10,0.5,0.0,0.0,1.064
PPOLag,2019-11-26,10,0.5,0.0003085374048100942,0.028997876391926143,1.064
EDF,2019-11-26,10,1.0,0.0,0.0,1.064
LLF,2019-11-26,10,1.0,0.0,0.0,1.064
MPC,2019-11-26,10,1.0,0.0,0.0,1.064
PPOLag,2019-11-26,10,1.0,0.0011616757356156526,0.10918005033981697,1.064
EDF,2019-11-26,10,2.0,0.0,0.0,1.064
LLF,2019-11-26,10,2.0,0.0,0.0,1.064
MPC,2019-11-26,10,2.0,0.0,0.0,1.064
PPOLag,2019-11-26,10,2.0,0.002238884337031566,0.2104214602473276,1.064
EDF,2019-11-26,13,0.5,0.0,0.0,6.696
LLF,2019-11-26,13,0.5,0.0,0.0,6.696
MPC,2019-11-26,13,0.5,0.0,0.0,6.696
PPOLag,2019-11-26,13,0.5,-0.0016899721406099743,-0.025238532565859832,6.696
EDF,2019-11-26,13,1.0,0.0,0.0,6.696
LLF,2019-11-26,13,1.0,0.0,0.0,6.696
MPC,2019-11-26,13,1.0,0.0,0.0,6.696
PPOLag,2019-11-26,13,1.0,-0.0003427121219061746,-0.005118161916161509,6.696
EDF,2019-11-26,13,2.0,0.0,0.0,6.696
LLF,2019-11-26,13,2.0,0.0,0.0,6.696
MPC,2019-11-26,13,2.0,0.0,0.0,6.696
PPOLag,2019-11-26,13,2.0,0.003719281797326346,0.05554482970917483,6.696
EDF,2019-11-26,20,0.5,1.7763568394002505e-15,1.4574637671482198e-14,12.188
LLF,2019-11-26,20,0.5,0.0,0.0,12.188
MPC,2019-11-26,20,0.5,0.0,0.0,12.188
PPOLag,2019-11-26,20,0.5,0.0005778579403298067,0.004741203973825129,12.188
EDF,2019-11-26,20,1.0,1.7763568394002505e-15,1.4574637671482198e-14,12.188
LLF,2019-11-26,20,1.0,1.7763568394002505e-15,1.4574637671482198e-14,12.188
MPC,2019-11-26,20,1.0,-1.7763568394002505e-15,-1.4574637671482198e-14,12.188
PPOLag,2019-11-26,20,1.0,-0.0036738936068839933,-0.030143531398785638,12.188
EDF,2019-11-26,20,2.0,1.7763568394002505e-15,1.4574637671482198e-14,12.188
LLF,2019-11-26,20,2.0,0.0,0.0,12.188
MPC,2019-11-26,20,2.0,0.0,0.0,12.188
PPOLag,2019-11-26,20,2.0,-0.00206642839354636,-0.016954614321844107,12.188
EDF,2019-11-26,21,0.5,0.0,0.0,4.941
LLF,2019-11-26,21,0.5,0.0,0.0,4.941
MPC,2019-11-26,21,0.5,0.0,0.0,4.941
PPOLag,2019-11-26,21,0.5,-0.0028261890832100177,-0.057198726638535057,4.941
EDF,2019-11-26,21,1.0,0.0,0.0,4.941
LLF,2019-11-26,21,1.0,0.0,0.0,4.941
MPC,2019-11-26,21,1.0,0.0,0.0,4.941
PPOLag,2019-11-26,21,1.0,-0.0008471055643960668,-0.017144415389517643,4.941
EDF,2019-11-26,21,2.0,0.0,0.0,4.941
LLF,2019-11-26,21,2.0,0.0,0.0,4.941
MPC,2019-11-26,21,2.0,0.0,0.0,4.941
PPOLag,2019-11-26,21,2.0,-0.00015204384273737048,-0.003077187669244495,4.941
EDF,2019-11-27,4,0.5,0.0,0.0,5.83
LLF,2019-11-27,4,0.5,0.0,0.0,5.83
MPC,2019-11-27,4,0.5,0.0,0.0,5.83
PPOLag,2019-11-27,4,0.5,-0.000731183627113019,-0.01254174317518043,5.83
EDF,2019-11-27,4,1.0,0.0,0.0,5.83
LLF,2019-11-27,4,1.0,0.0,0.0,5.83
MPC,2019-11-27,4,1.0,0.0,0.0,5.83
PPOLag,2019-11-27,4,1.0,0.000894363470406212,0.015340711327722334,5.83
EDF,2019-11-27,4,2.0,0.0,0.0,5.83
LLF,2019-11-27,4,2.0,0.0,0.0,5.83
MPC,2019-11-27,4,2.0,0.0,0.0,5.83
PPOLag,2019-11-27,4,2.0,0.0024621301889911963,0.04223207871339959,5.83
EDF,2019-11-27,7,0.5,0.0,0.0,35.72
LLF,2019-11-27,7,0.5,0.0,0.0,35.72
MPC,2019-11-27,7,0.5,0.0,0.0,35.72
PPOLag,2019-11-27,7,0.5,-0.006325125177370694,-0.017707517293870927,35.72
EDF,2019-11-27,7,1.0,0.0,0.0,35.72
LLF,2019-11-27,7,1.0,0.0,0.0,35.72
MPC,2019-11-27,7,1.0,0.0,0.0,35.72
PPOLag,2019-11-27,7,1.0,-0.0027709211508422983,-0.007757338048270712,35.72
EDF,2019-11-27,7,2.0,0.0,0.0,35.72
LLF,2019-11-27,7,2.0,0.0,0.0,35.72
MPC,2019-11-27,7,2.0,0.0,0.0,35.72
PPOLag,2019-11-27,7,2.0,-0.00824347844527864,-0.023078047159234717,35.72
EDF,2019-11-27,3,0.5,0.0,0.0,6.739
LLF,2019-11-27,3,0.5,0.0,0.0,6.739
MPC,2019-11-27,3,0.5,0.0,0.0,6.739
PPOLag,2019-11-27,3,0.5,0.00046165744934700825,0.006850533452248233,6.739
EDF,2019-11-27,3,1.0,0.0,0.0,6.739
LLF,2019-11-27,3,1.0,0.0,0.0,6.739
MPC,2019-11-27,3,1.0,0.0,0.0,6.739
PPOLag,2019-11-27,3,1.0,0.0014392632977481058,0.021357223590267184,6.739
EDF,2019-11-27,3,2.0,0.0,0.0,6.739
LLF,2019-11-27,3,2.0,0.0,0.0,6.739
MPC,2019-11-27,3,2.0,0.0,0.0,6.739
PPOLag,2019-11-27,3,2.0,-0.001108592628850502,-0.016450402564928062,6.739
EDF,2019-11-27,2,0.5,0.0,0.0,0.878
LLF,2019-11-27,2,0.5,0.0,0.0,0.878
MPC,2019-11-27,2,0.5,0.0,0.0,0.878
PPOLag,2019-11-27,2,0.5,0.0004851365089843851,0.05525472767475912,0.878
EDF,2019-11-27,2,1.0,0.0,0.0,0.878
LLF,2019-11-27,2,1.0,0.0,0.0,0.878
MPC,2019-11-27,2,1.0,0.0,0.0,0.878
PPOLag,2019-11-27,2,1.0,-9.061222230515309e-05,-0.01032029866801289,0.878
EDF,2019-11-27,2,2.0,0.0,0.0,0.878
LLF,2019-11-27,2,2.0,0.0,0.0,0.878
MPC,2019-11-27,2,2.0,0.0,0.0,0.878
PPOLag,2019-11-27,2,2.0,-0.0025839788146487797,-0.29430282626979265,0.878
EDF,2019-11-27,5,0.5,0.0,0.0,12.263
LLF,2019-11-27,5,0.5,0.0,0.0,12.263
MPC,2019-11-27,5,0.5,0.0,0.0,12.263
PPOLag,2019-11-27,5,0.5,-4.9503152816399167e-05,-0.00040367897591453287,12.263
EDF,2019-11-27,5,1.0,0.0,0.0,12.263
LLF,2019-11-27,5,1.0,0.0,0.0,12.263
MPC,2019-11-27,5,1.0,0.0,0.0,12.263
PPOLag,2019-11-27,5,1.0,-0.00042353913647765753,-0.003453797084544218,12.263
EDF,2019-11-27,5,2.0,0.0,0.0,12.263
LLF,2019-11-27,5,2.0,0.0,0.0,12.263
MPC,2019-11-27,5,2.0,0.0,0.0,12.263
PPOLag,2019-11-27,5,2.0,-0.0026859194202302206,-0.021902629211695508,12.263
EDF,2019-11-28,0,0.5,0.0,0.0,22.616
LLF,2019-11-28,0,0.5,0.0,0.0,22.616
MPC,2019-11-28,0,0.5,0.0,0.0,22.616
PPOLag,2019-11-28,0,0.5,0.009143938082566905,0.040431279105796365,22.616
EDF,2019-11-28,0,1.0,0.0,0.0,22.616
LLF,2019-11-28,0,1.0,0.0,0.0,22.616
MPC,2019-11-28,0,1.0,0.0,0.0,22.616
PPOLag,2019-11-28,0,1.0,0.0057319851593717885,0.025344822954420716,22.616
EDF,2019-11-28,0,2.0,0.0,0.0,22.616
LLF,2019-11-28,0,2.0,0.0,0.0,22.616
MPC,2019-11-28,0,2.0,0.0,0.0,22.616
PPOLag,2019-11-28,0,2.0,-0.005922303705506948,-0.02618634464762535,22.616
EDF,2019-11-29,2,0.5,-3.3279999999999994,-24.999999999999996,13.312
LLF,2019-11-29,2,0.5,-3.3279999999999994,-24.999999999999996,13.312
MPC,2019-11-29,2,0.5,-3.3279999999999994,-24.999999999999996,13.312
PPOLag,2019-11-29,2,0.5,-3.032407322692871,-22.779502123594284,13.312
EDF,2019-11-29,2,1.0,-6.656,-50.00000000000001,13.312
LLF,2019-11-29,2,1.0,-6.656,-50.00000000000001,13.312
MPC,2019-11-29,2,1.0,-6.656,-50.00000000000001,13.312
PPOLag,2019-11-29,2,1.0,-6.311416587829591,-47.41148278117181,13.312
EDF,2019-11-29,2,2.0,-13.312,-100.00000000000001,13.312
LLF,2019-11-29,2,2.0,-13.312,-100.00000000000001,13.312
MPC,2019-11-29,2,2.0,-13.312,-100.00000000000001,13.312
PPOLag,2019-11-29,2,2.0,-12.93881456451416,-97.19662383198738,13.312
EDF,2019-11-29,0,0.5,0.0,0.0,8.255
LLF,2019-11-29,0,0.5,0.0,0.0,8.255
MPC,2019-11-29,0,0.5,0.0,0.0,8.255
PPOLag,2019-11-29,0,0.5,-0.08123340928329573,-0.9840509907122434,8.255
EDF,2019-11-29,0,1.0,0.0,0.0,8.255
LLF,2019-11-29,0,1.0,0.0,0.0,8.255
MPC,2019-11-29,0,1.0,0.0,0.0,8.255
PPOLag,2019-11-29,0,1.0,-0.09368987156531539,-1.1349469602097564,8.255
EDF,2019-11-29,0,2.0,0.0,0.0,8.255
LLF,2019-11-29,0,2.0,0.0,0.0,8.255
MPC,2019-11-29,0,2.0,0.0,0.0,8.255
PPOLag,2019-11-29,0,2.0,0.05469713342734313,0.6625939845831995,8.255
EDF,2019-11-29,4,0.5,0.0,0.0,10.627
LLF,2019-11-29,4,0.5,0.0,0.0,10.627
MPC,2019-11-29,4,0.5,0.0,0.0,10.627
PPOLag,2019-11-29,4,0.5,0.009294255879441948,0.0874588866043281,10.627
EDF,2019-11-29,4,1.0,0.0,0.0,10.627
LLF,2019-11-29,4,1.0,0.0,0.0,10.627
MPC,2019-11-29,4,1.0,0.0,0.0,10.627
PPOLag,2019-11-29,4,1.0,0.0031792859393647175,0.029917059747480174,10.627
EDF,2019-11-29,4,2.0,-3.9710000000000027,-37.36708384304133,10.627
LLF,2019-11-29,4,2.0,-3.9710000000000027,-37.36708384304133,10.627
MPC,2019-11-29,4,2.0,-3.970999999999999,-37.3670838430413,10.627
PPOLag,2019-11-29,4,2.0,-4.025709704748467,-37.881901804351806,10.627
EDF,2019-11-29,3,0.5,-3.3279999999999994,-22.22222222222222,14.975999999999999
LLF,2019-11-29,3,0.5,-3.3279999999999994,-22.22222222222222,14.975999999999999
MPC,2019-11-29,3,0.5,-3.3279999999999994,-22.22222222222222,14.975999999999999
PPOLag,2019-11-29,3,0.5,-3.035974388122558,-20.272264877955116,14.975999999999999
EDF,2019-11-29,3,1.0,-6.655999999999999,-44.44444444444444,14.975999999999999
LLF,2019-11-29,3,1.0,-6.655999999999999,-44.44444444444444,14.975999999999999
MPC,2019-11-29,3,1.0,-6.655999999999999,-44.44444444444444,14.975999999999999
PPOLag,2019-11-29,3,1.0,-6.298921643066407,-42.06010712517633,14.975999999999999
EDF,2019-11-29,3,2.0,-13.312,-88.8888888888889,14.975999999999999
LLF,2019-11-29,3,2.0,-13.312,-88.8888888888889,14.975999999999999
MPC,2019-11-29,3,2.0,-13.312,-88.8888888888889,14.975999999999999
PPOLag,2019-11-29,3,2.0,-12.919657437133788,-86.26908010906644,14.975999999999999
EDF,2019-12-02,31,0.5,0.0,0.0,2.128
LLF,2019-12-02,31,0.5,0.0,0.0,2.128
MPC,2019-12-02,31,0.5,0.4640000000000002,21.8045112781955,2.128
PPOLag,2019-12-02,31,0.5,-0.01166936713759643,-0.548372515864494,2.128
EDF,2019-12-02,31,1.0,0.0,0.0,2.128
LLF,2019-12-02,31,1.0,0.0,0.0,2.128
MPC,2019-12-02,31,1.0,0.4640000000000002,21.8045112781955,2.128
PPOLag,2019-12-02,31,1.0,-0.03466524489255818,-1.6290058690111926,2.128
EDF,2019-12-02,31,2.0,0.0,0.0,2.128
LLF,2019-12-02,31,2.0,0.0,0.0,2.128
MPC,2019-12-02,31,2.0,0.4640000000000002,21.8045112781955,2.128
PPOLag,2019-12-02,31,2.0,-0.029484717951406926,-1.3855600541074682,2.128
EDF,2019-12-02,12,0.5,0.0,0.0,5.944
LLF,2019-12-02,12,0.5,0.0,0.0,5.944
MPC,2019-12-02,12,0.5,8.881784197001252e-16,1.4942436401415296e-14,5.944
PPOLag,2019-12-02,12,0.5,0.000602760115573453,0.010140647973981376,5.944
EDF,2019-12-02,12,1.0,0.0,0.0,5.944
LLF,2019-12-02,12,1.0,0.0,0.0,5.944
MPC,2019-12-02,12,1.0,0.0,0.0,5.944
PPOLag,2019-12-02,12,1.0,-7.483424953331763e-05,-0.0012589880473303783,5.944
EDF,2019-12-02,12,2.0,0.0,0.0,5.944
LLF,2019-12-02,12,2.0,0.0,0.0,5.944
MPC,2019-12-02,12,2.0,8.881784197001252e-16,1.4942436401415296e-14,5.944
PPOLag,2019-12-02,12,2.0,-0.011445633804227561,-0.19255776925012721,5.944
EDF,2019-12-02,9,0.5,-1.7763568394002505e-15,-1.1143321243336368e-14,15.941
LLF,2019-12-02,9,0.5,0.0,0.0,15.941
MPC,2019-12-02,9,0.5,1.7763568394002505e-15,1.1143321243336368e-14,15.941
PPOLag,2019-12-02,9,0.5,0.0029923288478350685,0.018771274373220424,15.941
EDF,2019-12-02,9,1.0,-1.7763568394002505e-15,-1.1143321243336368e-14,15.941
LLF,2019-12-02,9,1.0,0.0,0.0,15.941
MPC,2019-12-02,9,1.0,1.7763568394002505e-15,1.1143321243336368e-14,15.941
PPOLag,2019-12-02,9,1.0,-0.007945910303508085,-0.04984574558376567,15.941
EDF,2019-12-02,9,2.0,-1.7763568394002505e-15,-1.1143321243336368e-14,15.941
LLF,2019-12-02,9,2.0,0.0,0.0,15.941
MPC,2019-12-02,9,2.0,1.7763568394002505e-15,1.1143321243336368e-14,15.941
PPOLag,2019-12-02,9,2.0,-0.008056400857604373,-0.05053886743368906,15.941
EDF,2019-12-02,7,0.5,-3.552713678800501e-15,-1.74649182912226e-14,20.342
LLF,2019-12-02,7,0.5,0.0,0.0,20.342
MPC,2019-12-02,7,0.5,0.0,0.0,20.342
PPOLag,2019-12-02,7,0.5,0.0019781962304563196,0.009724688970879556,20.342
EDF,2019-12-02,7,1.0,-7.105427357601002e-15,-3.49298365824452e-14,20.342
LLF,2019-12-02,7,1.0,3.552713678800501e-15,1.74649182912226e-14,20.342
MPC,2019-12-02,7,1.0,3.552713678800501e-15,1.74649182912226e-14,20.342
PPOLag,2019-12-02,7,1.0,0.008709124799178625,0.042813512924877714,20.342
EDF,2019-12-02,7,2.0,-7.105427357601002e-15,-3.49298365824452e-14,20.342
LLF,2019-12-02,7,2.0,7.105427357601002e-15,3.49298365824452e-14,20.342
MPC,2019-12-02,7,2.0,0.0,0.0,20.342
PPOLag,2019-12-02,7,2.0,0.011887635159972376,0.058438871103983756,20.342
EDF,2019-12-02,3,0.5,0.0,0.0,27.068
LLF,2019-12-02,3,0.5,-3.552713678800501e-15,-1.3125142894933134e-14,27.068
MPC,2019-12-02,3,0.5,0.0,0.0,27.068
PPOLag,2019-12-02,3,0.5,0.0021437732814739265,0.00791995449044601,27.068
EDF,2019-12-02,3,1.0,-7.105427357601002e-15,-2.6250285789866268e-14,27.068
LLF,2019-12-02,3,1.0,-3.552713678800501e-15,-1.3125142894933134e-14,27.068
MPC,2019-12-02,3,1.0,0.0,0.0,27.068
PPOLag,2019-12-02,3,1.0,0.009034117790023544,0.033375638355340416,27.068
EDF,2019-12-02,3,2.0,-3.552713678800501e-15,-1.3125142894933134e-14,27.068
LLF,2019-12-02,3,2.0,0.0,0.0,27.068
MPC,2019-12-02,3,2.0,3.552713678800501e-15,1.3125142894933134e-14,27.068
PPOLag,2019-12-02,3,2.0,0.011542917670511344,0.04264414685426091,27.068
EDF,2019-12-03,26,0.5,0.0,0.0,4.867
LLF,2019-12-03,26,0.5,0.0,0.0,4.867
MPC,2019-12-03,26,0.5,0.0,0.0,4.867
PPOLag,2019-12-03,26,0.5,0.00037930972556861066,0.007793501655406014,4.867
EDF,2019-12-03,26,1.0,0.0,0.0,4.867
LLF,2019-12-03,26,1.0,0.0,0.0,4.867
MPC,2019-12-03,26,1.0,0.0,0.0,4.867
PPOLag,2019-12-03,26,1.0,0.0030797489499976294,0.06327817854936571,4.867
EDF,2019-12-03,26,2.0,0.0,0.0,4.867
LLF,2019-12-03,26,2.0,0.0,0.0,4.867
MPC,2019-12-03,26,2.0,0.0,0.0,4.867
PPOLag,2019-12-03,26,2.0,0.004322246112833028,0.08880719360659602,4.867
EDF,2019-12-03,32,0.5,0.0,0.0,6.882
LLF,2019-12-03,32,0.5,0.0,0.0,6.882
MPC,2019-12-03,32,0.5,0.0,0.0,6.882
PPOLag,2019-12-03,32,0.5,-0.0028560073115491136,-0.04149967032184123,6.882
EDF,2019-12-03,32,1.0,-0.22599999999999998,-3.283929090380703,6.882
LLF,2019-12-03,32,1.0,-0.22599999999999998,-3.283929090380703,6.882
MPC,2019-12-03,32,1.0,-0.22599999999999998,-3.283929090380703,6.882
PPOLag,2019-12-03,32,1.0,-0.3193671639173411,-4.640615575666102,6.882
EDF,2019-12-03,32,2.0,-6.882,-100.0,6.882
LLF,2019-12-03,32,2.0,-6.882,-100.0,6.882
MPC,2019-12-03,32,2.0,-6.882,-100.0,6.882
PPOLag,2019-12-03,32,2.0,-6.876087400123396,-99.91408602329841,6.882
EDF,2019-12-03,22,0.5,0.0,0.0,7.856
LLF,2019-12-03,22,0.5,0.0,0.0,7.856
MPC,2019-12-03,22,0.5,0.0,0.0,7.856
PPOLag,2019-12-03,22,0.5,0.0003948263405341379,0.0050257935404039965,7.856
EDF,2019-12-03,22,1.0,8.881784197001252e-16,1.1305733448321349e-14,7.856
LLF,2019-12-03,22,1.0,0.0,0.0,7.856
MPC,2019-12-03,22,1.0,-8.881784197001252e-16,-1.1305733448321349e-14,7.856
PPOLag,2019-12-03,22,1.0,0.0007072977060049723,0.009003280371753722,7.856
EDF,2019-12-03,22,2.0,8.881784197001252e-16,1.1305733448321349e-14,7.856
LLF,2019-12-03,22,2.0,8.881784197001252e-16,1.1305733448321349e-14,7.856
MPC,2019-12-03,22,2.0,0.0,0.0,7.856
PPOLag,2019-12-03,22,2.0,0.0053311144455205906,0.0678604180947122,7.856
EDF,2019-12-03,17,0.5,0.0,0.0,0.833
LLF,2019-12-03,17,0.5,-1.1102230246251565e-16,-1.332800749850128e-14,0.833
MPC,2019-12-03,17,0.5,0.0,0.0,0.833
PPOLag,2019-12-03,17,0.5,-9.038146406112891e-05,-0.01085011573362892,0.833
EDF,2019-12-03,17,1.0,0.0,0.0,0.833
LLF,2019-12-03,17,1.0,0.0,0.0,0.833
MPC,2019-12-03,17,1.0,0.0,0.0,0.833
PPOLag,2019-12-03,17,1.0,0.0009064853657130056,0.1088217725945985,0.833
EDF,2019-12-03,17,2.0,0.0,0.0,0.833
LLF,2019-12-03,17,2.0,0.0,0.0,0.833
MPC,2019-12-03,17,2.0,0.0,0.0,0.833
PPOLag,2019-12-03,17,2.0,0.005314946979697898,0.6380488571065907,0.833
EDF,2019-12-03,6,0.5,0.0,0.0,19.772
LLF,2019-12-03,6,0.5,0.0,0.0,19.772
MPC,2019-12-03,6,0.5,3.552713678800501e-15,1.796840824803005e-14,19.772
PPOLag,2019-12-03,6,0.5,-0.0020783205783999393,-0.01051143323083117,19.772
EDF,2019-12-03,6,1.0,0.0,0.0,19.772
LLF,2019-12-03,6,1.0,0.0,0.0,19.772
MPC,2019-12-03,6,1.0,3.552713678800501e-15,1.796840824803005e-14,19.772
PPOLag,2019-12-03,6,1.0,-0.005918015380317598,-0.02993129364918874,19.772
EDF,2019-12-03,6,2.0,0.0,0.0,19.772
LLF,2019-12-03,6,2.0,0.0,0.0,19.772
MPC,2019-12-03,6,2.0,3.552713678800501e-15,1.796840824803005e-14,19.772
PPOLag,2019-12-03,6,2.0,-0.01571880719117118,-0.07950033982991696,19.772
EDF,2019-12-04,4,0.5,0.0,0.0,5.869
LLF,2019-12-04,4,0.5,0.0,0.0,5.869
MPC,2019-12-04,4,0.5,8.881784197001252e-16,1.513338592094267e-14,5.869
PPOLag,2019-12-04,4,0.5,-0.0031624589566975557,-0.053884119214475314,5.869
EDF,2019-12-04,4,1.0,0.0,0.0,5.869
LLF,2019-12-04,4,1.0,0.0,0.0,5.869
MPC,2019-12-04,4,1.0,0.0,0.0,5.869
PPOLag,2019-12-04,4,1.0,-0.00746795579772801,-0.1272440926516955,5.869
EDF,2019-12-04,4,2.0,0.0,0.0,5.869
LLF,2019-12-04,4,2.0,0.0,0.0,5.869
MPC,2019-12-04,4,2.0,0.0,0.0,5.869
PPOLag,2019-12-04,4,2.0,-0.09166528328256707,-1.5618552271693147,5.869
EDF,2019-12-04,22,0.5,0.0,0.0,7.926
LLF,2019-12-04,22,0.5,0.0,0.0,7.926
MPC,2019-12-04,22,0.5,-1.7763568394002505e-15,-2.241176935907457e-14,7.926
PPOLag,2019-12-04,22,0.5,-0.004895799652082644,-0.06176885758368211,7.926
EDF,2019-12-04,22,1.0,0.0,0.0,7.926
LLF,2019-12-04,22,1.0,0.0,0.0,7.926
MPC,2019-12-04,22,1.0,-1.7763568394002505e-15,-2.241176935907457e-14,7.926
PPOLag,2019-12-04,22,1.0,-0.004376175555689343,-0.05521291389968891,7.926
EDF,2019-12-04,22,2.0,0.0,0.0,7.926
LLF,2019-12-04,22,2.0,0.0,0.0,7.926
MPC,2019-12-04,22,2.0,-8.881784197001252e-16,-1.1205884679537285e-14,7.926
PPOLag,2019-12-04,22,2.0,-0.00419202624854087,-0.05288955650442682,7.926
EDF,2019-12-04,26,0.5,7.105427357601002e-15,2.504644984878213e-14,28.369
LLF,2019-12-04,26,0.5,0.0,0.0,28.369
MPC,2019-12-04,26,0.5,0.0,0.0,28.369
PPOLag,2019-12-04,26,0.5,0.003646960297729862,0.012855441847544368,28.369
EDF,2019-12-04,26,1.0,1.0658141036401503e-14,3.7569674773173194e-14,28.369
LLF,2019-12-04,26,1.0,0.0,0.0,28.369
MPC,2019-12-04,26,1.0,0.0,0.0,28.369
PPOLag,2019-12-04,26,1.0,0.007561879881048128,0.02665543332880302,28.369
EDF,2019-12-04,26,2.0,1.0658141036401503e-14,3.7569674773173194e-14,28.369
LLF,2019-12-04,26,2.0,0.0,0.0,28.369
MPC,2019-12-04,26,2.0,0.0,0.0,28.369
PPOLag,2019-12-04,26,2.0,0.011993265632182216,0.04227595485276962,28.369
EDF,2019-12-04,21,0.5,-1.7763568394002505e-15,-3.0082249608810335e-14,5.905
LLF,2019-12-04,21,0.5,0.0,0.0,5.905
MPC,2019-12-04,21,0.5,8.881784197001252e-16,1.5041124804405167e-14,5.905
PPOLag,2019-12-04,21,0.5,-0.006178311228483224,-0.10462847126982597,5.905
EDF,2019-12-04,21,1.0,0.0,0.0,5.905
LLF,2019-12-04,21,1.0,0.0,0.0,5.905
MPC,2019-12-04,21,1.0,8.881784197001252e-16,1.5041124804405167e-14,5.905
PPOLag,2019-12-04,21,1.0,-0.007021118942606286,-0.11890125220332406,5.905
EDF,2019-12-04,21,2.0,-8.881784197001252e-16,-1.5041124804405167e-14,5.905
LLF,2019-12-04,21,2.0,0.0,0.0,5.905
MPC,2019-12-04,21,2.0,-8.881784197001252e-16,-1.5041124804405167e-14,5.905
PPOLag,2019-12-04,21,2.0,-0.005787665629368099,-0.09801296578100084,5.905
EDF,2019-12-04,37,0.5,0.0,0.0,0.89
LLF,2019-12-04,37,0.5,0.0,0.0,0.89
MPC,2019-12-04,37,0.5,0.0,0.0,0.89
PPOLag,2019-12-04,37,0.5,0.0012216785693153875,0.13726725497925701,0.89
EDF,2019-12-04,37,1.0,0.0,0.0,0.89
LLF,2019-12-04,37,1.0,0.0,0.0,0.89
MPC,2019-12-04,37,1.0,0.0,0.0,0.89
PPOLag,2019-12-04,37,1.0,0.0032961114053530636,0.37034959610708584,0.89
EDF,2019-12-04,37,2.0,0.0,0.0,0.89
LLF,2019-12-04,37,2.0,0.0,0.0,0.89
MPC,2019-12-04,37,2.0,0.0,0.0,0.89
PPOLag,2019-12-04,37,2.0,0.005054322203852291,0.5679013712193586,0.89
EDF,2019-12-05,24,0.5,0.0,0.0,13.301
LLF,2019-12-05,24,0.5,0.0,0.0,13.301
MPC,2019-12-05,24,0.5,0.0,0.0,13.301
PPOLag,2019-12-05,24,0.5,-0.006614363388361255,-0.049728316580416924,13.301
EDF,2019-12-05,24,1.0,0.0,0.0,13.301
LLF,2019-12-05,24,1.0,0.0,0.0,13.301
MPC,2019-12-05,24,1.0,0.0,0.0,13.301
PPOLag,2019-12-05,24,1.0,-0.20293179816492568,-1.5256882803167104,13.301
EDF,2019-12-05,24,2.0,-6.645000000000002,-49.95864972558456,13.301
LLF,2019-12-05,24,2.0,-6.645000000000002,-49.95864972558456,13.301
MPC,2019-12-05,24,2.0,-6.644999999999999,-49.958649725584536,13.301
PPOLag,2019-12-05,24,2.0,-6.715609317391001,-50.48950693474927,13.301
EDF,2019-12-05,11,0.5,0.0,0.0,1.588
LLF,2019-12-05,11,0.5,0.0,0.0,1.588
MPC,2019-12-05,11,0.5,0.0,0.0,1.588
PPOLag,2019-12-05,11,0.5,-0.0019193031867430932,-0.12086292107953989,1.588
EDF,2019-12-05,11,1.0,0.0,0.0,1.588
LLF,2019-12-05,11,1.0,0.0,0.0,1.588
MPC,2019-12-05,11,1.0,0.0,0.0,1.588
PPOLag,2019-12-05,11,1.0,-0.001759490416782894,-0.11079914463368348,1.588
EDF,2019-12-05,11,2.0,0.0,0.0,1.588
LLF,2019-12-05,11,2.0,0.0,0.0,1.588
MPC,2019-12-05,11,2.0,0.0,0.0,1.588
PPOLag,2019-12-05,11,2.0,-0.0017962395695788392,-0.11311332302133748,1.588
EDF,2019-12-05,14,0.5,0.0,0.0,7.743
LLF,2019-12-05,14,0.5,0.0,0.0,7.743
MPC,2019-12-05,14,0.5,0.0,0.0,7.743
PPOLag,2019-12-05,14,0.5,-0.00023441042972507375,-0.0030273851184950762,7.743
EDF,2019-12-05,14,1.0,0.0,0.0,7.743
LLF,2019-12-05,14,1.0,0.0,0.0,7.743
MPC,2019-12-05,14,1.0,0.0,0.0,7.743
PPOLag,2019-12-05,14,1.0,-9.333866942036195e-05,-0.001205458729437711,7.743
EDF,2019-12-05,14,2.0,0.0,0.0,7.743
LLF,2019-12-05,14,2.0,8.881784197001252e-16,1.1470727362780901e-14,7.743
MPC,2019-12-05,14,2.0,0.0,0.0,7.743
PPOLag,2019-12-05,14,2.0,0.004314211594166295,0.05571757192517494,7.743
EDF,2019-12-05,5,0.5,0.0,0.0,12.944
LLF,2019-12-05,5,0.5,0.0,0.0,12.944
MPC,2019-12-05,5,0.5,-1.7763568394002505e-15,-1.3723399562733702e-14,12.944
PPOLag,2019-12-05,5,0.5,-0.0011686045454634808,-0.009028156253580662,12.944
EDF,2019-12-05,5,1.0,0.0,0.0,12.944
LLF,2019-12-05,5,1.0,0.0,0.0,12.944
MPC,2019-12-05,5,1.0,-1.7763568394002505e-15,-1.3723399562733702e-14,12.944
PPOLag,2019-12-05,5,1.0,-0.0002510739906711024,-0.0019396939946778615,12.944
EDF,2019-12-05,5,2.0,0.0,0.0,12.944
LLF,2019-12-05,5,2.0,0.0,0.0,12.944
MPC,2019-12-05,5,2.0,-1.7763568394002505e-15,-1.3723399562733702e-14,12.944
PPOLag,2019-12-05,5,2.0,0.0029445097352912343,0.022748066558183205,12.944
EDF,2019-12-05,7,0.5,-1.7763568394002505e-15,-1.4667301126250933e-14,12.111
LLF,2019-12-05,7,0.5,1.7763568394002505e-15,1.4667301126250933e-14,12.111
MPC,2019-12-05,7,0.5,1.7763568394002505e-15,1.4667301126250933e-14,12.111
PPOLag,2019-12-05,7,0.5,-0.0007362734564008378,-0.00607937789118023,12.111
EDF,2019-12-05,7,1.0,-1.7763568394002505e-15,-1.4667301126250933e-14,12.111
LLF,2019-12-05,7,1.0,1.7763568394002505e-15,1.4667301126250933e-14,12.111
MPC,2019-12-05,7,1.0,0.0,0.0,12.111
PPOLag,2019-12-05,7,1.0,-0.00025180825524202534,-0.0020791698063085235,12.111
EDF,2019-12-05,7,2.0,-1.7763568394002505e-15,-1.4667301126250933e-14,12.111
LLF,2019-12-05,7,2.0,1.7763568394002505e-15,1.4667301126250933e-14,12.111
MPC,2019-12-05,7,2.0,1.7763568394002505e-15,1.4667301126250933e-14,12.111
PPOLag,2019-12-05,7,2.0,-0.004676844253576462,-0.03861649949282851,12.111
EDF,2019-12-06,6,0.5,0.0,0.0,3.776
LLF,2019-12-06,6,0.5,0.0,0.0,3.776
MPC,2019-12-06,6,0.5,0.0,0.0,3.776
PPOLag,2019-12-06,6,0.5,0.0008798457878887334,0.02330100073857875,3.776
EDF,2019-12-06,6,1.0,0.0,0.0,3.776
LLF,2019-12-06,6,1.0,0.0,0.0,3.776
MPC,2019-12-06,6,1.0,0.0,0.0,3.776
PPOLag,2019-12-06,6,1.0,0.0016748577657795139,0.04435534337339815,3.776
EDF,2019-12-06,6,2.0,0.0,0.0,3.776
LLF,2019-12-06,6,2.0,0.0,0.0,3.776
MPC,2019-12-06,6,2.0,0.0,0.0,3.776
PPOLag,2019-12-06,6,2.0,0.0038692955267126015,0.10247075017777019,3.776
EDF,2019-12-06,0,0.5,0.0,0.0,2.875
LLF,2019-12-06,0,0.5,0.0,0.0,2.875
MPC,2019-12-06,0,0.5,0.0,0.0,2.875
PPOLag,2019-12-06,0,0.5,0.00029643064863460467,0.010310631256855815,2.875
EDF,2019-12-06,0,1.0,0.0,0.0,2.875
LLF,2019-12-06,0,1.0,0.0,0.0,2.875
MPC,2019-12-06,0,1.0,0.0,0.0,2.875
PPOLag,2019-12-06,0,1.0,0.0004271449798364024,0.014857216689961825,2.875
EDF,2019-12-06,0,2.0,0.0,0.0,2.875
LLF,2019-12-06,0,2.0,0.0,0.0,2.875
MPC,2019-12-06,0,2.0,0.0,0.0,2.875
PPOLag,2019-12-06,0,2.0,0.0015028322719489394,0.0522724268503979,2.875
EDF,2019-12-06,27,0.5,0.0,0.0,1.514
LLF,2019-12-06,27,0.5,0.0,0.0,1.514
MPC,2019-12-06,27,0.5,0.0,0.0,1.514
PPOLag,2019-12-06,27,0.5,0.0008958504071262307,0.05917109690397826,1.514
EDF,2019-12-06,27,1.0,0.0,0.0,1.514
LLF,2019-12-06,27,1.0,0.0,0.0,1.514
MPC,2019-12-06,27,1.0,0.0,0.0,1.514
PPOLag,2019-12-06,27,1.0,0.0019540541856511327,0.1290656661592558,1.514
EDF,2019-12-06,27,2.0,0.0,0.0,1.514
LLF,2019-12-06,27,2.0,0.0,0.0,1.514
MPC,2019-12-06,27,2.0,0.0,0.0,1.514
PPOLag,2019-12-06,27,2.0,0.005991262733186753,0.3957240906992571,1.514
EDF,2019-12-06,16,0.5,0.0,0.0,2.335
LLF,2019-12-06,16,0.5,0.0,0.0,2.335
MPC,2019-12-06,16,0.5,0.0,0.0,2.335
PPOLag,2019-12-06,16,0.5,0.0008809273478382451,0.03772708127786917,2.335
EDF,2019-12-06,16,1.0,0.0,0.0,2.335
LLF,2019-12-06,16,1.0,0.0,0.0,2.335
MPC,2019-12-06,16,1.0,0.0,0.0,2.335
PPOLag,2019-12-06,16,1.0,0.0019134841110166612,0.08194792766666645,2.335
EDF,2019-12-06,16,2.0,0.0,0.0,2.335
LLF,2019-12-06,16,2.0,0.0,0.0,2.335
MPC,2019-12-06,16,2.0,0.0,0.0,2.335
PPOLag,2019-12-06,16,2.0,0.003809545103983414,0.16314968325410767,2.335
EDF,2019-12-06,24,0.5,0.0,0.0,7.766
LLF,2019-12-06,24,0.5,0.0,0.0,7.766
MPC,2019-12-06,24,0.5,-1.7763568394002505e-15,-2.287351067988991e-14,7.766
PPOLag,2019-12-06,24,0.5,0.003947840030836325,0.0508349218495535,7.766
EDF,2019-12-06,24,1.0,0.0,0.0,7.766
LLF,2019-12-06,24,1.0,0.0,0.0,7.766
MPC,2019-12-06,24,1.0,-1.7763568394002505e-15,-2.287351067988991e-14,7.766
PPOLag,2019-12-06,24,1.0,0.005612831500557291,0.07227442055829632,7.766
EDF,2019-12-06,24,2.0,0.0,0.0,7.766
LLF,2019-12-06,24,2.0,0.0,0.0,7.766
MPC,2019-12-06,24,2.0,-1.7763568394002505e-15,-2.287351067988991e-14,7.766
PPOLag,2019-12-06,24,2.0,-0.0017160378318534341,-0.022096804427677495,7.766
EDF,2019-12-09,21,0.5,0.0,0.0,2.176
LLF,2019-12-09,21,0.5,0.0,0.0,2.176
MPC,2019-12-09,21,0.5,0.0,0.0,2.176
PPOLag,2019-12-09,21,0.5,-0.00026777925141932004,-0.012306031774784927,2.176
EDF,2019-12-09,21,1.0,0.0,0.0,2.176
LLF,2019-12-09,21,1.0,0.0,0.0,2.176
MPC,2019-12-09,21,1.0,0.0,0.0,2.176
PPOLag,2019-12-09,21,1.0,0.0038733261312708044,0.17800212000325386,2.176
EDF,2019-12-09,21,2.0,0.0,0.0,2.176
LLF,2019-12-09,21,2.0,0.0,0.0,2.176
MPC,2019-12-09,21,2.0,0.0,0.0,2.176
PPOLag,2019-12-09,21,2.0,0.007733247699354529,0.35538822147768967,2.176
EDF,2019-12-09,26,0.5,0.0,0.0,1.178
LLF,2019-12-09,26,0.5,0.0,0.0,1.178
MPC,2019-12-09,26,0.5,0.0,0.0,1.178
PPOLag,2019-12-09,26,0.5,-0.005430407119481106,-0.4609853242343894,1.178
EDF,2019-12-09,26,1.0,0.0,0.0,1.178
LLF,2019-12-09,26,1.0,0.0,0.0,1.178
MPC,2019-12-09,26,1.0,0.0,0.0,1.178
PPOLag,2019-12-09,26,1.0,-0.004167843250457981,-0.35380672754312237,1.178
EDF,2019-12-09,26,2.0,0.0,0.0,1.178
LLF,2019-12-09,26,2.0,0.0,0.0,1.178
MPC,2019-12-09,26,2.0,0.0,0.0,1.178
PPOLag,2019-12-09,26,2.0,-0.0013716064850697763,-0.11643518548979426,1.178
EDF,2019-12-09,0,0.5,0.0,0.0,3.432
LLF,2019-12-09,0,0.5,0.0,0.0,3.432
MPC,2019-12-09,0,0.5,4.440892098500626e-16,1.2939662291668492e-14,3.432
PPOLag,2019-12-09,0,0.5,-2.8822822818153072e-05,-0.0008398258396897756,3.432
EDF,2019-12-09,0,1.0,0.0,0.0,3.432
LLF,2019-12-09,0,1.0,0.0,0.0,3.432
MPC,2019-12-09,0,1.0,4.440892098500626e-16,1.2939662291668492e-14,3.432
PPOLag,2019-12-09,0,1.0,-0.0012123270352932813,-0.0353242143150723,3.432
EDF,2019-12-09,0,2.0,0.0,0.0,3.432
LLF,2019-12-09,0,2.0,0.0,0.0,3.432
MPC,2019-12-09,0,2.0,4.440892098500626e-16,1.2939662291668492e-14,3.432
PPOLag,2019-12-09,0,2.0,0.00022910828586724107,0.006675649355106092,3.432
EDF,2019-12-09,29,0.5,0.0,0.0,0.849
LLF,2019-12-09,29,0.5,0.0,0.0,0.849
MPC,2019-12-09,29,0.5,0.0,0.0,0.849
PPOLag,2019-12-09,29,0.5,-0.00912513682917664,-1.0748099916580258,0.849
EDF,2019-12-09,29,1.0,0.0,0.0,0.849
LLF,2019-12-09,29,1.0,0.0,0.0,0.849
MPC,2019-12-09,29,1.0,0.0,0.0,0.849
PPOLag,2019-12-09,29,1.0,-0.0037183861201957047,-0.43797245231987103,0.849
EDF,2019-12-09,29,2.0,0.0,0.0,0.849
LLF,2019-12-09,29,2.0,0.0,0.0,0.849
MPC,2019-12-09,29,2.0,0.0,0.0,0.849
PPOLag,2019-12-09,29,2.0,-0.016740872108625272,-1.9718341706272404,0.849
EDF,2019-12-09,10,0.5,-8.881784197001252e-16,-2.2110490906151982e-14,4.017
LLF,2019-12-09,10,0.5,0.0,0.0,4.017
MPC,2019-12-09,10,0.5,0.0,0.0,4.017
PPOLag,2019-12-09,10,0.5,-0.0007139279150154998,-0.01777266405316156,4.017
EDF,2019-12-09,10,1.0,0.0,0.0,4.017
LLF,2019-12-09,10,1.0,0.0,0.0,4.017
MPC,2019-12-09,10,1.0,0.0,0.0,4.017
PPOLag,2019-12-09,10,1.0,0.000673731516530296,0.016772006884000396,4.017
EDF,2019-12-09,10,2.0,0.0,0.0,4.017
LLF,2019-12-09,10,2.0,0.0,0.0,4.017
MPC,2019-12-09,10,2.0,0.0,0.0,4.017
PPOLag,2019-12-09,10,2.0,-0.002974176527673578,-0.07403974427865516,4.017
EDF,2019-12-10,11,0.5,1.7763568394002505e-15,1.128777301518873e-14,15.737
LLF,2019-12-10,11,0.5,-1.7763568394002505e-15,-1.128777301518873e-14,15.737
MPC,2019-12-10,11,0.5,0.0,0.0,15.737
PPOLag,2019-12-10,11,0.5,0.0001725055617686877,0.0010961781900532992,15.737
EDF,2019-12-10,11,1.0,0.0,0.0,15.737
LLF,2019-12-10,11,1.0,-1.7763568394002505e-15,-1.128777301518873e-14,15.737
MPC,2019-12-10,11,1.0,-1.7763568394002505e-15,-1.128777301518873e-14,15.737
PPOLag,2019-12-10,11,1.0,0.0010173131105393196,0.006464466610785535,15.737
EDF,2019-12-10,11,2.0,1.7763568394002505e-15,1.128777301518873e-14,15.737
LLF,2019-12-10,11,2.0,-1.7763568394002505e-15,-1.128777301518873e-14,15.737
MPC,2019-12-10,11,2.0,0.0,0.0,15.737
PPOLag,2019-12-10,11,2.0,0.004302184084028937,0.027338019216044583,15.737
EDF,2019-12-10,26,0.5,0.0,0.0,5.761
LLF,2019-12-10,26,0.5,0.0,0.0,5.761
MPC,2019-12-10,26,0.5,0.0,0.0,5.761
PPOLag,2019-12-10,26,0.5,-0.000142549510431067,-0.0024743883081247524,5.761
EDF,2019-12-10,26,1.0,0.0,0.0,5.761
LLF,2019-12-10,26,1.0,0.0,0.0,5.761
MPC,2019-12-10,26,1.0,-8.881784197001252e-16,-1.5417087653187384e-14,5.761
PPOLag,2019-12-10,26,1.0,0.003388585466315952,0.05881939708932393,5.761
EDF,2019-12-10,26,2.0,0.0,0.0,5.761
LLF,2019-12-10,26,2.0,0.0,0.0,5.761
MPC,2019-12-10,26,2.0,-8.881784197001252e-16,-1.5417087653187384e-14,5.761
PPOLag,2019-12-10,26,2.0,-0.005464013265118872,-0.0948448752841325,5.761
EDF,2019-12-10,15,0.5,0.0,0.0,13.433
LLF,2019-12-10,15,0.5,0.0,0.0,13.433
MPC,2019-12-10,15,0.5,-1.7763568394002505e-15,-1.3223828179857445e-14,13.433
PPOLag,2019-12-10,15,0.5,0.00025345309757227594,0.0018867944433281914,13.433
EDF,2019-12-10,15,1.0,0.0,0.0,13.433
LLF,2019-12-10,15,1.0,0.0,0.0,13.433
MPC,2019-12-10,15,1.0,-1.7763568394002505e-15,-1.3223828179857445e-14,13.433
PPOLag,2019-12-10,15,1.0,0.0008618583068631836,0.006415977866918661,13.433
EDF,2019-12-10,15,2.0,0.0,0.0,13.433
LLF,2019-12-10,15,2.0,0.0,0.0,13.433
MPC,2019-12-10,15,2.0,0.0,0.0,13.433
PPOLag,2019-12-10,15,2.0,0.0022849448879824763,0.017009937377968264,13.433
EDF,2019-12-10,17,0.5,0.0,0.0,4.233
LLF,2019-12-10,17,0.5,0.0,0.0,4.233
MPC,2019-12-10,17,0.5,0.0,0.0,4.233
PPOLag,2019-12-10,17,0.5,0.0007608118795818797,0.01797334938771273,4.233
EDF,2019-12-10,17,1.0,0.0,0.0,4.233
LLF,2019-12-10,17,1.0,0.0,0.0,4.233
MPC,2019-12-10,17,1.0,0.0,0.0,4.233
PPOLag,2019-12-10,17,1.0,0.0009667441452663184,0.022838274161736793,4.233
EDF,2019-12-10,17,2.0,0.0,0.0,4.233
LLF,2019-12-10,17,2.0,0.0,0.0,4.233
MPC,2019-12-10,17,2.0,0.0,0.0,4.233
PPOLag,2019-12-10,17,2.0,-0.001987022016372286,-0.0469412241051804,4.233
EDF,2019-12-10,24,0.5,0.0,0.0,4.218
LLF,2019-12-10,24,0.5,0.0,0.0,4.218
MPC,2019-12-10,24,0.5,0.0,0.0,4.218
PPOLag,2019-12-10,24,0.5,0.0030278462010299378,0.07178393079729582,4.218
EDF,2019-12-10,24,1.0,0.0,0.0,4.218
LLF,2019-12-10,24,1.0,0.0,0.0,4.218
MPC,2019-12-10,24,1.0,0.0,0.0,4.218
PPOLag,2019-12-10,24,1.0,0.0014470951148670252,0.03430761296507884,4.218
EDF,2019-12-10,24,2.0,-2.5540000000000003,-60.550023707918456,4.218
LLF,2019-12-10,24,2.0,-2.5540000000000003,-60.550023707918456,4.218
MPC,2019-12-10,24,2.0,-2.5540000000000003,-60.550023707918456,4.218
PPOLag,2019-12-10,24,2.0,-2.566632749251122,-60.84951989689714,4.218
EDF,2019-12-11,5,0.5,1.7763568394002505e-15,1.8331855927763164e-14,9.69
LLF,2019-12-11,5,0.5,1.7763568394002505e-15,1.8331855927763164e-14,9.69
MPC,2019-12-11,5,0.5,0.0,0.0,9.69
PPOLag,2019-12-11,5,0.5,0.01118686039420851,0.11544747568842632,9.69
EDF,2019-12-11,5,1.0,1.7763568394002505e-15,1.8331855927763164e-14,9.69
LLF,2019-12-11,5,1.0,1.7763568394002505e-15,1.8331855927763164e-14,9.69
MPC,2019-12-11,5,1.0,0.0,0.0,9.69
PPOLag,2019-12-11,5,1.0,0.014685714774764592,0.15155536403265835,9.69
EDF,2019-12-11,5,2.0,1.7763568394002505e-15,1.8331855927763164e-14,9.69
LLF,2019-12-11,5,2.0,1.7763568394002505e-15,1.8331855927763164e-14,9.69
MPC,2019-12-11,5,2.0,0.0,0.0,9.69
PPOLag,2019-12-11,5,2.0,0.017344250099069924,0.17899122909256887,9.69
EDF,2019-12-11,24,0.5,0.0,0.0,4.098
LLF,2019-12-11,24,0.5,0.0,0.0,4.098
MPC,2019-12-11,24,0.5,0.0,0.0,4.098
PPOLag,2019-12-11,24,0.5,0.031441963314367175,0.7672514229957826,4.098
EDF,2019-12-11,24,1.0,0.0,0.0,4.098
LLF,2019-12-11,24,1.0,0.0,0.0,4.098
MPC,2019-12-11,24,1.0,0.0,0.0,4.098
PPOLag,2019-12-11,24,1.0,0.03581189462412606,0.8738871308961947,4.098
EDF,2019-12-11,24,2.0,0.0,0.0,4.098
LLF,2019-12-11,24,2.0,0.0,0.0,4.098
MPC,2019-12-11,24,2.0,0.0,0.0,4.098
PPOLag,2019-12-11,24,2.0,0.03917801069678628,0.956027591429631,4.098
EDF,2019-12-11,11,0.5,-0.3240000000000016,-3.1431897555297015,10.308
LLF,2019-12-11,11,0.5,-0.3240000000000016,-3.1431897555297015,10.308
MPC,2019-12-11,11,0.5,-0.32399999999999984,-3.143189755529684,10.308
PPOLag,2019-12-11,11,0.5,-0.664304020178308,-6.44454811969643,10.308
EDF,2019-12-11,11,1.0,-3.652000000000001,-35.42879317035313,10.308
LLF,2019-12-11,11,1.0,-3.652000000000001,-35.42879317035313,10.308
MPC,2019-12-11,11,1.0,-3.652,-35.428793170353124,10.308
PPOLag,2019-12-11,11,1.0,-3.8889914741674074,-37.72789555847311,10.308
EDF,2019-12-11,11,2.0,-10.308,-100.0,10.308
LLF,2019-12-11,11,2.0,-10.308,-100.0,10.308
MPC,2019-12-11,11,2.0,-10.308,-100.0,10.308
PPOLag,2019-12-11,11,2.0,-10.30279195461224,-99.9494756947249,10.308
EDF,2019-12-11,23,0.5,8.881784197001252e-16,2.2193363810597833e-14,4.002
LLF,2019-12-11,23,0.5,0.0,0.0,4.002
MPC,2019-12-11,23,0.5,0.0,0.0,4.002
PPOLag,2019-12-11,23,0.5,-0.1778729136346037,-4.444600540594794,4.002
EDF,2019-12-11,23,1.0,1.7763568394002505e-15,4.4386727621195667e-14,4.002
LLF,2019-12-11,23,1.0,0.0,0.0,4.002
MPC,2019-12-11,23,1.0,8.881784197001252e-16,2.2193363810597833e-14,4.002
PPOLag,2019-12-11,23,1.0,-0.05840104019047665,-1.4592963565836246,4.002
EDF,2019-12-11,23,2.0,8.881784197001252e-16,2.2193363810597833e-14,4.002
LLF,2019-12-11,23,2.0,0.0,0.0,4.002
MPC,2019-12-11,23,2.0,0.0,0.0,4.002
PPOLag,2019-12-11,23,2.0,0.030544633051862568,0.7632342091919684,4.002
EDF,2019-12-11,31,0.5,0.0,0.0,13.765
LLF,2019-12-11,31,0.5,0.0,0.0,13.765
MPC,2019-12-11,31,0.5,0.0,0.0,13.765
PPOLag,2019-12-11,31,0.5,0.12253901190843094,0.8902216629744348,13.765
EDF,2019-12-11,31,1.0,0.0,0.0,13.765
LLF,2019-12-11,31,1.0,0.0,0.0,13.765
MPC,2019-12-11,31,1.0,-1.7763568394002505e-15,-1.2904880780241558e-14,13.765
PPOLag,2019-12-11,31,1.0,0.16504375541045418,1.1990102100287263,13.765
EDF,2019-12-11,31,2.0,0.0,0.0,13.765
LLF,2019-12-11,31,2.0,0.0,0.0,13.765
MPC,2019-12-11,31,2.0,-1.7763568394002505e-15,-1.2904880780241558e-14,13.765
PPOLag,2019-12-11,31,2.0,0.17815102888549958,1.2942319570323253,13.765
EDF,2019-12-12,15,0.5,0.0,0.0,17.854
LLF,2019-12-12,15,0.5,0.0,0.0,17.854
MPC,2019-12-12,15,0.5,0.0,0.0,17.854
PPOLag,2019-12-12,15,0.5,0.001436862182791998,0.008047844644292586,17.854
EDF,2019-12-12,15,1.0,0.0,0.0,17.854
LLF,2019-12-12,15,1.0,0.0,0.0,17.854
MPC,2019-12-12,15,1.0,0.0,0.0,17.854
PPOLag,2019-12-12,15,1.0,0.004918820114263411,0.02755024148237601,17.854
EDF,2019-12-12,15,2.0,0.0,0.0,17.854
LLF,2019-12-12,15,2.0,0.0,0.0,17.854
MPC,2019-12-12,15,2.0,3.552713678800501e-15,1.9898698772266724e-14,17.854
PPOLag,2019-12-12,15,2.0,0.0054310260319454075,0.030419099540413396,17.854
EDF,2019-12-12,24,0.5,0.0,0.0,3.974
LLF,2019-12-12,24,0.5,0.0,0.0,3.974
MPC,2019-12-12,24,0.5,0.0,0.0,3.974
PPOLag,2019-12-12,24,0.5,-0.0018114766252800506,-0.045583206474082795,3.974
EDF,2019-12-12,24,1.0,0.0,0.0,3.974
LLF,2019-12-12,24,1.0,0.0,0.0,3.974
MPC,2019-12-12,24,1.0,0.0,0.0,3.974
PPOLag,2019-12-12,24,1.0,-0.0032891629163151136,-0.08276705879001292,3.974
EDF,2019-12-12,24,2.0,0.0,0.0,3.974
LLF,2019-12-12,24,2.0,0.0,0.0,3.974
MPC,2019-12-12,24,2.0,0.0,0.0,3.974
PPOLag,2019-12-12,24,2.0,0.002334270582330067,0.058738565232261376,3.974
EDF,2019-12-12,28,0.5,0.0,0.0,9.773
LLF,2019-12-12,28,0.5,0.0,0.0,9.773
MPC,2019-12-12,28,0.5,0.0,0.0,9.773
PPOLag,2019-12-12,28,0.5,-0.003971469391248661,-0.04063715738512904,9.773
EDF,2019-12-12,28,1.0,-1.4530000000000012,-14.867492069988758,9.773
LLF,2019-12-12,28,1.0,-1.4530000000000012,-14.867492069988758,9.773
MPC,2019-12-12,28,1.0,-1.4529999999999976,-14.86749206998872,9.773
PPOLag,2019-12-12,28,1.0,-1.5054100095680467,-15.403765574215152,9.773
EDF,2019-12-12,28,2.0,-8.109000000000002,-82.97349841399777,9.773
LLF,2019-12-12,28,2.0,-8.109000000000002,-82.97349841399777,9.773
MPC,2019-12-12,28,2.0,-8.108999999999998,-82.97349841399773,9.773
PPOLag,2019-12-12,28,2.0,-8.11036374491961,-82.98745262375533,9.773
EDF,2019-12-12,5,0.5,0.0,0.0,2.386
LLF,2019-12-12,5,0.5,0.0,0.0,2.386
MPC,2019-12-12,5,0.5,0.0,0.0,2.386
PPOLag,2019-12-12,5,0.5,0.0012530739331414686,0.05251776752478913,2.386
EDF,2019-12-12,5,1.0,0.0,0.0,2.386
LLF,2019-12-12,5,1.0,0.0,0.0,2.386
MPC,2019-12-12,5,1.0,0.0,0.0,2.386
PPOLag,2019-12-12,5,1.0,0.002186322740799618,0.09163129676444333,2.386
EDF,2019-12-12,5,2.0,0.0,0.0,2.386
LLF,2019-12-12,5,2.0,0.0,0.0,2.386
MPC,2019-12-12,5,2.0,0.0,0.0,2.386
PPOLag,2019-12-12,5,2.0,0.004537163969760893,0.1901577522950919,2.386
EDF,2019-12-12,23,0.5,0.0,0.0,2.671
LLF,2019-12-12,23,0.5,0.0,0.0,2.671
MPC,2019-12-12,23,0.5,4.440892098500626e-16,1.6626327587048396e-14,2.671
PPOLag,2019-12-12,23,0.5,0.0005748406327484191,0.021521551207353766,2.671
EDF,2019-12-12,23,1.0,0.0,0.0,2.671
LLF,2019-12-12,23,1.0,0.0,0.0,2.671
MPC,2019-12-12,23,1.0,4.440892098500626e-16,1.6626327587048396e-14,2.671
PPOLag,2019-12-12,23,1.0,0.004692038420387856,0.17566598354129,2.671
EDF,2019-12-12,23,2.0,0.0,0.0,2.671
LLF,2019-12-12,23,2.0,0.0,0.0,2.671
MPC,2019-12-12,23,2.0,4.440892098500626e-16,1.6626327587048396e-14,2.671
PPOLag,2019-12-12,23,2.0,0.004403841231682648,0.16487612248905456,2.671
EDF,2019-12-13,30,0.5,0.0,0.0,5.79
LLF,2019-12-13,30,0.5,8.881784197001252e-16,1.5339869079449485e-14,5.79
MPC,2019-12-13,30,0.5,8.881784197001252e-16,1.5339869079449485e-14,5.79
PPOLag,2019-12-13,30,0.5,-0.0004857445112710579,-0.008389369797427595,5.79
EDF,2019-12-13,30,1.0,0.0,0.0,5.79
LLF,2019-12-13,30,1.0,8.881784197001252e-16,1.5339869079449485e-14,5.79
MPC,2019-12-13,30,1.0,0.0,0.0,5.79
PPOLag,2019-12-13,30,1.0,-0.01326096280673994,-0.22903217282797822,5.79
EDF,2019-12-13,30,2.0,0.0,0.0,5.79
LLF,2019-12-13,30,2.0,8.881784197001252e-16,1.5339869079449485e-14,5.79
MPC,2019-12-13,30,2.0,-8.881784197001252e-16,-1.5339869079449485e-14,5.79
PPOLag,2019-12-13,30,2.0,-0.012779437787883907,-0.22071567854721774,5.79
EDF,2019-12-13,36,0.5,0.0,0.0,6.873
LLF,2019-12-13,36,0.5,0.0,0.0,6.873
MPC,2019-12-13,36,0.5,0.0,0.0,6.873
PPOLag,2019-12-13,36,0.5,-0.0016596323479031838,-0.024147131498664105,6.873
EDF,2019-12-13,36,1.0,-0.21700000000000141,-3.157282118434474,6.873
LLF,2019-12-13,36,1.0,-0.21700000000000141,-3.157282118434474,6.873
MPC,2019-12-13,36,1.0,-0.21700000000000053,-3.1572821184344613,6.873
PPOLag,2019-12-13,36,1.0,-0.35230808311387773,-5.1259724009003005,6.873
EDF,2019-12-13,36,2.0,-6.873000000000001,-100.0,6.873
LLF,2019-12-13,36,2.0,-6.873000000000001,-100.0,6.873
MPC,2019-12-13,36,2.0,-6.873,-100.0,6.873
PPOLag,2019-12-13,36,2.0,-6.865730001935839,-99.89422380235472,6.873
EDF,2019-12-13,6,0.5,-1.7763568394002505e-15,-1.831673375335379e-14,9.698
LLF,2019-12-13,6,0.5,-1.7763568394002505e-15,-1.831673375335379e-14,9.698
MPC,2019-12-13,6,0.5,0.0,0.0,9.698
PPOLag,2019-12-13,6,0.5,0.004455450709129849,0.04594195410527789,9.698
EDF,2019-12-13,6,1.0,-1.7763568394002505e-15,-1.831673375335379e-14,9.698
LLF,2019-12-13,6,1.0,-1.7763568394002505e-15,-1.831673375335379e-14,9.698
MPC,2019-12-13,6,1.0,0.0,0.0,9.698
PPOLag,2019-12-13,6,1.0,-0.00025908665816203323,-0.00267154731039424,9.698
EDF,2019-12-13,6,2.0,0.0,0.0,9.698
LLF,2019-12-13,6,2.0,0.0,0.0,9.698
MPC,2019-12-13,6,2.0,-1.7763568394002505e-15,-1.831673375335379e-14,9.698
PPOLag,2019-12-13,6,2.0,-0.017898136970489986,-0.18455492854701988,9.698
EDF,2019-12-13,9,0.5,-3.3279999999999994,-24.999999999999996,13.312
LLF,2019-12-13,9,0.5,-3.3279999999999994,-24.999999999999996,13.312
MPC,2019-12-13,9,0.5,-3.3279999999999994,-24.999999999999996,13.312
PPOLag,2019-12-13,9,0.5,-3.0545314666533576,-22.94569911848977,13.312
EDF,2019-12-13,9,1.0,-6.655999999999999,-49.99999999999999,13.312
LLF,2019-12-13,9,1.0,-6.656,-50.00000000000001,13.312
MPC,2019-12-13,9,1.0,-6.656,-50.00000000000001,13.312
PPOLag,2019-12-13,9,1.0,-6.091337127560119,-45.75824164333024,13.312
EDF,2019-12-13,9,2.0,-13.311999999999998,-99.99999999999999,13.312
LLF,2019-12-13,9,2.0,-13.312,-100.00000000000001,13.312
MPC,2019-12-13,9,2.0,-13.312,-100.00000000000001,13.312
PPOLag,2019-12-13,9,2.0,-11.46937170168257,-86.15814078787987,13.312
EDF,2019-12-13,3,0.5,0.0,0.0,10.552
LLF,2019-12-13,3,0.5,0.0,0.0,10.552
MPC,2019-12-13,3,0.5,-1.7763568394002505e-15,-1.6834314247538385e-14,10.552
PPOLag,2019-12-13,3,0.5,-0.011854807153277847,-0.11234654239270134,10.552
EDF,2019-12-13,3,1.0,0.0,0.0,10.552
LLF,2019-12-13,3,1.0,0.0,0.0,10.552
MPC,2019-12-13,3,1.0,-1.7763568394002505e-15,-1.6834314247538385e-14,10.552
PPOLag,2019-12-13,3,1.0,-0.03836767502637315,-0.36360571480641724,10.552
EDF,2019-12-13,3,2.0,-2.232000000000001,-21.152388172858238,10.552
LLF,2019-12-13,3,2.0,-2.232000000000001,-21.152388172858238,10.552
MPC,2019-12-13,3,2.0,-2.2319999999999993,-21.15238817285822,10.552
PPOLag,2019-12-13,3,2.0,-2.5845759627120204,-24.493707000682527,10.552
EDF,2019-12-16,12,0.5,4.440892098500626e-16,1.1422047578448113e-14,3.888
LLF,2019-12-16,12,0.5,0.0,0.0,3.888
MPC,2019-12-16,12,0.5,0.0,0.0,3.888
PPOLag,2019-12-16,12,0.5,-0.002480417855342676,-0.06379675553864907,3.888
EDF,2019-12-16,12,1.0,0.0,0.0,3.888
LLF,2019-12-16,12,1.0,0.0,0.0,3.888
MPC,2019-12-16,12,1.0,0.0,0.0,3.888
PPOLag,2019-12-16,12,1.0,-0.2370371979369847,-6.096635749408042,3.888
EDF,2019-12-16,12,2.0,0.0,0.0,3.888
LLF,2019-12-16,12,2.0,0.0,0.0,3.888
MPC,2019-12-16,12,2.0,0.0,0.0,3.888
PPOLag,2019-12-16,12,2.0,-0.06772423943781689,-1.7418785863636033,3.888
EDF,2019-12-16,2,0.5,0.0,0.0,12.102
LLF,2019-12-16,2,0.5,0.0,0.0,12.102
MPC,2019-12-16,2,0.5,-1.7763568394002505e-15,-1.467820888613659e-14,12.102
PPOLag,2019-12-16,2,0.5,0.0014854037089463644,0.012274034944194054,12.102
EDF,2019-12-16,2,1.0,0.0,0.0,12.102
LLF,2019-12-16,2,1.0,0.0,0.0,12.102
MPC,2019-12-16,2,1.0,-1.7763568394002505e-15,-1.467820888613659e-14,12.102
PPOLag,2019-12-16,2,1.0,0.0026503250817690115,0.02189989325540416,12.102
EDF,2019-12-16,2,2.0,0.0,0.0,12.102
LLF,2019-12-16,2,2.0,0.0,0.0,12.102
MPC,2019-12-16,2,2.0,-1.7763568394002505e-15,-1.467820888613659e-14,12.102
PPOLag,2019-12-16,2,2.0,0.006566519888266953,0.05425979084669437,12.102
EDF,2019-12-16,18,0.5,-1.1409999999999911,-3.8771280029902178,29.429
LLF,2019-12-16,18,0.5,-1.1409999999999911,-3.8771280029902178,29.429
MPC,2019-12-16,18,0.5,-1.1409999999999876,-3.8771280029902058,29.429
PPOLag,2019-12-16,18,0.5,-2.0479348076389483,-6.9589004303202575,29.429
EDF,2019-12-16,18,1.0,-4.468999999999994,-15.185701179109023,29.429
LLF,2019-12-16,18,1.0,-4.468999999999994,-15.185701179109023,29.429
MPC,2019-12-16,18,1.0,-4.4689999999999905,-15.185701179109012,29.429
PPOLag,2019-12-16,18,1.0,-5.224013585848909,-17.751243962924015,29.429
EDF,2019-12-16,18,2.0,-11.125,-37.802847531346636,29.429
LLF,2019-12-16,18,2.0,-11.125,-37.802847531346636,29.429
MPC,2019-12-16,18,2.0,-11.124999999999996,-37.802847531346615,29.429
PPOLag,2019-12-16,18,2.0,-11.59488889053219,-39.39953410082636,29.429
EDF,2019-12-16,8,0.5,0.0,0.0,39.149
LLF,2019-12-16,8,0.5,0.0,0.0,39.149
MPC,2019-12-16,8,0.5,0.0,0.0,39.149
PPOLag,2019-12-16,8,0.5,-0.013746776559705154,-0.03511399156991278,39.149
EDF,2019-12-16,8,1.0,0.0,0.0,39.149
LLF,2019-12-16,8,1.0,0.0,0.0,39.149
MPC,2019-12-16,8,1.0,0.0,0.0,39.149
PPOLag,2019-12-16,8,1.0,-0.4536740542397382,-1.1588394447871933,39.149
EDF,2019-12-16,8,2.0,-4.204999999999984,-10.741015096170997,39.149
LLF,2019-12-16,8,2.0,-4.204999999999991,-10.741015096171015,39.149
MPC,2019-12-16,8,2.0,-4.204999999999984,-10.741015096170997,39.149
PPOLag,2019-12-16,8,2.0,-5.893411124678627,-15.053797350324725,39.149
EDF,2019-12-16,1,0.5,0.0,0.0,3.786
LLF,2019-12-16,1,0.5,0.0,0.0,3.786
MPC,2019-12-16,1,0.5,-4.440892098500626e-16,-1.1729773107502975e-14,3.786
PPOLag,2019-12-16,1,0.5,0.0002745804364858273,0.00725252077352951,3.786
EDF,2019-12-16,1,1.0,0.0,0.0,3.786
LLF,2019-12-16,1,1.0,0.0,0.0,3.786
MPC,2019-12-16,1,1.0,-4.440892098500626e-16,-1.1729773107502975e-14,3.786
PPOLag,2019-12-16,1,1.0,-0.0024543021058265778,-0.06482572915548278,3.786
EDF,2019-12-16,1,2.0,0.0,0.0,3.786
LLF,2019-12-16,1,2.0,0.0,0.0,3.786
MPC,2019-12-16,1,2.0,-4.440892098500626e-16,-1.1729773107502975e-14,3.786
PPOLag,2019-12-16,1,2.0,-0.00255890469322253,-0.06758860785056867,3.786
EDF,2019-12-17,28,0.5,0.0,0.0,6.385
LLF,2019-12-17,28,0.5,0.0,0.0,6.385
MPC,2019-12-17,28,0.5,0.0,0.0,6.385
PPOLag,2019-12-17,28,0.5,0.04140089258745956,0.6484086544629533,6.385
EDF,2019-12-17,28,1.0,0.0,0.0,6.385
LLF,2019-12-17,28,1.0,0.0,0.0,6.385
MPC,2019-12-17,28,1.0,8.881784197001252e-16,1.3910390285045032e-14,6.385
PPOLag,2019-12-17,28,1.0,0.04712924425443745,0.7381244205863344,6.385
EDF,2019-12-17,28,2.0,0.0,0.0,6.385
LLF,2019-12-17,28,2.0,0.0,0.0,6.385
MPC,2019-12-17,28,2.0,8.881784197001252e-16,1.3910390285045032e-14,6.385
PPOLag,2019-12-17,28,2.0,0.05142919160416426,0.8054689366353056,6.385
EDF,2019-12-17,6,0.5,0.0,0.0,5.477
LLF,2019-12-17,6,0.5,0.0,0.0,5.477
MPC,2019-12-17,6,0.5,0.0,0.0,5.477
PPOLag,2019-12-17,6,0.5,-0.07451775682351389,-1.3605579116946116,5.477
EDF,2019-12-17,6,1.0,0.0,0.0,5.477
LLF,2019-12-17,6,1.0,0.0,0.0,5.477
MPC,2019-12-17,6,1.0,0.0,0.0,5.477
PPOLag,2019-12-17,6,1.0,0.00010847598915670886,0.0019805731085760447,5.477
EDF,2019-12-17,6,2.0,0.0,0.0,5.477
LLF,2019-12-17,6,2.0,0.0,0.0,5.477
MPC,2019-12-17,6,2.0,0.0,0.0,5.477
PPOLag,2019-12-17,6,2.0,0.04736865332109428,0.864864950175174,5.477
EDF,2019-12-17,9,0.5,-1.7763568394002505e-15,-1.1261296053000194e-14,15.774
LLF,2019-12-17,9,0.5,0.0,0.0,15.774
MPC,2019-12-17,9,0.5,0.0,0.0,15.774
PPOLag,2019-12-17,9,0.5,-0.026940338240966356,-0.17078951591838692,15.774
EDF,2019-12-17,9,1.0,-1.7763568394002505e-15,-1.1261296053000194e-14,15.774
LLF,2019-12-17,9,1.0,-3.552713678800501e-15,-2.2522592106000387e-14,15.774
MPC,2019-12-17,9,1.0,1.7763568394002505e-15,1.1261296053000194e-14,15.774
PPOLag,2019-12-17,9,1.0,-0.0892898397334708,-0.5660570542251224,15.774
EDF,2019-12-17,9,2.0,0.0,0.0,15.774
LLF,2019-12-17,9,2.0,3.552713678800501e-15,2.2522592106000387e-14,15.774
MPC,2019-12-17,9,2.0,-1.7763568394002505e-15,-1.1261296053000194e-14,15.774
PPOLag,2019-12-17,9,2.0,-0.004738036309551319,-0.030036999553387338,15.774
EDF,2019-12-17,4,0.5,0.0,0.0,4.651
LLF,2019-12-17,4,0.5,0.0,0.0,4.651
MPC,2019-12-17,4,0.5,0.0,0.0,4.651
PPOLag,2019-12-17,4,0.5,0.018184491094073784,0.39098024283108546,4.651
EDF,2019-12-17,4,1.0,0.0,0.0,4.651
LLF,2019-12-17,4,1.0,0.0,0.0,4.651
MPC,2019-12-17,4,1.0,0.0,0.0,4.651
PPOLag,2019-12-17,4,1.0,0.07771472190796054,1.6709250033962708,4.651
EDF,2019-12-17,4,2.0,0.0,0.0,4.651
LLF,2019-12-17,4,2.0,0.0,0.0,4.651
MPC,2019-12-17,4,2.0,0.0,0.0,4.651
PPOLag,2019-12-17,4,2.0,0.08697521630854439,1.8700326017747666,4.651
EDF,2019-12-17,24,0.5,0.0,0.0,7.752
LLF,2019-12-17,24,0.5,0.0,0.0,7.752
MPC,2019-12-17,24,0.5,1.7763568394002505e-15,2.2914819909703955e-14,7.752
PPOLag,2019-12-17,24,0.5,0.0019295793847771137,0.024891374932625304,7.752
EDF,2019-12-17,24,1.0,0.0,0.0,7.752
LLF,2019-12-17,24,1.0,0.0,0.0,7.752
MPC,2019-12-17,24,1.0,1.7763568394002505e-15,2.2914819909703955e-14,7.752
PPOLag,2019-12-17,24,1.0,0.0029854629722114723,0.03851216424421404,7.752
EDF,2019-12-17,24,2.0,0.0,0.0,7.752
LLF,2019-12-17,24,2.0,0.0,0.0,7.752
MPC,2019-12-17,24,2.0,0.0,0.0,7.752
PPOLag,2019-12-17,24,2.0,0.0063076566736485875,0.08136812014510561,7.752
EDF,2019-12-18,29,0.5,0.0,0.0,5.488
LLF,2019-12-18,29,0.5,0.0,0.0,5.488
MPC,2019-12-18,29,0.5,-1.7763568394002505e-15,-3.236801821064596e-14,5.488
PPOLag,2019-12-18,29,0.5,0.0022119533025879434,0.04030527154861412,5.488
EDF,2019-12-18,29,1.0,0.0,0.0,5.488
LLF,2019-12-18,29,1.0,0.0,0.0,5.488
MPC,2019-12-18,29,1.0,0.0,0.0,5.488
PPOLag,2019-12-18,29,1.0,0.006091846894472219,0.11100304108003314,5.488
EDF,2019-12-18,29,2.0,0.0,0.0,5.488
LLF,2019-12-18,29,2.0,0.0,0.0,5.488
MPC,2019-12-18,29,2.0,-8.881784197001252e-16,-1.618400910532298e-14,5.488
PPOLag,2019-12-18,29,2.0,0.004946391869315114,0.09013104718139783,5.488
EDF,2019-12-18,4,0.5,1.7763568394002505e-15,1.9055533570052034e-14,9.322
LLF,2019-12-18,4,0.5,0.0,0.0,9.322
MPC,2019-12-18,4,0.5,0.0,0.0,9.322
PPOLag,2019-12-18,4,0.5,-0.00878496145413834,-0.09423902010446623,9.322
EDF,2019-12-18,4,1.0,1.7763568394002505e-15,1.9055533570052034e-14,9.322
LLF,2019-12-18,4,1.0,0.0,0.0,9.322
MPC,2019-12-18,4,1.0,0.0,0.0,9.322
PPOLag,2019-12-18,4,1.0,-0.016628836772120792,-0.17838271585626253,9.322
EDF,2019-12-18,4,2.0,1.7763568394002505e-15,1.9055533570052034e-14,9.322
LLF,2019-12-18,4,2.0,1.7763568394002505e-15,1.9055533570052034e-14,9.322
MPC,2019-12-18,4,2.0,0.0,0.0,9.322
PPOLag,2019-12-18,4,2.0,-0.0045057925306092985,-0.048335041092140076,9.322
EDF,2019-12-18,33,0.5,0.0,0.0,7.822
LLF,2019-12-18,33,0.5,0.0,0.0,7.822
MPC,2019-12-18,33,0.5,0.0,0.0,7.822
PPOLag,2019-12-18,33,0.5,0.004908012288076691,0.06274625783785082,7.822
EDF,2019-12-18,33,1.0,0.0,0.0,7.822
LLF,2019-12-18,33,1.0,0.0,0.0,7.822
MPC,2019-12-18,33,1.0,0.0,0.0,7.822
PPOLag,2019-12-18,33,1.0,-0.03046629397419185,-0.38949493702623184,7.822
EDF,2019-12-18,33,2.0,-6.158,-78.72666837126056,7.822
LLF,2019-12-18,33,2.0,-6.158,-78.72666837126056,7.822
MPC,2019-12-18,33,2.0,-6.1579999999999995,-78.72666837126054,7.822
PPOLag,2019-12-18,33,2.0,-6.14704454387917,-78.58660884529749,7.822
EDF,2019-12-18,15,0.5,4.440892098500626e-16,1.3693777670368876e-14,3.243
LLF,2019-12-18,15,0.5,4.440892098500626e-16,1.3693777670368876e-14,3.243
MPC,2019-12-18,15,0.5,0.0,0.0,3.243
PPOLag,2019-12-18,15,0.5,-0.028003626867387332,-0.8635099249888171,3.243
EDF,2019-12-18,15,1.0,-4.440892098500626e-16,-1.3693777670368876e-14,3.243
LLF,2019-12-18,15,1.0,0.0,0.0,3.243
MPC,2019-12-18,15,1.0,0.0,0.0,3.243
PPOLag,2019-12-18,15,1.0,-0.01176367358689694,-0.36274047446490715,3.243
EDF,2019-12-18,15,2.0,0.0,0.0,3.243
LLF,2019-12-18,15,2.0,4.440892098500626e-16,1.3693777670368876e-14,3.243
MPC,2019-12-18,15,2.0,-4.440892098500626e-16,-1.3693777670368876e-14,3.243
PPOLag,2019-12-18,15,2.0,-0.0026793164251139425,-0.08261845282497511,3.243
EDF,2019-12-18,6,0.5,0.0,0.0,4.9
LLF,2019-12-18,6,0.5,0.0,0.0,4.9
MPC,2019-12-18,6,0.5,0.0,0.0,4.9
PPOLag,2019-12-18,6,0.5,0.004023806974494448,0.08211850968356016,4.9
EDF,2019-12-18,6,1.0,0.0,0.0,4.9
LLF,2019-12-18,6,1.0,0.0,0.0,4.9
MPC,2019-12-18,6,1.0,0.0,0.0,4.9
PPOLag,2019-12-18,6,1.0,0.006127271416727353,0.12504635544341539,4.9
EDF,2019-12-18,6,2.0,0.0,0.0,4.9
LLF,2019-12-18,6,2.0,0.0,0.0,4.9
MPC,2019-12-18,6,2.0,8.881784197001252e-16,1.812609019796174e-14,4.9
PPOLag,2019-12-18,6,2.0,0.008414406979803956,0.17172259142457053,4.9
EDF,2019-12-19,31,0.5,0.0,0.0,1.669
LLF,2019-12-19,31,0.5,0.0,0.0,1.669
MPC,2019-12-19,31,0.5,0.0,0.0,1.669
PPOLag,2019-12-19,31,0.5,-0.00507819185304772,-0.30426553942766443,1.669
EDF,2019-12-19,31,1.0,0.0,0.0,1.669
LLF,2019-12-19,31,1.0,0.0,0.0,1.669
MPC,2019-12-19,31,1.0,0.0,0.0,1.669
PPOLag,2019-12-19,31,1.0,0.0012597535115653979,0.07547953933884949,1.669
EDF,2019-12-19,31,2.0,0.0,0.0,1.669
LLF,2019-12-19,31,2.0,0.0,0.0,1.669
MPC,2019-12-19,31,2.0,0.0,0.0,1.669
PPOLag,2019-12-19,31,2.0,-0.010710927509710722,-0.641757190515921,1.669
EDF,2019-12-19,27,0.5,0.0,0.0,3.388
LLF,2019-12-19,27,0.5,0.0,0.0,3.388
MPC,2019-12-19,27,0.5,0.0,0.0,3.388
PPOLag,2019-12-19,27,0.5,0.0011024064340576345,0.03253856062743903,3.388
EDF,2019-12-19,27,1.0,0.0,0.0,3.388
LLF,2019-12-19,27,1.0,0.0,0.0,3.388
MPC,2019-12-19,27,1.0,0.0,0.0,3.388
PPOLag,2019-12-19,27,1.0,0.0016139659659605067,0.04763772036483195,3.388
EDF,2019-12-19,27,2.0,0.0,0.0,3.388
LLF,2019-12-19,27,2.0,0.0,0.0,3.388
MPC,2019-12-19,27,2.0,0.0,0.0,3.388
PPOLag,2019-12-19,27,2.0,0.0017914108260447038,0.0528751719611778,3.388
EDF,2019-12-19,19,0.5,-8.881784197001252e-16,-1.767871058320313e-14,5.024
LLF,2019-12-19,19,0.5,1.7763568394002505e-15,3.535742116640626e-14,5.024
MPC,2019-12-19,19,0.5,0.0,0.0,5.024
PPOLag,2019-12-19,19,0.5,0.0014944748507664586,0.029746712793918363,5.024
EDF,2019-12-19,19,1.0,-8.881784197001252e-16,-1.767871058320313e-14,5.024
LLF,2019-12-19,19,1.0,8.881784197001252e-16,1.767871058320313e-14,5.024
MPC,2019-12-19,19,1.0,0.0,0.0,5.024
PPOLag,2019-12-19,19,1.0,0.0028365954893155632,0.05646089747841487,5.024
EDF,2019-12-19,19,2.0,-8.881784197001252e-16,-1.767871058320313e-14,5.024
LLF,2019-12-19,19,2.0,8.881784197001252e-16,1.767871058320313e-14,5.024
MPC,2019-12-19,19,2.0,0.0,0.0,5.024
PPOLag,2019-12-19,19,2.0,0.004375314686100751,0.08708827002589074,5.024
EDF,2019-12-19,24,0.5,0.0,0.0,4.121
LLF,2019-12-19,24,0.5,0.0,0.0,4.121
MPC,2019-12-19,24,0.5,0.0,0.0,4.121
PPOLag,2019-12-19,24,0.5,0.003472407132500166,0.08426127475127798,4.121
EDF,2019-12-19,24,1.0,0.0,0.0,4.121
LLF,2019-12-19,24,1.0,0.0,0.0,4.121
MPC,2019-12-19,24,1.0,0.0,0.0,4.121
PPOLag,2019-12-19,24,1.0,0.004659835425082548,0.11307535610489075,4.121
EDF,2019-12-19,24,2.0,0.0,0.0,4.121
LLF,2019-12-19,24,2.0,0.0,0.0,4.121
MPC,2019-12-19,24,2.0,0.0,0.0,4.121
PPOLag,2019-12-19,24,2.0,0.007908810696865488,0.19191484340852913,4.121
EDF,2019-12-19,0,0.5,0.0,0.0,9.135
LLF,2019-12-19,0,0.5,0.0,0.0,9.135
MPC,2019-12-19,0,0.5,-1.7763568394002505e-15,-1.9445614005476196e-14,9.135
PPOLag,2019-12-19,0,0.5,0.00044976596543193635,0.004923546419616162,9.135
EDF,2019-12-19,0,1.0,0.0,0.0,9.135
LLF,2019-12-19,0,1.0,0.0,0.0,9.135
MPC,2019-12-19,0,1.0,0.0,0.0,9.135
PPOLag,2019-12-19,0,1.0,-7.334733688821871e-05,-0.0008029265121863013,9.135
EDF,2019-12-19,0,2.0,0.0,0.0,9.135
LLF,2019-12-19,0,2.0,0.0,0.0,9.135
MPC,2019-12-19,0,2.0,0.0,0.0,9.135
PPOLag,2019-12-19,0,2.0,-0.01129486690571042,-0.12364386322616772,9.135
EDF,2019-12-20,5,0.5,0.0,0.0,7.883
LLF,2019-12-20,5,0.5,0.0,0.0,7.883
MPC,2019-12-20,5,0.5,0.0,0.0,7.883
PPOLag,2019-12-20,5,0.5,-0.0018235422081962938,-0.023132591756898312,7.883
EDF,2019-12-20,5,1.0,0.0,0.0,7.883
LLF,2019-12-20,5,1.0,0.0,0.0,7.883
MPC,2019-12-20,5,1.0,0.0,0.0,7.883
PPOLag,2019-12-20,5,1.0,-0.04673552412658175,-0.5928646977874129,7.883
EDF,2019-12-20,5,2.0,-2.891000000000001,-36.673855131295205,7.883
LLF,2019-12-20,5,2.0,-2.891000000000001,-36.673855131295205,7.883
MPC,2019-12-20,5,2.0,-2.891,-36.6738551312952,7.883
PPOLag,2019-12-20,5,2.0,-3.1667540781346206,-40.171940608075865,7.883
EDF,2019-12-20,16,0.5,0.0,0.0,6.623
LLF,2019-12-20,16,0.5,0.0,0.0,6.623
MPC,2019-12-20,16,0.5,0.0,0.0,6.623
PPOLag,2019-12-20,16,0.5,0.0022199915397505877,0.03351942533218462,6.623
EDF,2019-12-20,16,1.0,0.0,0.0,6.623
LLF,2019-12-20,16,1.0,0.0,0.0,6.623
MPC,2019-12-20,16,1.0,0.0,0.0,6.623
PPOLag,2019-12-20,16,1.0,0.00441048244232789,0.06659342355923131,6.623
EDF,2019-12-20,16,2.0,0.0,0.0,6.623
LLF,2019-12-20,16,2.0,0.0,0.0,6.623
MPC,2019-12-20,16,2.0,0.0,0.0,6.623
PPOLag,2019-12-20,16,2.0,0.008920171095739348,0.13468475155880036,6.623
EDF,2019-12-20,3,0.5,-8.881784197001252e-16,-1.1269869555895511e-14,7.881
LLF,2019-12-20,3,0.5,0.0,0.0,7.881
MPC,2019-12-20,3,0.5,0.0,0.0,7.881
PPOLag,2019-12-20,3,0.5,-0.0006396793385809119,-0.008116728062186421,7.881
EDF,2019-12-20,3,1.0,0.0,0.0,7.881
LLF,2019-12-20,3,1.0,0.0,0.0,7.881
MPC,2019-12-20,3,1.0,0.0,0.0,7.881
PPOLag,2019-12-20,3,1.0,-0.0004016688930256862,-0.005096674191418427,7.881
EDF,2019-12-20,3,2.0,0.0,0.0,7.881
LLF,2019-12-20,3,2.0,0.0,0.0,7.881
MPC,2019-12-20,3,2.0,-8.881784197001252e-16,-1.1269869555895511e-14,7.881
PPOLag,2019-12-20,3,2.0,0.0015817681663078177,0.020070653042860265,7.881
EDF,2019-12-20,10,0.5,0.0,0.0,6.326
LLF,2019-12-20,10,0.5,0.0,0.0,6.326
MPC,2019-12-20,10,0.5,8.881784197001252e-16,1.4040126773634607e-14,6.326
PPOLag,2019-12-20,10,0.5,0.0001333565446387297,0.0021080705760153284,6.326
EDF,2019-12-20,10,1.0,0.0,0.0,6.326
LLF,2019-12-20,10,1.0,0.0,0.0,6.326
MPC,2019-12-20,10,1.0,0.0,0.0,6.326
PPOLag,2019-12-20,10,1.0,0.0007865399953528752,0.012433449183573747,6.326
EDF,2019-12-20,10,2.0,0.0,0.0,6.326
LLF,2019-12-20,10,2.0,0.0,0.0,6.326
MPC,2019-12-20,10,2.0,0.0,0.0,6.326
PPOLag,2019-12-20,10,2.0,-0.0013675134235800357,-0.02161734782769579,6.326
EDF,2019-12-20,18,0.5,0.0,0.0,11.293
LLF,2019-12-20,18,0.5,0.0,0.0,11.293
MPC,2019-12-20,18,0.5,0.0,0.0,11.293
PPOLag,2019-12-20,18,0.5,-0.0036971200804252645,-0.03273815709222762,11.293
EDF,2019-12-20,18,1.0,0.0,0.0,11.293
LLF,2019-12-20,18,1.0,0.0,0.0,11.293
MPC,2019-12-20,18,1.0,0.0,0.0,11.293
PPOLag,2019-12-20,18,1.0,0.00042120738648776523,0.0037298094969252216,11.293
EDF,2019-12-20,18,2.0,0.0,0.0,11.293
LLF,2019-12-20,18,2.0,0.0,0.0,11.293
MPC,2019-12-20,18,2.0,0.0,0.0,11.293
PPOLag,2019-12-20,18,2.0,-0.005940113981376882,-0.05259996441491971,11.293
EDF,2019-12-23,1,0.5,0.0,0.0,3.64
LLF,2019-12-23,1,0.5,0.0,0.0,3.64
MPC,2019-12-23,1,0.5,0.0,0.0,3.64
PPOLag,2019-12-23,1,0.5,6.641045730617633e-05,0.0018244631128070427,3.64
EDF,2019-12-23,1,1.0,0.0,0.0,3.64
LLF,2019-12-23,1,1.0,0.0,0.0,3.64
MPC,2019-12-23,1,1.0,0.0,0.0,3.64
PPOLag,2019-12-23,1,1.0,0.0004376083024489219,0.012022206111234118,3.64
EDF,2019-12-23,1,2.0,0.0,0.0,3.64
LLF,2019-12-23,1,2.0,0.0,0.0,3.64
MPC,2019-12-23,1,2.0,0.0,0.0,3.64
PPOLag,2019-12-23,1,2.0,0.0010665083411423026,0.02929967970171161,3.64
EDF,2019-12-23,6,0.5,0.0,0.0,2.895
LLF,2019-12-23,6,0.5,0.0,0.0,2.895
MPC,2019-12-23,6,0.5,0.0,0.0,2.895
PPOLag,2019-12-23,6,0.5,0.0003822459911187792,0.013203661178541595,2.895
EDF,2019-12-23,6,1.0,0.0,0.0,2.895
LLF,2019-12-23,6,1.0,0.0,0.0,2.895
MPC,2019-12-23,6,1.0,0.0,0.0,2.895
PPOLag,2019-12-23,6,1.0,0.0002589266966468884,0.00894392734531566,2.895
EDF,2019-12-23,6,2.0,0.0,0.0,2.895
LLF,2019-12-23,6,2.0,0.0,0.0,2.895
MPC,2019-12-23,6,2.0,0.0,0.0,2.895
PPOLag,2019-12-23,6,2.0,-0.001320858704538974,-0.04562551656438598,2.895
EDF,2019-12-23,7,0.5,-3.327999999999996,-15.384615384615369,21.631999999999998
LLF,2019-12-23,7,0.5,-3.327999999999996,-15.384615384615369,21.631999999999998
MPC,2019-12-23,7,0.5,-3.327999999999996,-15.384615384615369,21.631999999999998
PPOLag,2019-12-23,7,0.5,-3.2754107589721677,-15.141506836964533,21.631999999999998
EDF,2019-12-23,7,1.0,-6.655999999999999,-30.769230769230766,21.631999999999998
LLF,2019-12-23,7,1.0,-6.655999999999999,-30.769230769230766,21.631999999999998
MPC,2019-12-23,7,1.0,-6.655999999999999,-30.769230769230766,21.631999999999998
PPOLag,2019-12-23,7,1.0,-6.566062101745606,-30.353467556146484,21.631999999999998
EDF,2019-12-23,7,2.0,-13.311999999999998,-61.53846153846153,21.631999999999998
LLF,2019-12-23,7,2.0,-13.311999999999998,-61.53846153846153,21.631999999999998
MPC,2019-12-23,7,2.0,-13.311999999999998,-61.53846153846153,21.631999999999998
PPOLag,2019-12-23,7,2.0,-13.156995391845703,-60.82190917088436,21.631999999999998
EDF,2019-12-23,3,0.5,0.0,0.0,0.871
LLF,2019-12-23,3,0.5,0.0,0.0,0.871
MPC,2019-12-23,3,0.5,0.0,0.0,0.871
PPOLag,2019-12-23,3,0.5,0.0005640777535883101,0.06476208422368658,0.871
EDF,2019-12-23,3,1.0,0.0,0.0,0.871
LLF,2019-12-23,3,1.0,0.0,0.0,0.871
MPC,2019-12-23,3,1.0,0.0,0.0,0.871
PPOLag,2019-12-23,3,1.0,0.0008740884959615114,0.10035459195884171,0.871
EDF,2019-12-23,3,2.0,0.0,0.0,0.871
LLF,2019-12-23,3,2.0,0.0,0.0,0.871
MPC,2019-12-23,3,2.0,0.0,0.0,0.871
PPOLag,2019-12-23,3,2.0,0.0005996957368824774,0.06885140492336135,0.871
EDF,2019-12-23,10,0.5,-3.3279999999999994,-24.999999999999996,13.312
LLF,2019-12-23,10,0.5,-3.3279999999999994,-24.999999999999996,13.312
MPC,2019-12-23,10,0.5,-3.3279999999999994,-24.999999999999996,13.312
PPOLag,2019-12-23,10,0.5,-3.276946772766114,-24.61648717522622,13.312
EDF,2019-12-23,10,1.0,-6.656,-50.00000000000001,13.312
LLF,2019-12-23,10,1.0,-6.656,-50.00000000000001,13.312
MPC,2019-12-23,10,1.0,-6.656,-50.00000000000001,13.312
PPOLag,2019-12-23,10,1.0,-6.592245449829102,-49.521074593067176,13.312
EDF,2019-12-23,10,2.0,-13.312,-100.00000000000001,13.312
LLF,2019-12-23,10,2.0,-13.312,-100.00000000000001,13.312
MPC,2019-12-23,10,2.0,-13.312,-100.00000000000001,13.312
PPOLag,2019-12-23,10,2.0,-13.238772088623048,-99.44991052150726,13.312
EDF,2019-12-24,5,0.5,0.0,0.0,1.71
LLF,2019-12-24,5,0.5,0.0,0.0,1.71
MPC,2019-12-24,5,0.5,0.0,0.0,1.71
PPOLag,2019-12-24,5,0.5,-0.002511522287660606,-0.14687264840120504,1.71
EDF,2019-12-24,5,1.0,0.0,0.0,1.71
LLF,2019-12-24,5,1.0,0.0,0.0,1.71
MPC,2019-12-24,5,1.0,0.0,0.0,1.71
PPOLag,2019-12-24,5,1.0,-0.003250363365497799,-0.19007972897647948,1.71
EDF,2019-12-24,5,2.0,0.0,0.0,1.71
LLF,2019-12-24,5,2.0,0.0,0.0,1.71
MPC,2019-12-24,5,2.0,0.0,0.0,1.71
PPOLag,2019-12-24,5,2.0,-0.002289645903495474,-0.1338974212570453,1.71
EDF,2019-12-24,4,0.5,0.0,0.0,4.021
LLF,2019-12-24,4,0.5,0.0,0.0,4.021
MPC,2019-12-24,4,0.5,0.0,0.0,4.021
PPOLag,2019-12-24,4,0.5,-0.00033683606134697895,-0.008376922689554313,4.021
EDF,2019-12-24,4,1.0,0.0,0.0,4.021
LLF,2019-12-24,4,1.0,0.0,0.0,4.021
MPC,2019-12-24,4,1.0,0.0,0.0,4.021
PPOLag,2019-12-24,4,1.0,-0.0006051097125962634,-0.015048736945940397,4.021
EDF,2019-12-24,4,2.0,0.0,0.0,4.021
LLF,2019-12-24,4,2.0,0.0,0.0,4.021
MPC,2019-12-24,4,2.0,0.0,0.0,4.021
PPOLag,2019-12-24,4,2.0,0.0017488794994533485,0.04349364584564408,4.021
EDF,2019-12-24,0,0.5,0.0,0.0,9.797
LLF,2019-12-24,0,0.5,0.0,0.0,9.797
MPC,2019-12-24,0,0.5,0.0,0.0,9.797
PPOLag,2019-12-24,0,0.5,0.0012488309421577527,0.012747075044990838,9.797
EDF,2019-12-24,0,1.0,0.0,0.0,9.797
LLF,2019-12-24,0,1.0,0.0,0.0,9.797
MPC,2019-12-24,0,1.0,0.0,0.0,9.797
PPOLag,2019-12-24,0,1.0,0.0022677890545406143,0.023147790696546027,9.797
EDF,2019-12-24,0,2.0,0.0,0.0,9.797
LLF,2019-12-24,0,2.0,0.0,0.0,9.797
MPC,2019-12-24,0,2.0,0.0,0.0,9.797
PPOLag,2019-12-24,0,2.0,0.0036658431132007506,0.037418016874561096,9.797
EDF,2019-12-24,6,0.5,0.0,0.0,8.729
LLF,2019-12-24,6,0.5,0.0,0.0,8.729
MPC,2019-12-24,6,0.5,0.0,0.0,8.729
PPOLag,2019-12-24,6,0.5,0.003020474082128999,0.0346027503967121,8.729
EDF,2019-12-24,6,1.0,0.0,0.0,8.729
LLF,2019-12-24,6,1.0,0.0,0.0,8.729
MPC,2019-12-24,6,1.0,0.0,0.0,8.729
PPOLag,2019-12-24,6,1.0,0.0024531856063397584,0.028103856184439897,8.729
EDF,2019-12-24,6,2.0,0.0,0.0,8.729
LLF,2019-12-24,6,2.0,0.0,0.0,8.729
MPC,2019-12-24,6,2.0,0.0,0.0,8.729
PPOLag,2019-12-24,6,2.0,-0.0010822840078798634,-0.012398717010881705,8.729
EDF,2019-12-24,1,0.5,0.0,0.0,2.085
LLF,2019-12-24,1,0.5,0.0,0.0,2.085
MPC,2019-12-24,1,0.5,0.0,0.0,2.085
PPOLag,2019-12-24,1,0.5,0.0014005317172859576,0.06717178500172459,2.085
EDF,2019-12-24,1,1.0,0.0,0.0,2.085
LLF,2019-12-24,1,1.0,0.0,0.0,2.085
MPC,2019-12-24,1,1.0,0.0,0.0,2.085
PPOLag,2019-12-24,1,1.0,0.002049148068076612,0.09828048288137226,2.085
EDF,2019-12-24,1,2.0,0.0,0.0,2.085
LLF,2019-12-24,1,2.0,0.0,0.0,2.085
MPC,2019-12-24,1,2.0,0.0,0.0,2.085
PPOLag,2019-12-24,1,2.0,0.0016465156873455733,0.07896957733072293,2.085
EDF,2019-12-26,0,0.5,0.0,0.0,17.791
LLF,2019-12-26,0,0.5,0.0,0.0,17.791
MPC,2019-12-26,0,0.5,0.0,0.0,17.791
PPOLag,2019-12-26,0,0.5,-0.001657567493810319,-0.009316887717443198,17.791
EDF,2019-12-26,0,1.0,0.0,0.0,17.791
LLF,2019-12-26,0,1.0,0.0,0.0,17.791
MPC,2019-12-26,0,1.0,0.0,0.0,17.791
PPOLag,2019-12-26,0,1.0,-0.00025448343587370915,-0.001430405462726711,17.791
EDF,2019-12-26,0,2.0,-4.479000000000001,-25.175650609858923,17.791
LLF,2019-12-26,0,2.0,-4.479000000000001,-25.175650609858923,17.791
MPC,2019-12-26,0,2.0,-4.479000000000001,-25.175650609858923,17.791
PPOLag,2019-12-26,0,2.0,-4.568956878545178,-25.681281988337798,17.791
EDF,2019-12-27,5,0.5,0.0,0.0,2.336
LLF,2019-12-27,5,0.5,0.0,0.0,2.336
MPC,2019-12-27,5,0.5,0.0,0.0,2.336
PPOLag,2019-12-27,5,0.5,0.0004577792915431367,0.01959671624756578,2.336
EDF,2019-12-27,5,1.0,0.0,0.0,2.336
LLF,2019-12-27,5,1.0,0.0,0.0,2.336
MPC,2019-12-27,5,1.0,0.0,0.0,2.336
PPOLag,2019-12-27,5,1.0,0.0002576029883940123,0.011027525188099841,2.336
EDF,2019-12-27,5,2.0,-0.6719999999999999,-28.76712328767123,2.336
LLF,2019-12-27,5,2.0,-0.6719999999999999,-28.76712328767123,2.336
MPC,2019-12-27,5,2.0,-0.6719999999999999,-28.76712328767123,2.336
PPOLag,2019-12-27,5,2.0,-0.6807844293506602,-29.143169064668673,2.336
EDF,2019-12-27,3,0.5,0.0,0.0,1.701
LLF,2019-12-27,3,0.5,0.0,0.0,1.701
MPC,2019-12-27,3,0.5,0.0,0.0,1.701
PPOLag,2019-12-27,3,0.5,9.194946594304199e-05,0.00540561234233051,1.701
EDF,2019-12-27,3,1.0,0.0,0.0,1.701
LLF,2019-12-27,3,1.0,0.0,0.0,1.701
MPC,2019-12-27,3,1.0,0.0,0.0,1.701
PPOLag,2019-12-27,3,1.0,0.00011882022339357868,0.0069853158961539485,1.701
EDF,2019-12-27,3,2.0,0.0,0.0,1.701
LLF,2019-12-27,3,2.0,0.0,0.0,1.701
MPC,2019-12-27,3,2.0,0.0,0.0,1.701
PPOLag,2019-12-27,3,2.0,0.0006668620002847625,0.03920411524307833,1.701
EDF,2019-12-27,4,0.5,0.0,0.0,11.091
LLF,2019-12-27,4,0.5,0.0,0.0,11.091
MPC,2019-12-27,4,0.5,0.0,0.0,11.091
PPOLag,2019-12-27,4,0.5,0.0009615027746786353,0.008669216253526603,11.091
EDF,2019-12-27,4,1.0,0.0,0.0,11.091
LLF,2019-12-27,4,1.0,0.0,0.0,11.091
MPC,2019-12-27,4,1.0,0.0,0.0,11.091
PPOLag,2019-12-27,4,1.0,0.004836276553801255,0.043605414784972096,11.091
EDF,2019-12-27,4,2.0,0.0,0.0,11.091
LLF,2019-12-27,4,2.0,0.0,0.0,11.091
MPC,2019-12-27,4,2.0,0.0,0.0,11.091
PPOLag,2019-12-27,4,2.0,-0.0034131695169826058,-0.03077422700372019,11.091
EDF,2019-12-27,1,0.5,0.0,0.0,0.836
LLF,2019-12-27,1,0.5,0.0,0.0,0.836
MPC,2019-12-27,1,0.5,0.0,0.0,0.836
PPOLag,2019-12-27,1,0.5,0.0006194719042940333,0.07409951008301836,0.836
EDF,2019-12-27,1,1.0,0.0,0.0,0.836
LLF,2019-12-27,1,1.0,0.0,0.0,0.836
MPC,2019-12-27,1,1.0,0.0,0.0,0.836
PPOLag,2019-12-27,1,1.0,5.7886452242539296e-05,0.006924216775423364,0.836
EDF,2019-12-27,1,2.0,-0.836,-100.0,0.836
LLF,2019-12-27,1,2.0,-0.836,-100.0,0.836
MPC,2019-12-27,1,2.0,-0.836,-100.0,0.836
PPOLag,2019-12-27,1,2.0,-0.8304207032051169,-99.33262000061208,0.836
EDF,2019-12-27,0,0.5,0.0,0.0,4.045
LLF,2019-12-27,0,0.5,0.0,0.0,4.045
MPC,2019-12-27,0,0.5,0.0,0.0,4.045
PPOLag,2019-12-27,0,0.5,-0.00023759519650603522,-0.0058737996664038365,4.045
EDF,2019-12-27,0,1.0,0.0,0.0,4.045
LLF,2019-12-27,0,1.0,0.0,0.0,4.045
MPC,2019-12-27,0,1.0,0.0,0.0,4.045
PPOLag,2019-12-27,0,1.0,-0.0024847898348390627,-0.061428673296392164,4.045
EDF,2019-12-27,0,2.0,-2.3810000000000002,-58.8627935723115,4.045
LLF,2019-12-27,0,2.0,-2.3810000000000002,-58.8627935723115,4.045
MPC,2019-12-27,0,2.0,-2.3810000000000002,-58.8627935723115,4.045
PPOLag,2019-12-27,0,2.0,-2.3861436018427438,-58.989953073986236,4.045
EDF,2019-12-30,6,0.5,0.0,0.0,1.418
LLF,2019-12-30,6,0.5,0.0,0.0,1.418
MPC,2019-12-30,6,0.5,0.0,0.0,1.418
PPOLag,2019-12-30,6,0.5,0.003387494433300997,0.23889241419612114,1.418
EDF,2019-12-30,6,1.0,0.0,0.0,1.418
LLF,2019-12-30,6,1.0,0.0,0.0,1.418
MPC,2019-12-30,6,1.0,0.0,0.0,1.418
PPOLag,2019-12-30,6,1.0,0.0015566109154282692,0.10977509981863678,1.418
EDF,2019-12-30,6,2.0,0.0,0.0,1.418
LLF,2019-12-30,6,2.0,0.0,0.0,1.418
MPC,2019-12-30,6,2.0,0.0,0.0,1.418
PPOLag,2019-12-30,6,2.0,0.004116510938029316,0.2903040153758333,1.418
EDF,2019-12-30,1,0.5,0.0,0.0,2.011
LLF,2019-12-30,1,0.5,0.0,0.0,2.011
MPC,2019-12-30,1,0.5,0.0,0.0,2.011
PPOLag,2019-12-30,1,0.5,0.000846623046645334,0.042099604507475574,2.011
EDF,2019-12-30,1,1.0,0.0,0.0,2.011
LLF,2019-12-30,1,1.0,0.0,0.0,2.011
MPC,2019-12-30,1,1.0,0.0,0.0,2.011
PPOLag,2019-12-30,1,1.0,0.0005601005920505386,0.027851844458007886,2.011
EDF,2019-12-30,1,2.0,0.0,0.0,2.011
LLF,2019-12-30,1,2.0,0.0,0.0,2.011
MPC,2019-12-30,1,2.0,0.0,0.0,2.011
PPOLag,2019-12-30,1,2.0,-0.002692576231705468,-0.1338924033667562,2.011
EDF,2019-12-30,3,0.5,-3.3279999999999994,-24.999999999999996,13.312
LLF,2019-12-30,3,0.5,-3.3279999999999994,-24.999999999999996,13.312
MPC,2019-12-30,3,0.5,-3.3279999999999994,-24.999999999999996,13.312
PPOLag,2019-12-30,3,0.5,-3.2968395339965824,-24.765921980142593,13.312
EDF,2019-12-30,3,1.0,-6.656,-50.00000000000001,13.312
LLF,2019-12-30,3,1.0,-6.656,-50.00000000000001,13.312
MPC,2019-12-30,3,1.0,-6.656,-50.00000000000001,13.312
PPOLag,2019-12-30,3,1.0,-6.605371430969238,-49.61967721581459,13.312
EDF,2019-12-30,3,2.0,-13.312,-100.00000000000001,13.312
LLF,2019-12-30,3,2.0,-13.312,-100.00000000000001,13.312
MPC,2019-12-30,3,2.0,-13.312,-100.00000000000001,13.312
PPOLag,2019-12-30,3,2.0,-13.215489837646484,-99.27501380443573,13.312
EDF,2019-12-30,0,0.5,0.0,0.0,5.814
LLF,2019-12-30,0,0.5,0.0,0.0,5.814
MPC,2019-12-30,0,0.5,0.0,0.0,5.814
PPOLag,2019-12-30,0,0.5,-0.005072195747363573,-0.08724106892610203,5.814
EDF,2019-12-30,0,1.0,0.0,0.0,5.814
LLF,2019-12-30,0,1.0,0.0,0.0,5.814
MPC,2019-12-30,0,1.0,0.0,0.0,5.814
PPOLag,2019-12-30,0,1.0,-0.017310433606780685,-0.29773707614001865,5.814
EDF,2019-12-30,0,2.0,-5.814000000000001,-100.00000000000001,5.814
LLF,2019-12-30,0,2.0,-5.814000000000001,-100.00000000000001,5.814
MPC,2019-12-30,0,2.0,-5.813999999999999,-99.99999999999997,5.814
PPOLag,2019-12-30,0,2.0,-5.809529481485492,-99.92310769668889,5.814
EDF,2019-12-30,5,0.5,0.0,0.0,6.509
LLF,2019-12-30,5,0.5,0.0,0.0,6.509
MPC,2019-12-30,5,0.5,0.0,0.0,6.509
PPOLag,2019-12-30,5,0.5,-0.0036512893207602203,-0.05609601045875281,6.509
EDF,2019-12-30,5,1.0,0.0,0.0,6.509
LLF,2019-12-30,5,1.0,0.0,0.0,6.509
MPC,2019-12-30,5,1.0,0.0,0.0,6.509
PPOLag,2019-12-30,5,1.0,-0.0033498195524666484,-0.05146442698519969,6.509
EDF,2019-12-30,5,2.0,0.0,0.0,6.509
LLF,2019-12-30,5,2.0,0.0,0.0,6.509
MPC,2019-12-30,5,2.0,0.0,0.0,6.509
PPOLag,2019-12-30,5,2.0,0.004203777034299705,0.06458406874020133,6.509
EDF,2019-12-31,2,0.5,-3.3279999999999994,-24.999999999999996,13.312
LLF,2019-12-31,2,0.5,-3.3279999999999994,-24.999999999999996,13.312
MPC,2019-12-31,2,0.5,-3.3279999999999994,-24.999999999999996,13.312
PPOLag,2019-12-31,2,0.5,-3.291489173889159,-24.725729972124093,13.312
EDF,2019-12-31,2,1.0,-6.656,-50.00000000000001,13.312
LLF,2019-12-31,2,1.0,-6.656,-50.00000000000001,13.312
MPC,2019-12-31,2,1.0,-6.656,-50.00000000000001,13.312
PPOLag,2019-12-31,2,1.0,-6.603602359008788,-49.60638791322708,13.312
EDF,2019-12-31,2,2.0,-13.312,-100.00000000000001,13.312
LLF,2019-12-31,2,2.0,-13.312,-100.00000000000001,13.312
MPC,2019-12-31,2,2.0,-13.312,-100.00000000000001,13.312
PPOLag,2019-12-31,2,2.0,-13.239849266052246,-99.45800229907036,13.312
EDF,2019-12-31,1,0.5,-0.19899999999999451,-0.7909694343972118,25.159
LLF,2019-12-31,1,0.5,-0.19899999999999451,-0.7909694343972118,25.159
MPC,2019-12-31,1,0.5,-0.19899999999999096,-0.7909694343971977,25.159
PPOLag,2019-12-31,1,0.5,-0.39781975160636024,-1.5812224317594508,25.159
EDF,2019-12-31,1,1.0,-3.5269999999999975,-14.018840176477594,25.159
LLF,2019-12-31,1,1.0,-3.5269999999999975,-14.018840176477594,25.159
MPC,2019-12-31,1,1.0,-3.526999999999994,-14.018840176477578,25.159
PPOLag,2019-12-31,1,1.0,-3.6482057287792102,-14.500599104810245,25.159
EDF,2019-12-31,1,2.0,-10.183000000000003,-40.47458166063836,25.159
LLF,2019-12-31,1,2.0,-10.183000000000003,-40.47458166063836,25.159
MPC,2019-12-31,1,2.0,-10.183,-40.47458166063834,25.159
PPOLag,2019-12-31,1,2.0,-10.244069858417884,-40.717317295671066,25.159
EDF,2019-12-31,3,0.5,0.0,0.0,6.618
LLF,2019-12-31,3,0.5,0.0,0.0,6.618
MPC,2019-12-31,3,0.5,1.7763568394002505e-15,2.684129403747734e-14,6.618
PPOLag,2019-12-31,3,0.5,0.0037373092187310774,0.05647188302706372,6.618
EDF,2019-12-31,3,1.0,0.0,0.0,6.618
LLF,2019-12-31,3,1.0,0.0,0.0,6.618
MPC,2019-12-31,3,1.0,1.7763568394002505e-15,2.684129403747734e-14,6.618
PPOLag,2019-12-31,3,1.0,-0.0006712493393285612,-0.010142782401459069,6.618
EDF,2019-12-31,3,2.0,0.0,0.0,6.618
LLF,2019-12-31,3,2.0,0.0,0.0,6.618
MPC,2019-12-31,3,2.0,1.7763568394002505e-15,2.684129403747734e-14,6.618
PPOLag,2019-12-31,3,2.0,0.007586869623160375,0.11463991573225105,6.618
EDF,2020-01-01,3,0.5,0.0,0.0,8.336
LLF,2020-01-01,3,0.5,0.0,0.0,8.336
MPC,2020-01-01,3,0.5,0.0,0.0,8.336
PPOLag,2020-01-01,3,0.5,-0.004937453267377023,-0.05923048545317926,8.336
EDF,2020-01-01,3,1.0,0.0,0.0,8.336
LLF,2020-01-01,3,1.0,0.0,0.0,8.336
MPC,2020-01-01,3,1.0,0.0,0.0,8.336
PPOLag,2020-01-01,3,1.0,-0.002462476635975719,-0.029540266746349797,8.336
EDF,2020-01-01,3,2.0,-0.01600000000000179,-0.19193857965453204,8.336
LLF,2020-01-01,3,2.0,-0.01600000000000179,-0.19193857965453204,8.336
MPC,2020-01-01,3,2.0,-0.016000000000000014,-0.19193857965451072,8.336
PPOLag,2020-01-01,3,2.0,-0.1316243033552471,-1.5789863646262847,8.336
EDF,2020-01-01,2,0.5,0.0,0.0,19.868
LLF,2020-01-01,2,0.5,0.0,0.0,19.868
MPC,2020-01-01,2,0.5,0.0,0.0,19.868
PPOLag,2020-01-01,2,0.5,0.0011421974970026838,0.005748930425823856,19.868
EDF,2020-01-01,2,1.0,0.0,0.0,19.868
LLF,2020-01-01,2,1.0,0.0,0.0,19.868
MPC,2020-01-01,2,1.0,0.0,0.0,19.868
PPOLag,2020-01-01,2,1.0,0.004148319581877047,0.020879401962336664,19.868
EDF,2020-01-01,2,2.0,0.0,0.0,19.868
LLF,2020-01-01,2,2.0,0.0,0.0,19.868
MPC,2020-01-01,2,2.0,0.0,0.0,19.868
PPOLag,2020-01-01,2,2.0,0.0012955255010062671,0.0065206638866834475,19.868
EDF,2020-01-01,1,0.5,0.0,0.0,2.328
LLF,2020-01-01,1,0.5,0.0,0.0,2.328
MPC,2020-01-01,1,0.5,0.0,0.0,2.328
PPOLag,2020-01-01,1,0.5,-0.001923523032060981,-0.08262555979643389,2.328
EDF,2020-01-01,1,1.0,0.0,0.0,2.328
LLF,2020-01-01,1,1.0,0.0,0.0,2.328
MPC,2020-01-01,1,1.0,0.0,0.0,2.328
PPOLag,2020-01-01,1,1.0,-0.0065964023661264195,-0.2833506171016503,2.328
EDF,2020-01-01,1,2.0,0.0,0.0,2.328
LLF,2020-01-01,1,2.0,0.0,0.0,2.328
MPC,2020-01-01,1,2.0,0.0,0.0,2.328
PPOLag,2020-01-01,1,2.0,-0.016269733952068145,-0.6988717333362605,2.328
EDF,2020-01-01,0,0.5,0.0,0.0,32.02
LLF,2020-01-01,0,0.5,0.0,0.0,32.02
MPC,2020-01-01,0,0.5,0.0,0.0,32.02
PPOLag,2020-01-01,0,0.5,3.618271159382403e-05,0.00011300034851287951,32.02
EDF,2020-01-01,0,1.0,0.0,0.0,32.02
LLF,2020-01-01,0,1.0,0.0,0.0,32.02
MPC,2020-01-01,0,1.0,0.0,0.0,32.02
PPOLag,2020-01-01,0,1.0,2.50248145746923e-05,7.815369948373609e-05,32.02
EDF,2020-01-01,0,2.0,0.0,0.0,32.02
LLF,2020-01-01,0,2.0,0.0,0.0,32.02
MPC,2020-01-01,0,2.0,0.0,0.0,32.02
PPOLag,2020-01-01,0,2.0,0.00011651785008410797,0.000363890849731755,32.02
EDF,2020-01-02,12,0.5,-3.3279999999999994,-22.22222222222222,14.975999999999999
LLF,2020-01-02,12,0.5,-3.3279999999999994,-22.22222222222222,14.975999999999999
MPC,2020-01-02,12,0.5,-3.3279999999999994,-22.22222222222222,14.975999999999999
PPOLag,2020-01-02,12,0.5,-3.271544104003907,-21.84524642096626,14.975999999999999
EDF,2020-01-02,12,1.0,-6.655999999999999,-44.44444444444444,14.975999999999999
LLF,2020-01-02,12,1.0,-6.655999999999999,-44.44444444444444,14.975999999999999
MPC,2020-01-02,12,1.0,-6.655999999999999,-44.44444444444444,14.975999999999999
PPOLag,2020-01-02,12,1.0,-6.559417672729492,-43.79953040017023,14.975999999999999
EDF,2020-01-02,12,2.0,-13.312,-88.8888888888889,14.975999999999999
LLF,2020-01-02,12,2.0,-13.312,-88.8888888888889,14.975999999999999
MPC,2020-01-02,12,2.0,-13.312,-88.8888888888889,14.975999999999999
PPOLag,2020-01-02,12,2.0,-13.151365615844725,-87.8162768152025,14.975999999999999
EDF,2020-01-02,2,0.5,-3.3279999999999674,-6.666666666666603,49.919999999999995
LLF,2020-01-02,2,0.5,-3.3279999999999674,-6.666666666666603,49.919999999999995
MPC,2020-01-02,2,0.5,-3.3279999999999674,-6.666666666666603,49.919999999999995
PPOLag,2020-01-02,2,0.5,-3.243650204178023,-6.497696723113028,49.919999999999995
EDF,2020-01-02,2,1.0,-6.65599999999997,-13.333333333333275,49.919999999999995
LLF,2020-01-02,2,1.0,-6.65599999999997,-13.333333333333275,49.919999999999995
MPC,2020-01-02,2,1.0,-6.65599999999997,-13.333333333333275,49.919999999999995
PPOLag,2020-01-02,2,1.0,-6.509776900768683,-13.040418471091115,49.919999999999995
EDF,2020-01-02,2,2.0,-13.311999999999976,-26.66666666666662,49.919999999999995
LLF,2020-01-02,2,2.0,-13.311999999999976,-26.66666666666662,49.919999999999995
MPC,2020-01-02,2,2.0,-13.311999999999976,-26.66666666666662,49.919999999999995
PPOLag,2020-01-02,2,2.0,-13.078185113940828,-26.198287487862235,49.919999999999995
EDF,2020-01-02,13,0.5,0.0,0.0,2.35
LLF,2020-01-02,13,0.5,0.0,0.0,2.35
MPC,2020-01-02,13,0.5,0.0,0.0,2.35
PPOLag,2020-01-02,13,0.5,0.0025271630317935667,0.1075388524167475,2.35
EDF,2020-01-02,13,1.0,0.0,0.0,2.35
LLF,2020-01-02,13,1.0,0.0,0.0,2.35
MPC,2020-01-02,13,1.0,0.0,0.0,2.35
PPOLag,2020-01-02,13,1.0,0.005638833609762628,0.23995036637287778,2.35
EDF,2020-01-02,13,2.0,0.0,0.0,2.35
LLF,2020-01-02,13,2.0,0.0,0.0,2.35
MPC,2020-01-02,13,2.0,0.0,0.0,2.35
PPOLag,2020-01-02,13,2.0,0.0029439966652541117,0.12527645384060052,2.35
EDF,2020-01-02,3,0.5,0.0,0.0,4.187
LLF,2020-01-02,3,0.5,0.0,0.0,4.187
MPC,2020-01-02,3,0.5,0.0,0.0,4.187
PPOLag,2020-01-02,3,0.5,0.0005662468073992955,0.013523926615698484,4.187
EDF,2020-01-02,3,1.0,0.0,0.0,4.187
LLF,2020-01-02,3,1.0,0.0,0.0,4.187
MPC,2020-01-02,3,1.0,0.0,0.0,4.187
PPOLag,2020-01-02,3,1.0,0.001017755075011273,0.024307501194441673,4.187
EDF,2020-01-02,3,2.0,0.0,0.0,4.187
LLF,2020-01-02,3,2.0,0.0,0.0,4.187
MPC,2020-01-02,3,2.0,0.0,0.0,4.187
PPOLag,2020-01-02,3,2.0,0.0017339090997170459,0.04141172915493302,4.187
EDF,2020-01-02,9,0.5,0.0,0.0,8.379
LLF,2020-01-02,9,0.5,0.0,0.0,8.379
MPC,2020-01-02,9,0.5,0.0,0.0,8.379
PPOLag,2020-01-02,9,0.5,-0.0012810370043027318,-0.015288662182870654,8.379
EDF,2020-01-02,9,1.0,0.0,0.0,8.379
LLF,2020-01-02,9,1.0,0.0,0.0,8.379
MPC,2020-01-02,9,1.0,0.0,0.0,8.379
PPOLag,2020-01-02,9,1.0,-0.005179535956060022,-0.06181568153789261,8.379
EDF,2020-01-02,9,2.0,-5.051000000000002,-60.281656522258054,8.379
LLF,2020-01-02,9,2.0,-5.051,-60.28165652225803,8.379
MPC,2020-01-02,9,2.0,-5.051000000000002,-60.281656522258054,8.379
PPOLag,2020-01-02,9,2.0,-5.136469067920936,-61.301695523582,8.379
EDF,2020-01-03,6,0.5,0.0,0.0,4.008
LLF,2020-01-03,6,0.5,0.0,0.0,4.008
MPC,2020-01-03,6,0.5,0.0,0.0,4.008
PPOLag,2020-01-03,6,0.5,0.001016917305755971,0.025372188267364548,4.008
EDF,2020-01-03,6,1.0,0.0,0.0,4.008
LLF,2020-01-03,6,1.0,0.0,0.0,4.008
MPC,2020-01-03,6,1.0,0.0,0.0,4.008
PPOLag,2020-01-03,6,1.0,0.0011047559056065026,0.027563770099962637,4.008
EDF,2020-01-03,6,2.0,0.0,0.0,4.008
LLF,2020-01-03,6,2.0,0.0,0.0,4.008
MPC,2020-01-03,6,2.0,0.0,0.0,4.008
PPOLag,2020-01-03,6,2.0,0.00012042809036314495,0.003004692873331949,4.008
EDF,2020-01-03,11,0.5,0.0,0.0,3.695
LLF,2020-01-03,11,0.5,0.0,0.0,3.695
MPC,2020-01-03,11,0.5,0.0,0.0,3.695
PPOLag,2020-01-03,11,0.5,-0.0002745999434863755,-0.007431662881904616,3.695
EDF,2020-01-03,11,1.0,0.0,0.0,3.695
LLF,2020-01-03,11,1.0,0.0,0.0,3.695
MPC,2020-01-03,11,1.0,0.0,0.0,3.695
PPOLag,2020-01-03,11,1.0,6.888627204189035e-05,0.0018643104747466943,3.695
EDF,2020-01-03,11,2.0,0.0,0.0,3.695
LLF,2020-01-03,11,2.0,0.0,0.0,3.695
MPC,2020-01-03,11,2.0,0.0,0.0,3.695
PPOLag,2020-01-03,11,2.0,0.0005037607435871116,0.013633578987472583,3.695
EDF,2020-01-03,0,0.5,0.0,0.0,10.325
LLF,2020-01-03,0,0.5,0.0,0.0,10.325
MPC,2020-01-03,0,0.5,0.0,0.0,10.325
PPOLag,2020-01-03,0,0.5,0.0005501273228567527,0.005328109664472181,10.325
EDF,2020-01-03,0,1.0,0.0,0.0,10.325
LLF,2020-01-03,0,1.0,0.0,0.0,10.325
MPC,2020-01-03,0,1.0,0.0,0.0,10.325
PPOLag,2020-01-03,0,1.0,0.0008498913189303181,0.008231392919421968,10.325
EDF,2020-01-03,0,2.0,0.0,0.0,10.325
LLF,2020-01-03,0,2.0,0.0,0.0,10.325
MPC,2020-01-03,0,2.0,0.0,0.0,10.325
PPOLag,2020-01-03,0,2.0,0.0009380403972979679,0.00908513701983504,10.325
EDF,2020-01-03,5,0.5,0.0,0.0,0.914
LLF,2020-01-03,5,0.5,0.0,0.0,0.914
MPC,2020-01-03,5,0.5,0.0,0.0,0.914
PPOLag,2020-01-03,5,0.5,-0.0011810710982257389,-0.12922003262863663,0.914
EDF,2020-01-03,5,1.0,0.0,0.0,0.914
LLF,2020-01-03,5,1.0,0.0,0.0,0.914
MPC,2020-01-03,5,1.0,0.0,0.0,0.914
PPOLag,2020-01-03,5,1.0,-0.0019361067828870704,-0.21182787558939503,0.914
EDF,2020-01-03,5,2.0,0.0,0.0,0.914
LLF,2020-01-03,5,2.0,0.0,0.0,0.914
MPC,2020-01-03,5,2.0,0.0,0.0,0.914
PPOLag,2020-01-03,5,2.0,-0.003197924024853105,-0.34988227843031783,0.914
EDF,2020-01-03,9,0.5,0.0,0.0,9.566
LLF,2020-01-03,9,0.5,0.0,0.0,9.566
MPC,2020-01-03,9,0.5,0.0,0.0,9.566
PPOLag,2020-01-03,9,0.5,-0.00015835165570763366,-0.0016553591439225762,9.566
EDF,2020-01-03,9,1.0,0.0,0.0,9.566
LLF,2020-01-03,9,1.0,0.0,0.0,9.566
MPC,2020-01-03,9,1.0,1.7763568394002505e-15,1.856948399958447e-14,9.566
PPOLag,2020-01-03,9,1.0,6.476147776446339e-05,0.0006769964223757412,9.566
EDF,2020-01-03,9,2.0,0.0,0.0,9.566
LLF,2020-01-03,9,2.0,0.0,0.0,9.566
MPC,2020-01-03,9,2.0,3.552713678800501e-15,3.713896799916894e-14,9.566
PPOLag,2020-01-03,9,2.0,0.00016281868655205757,0.0017020561002723971,9.566
EDF,2020-01-06,15,0.5,0.0,0.0,5.961
LLF,2020-01-06,15,0.5,8.881784197001252e-16,1.489982250797056e-14,5.961
MPC,2020-01-06,15,0.5,8.881784197001252e-16,1.489982250797056e-14,5.961
PPOLag,2020-01-06,15,0.5,-0.0008707235181493189,-0.014607004162880707,5.961
EDF,2020-01-06,15,1.0,8.881784197001252e-16,1.489982250797056e-14,5.961
LLF,2020-01-06,15,1.0,8.881784197001252e-16,1.489982250797056e-14,5.961
MPC,2020-01-06,15,1.0,0.0,0.0,5.961
PPOLag,2020-01-06,15,1.0,-0.0009330909455345093,-0.015653261961659275,5.961
EDF,2020-01-06,15,2.0,8.881784197001252e-16,1.489982250797056e-14,5.961
LLF,2020-01-06,15,2.0,8.881784197001252e-16,1.489982250797056e-14,5.961
MPC,2020-01-06,15,2.0,0.0,0.0,5.961
PPOLag,2020-01-06,15,2.0,0.0014381124389760912,0.02412535546009212,5.961
EDF,2020-01-06,4,0.5,0.0,0.0,0.964
LLF,2020-01-06,4,0.5,0.0,0.0,0.964
MPC,2020-01-06,4,0.5,0.0,0.0,0.964
PPOLag,2020-01-06,4,0.5,0.002029103719280867,0.21048793768473723,0.964
EDF,2020-01-06,4,1.0,0.0,0.0,0.964
LLF,2020-01-06,4,1.0,0.0,0.0,0.964
MPC,2020-01-06,4,1.0,0.0,0.0,0.964
PPOLag,2020-01-06,4,1.0,0.004268665609314071,0.4428076358209617,0.964
EDF,2020-01-06,4,2.0,0.0,0.0,0.964
LLF,2020-01-06,4,2.0,0.0,0.0,0.964
MPC,2020-01-06,4,2.0,0.0,0.0,0.964
PPOLag,2020-01-06,4,2.0,0.008199032600336765,0.8505220539768429,0.964
EDF,2020-01-06,1,0.5,0.0,0.0,24.261
LLF,2020-01-06,1,0.5,0.0,0.0,24.261
MPC,2020-01-06,1,0.5,0.0,0.0,24.261
PPOLag,2020-01-06,1,0.5,0.0012150903681821036,0.005008410074531567,24.261
EDF,2020-01-06,1,1.0,0.0,0.0,24.261
LLF,2020-01-06,1,1.0,0.0,0.0,24.261
MPC,2020-01-06,1,1.0,0.0,0.0,24.261
PPOLag,2020-01-06,1,1.0,0.002525274812142442,0.010408782870213271,24.261
EDF,2020-01-06,1,2.0,0.0,0.0,24.261
LLF,2020-01-06,1,2.0,0.0,0.0,24.261
MPC,2020-01-06,1,2.0,0.0,0.0,24.261
PPOLag,2020-01-06,1,2.0,0.007610095467512679,0.031367608373573545,24.261
EDF,2020-01-06,7,0.5,-3.552713678800501e-15,-1.664970324679211e-14,21.338
LLF,2020-01-06,7,0.5,0.0,0.0,21.338
MPC,2020-01-06,7,0.5,0.0,0.0,21.338
PPOLag,2020-01-06,7,0.5,0.0005418212979634518,0.002539231877230536,21.338
EDF,2020-01-06,7,1.0,-3.552713678800501e-15,-1.664970324679211e-14,21.338
LLF,2020-01-06,7,1.0,0.0,0.0,21.338
MPC,2020-01-06,7,1.0,0.0,0.0,21.338
PPOLag,2020-01-06,7,1.0,0.002056263165036398,0.009636625574263745,21.338
EDF,2020-01-06,7,2.0,-3.552713678800501e-15,-1.664970324679211e-14,21.338
LLF,2020-01-06,7,2.0,0.0,0.0,21.338
MPC,2020-01-06,7,2.0,0.0,0.0,21.338
PPOLag,2020-01-06,7,2.0,0.004243569775501044,0.01988738295763916,21.338
EDF,2020-01-06,17,0.5,0.0,0.0,5.884
LLF,2020-01-06,17,0.5,8.881784197001252e-16,1.509480658905719e-14,5.884
MPC,2020-01-06,17,0.5,0.0,0.0,5.884
PPOLag,2020-01-06,17,0.5,0.001139808957290356,0.019371328302011482,5.884
EDF,2020-01-06,17,1.0,0.0,0.0,5.884
LLF,2020-01-06,17,1.0,0.0,0.0,5.884
MPC,2020-01-06,17,1.0,0.0,0.0,5.884
PPOLag,2020-01-06,17,1.0,0.0009400735743056998,0.015976777265562535,5.884
EDF,2020-01-06,17,2.0,0.0,0.0,5.884
LLF,2020-01-06,17,2.0,0.0,0.0,5.884
MPC,2020-01-06,17,2.0,8.881784197001252e-16,1.509480658905719e-14,5.884
PPOLag,2020-01-06,17,2.0,0.002925330508518975,0.04971669796939114,5.884
EDF,2020-01-07,22,0.5,0.0,0.0,2.328
LLF,2020-01-07,22,0.5,0.0,0.0,2.328
MPC,2020-01-07,22,0.5,0.0,0.0,2.328
PPOLag,2020-01-07,22,0.5,0.003816907783189105,0.16395651989643922,2.328
EDF,2020-01-07,22,1.0,0.0,0.0,2.328
LLF,2020-01-07,22,1.0,0.0,0.0,2.328
MPC,2020-01-07,22,1.0,0.0,0.0,2.328
PPOLag,2020-01-07,22,1.0,0.00042229994028462057,0.018140031799167556,2.328
EDF,2020-01-07,22,2.0,0.0,0.0,2.328
LLF,2020-01-07,22,2.0,0.0,0.0,2.328
MPC,2020-01-07,22,2.0,0.0,0.0,2.328
PPOLag,2020-01-07,22,2.0,0.006375338570636391,0.2738547495977831,2.328
EDF,2020-01-07,28,0.5,0.0,0.0,15.307
LLF,2020-01-07,28,0.5,0.0,0.0,15.307
MPC,2020-01-07,28,0.5,0.0,0.0,15.307
PPOLag,2020-01-07,28,0.5,-0.0004286632420082981,-0.002800439289268296,15.307
EDF,2020-01-07,28,1.0,0.0,0.0,15.307
LLF,2020-01-07,28,1.0,0.0,0.0,15.307
MPC,2020-01-07,28,1.0,0.0,0.0,15.307
PPOLag,2020-01-07,28,1.0,0.0041328523105285345,0.026999753776236583,15.307
EDF,2020-01-07,28,2.0,0.0,0.0,15.307
LLF,2020-01-07,28,2.0,0.0,0.0,15.307
MPC,2020-01-07,28,2.0,0.0,0.0,15.307
PPOLag,2020-01-07,28,2.0,0.0024964406055882904,0.016309143565612402,15.307
EDF,2020-01-07,26,0.5,0.0,0.0,6.083
LLF,2020-01-07,26,0.5,0.0,0.0,6.083
MPC,2020-01-07,26,0.5,8.881784197001252e-16,1.4600993254974934e-14,6.083
PPOLag,2020-01-07,26,0.5,0.0033658984834145757,0.05533287002161066,6.083
EDF,2020-01-07,26,1.0,0.0,0.0,6.083
LLF,2020-01-07,26,1.0,0.0,0.0,6.083
MPC,2020-01-07,26,1.0,0.0,0.0,6.083
PPOLag,2020-01-07,26,1.0,-0.012469209796839565,-0.20498454375866454,6.083
EDF,2020-01-07,26,2.0,-6.083000000000001,-100.00000000000001,6.083
LLF,2020-01-07,26,2.0,-6.083000000000001,-100.00000000000001,6.083
MPC,2020-01-07,26,2.0,-6.083,-100.00000000000001,6.083
PPOLag,2020-01-07,26,2.0,-6.072755479505735,-99.83158769531045,6.083
EDF,2020-01-07,17,0.5,0.0,0.0,15.039
LLF,2020-01-07,17,0.5,0.0,0.0,15.039
MPC,2020-01-07,17,0.5,0.0,0.0,15.039
PPOLag,2020-01-07,17,0.5,0.0018423854145819263,0.012250717564877495,15.039
EDF,2020-01-07,17,1.0,0.0,0.0,15.039
LLF,2020-01-07,17,1.0,0.0,0.0,15.039
MPC,2020-01-07,17,1.0,0.0,0.0,15.039
PPOLag,2020-01-07,17,1.0,0.0018044296776643875,0.011998335512097792,15.039
EDF,2020-01-07,17,2.0,0.0,0.0,15.039
LLF,2020-01-07,17,2.0,0.0,0.0,15.039
MPC,2020-01-07,17,2.0,0.0,0.0,15.039
PPOLag,2020-01-07,17,2.0,-0.0007435010816848831,-0.004943819946039521,15.039
EDF,2020-01-07,32,0.5,-3.3279999999999994,-22.22222222222222,14.975999999999999
LLF,2020-01-07,32,0.5,-3.3279999999999994,-22.22222222222222,14.975999999999999
MPC,2020-01-07,32,0.5,-3.3279999999999994,-22.22222222222222,14.975999999999999
PPOLag,2020-01-07,32,0.5,-3.2828855010986318,-21.92097690370347,14.975999999999999
EDF,2020-01-07,32,1.0,-6.655999999999999,-44.44444444444444,14.975999999999999
LLF,2020-01-07,32,1.0,-6.655999999999999,-44.44444444444444,14.975999999999999
MPC,2020-01-07,32,1.0,-6.655999999999999,-44.44444444444444,14.975999999999999
PPOLag,2020-01-07,32,1.0,-6.587117773437498,-43.984493679470475,14.975999999999999
EDF,2020-01-07,32,2.0,-13.312,-88.8888888888889,14.975999999999999
LLF,2020-01-07,32,2.0,-13.312,-88.8888888888889,14.975999999999999
MPC,2020-01-07,32,2.0,-13.312,-88.8888888888889,14.975999999999999
PPOLag,2020-01-07,32,2.0,-13.212093702697754,-88.22177953190274,14.975999999999999
EDF,2020-01-08,12,0.5,0.0,0.0,12.886
LLF,2020-01-08,12,0.5,0.0,0.0,12.886
MPC,2020-01-08,12,0.5,0.0,0.0,12.886
PPOLag,2020-01-08,12,0.5,0.003675566470511882,0.028523719311748262,12.886
EDF,2020-01-08,12,1.0,0.0,0.0,12.886
LLF,2020-01-08,12,1.0,0.0,0.0,12.886
MPC,2020-01-08,12,1.0,0.0,0.0,12.886
PPOLag,2020-01-08,12,1.0,0.005128877081753203,0.03980193296409439,12.886
EDF,2020-01-08,12,2.0,0.0,0.0,12.886
LLF,2020-01-08,12,2.0,0.0,0.0,12.886
MPC,2020-01-08,12,2.0,0.0,0.0,12.886
PPOLag,2020-01-08,12,2.0,0.004636009761333426,0.035977105085623365,12.886
EDF,2020-01-08,18,0.5,0.0,0.0,22.388
LLF,2020-01-08,18,0.5,0.0,0.0,22.388
MPC,2020-01-08,18,0.5,0.0,0.0,22.388
PPOLag,2020-01-08,18,0.5,0.0012543865555500132,0.005602941555967541,22.388
EDF,2020-01-08,18,1.0,0.0,0.0,22.388
LLF,2020-01-08,18,1.0,0.0,0.0,22.388
MPC,2020-01-08,18,1.0,0.0,0.0,22.388
PPOLag,2020-01-08,18,1.0,0.002095743265196859,0.00936101154724343,22.388
EDF,2020-01-08,18,2.0,0.0,0.0,22.388
LLF,2020-01-08,18,2.0,0.0,0.0,22.388
MPC,2020-01-08,18,2.0,0.0,0.0,22.388
PPOLag,2020-01-08,18,2.0,0.0015061821047822831,0.006727631341711109,22.388
EDF,2020-01-08,1,0.5,0.0,0.0,15.141
LLF,2020-01-08,1,0.5,1.7763568394002505e-15,1.1732097215509217e-14,15.141
MPC,2020-01-08,1,0.5,0.0,0.0,15.141
PPOLag,2020-01-08,1,0.5,0.0033883367441774224,0.022378553227510877,15.141
EDF,2020-01-08,1,1.0,0.0,0.0,15.141
LLF,2020-01-08,1,1.0,1.7763568394002505e-15,1.1732097215509217e-14,15.141
MPC,2020-01-08,1,1.0,0.0,0.0,15.141
PPOLag,2020-01-08,1,1.0,0.001109739045723046,0.007329364280582828,15.141
EDF,2020-01-08,1,2.0,0.0,0.0,15.141
LLF,2020-01-08,1,2.0,1.7763568394002505e-15,1.1732097215509217e-14,15.141
MPC,2020-01-08,1,2.0,0.0,0.0,15.141
PPOLag,2020-01-08,1,2.0,0.0030238243697329635,0.019971100784181784,15.141
EDF,2020-01-08,3,0.5,0.0,0.0,2.616
LLF,2020-01-08,3,0.5,0.0,0.0,2.616
MPC,2020-01-08,3,0.5,0.0,0.0,2.616
PPOLag,2020-01-08,3,0.5,0.0007451093063419734,0.028482771649158002,2.616
EDF,2020-01-08,3,1.0,0.0,0.0,2.616
LLF,2020-01-08,3,1.0,0.0,0.0,2.616
MPC,2020-01-08,3,1.0,0.0,0.0,2.616
PPOLag,2020-01-08,3,1.0,0.0011332127429558802,0.04331852992950612,2.616
EDF,2020-01-08,3,2.0,0.0,0.0,2.616
LLF,2020-01-08,3,2.0,0.0,0.0,2.616
MPC,2020-01-08,3,2.0,0.0,0.0,2.616
PPOLag,2020-01-08,3,2.0,0.0008924549620597411,0.03411525084326227,2.616
EDF,2020-01-08,7,0.5,0.0,0.0,10.929
LLF,2020-01-08,7,0.5,0.0,0.0,10.929
MPC,2020-01-08,7,0.5,0.0,0.0,10.929
PPOLag,2020-01-08,7,0.5,-0.004625945562695221,-0.04232725375327314,10.929
EDF,2020-01-08,7,1.0,0.0,0.0,10.929
LLF,2020-01-08,7,1.0,0.0,0.0,10.929
MPC,2020-01-08,7,1.0,0.0,0.0,10.929
PPOLag,2020-01-08,7,1.0,-0.002190530452380557,-0.02004328348778989,10.929
EDF,2020-01-08,7,2.0,0.0,0.0,10.929
LLF,2020-01-08,7,2.0,0.0,0.0,10.929
MPC,2020-01-08,7,2.0,0.0,0.0,10.929
PPOLag,2020-01-08,7,2.0,0.00012768056584775423,0.0011682730885511413,10.929
EDF,2020-01-09,30,0.5,0.0,0.0,0.923
LLF,2020-01-09,30,0.5,0.0,0.0,0.923
MPC,2020-01-09,30,0.5,0.0,0.0,0.923
PPOLag,2020-01-09,30,0.5,-0.00042032409169674435,-0.04553890484255085,0.923
EDF,2020-01-09,30,1.0,0.0,0.0,0.923
LLF,2020-01-09,30,1.0,0.0,0.0,0.923
MPC,2020-01-09,30,1.0,0.0,0.0,0.923
PPOLag,2020-01-09,30,1.0,0.0007623075263652801,0.08259019787272806,0.923
EDF,2020-01-09,30,2.0,0.0,0.0,0.923
LLF,2020-01-09,30,2.0,0.0,0.0,0.923
MPC,2020-01-09,30,2.0,0.0,0.0,0.923
PPOLag,2020-01-09,30,2.0,0.0004539834315754776,0.049185637223778715,0.923
EDF,2020-01-09,5,0.5,0.0,0.0,27.671
LLF,2020-01-09,5,0.5,-3.552713678800501e-15,-1.2839122831847424e-14,27.671
MPC,2020-01-09,5,0.5,0.0,0.0,27.671
PPOLag,2020-01-09,5,0.5,0.00032173728220712404,0.0011627237259481914,27.671
EDF,2020-01-09,5,1.0,-3.552713678800501e-15,-1.2839122831847424e-14,27.671
LLF,2020-01-09,5,1.0,-3.552713678800501e-15,-1.2839122831847424e-14,27.671
MPC,2020-01-09,5,1.0,0.0,0.0,27.671
PPOLag,2020-01-09,5,1.0,0.0006380944328988391,0.002306004238729497,27.671
EDF,2020-01-09,5,2.0,-3.552713678800501e-15,-1.2839122831847424e-14,27.671
LLF,2020-01-09,5,2.0,-3.552713678800501e-15,-1.2839122831847424e-14,27.671
MPC,2020-01-09,5,2.0,0.0,0.0,27.671
PPOLag,2020-01-09,5,2.0,0.0010536431986821527,0.0038077525159269723,27.671
EDF,2020-01-09,19,0.5,0.0,0.0,8.502
LLF,2020-01-09,19,0.5,0.0,0.0,8.502
MPC,2020-01-09,19,0.5,0.0,0.0,8.502
PPOLag,2020-01-09,19,0.5,0.0004022051063959253,0.004730711672499709,8.502
EDF,2020-01-09,19,1.0,0.0,0.0,8.502
LLF,2020-01-09,19,1.0,0.0,0.0,8.502
MPC,2020-01-09,19,1.0,0.0,0.0,8.502
PPOLag,2020-01-09,19,1.0,0.0008273901774764169,0.009731712273305304,8.502
EDF,2020-01-09,19,2.0,1.7763568394002505e-15,2.0893399663611506e-14,8.502
LLF,2020-01-09,19,2.0,0.0,0.0,8.502
MPC,2020-01-09,19,2.0,0.0,0.0,8.502
PPOLag,2020-01-09,19,2.0,0.0017627961849797202,0.020733900082095035,8.502
EDF,2020-01-09,21,0.5,0.0,0.0,4.39
LLF,2020-01-09,21,0.5,8.881784197001252e-16,2.0231854662873012e-14,4.39
MPC,2020-01-09,21,0.5,0.0,0.0,4.39
PPOLag,2020-01-09,21,0.5,-0.0014781972223254058,-0.033671918503995577,4.39
EDF,2020-01-09,21,1.0,0.0,0.0,4.39
LLF,2020-01-09,21,1.0,0.0,0.0,4.39
MPC,2020-01-09,21,1.0,0.0,0.0,4.39
PPOLag,2020-01-09,21,1.0,6.887991430009066e-05,0.0015690185489770087,4.39
EDF,2020-01-09,21,2.0,0.0,0.0,4.39
LLF,2020-01-09,21,2.0,0.0,0.0,4.39
MPC,2020-01-09,21,2.0,0.0,0.0,4.39
PPOLag,2020-01-09,21,2.0,-0.0007352997330183797,-0.016749424442332118,4.39
EDF,2020-01-09,0,0.5,0.0,0.0,0.843
LLF,2020-01-09,0,0.5,0.0,0.0,0.843
MPC,2020-01-09,0,0.5,0.0,0.0,0.843
PPOLag,2020-01-09,0,0.5,0.0002588472122857288,0.030705481884428093,0.843
EDF,2020-01-09,0,1.0,0.0,0.0,0.843
LLF,2020-01-09,0,1.0,0.0,0.0,0.843
MPC,2020-01-09,0,1.0,0.0,0.0,0.843
PPOLag,2020-01-09,0,1.0,0.00041517943721629534,0.049250229800272285,0.843
EDF,2020-01-09,0,2.0,0.0,0.0,0.843
LLF,2020-01-09,0,2.0,0.0,0.0,0.843
MPC,2020-01-09,0,2.0,0.0,0.0,0.843
PPOLag,2020-01-09,0,2.0,-0.00022030037710285555,-0.026132903570919998,0.843
EDF,2020-01-10,29,0.5,0.0,0.0,0.85
LLF,2020-01-10,29,0.5,0.0,0.0,0.85
MPC,2020-01-10,29,0.5,0.0,0.0,0.85
PPOLag,2020-01-10,29,0.5,0.0030045426141672936,0.3534756016667404,0.85
EDF,2020-01-10,29,1.0,0.0,0.0,0.85
LLF,2020-01-10,29,1.0,0.0,0.0,0.85
MPC,2020-01-10,29,1.0,0.0,0.0,0.85
PPOLag,2020-01-10,29,1.0,0.004428189842538588,0.5209635108868927,0.85
EDF,2020-01-10,29,2.0,0.0,0.0,0.85
LLF,2020-01-10,29,2.0,0.0,0.0,0.85
MPC,2020-01-10,29,2.0,0.0,0.0,0.85
PPOLag,2020-01-10,29,2.0,0.004056003490527549,0.4771768812385352,0.85
EDF,2020-01-10,12,0.5,0.0,0.0,15.847
LLF,2020-01-10,12,0.5,0.0,0.0,15.847
MPC,2020-01-10,12,0.5,0.0,0.0,15.847
PPOLag,2020-01-10,12,0.5,-0.0010461369722253977,-0.006601482755255869,15.847
EDF,2020-01-10,12,1.0,0.0,0.0,15.847
LLF,2020-01-10,12,1.0,0.0,0.0,15.847
MPC,2020-01-10,12,1.0,0.0,0.0,15.847
PPOLag,2020-01-10,12,1.0,-0.0005502357968559579,-0.0034721764173405558,15.847
EDF,2020-01-10,12,2.0,0.0,0.0,15.847
LLF,2020-01-10,12,2.0,0.0,0.0,15.847
MPC,2020-01-10,12,2.0,0.0,0.0,15.847
PPOLag,2020-01-10,12,2.0,-0.0004942537125582902,-0.0031189102830711823,15.847
EDF,2020-01-10,25,0.5,-1.7763568394002505e-15,-1.2084060131974494e-14,14.7
LLF,2020-01-10,25,0.5,0.0,0.0,14.7
MPC,2020-01-10,25,0.5,0.0,0.0,14.7
PPOLag,2020-01-10,25,0.5,-0.0014319163032251226,-0.009740927232823963,14.7
EDF,2020-01-10,25,1.0,-1.7763568394002505e-15,-1.2084060131974494e-14,14.7
LLF,2020-01-10,25,1.0,0.0,0.0,14.7
MPC,2020-01-10,25,1.0,0.0,0.0,14.7
PPOLag,2020-01-10,25,1.0,-0.0009858122926800661,-0.00670620607265351,14.7
EDF,2020-01-10,25,2.0,-1.7763568394002505e-15,-1.2084060131974494e-14,14.7
LLF,2020-01-10,25,2.0,0.0,0.0,14.7
MPC,2020-01-10,25,2.0,0.0,0.0,14.7
PPOLag,2020-01-10,25,2.0,-0.006195698536574312,-0.04214760909234226,14.7
EDF,2020-01-10,8,0.5,0.0,0.0,9.525
LLF,2020-01-10,8,0.5,0.0,0.0,9.525
MPC,2020-01-10,8,0.5,-1.7763568394002505e-15,-1.8649415636748037e-14,9.525
PPOLag,2020-01-10,8,0.5,-0.0005861742033655304,-0.006154059877853338,9.525
EDF,2020-01-10,8,1.0,0.0,0.0,9.525
LLF,2020-01-10,8,1.0,0.0,0.0,9.525
MPC,2020-01-10,8,1.0,-1.7763568394002505e-15,-1.8649415636748037e-14,9.525
PPOLag,2020-01-10,8,1.0,-0.0010499590628704424,-0.011023192261107007,9.525
EDF,2020-01-10,8,2.0,0.0,0.0,9.525
LLF,2020-01-10,8,2.0,0.0,0.0,9.525
MPC,2020-01-10,8,2.0,-1.7763568394002505e-15,-1.8649415636748037e-14,9.525
PPOLag,2020-01-10,8,2.0,-0.047346414622758105,-0.497075219136568,9.525
EDF,2020-01-10,3,0.5,0.0,0.0,9.301
LLF,2020-01-10,3,0.5,1.7763568394002505e-15,1.9098557568006133e-14,9.301
MPC,2020-01-10,3,0.5,1.7763568394002505e-15,1.9098557568006133e-14,9.301
PPOLag,2020-01-10,3,0.5,0.0017107719508285158,0.018393419533690093,9.301
EDF,2020-01-10,3,1.0,0.0,0.0,9.301
LLF,2020-01-10,3,1.0,1.7763568394002505e-15,1.9098557568006133e-14,9.301
MPC,2020-01-10,3,1.0,1.7763568394002505e-15,1.9098557568006133e-14,9.301
PPOLag,2020-01-10,3,1.0,0.00013201759954775127,0.0014193914584211514,9.301
EDF,2020-01-10,3,2.0,0.0,0.0,9.301
LLF,2020-01-10,3,2.0,1.7763568394002505e-15,1.9098557568006133e-14,9.301
MPC,2020-01-10,3,2.0,1.7763568394002505e-15,1.9098557568006133e-14,9.301
PPOLag,2020-01-10,3,2.0,0.00015291600636331283,0.0016440813499979871,9.301
EDF,2020-01-13,18,0.5,-1.6639999999999997,-13.991423526444125,11.893
LLF,2020-01-13,18,0.5,-0.33300000000000196,-2.7999663667703856,11.893
MPC,2020-01-13,18,0.5,-4.303000000000001,-36.180946775414114,11.893
PPOLag,2020-01-13,18,0.5,-1.665910036340024,-14.007483699150963,11.893
EDF,2020-01-13,18,1.0,-1.3309999999999977,-11.191457159673737,11.893
LLF,2020-01-13,18,1.0,-0.33300000000000196,-2.7999663667703856,11.893
MPC,2020-01-13,18,1.0,-4.391,-36.92087782729337,11.893
PPOLag,2020-01-13,18,1.0,-2.5141878696201903,-21.14006448852426,11.893
EDF,2020-01-13,18,2.0,5.237000000000002,44.0343058942235,11.893
LLF,2020-01-13,18,2.0,0.6660000000000039,5.599932733540771,11.893
MPC,2020-01-13,18,2.0,-1.9740000000000002,-16.597998822836963,11.893
PPOLag,2020-01-13,18,2.0,-1.3072964497283945,-10.99215042233578,11.893
EDF,2020-01-13,33,0.5,8.881784197001252e-16,2.0135534339154962e-14,4.411
LLF,2020-01-13,33,0.5,1.664,37.72387213783723,4.411
MPC,2020-01-13,33,0.5,0.6660000000000001,15.098617093629565,4.411
PPOLag,2020-01-13,33,0.5,0.7045751618148692,15.973139011899102,4.411
EDF,2020-01-13,33,1.0,8.881784197001252e-16,2.0135534339154962e-14,4.411
LLF,2020-01-13,33,1.0,1.9970000000000014,45.27318068465204,4.411
MPC,2020-01-13,33,1.0,1.664,37.72387213783723,4.411
PPOLag,2020-01-13,33,1.0,1.526652134857215,34.610114143215036,4.411
EDF,2020-01-13,33,2.0,8.881784197001252e-16,2.0135534339154962e-14,4.411
LLF,2020-01-13,33,2.0,4.411,100.0,4.411
MPC,2020-01-13,33,2.0,2.747,62.27612786216278,4.411
PPOLag,2020-01-13,33,2.0,2.5999210617769304,58.94176063878781,4.411
EDF,2020-01-13,21,0.5,0.0,0.0,4.816
LLF,2020-01-13,21,0.5,0.0,0.0,4.816
MPC,2020-01-13,21,0.5,0.0,0.0,4.816
PPOLag,2020-01-13,21,0.5,-0.008973088177842925,-0.18631827611800095,4.816
EDF,2020-01-13,21,1.0,0.0,0.0,4.816
LLF,2020-01-13,21,1.0,0.0,0.0,4.816
MPC,2020-01-13,21,1.0,-8.881784197001252e-16,-1.84422429339727e-14,4.816
PPOLag,2020-01-13,21,1.0,-0.016030431301717128,-0.33285779280974115,4.816
EDF,2020-01-13,21,2.0,0.0,0.0,4.816
LLF,2020-01-13,21,2.0,0.0,0.0,4.816
MPC,2020-01-13,21,2.0,0.0,0.0,4.816
PPOLag,2020-01-13,21,2.0,-1.163410908148634,-24.157203242288908,4.816
EDF,2020-01-13,4,0.5,3.552713678800501e-15,1.444721108861169e-14,24.591
LLF,2020-01-13,4,0.5,0.33300000000000196,1.35415395876541,24.591
MPC,2020-01-13,4,0.5,-0.6289999999999942,-2.5578463665568467,24.591
PPOLag,2020-01-13,4,0.5,1.3892642571878568,5.649482563490126,24.591
EDF,2020-01-13,4,1.0,-3.552713678800501e-15,-1.444721108861169e-14,24.591
LLF,2020-01-13,4,1.0,1.831000000000003,7.4458135090073725,24.591
MPC,2020-01-13,4,1.0,1.3680000000000057,5.5630108576308634,24.591
PPOLag,2020-01-13,4,1.0,2.5986820448758943,10.56761435027406,24.591
EDF,2020-01-13,4,2.0,-7.105427357601002e-15,-2.889442217722338e-14,24.591
LLF,2020-01-13,4,2.0,4.289999999999996,17.445406856166873,24.591
MPC,2020-01-13,4,2.0,4.781000000000024,19.44207230287513,24.591
PPOLag,2020-01-13,4,2.0,3.7497864632466444,15.24861316435543,24.591
EDF,2020-01-13,20,0.5,-1.1102230246251565e-16,-1.2093932730121531e-14,0.918
LLF,2020-01-13,20,0.5,0.0,0.0,0.918
MPC,2020-01-13,20,0.5,0.3330000000000002,36.27450980392159,0.918
PPOLag,2020-01-13,20,0.5,0.020682065105646897,2.2529482685889866,0.918
EDF,2020-01-13,20,1.0,-1.1102230246251565e-16,-1.2093932730121531e-14,0.918
LLF,2020-01-13,20,1.0,0.0,0.0,0.918
MPC,2020-01-13,20,1.0,0.918,99.99999999999999,0.918
PPOLag,2020-01-13,20,1.0,0.0990530838922811,10.79009628456221,0.918
EDF,2020-01-13,20,2.0,0.0,0.0,0.918
LLF,2020-01-13,20,2.0,0.918,99.99999999999999,0.918
MPC,2020-01-13,20,2.0,0.918,99.99999999999999,0.918
PPOLag,2020-01-13,20,2.0,0.5614403313053913,61.15907748424742,0.918
EDF,2020-01-14,15,0.5,0.0,0.0,3.912
LLF,2020-01-14,15,0.5,0.0,0.0,3.912
MPC,2020-01-14,15,0.5,0.0,0.0,3.912
PPOLag,2020-01-14,15,0.5,-1.0129790994293184,-25.89414875841816,3.912
EDF,2020-01-14,15,1.0,0.0,0.0,3.912
LLF,2020-01-14,15,1.0,0.0,0.0,3.912
MPC,2020-01-14,15,1.0,0.0,0.0,3.912
PPOLag,2020-01-14,15,1.0,-0.7547165729238496,-19.29234593363624,3.912
EDF,2020-01-14,15,2.0,0.0,0.0,3.912
LLF,2020-01-14,15,2.0,-4.440892098500626e-16,-1.1351973666923892e-14,3.912
MPC,2020-01-14,15,2.0,0.0,0.0,3.912
PPOLag,2020-01-14,15,2.0,0.35076924286998656,8.96649393839434,3.912
EDF,2020-01-14,5,0.5,0.0,0.0,5.686
LLF,2020-01-14,5,0.5,0.0,0.0,5.686
MPC,2020-01-14,5,0.5,-8.881784197001252e-16,-1.5620443540276562e-14,5.686
PPOLag,2020-01-14,5,0.5,0.10718314288739154,1.8850359283748073,5.686
EDF,2020-01-14,5,1.0,0.0,0.0,5.686
LLF,2020-01-14,5,1.0,0.0,0.0,5.686
MPC,2020-01-14,5,1.0,-8.881784197001252e-16,-1.5620443540276562e-14,5.686
PPOLag,2020-01-14,5,1.0,0.11718026852692809,2.060855936104961,5.686
EDF,2020-01-14,5,2.0,0.0,0.0,5.686
LLF,2020-01-14,5,2.0,0.0,0.0,5.686
MPC,2020-01-14,5,2.0,-8.881784197001252e-16,-1.5620443540276562e-14,5.686
PPOLag,2020-01-14,5,2.0,0.12215463374172764,2.1483403753381576,5.686
EDF,2020-01-14,19,0.5,0.0,0.0,11.77
LLF,2020-01-14,19,0.5,-3.552713678800501e-15,-3.0184483252340704e-14,11.77
MPC,2020-01-14,19,0.5,-0.5049999999999972,-4.290569243840248,11.77
PPOLag,2020-01-14,19,0.5,-0.762520948169005,-6.478512728708623,11.77
EDF,2020-01-14,19,1.0,1.7763568394002505e-15,1.5092241626170352e-14,11.77
LLF,2020-01-14,19,1.0,-1.7763568394002505e-15,-1.5092241626170352e-14,11.77
MPC,2020-01-14,19,1.0,1.7763568394002505e-15,1.5092241626170352e-14,11.77
PPOLag,2020-01-14,19,1.0,-0.3259692894567827,-2.7694926886727504,11.77
EDF,2020-01-14,19,2.0,0.0,0.0,11.77
LLF,2020-01-14,19,2.0,-1.7763568394002505e-15,-1.5092241626170352e-14,11.77
MPC,2020-01-14,19,2.0,0.0,0.0,11.77
PPOLag,2020-01-14,19,2.0,1.442211811895504,12.253286422221786,11.77
EDF,2020-01-14,22,0.5,0.0,0.0,5.78
LLF,2020-01-14,22,0.5,-1.7763568394002505e-15,-3.0732817290661773e-14,5.78
MPC,2020-01-14,22,0.5,0.0,0.0,5.78
PPOLag,2020-01-14,22,0.5,0.7458593861291221,12.904141628531523,5.78
EDF,2020-01-14,22,1.0,0.0,0.0,5.78
LLF,2020-01-14,22,1.0,-8.881784197001252e-16,-1.5366408645330887e-14,5.78
MPC,2020-01-14,22,1.0,-8.881784197001252e-16,-1.5366408645330887e-14,5.78
PPOLag,2020-01-14,22,1.0,1.0143548949403167,17.54939264602624,5.78
EDF,2020-01-14,22,2.0,8.881784197001252e-16,1.5366408645330887e-14,5.78
LLF,2020-01-14,22,2.0,-8.881784197001252e-16,-1.5366408645330887e-14,5.78
MPC,2020-01-14,22,2.0,0.0,0.0,5.78
PPOLag,2020-01-14,22,2.0,1.0489219875295777,18.147439230615525,5.78
EDF,2020-01-14,21,0.5,0.0,0.0,0.808
LLF,2020-01-14,21,0.5,-1.1102230246251565e-16,-1.3740383968133125e-14,0.808
MPC,2020-01-14,21,0.5,0.0,0.0,0.808
PPOLag,2020-01-14,21,0.5,0.13455472255924955,16.65281219792692,0.808
EDF,2020-01-14,21,1.0,0.0,0.0,0.808
LLF,2020-01-14,21,1.0,-1.1102230246251565e-16,-1.3740383968133125e-14,0.808
MPC,2020-01-14,21,1.0,-1.1102230246251565e-16,-1.3740383968133125e-14,0.808
PPOLag,2020-01-14,21,1.0,0.20596198383725586,25.490344534313845,0.808
EDF,2020-01-14,21,2.0,0.0,0.0,0.808
LLF,2020-01-14,21,2.0,-1.1102230246251565e-16,-1.3740383968133125e-14,0.808
MPC,2020-01-14,21,2.0,0.0,0.0,0.808
PPOLag,2020-01-14,21,2.0,0.2223960806670334,27.524267409286313,0.808
EDF,2020-01-15,19,0.5,0.0,0.0,12.305
LLF,2020-01-15,19,0.5,-1.7763568394002505e-15,-1.4436057207641206e-14,12.305
MPC,2020-01-15,19,0.5,0.9860000000000166,8.013002844372343,12.305
PPOLag,2020-01-15,19,0.5,0.6956983036362956,5.6537854826192255,12.305
EDF,2020-01-15,19,1.0,-1.7763568394002505e-15,-1.4436057207641206e-14,12.305
LLF,2020-01-15,19,1.0,-1.7763568394002505e-15,-1.4436057207641206e-14,12.305
MPC,2020-01-15,19,1.0,0.9860000000000149,8.013002844372327,12.305
PPOLag,2020-01-15,19,1.0,1.5409378155799291,12.522859127020961,12.305
EDF,2020-01-15,19,2.0,-1.7763568394002505e-15,-1.4436057207641206e-14,12.305
LLF,2020-01-15,19,2.0,0.0,0.0,12.305
MPC,2020-01-15,19,2.0,0.9860000000000131,8.013002844372313,12.305
PPOLag,2020-01-15,19,2.0,2.560147316637711,20.805748205101263,12.305
EDF,2020-01-15,6,0.5,1.7763568394002505e-15,2.0378075477804868e-14,8.717
LLF,2020-01-15,6,0.5,0.0,0.0,8.717
MPC,2020-01-15,6,0.5,1.982000000000001,22.73718022255364,8.717
PPOLag,2020-01-15,6,0.5,0.41364674075957647,4.745287837095061,8.717
EDF,2020-01-15,6,1.0,1.7763568394002505e-15,2.0378075477804868e-14,8.717
LLF,2020-01-15,6,1.0,0.0,0.0,8.717
MPC,2020-01-15,6,1.0,1.4589999999999943,16.737409659286385,8.717
PPOLag,2020-01-15,6,1.0,1.0620578123153874,12.183753726229064,8.717
EDF,2020-01-15,6,2.0,1.7763568394002505e-15,2.0378075477804868e-14,8.717
LLF,2020-01-15,6,2.0,0.0,0.0,8.717
MPC,2020-01-15,6,2.0,1.982000000000001,22.73718022255364,8.717
PPOLag,2020-01-15,6,2.0,1.992942237062102,22.862707778617665,8.717
EDF,2020-01-15,31,0.5,0.0,0.0,6.679
LLF,2020-01-15,31,0.5,-0.1200000000000001,-1.7966761491241219,6.679
MPC,2020-01-15,31,0.5,-0.7259999999999733,-10.869890702200529,6.679
PPOLag,2020-01-15,31,0.5,-0.8541827579834573,-12.789081568849486,6.679
EDF,2020-01-15,31,1.0,0.0,0.0,6.679
LLF,2020-01-15,31,1.0,0.023000000000000576,0.3443629285821317,6.679
MPC,2020-01-15,31,1.0,0.5269999999999939,7.890402754903337,6.679
PPOLag,2020-01-15,31,1.0,-0.4325611779306408,-6.476436261875143,6.679
EDF,2020-01-15,31,2.0,0.0,0.0,6.679
LLF,2020-01-15,31,2.0,0.023000000000000576,0.3443629285821317,6.679
MPC,2020-01-15,31,2.0,0.5269999999999939,7.890402754903337,6.679
PPOLag,2020-01-15,31,2.0,1.2461533347078366,18.65778312184214,6.679
EDF,2020-01-15,23,0.5,0.0,0.0,4.243
LLF,2020-01-15,23,0.5,0.0,0.0,4.243
MPC,2020-01-15,23,0.5,0.0,0.0,4.243
PPOLag,2020-01-15,23,0.5,0.2645609642952701,6.235233662391471,4.243
EDF,2020-01-15,23,1.0,0.0,0.0,4.243
LLF,2020-01-15,23,1.0,0.0,0.0,4.243
MPC,2020-01-15,23,1.0,0.0,0.0,4.243
PPOLag,2020-01-15,23,1.0,0.961261407821594,22.65522997458388,4.243
EDF,2020-01-15,23,2.0,0.0,0.0,4.243
LLF,2020-01-15,23,2.0,-8.881784197001252e-16,-2.0932793299555153e-14,4.243
MPC,2020-01-15,23,2.0,0.0,0.0,4.243
PPOLag,2020-01-15,23,2.0,1.5473923364059652,36.469298524769385,4.243
EDF,2020-01-15,2,0.5,0.0,0.0,34.699
LLF,2020-01-15,2,0.5,0.0,0.0,34.699
MPC,2020-01-15,2,0.5,0.0,0.0,34.699
PPOLag,2020-01-15,2,0.5,0.9165924724043748,2.641552991165091,34.699
EDF,2020-01-15,2,1.0,0.0,0.0,34.699
LLF,2020-01-15,2,1.0,0.0,0.0,34.699
MPC,2020-01-15,2,1.0,0.0,0.0,34.699
PPOLag,2020-01-15,2,1.0,1.3951804383874133,4.020808779467458,34.699
EDF,2020-01-15,2,2.0,0.0,0.0,34.699
LLF,2020-01-15,2,2.0,0.0,0.0,34.699
MPC,2020-01-15,2,2.0,0.0,0.0,34.699
PPOLag,2020-01-15,2,2.0,1.5610117361713762,4.498722545812202,34.699
EDF,2020-01-16,16,0.5,0.0,0.0,3.55
LLF,2020-01-16,16,0.5,0.0,0.0,3.55
MPC,2020-01-16,16,0.5,0.0,0.0,3.55
PPOLag,2020-01-16,16,0.5,-0.0046659426295708965,-0.13143500364988442,3.55
EDF,2020-01-16,16,1.0,0.0,0.0,3.55
LLF,2020-01-16,16,1.0,0.0,0.0,3.55
MPC,2020-01-16,16,1.0,0.0,0.0,3.55
PPOLag,2020-01-16,16,1.0,-0.004252170306621927,-0.11977944525695572,3.55
EDF,2020-01-16,16,2.0,-1.886,-53.12676056338028,3.55
LLF,2020-01-16,16,2.0,-1.886,-53.12676056338028,3.55
MPC,2020-01-16,16,2.0,-1.886,-53.12676056338028,3.55
PPOLag,2020-01-16,16,2.0,-2.0508825894037828,-57.77134054658544,3.55
EDF,2020-01-16,20,0.5,0.0,0.0,0.862
LLF,2020-01-16,20,0.5,0.0,0.0,0.862
MPC,2020-01-16,20,0.5,0.0,0.0,0.862
PPOLag,2020-01-16,20,0.5,-0.003958703644118234,-0.4592463624267092,0.862
EDF,2020-01-16,20,1.0,0.0,0.0,0.862
LLF,2020-01-16,20,1.0,0.0,0.0,0.862
MPC,2020-01-16,20,1.0,0.0,0.0,0.862
PPOLag,2020-01-16,20,1.0,-0.0028152292958237846,-0.32659272573361775,0.862
EDF,2020-01-16,20,2.0,-0.8619999999999999,-99.99999999999999,0.862
LLF,2020-01-16,20,2.0,-0.862,-100.0,0.862
MPC,2020-01-16,20,2.0,-0.862,-100.0,0.862
PPOLag,2020-01-16,20,2.0,-0.8404951966628932,-97.5052432323542,0.862
EDF,2020-01-16,14,0.5,1.1689999999999898,4.558748976328783,25.643
LLF,2020-01-16,14,0.5,-7.105427357601002e-15,-2.7709033099095277e-14,25.643
MPC,2020-01-16,14,0.5,0.0,0.0,25.643
PPOLag,2020-01-16,14,0.5,-0.03744273654006776,-0.14601542931820674,25.643
EDF,2020-01-16,14,1.0,1.1689999999999863,4.558748976328769,25.643
LLF,2020-01-16,14,1.0,-7.105427357601002e-15,-2.7709033099095277e-14,25.643
MPC,2020-01-16,14,1.0,0.0,0.0,25.643
PPOLag,2020-01-16,14,1.0,-0.10651186134383436,-0.41536427619168725,25.643
EDF,2020-01-16,14,2.0,1.1689999999999827,4.558748976328755,25.643
LLF,2020-01-16,14,2.0,0.0,0.0,25.643
MPC,2020-01-16,14,2.0,3.552713678800501e-15,1.3854516549547639e-14,25.643
PPOLag,2020-01-16,14,2.0,-0.0379651166331314,-0.1480525548224911,25.643
EDF,2020-01-16,22,0.5,0.0,0.0,15.06
LLF,2020-01-16,22,0.5,0.0,0.0,15.06
MPC,2020-01-16,22,0.5,-1.7763568394002505e-15,-1.179519813678785e-14,15.06
PPOLag,2020-01-16,22,0.5,-0.0014368573484038194,-0.009540885447568521,15.06
EDF,2020-01-16,22,1.0,0.0,0.0,15.06
LLF,2020-01-16,22,1.0,0.0,0.0,15.06
MPC,2020-01-16,22,1.0,0.0,0.0,15.06
PPOLag,2020-01-16,22,1.0,-0.017097669322696872,-0.11353034078815985,15.06
EDF,2020-01-16,22,2.0,-5.076000000000002,-33.70517928286854,15.06
LLF,2020-01-16,22,2.0,-5.076000000000002,-33.70517928286854,15.06
MPC,2020-01-16,22,2.0,-5.0760000000000005,-33.70517928286853,15.06
PPOLag,2020-01-16,22,2.0,-5.488155671646214,-36.44193673071856,15.06
EDF,2020-01-16,19,0.5,0.0,0.0,13.149
LLF,2020-01-16,19,0.5,0.0,0.0,13.149
MPC,2020-01-16,19,0.5,0.0,0.0,13.149
PPOLag,2020-01-16,19,0.5,0.01751020503698193,0.1331675795648485,13.149
EDF,2020-01-16,19,1.0,0.0,0.0,13.149
LLF,2020-01-16,19,1.0,-1.7763568394002505e-15,-1.3509444363831855e-14,13.149
MPC,2020-01-16,19,1.0,0.0,0.0,13.149
PPOLag,2020-01-16,19,1.0,0.021369290341732496,0.16251646772935202,13.149
EDF,2020-01-16,19,2.0,0.0,0.0,13.149
LLF,2020-01-16,19,2.0,-1.7763568394002505e-15,-1.3509444363831855e-14,13.149
MPC,2020-01-16,19,2.0,-3.552713678800501e-15,-2.701888872766371e-14,13.149
PPOLag,2020-01-16,19,2.0,0.02498793652460627,0.19003678245194516,13.149
EDF,2020-01-17,21,0.5,0.0,0.0,8.062
LLF,2020-01-17,21,0.5,0.0,0.0,8.062
MPC,2020-01-17,21,0.5,0.0,0.0,8.062
PPOLag,2020-01-17,21,0.5,-0.005247075914564192,-0.06508404756343578,8.062
EDF,2020-01-17,21,1.0,0.0,0.0,8.062
LLF,2020-01-17,21,1.0,0.0,0.0,8.062
MPC,2020-01-17,21,1.0,0.0,0.0,8.062
PPOLag,2020-01-17,21,1.0,0.1963050948750748,2.43494287862906,8.062
EDF,2020-01-17,21,2.0,0.0,0.0,8.062
LLF,2020-01-17,21,2.0,0.0,0.0,8.062
MPC,2020-01-17,21,2.0,1.7763568394002505e-15,2.2033699322751807e-14,8.062
PPOLag,2020-01-17,21,2.0,0.23053138278604307,2.859481304714005,8.062
EDF,2020-01-17,4,0.5,0.0,0.0,24.862
LLF,2020-01-17,4,0.5,-3.552713678800501e-15,-1.428973404714223e-14,24.862
MPC,2020-01-17,4,0.5,0.0,0.0,24.862
PPOLag,2020-01-17,4,0.5,0.21368907204685356,0.8595007322293201,24.862
EDF,2020-01-17,4,1.0,-7.105427357601002e-15,-2.857946809428446e-14,24.862
LLF,2020-01-17,4,1.0,-3.552713678800501e-15,-1.428973404714223e-14,24.862
MPC,2020-01-17,4,1.0,0.0,0.0,24.862
PPOLag,2020-01-17,4,1.0,0.29364482609795955,1.1810989707101585,24.862
EDF,2020-01-17,4,2.0,-7.105427357601002e-15,-2.857946809428446e-14,24.862
LLF,2020-01-17,4,2.0,-3.552713678800501e-15,-1.428973404714223e-14,24.862
MPC,2020-01-17,4,2.0,0.0,0.0,24.862
PPOLag,2020-01-17,4,2.0,0.31083572044371693,1.2502442299240486,24.862
EDF,2020-01-17,27,0.5,0.0,0.0,10.541
LLF,2020-01-17,27,0.5,0.0,0.0,10.541
MPC,2020-01-17,27,0.5,1.7763568394002505e-15,1.6851881599471117e-14,10.541
PPOLag,2020-01-17,27,0.5,-0.00616223104111775,-0.0584596436876743,10.541
EDF,2020-01-17,27,1.0,-2.221000000000002,-21.070107200455382,10.541
LLF,2020-01-17,27,1.0,-2.221000000000002,-21.070107200455382,10.541
MPC,2020-01-17,27,1.0,-2.221,-21.070107200455364,10.541
PPOLag,2020-01-17,27,1.0,-2.2210656289802833,-21.0707298072316,10.541
EDF,2020-01-17,27,2.0,-8.877,-84.21402144009107,10.541
LLF,2020-01-17,27,2.0,-8.877000000000002,-84.2140214400911,10.541
MPC,2020-01-17,27,2.0,-8.877,-84.21402144009107,10.541
PPOLag,2020-01-17,27,2.0,-8.825781347058895,-83.72812206677635,10.541
EDF,2020-01-17,15,0.5,-4.440892098500626e-16,-1.203493793631606e-14,3.69
LLF,2020-01-17,15,0.5,8.881784197001252e-16,2.406987587263212e-14,3.69
MPC,2020-01-17,15,0.5,0.0,0.0,3.69
PPOLag,2020-01-17,15,0.5,-0.102874752907434,-2.787933683128293,3.69
EDF,2020-01-17,15,1.0,-4.440892098500626e-16,-1.203493793631606e-14,3.69
LLF,2020-01-17,15,1.0,0.0,0.0,3.69
MPC,2020-01-17,15,1.0,0.0,0.0,3.69
PPOLag,2020-01-17,15,1.0,0.11734424606247877,3.180060868901864,3.69
EDF,2020-01-17,15,2.0,-4.440892098500626e-16,-1.203493793631606e-14,3.69
LLF,2020-01-17,15,2.0,0.0,0.0,3.69
MPC,2020-01-17,15,2.0,0.0,0.0,3.69
PPOLag,2020-01-17,15,2.0,0.1551644971081501,4.204999921630085,3.69
EDF,2020-01-17,10,0.5,8.881784197001252e-16,1.1464804694722153e-14,7.747
LLF,2020-01-17,10,0.5,0.0,0.0,7.747
MPC,2020-01-17,10,0.5,8.881784197001252e-16,1.1464804694722153e-14,7.747
PPOLag,2020-01-17,10,0.5,0.0820550731220191,1.0591851442109088,7.747
EDF,2020-01-17,10,1.0,8.881784197001252e-16,1.1464804694722153e-14,7.747
LLF,2020-01-17,10,1.0,0.0,0.0,7.747
MPC,2020-01-17,10,1.0,8.881784197001252e-16,1.1464804694722153e-14,7.747
PPOLag,2020-01-17,10,1.0,0.10150661090266819,1.3102699225851064,7.747
EDF,2020-01-17,10,2.0,8.881784197001252e-16,1.1464804694722153e-14,7.747
LLF,2020-01-17,10,2.0,0.0,0.0,7.747
MPC,2020-01-17,10,2.0,1.7763568394002505e-15,2.2929609389444307e-14,7.747
PPOLag,2020-01-17,10,2.0,0.10753033662633485,1.3880255147326042,7.747
EDF,2020-01-20,3,0.5,0.0,0.0,0.823
LLF,2020-01-20,3,0.5,0.0,0.0,0.823
MPC,2020-01-20,3,0.5,0.0,0.0,0.823
PPOLag,2020-01-20,3,0.5,-0.001104443593034765,-0.13419727740398119,0.823
EDF,2020-01-20,3,1.0,0.0,0.0,0.823
LLF,2020-01-20,3,1.0,0.0,0.0,0.823
MPC,2020-01-20,3,1.0,0.0,0.0,0.823
PPOLag,2020-01-20,3,1.0,0.0005719164025343559,0.06949166494949648,0.823
EDF,2020-01-20,3,2.0,0.0,0.0,0.823
LLF,2020-01-20,3,2.0,0.0,0.0,0.823
MPC,2020-01-20,3,2.0,0.0,0.0,0.823
PPOLag,2020-01-20,3,2.0,0.0008206075051098383,0.09970929588211888,0.823
EDF,2020-01-20,2,0.5,-3.3279999999999745,-7.142857142857088,46.592
LLF,2020-01-20,2,0.5,-3.3279999999999745,-7.142857142857088,46.592
MPC,2020-01-20,2,0.5,-3.3279999999999745,-7.142857142857088,46.592
PPOLag,2020-01-20,2,0.5,-3.2587775390625024,-6.994285583496099,46.592
EDF,2020-01-20,2,1.0,-6.6559999999999775,-14.285714285714239,46.592
LLF,2020-01-20,2,1.0,-6.6559999999999775,-14.285714285714239,46.592
MPC,2020-01-20,2,1.0,-6.6559999999999775,-14.285714285714239,46.592
PPOLag,2020-01-20,2,1.0,-6.5349655487060545,-14.025939106941227,46.592
EDF,2020-01-20,2,2.0,-13.311999999999983,-28.571428571428537,46.592
LLF,2020-01-20,2,2.0,-13.311999999999983,-28.571428571428537,46.592
MPC,2020-01-20,2,2.0,-13.311999999999983,-28.571428571428537,46.592
PPOLag,2020-01-20,2,2.0,-13.120865782165527,-28.161198879991257,46.592
EDF,2020-01-20,1,0.5,0.0,0.0,0.837
LLF,2020-01-20,1,0.5,0.0,0.0,0.837
MPC,2020-01-20,1,0.5,0.0,0.0,0.837
PPOLag,2020-01-20,1,0.5,-0.0006510005428288279,-0.07777784263187906,0.837
EDF,2020-01-20,1,1.0,0.0,0.0,0.837
LLF,2020-01-20,1,1.0,0.0,0.0,0.837
MPC,2020-01-20,1,1.0,0.0,0.0,0.837
PPOLag,2020-01-20,1,1.0,-0.001077155825060383,-0.12869245221748898,0.837
EDF,2020-01-20,1,2.0,0.0,0.0,0.837
LLF,2020-01-20,1,2.0,0.0,0.0,0.837
MPC,2020-01-20,1,2.0,0.0,0.0,0.837
PPOLag,2020-01-20,1,2.0,-0.0010168911412439918,-0.12149237051899545,0.837
EDF,2020-01-20,8,0.5,0.0,0.0,7.32
LLF,2020-01-20,8,0.5,0.0,0.0,7.32
MPC,2020-01-20,8,0.5,0.0,0.0,7.32
PPOLag,2020-01-20,8,0.5,-0.006567798644585033,-0.08972402519924907,7.32
EDF,2020-01-20,8,1.0,0.0,0.0,7.32
LLF,2020-01-20,8,1.0,0.0,0.0,7.32
MPC,2020-01-20,8,1.0,0.0,0.0,7.32
PPOLag,2020-01-20,8,1.0,-0.018267105868263654,-0.24955062661562372,7.32
EDF,2020-01-20,8,2.0,-5.6560000000000015,-77.26775956284155,7.32
LLF,2020-01-20,8,2.0,-5.6560000000000015,-77.26775956284155,7.32
MPC,2020-01-20,8,2.0,-5.656,-77.26775956284153,7.32
PPOLag,2020-01-20,8,2.0,-5.662240541865841,-77.35301286701966,7.32
EDF,2020-01-20,5,0.5,0.0,0.0,0.846
LLF,2020-01-20,5,0.5,0.0,0.0,0.846
MPC,2020-01-20,5,0.5,0.0,0.0,0.846
PPOLag,2020-01-20,5,0.5,0.0013916378979211609,0.1644962054280332,0.846
EDF,2020-01-20,5,1.0,0.0,0.0,0.846
LLF,2020-01-20,5,1.0,0.0,0.0,0.846
MPC,2020-01-20,5,1.0,0.0,0.0,0.846
PPOLag,2020-01-20,5,1.0,0.0013657246030133851,0.1614331682048919,0.846
EDF,2020-01-20,5,2.0,0.0,0.0,0.846
LLF,2020-01-20,5,2.0,0.0,0.0,0.846
MPC,2020-01-20,5,2.0,0.0,0.0,0.846
PPOLag,2020-01-20,5,2.0,0.0012944872961875963,0.1530126827644913,0.846
EDF,2020-01-21,6,0.5,0.0,0.0,15.858
LLF,2020-01-21,6,0.5,1.7763568394002505e-15,1.1201644844244232e-14,15.858
MPC,2020-01-21,6,0.5,-1.7763568394002505e-15,-1.1201644844244232e-14,15.858
PPOLag,2020-01-21,6,0.5,-0.0034237701084823156,-0.021590175989925058,15.858
EDF,2020-01-21,6,1.0,-3.552713678800501e-15,-2.2403289688488464e-14,15.858
LLF,2020-01-21,6,1.0,1.7763568394002505e-15,1.1201644844244232e-14,15.858
MPC,2020-01-21,6,1.0,0.0,0.0,15.858
PPOLag,2020-01-21,6,1.0,-0.006778147139965896,-0.04274276163429118,15.858
EDF,2020-01-21,6,2.0,-3.552713678800501e-15,-2.2403289688488464e-14,15.858
LLF,2020-01-21,6,2.0,3.552713678800501e-15,2.2403289688488464e-14,15.858
MPC,2020-01-21,6,2.0,1.7763568394002505e-15,1.1201644844244232e-14,15.858
PPOLag,2020-01-21,6,2.0,-0.23139425823771695,-1.4591641962272477,15.858
EDF,2020-01-21,23,0.5,0.0,0.0,15.123
LLF,2020-01-21,23,0.5,0.0,0.0,15.123
MPC,2020-01-21,23,0.5,0.0,0.0,15.123
PPOLag,2020-01-21,23,0.5,-0.009473684693901419,-0.06264421539311922,15.123
EDF,2020-01-21,23,1.0,0.0,0.0,15.123
LLF,2020-01-21,23,1.0,-1.7763568394002505e-15,-1.1746061227271379e-14,15.123
MPC,2020-01-21,23,1.0,1.7763568394002505e-15,1.1746061227271379e-14,15.123
PPOLag,2020-01-21,23,1.0,-0.09573318918004467,-0.6330304118233464,15.123
EDF,2020-01-21,23,2.0,0.0,0.0,15.123
LLF,2020-01-21,23,2.0,0.0,0.0,15.123
MPC,2020-01-21,23,2.0,1.7763568394002505e-15,1.1746061227271379e-14,15.123
PPOLag,2020-01-21,23,2.0,-0.03435601248417584,-0.22717722994231196,15.123
EDF,2020-01-21,30,0.5,0.0,0.0,17.918
LLF,2020-01-21,30,0.5,0.0,0.0,17.918
MPC,2020-01-21,30,0.5,-3.552713678800501e-15,-1.982762405849147e-14,17.918
PPOLag,2020-01-21,30,0.5,0.017253030313246855,0.09628881746426417,17.918
EDF,2020-01-21,30,1.0,0.0,0.0,17.918
LLF,2020-01-21,30,1.0,0.0,0.0,17.918
MPC,2020-01-21,30,1.0,3.552713678800501e-15,1.982762405849147e-14,17.918
PPOLag,2020-01-21,30,1.0,0.017515169170125234,0.09775180918699203,17.918
EDF,2020-01-21,30,2.0,0.0,0.0,17.918
LLF,2020-01-21,30,2.0,0.0,0.0,17.918
MPC,2020-01-21,30,2.0,-3.552713678800501e-15,-1.982762405849147e-14,17.918
PPOLag,2020-01-21,30,2.0,-0.024909347212806666,-0.13901856910819652,17.918
EDF,2020-01-21,22,0.5,8.781000000000013,17.31372123745492,50.717
LLF,2020-01-21,22,0.5,-2.46099999999997,-4.85241634954743,50.717
MPC,2020-01-21,22,0.5,-2.46099999999997,-4.85241634954743,50.717
PPOLag,2020-01-21,22,0.5,-2.731924297167133,-5.3866046831775,50.717
EDF,2020-01-21,22,1.0,9.300000000000011,18.337046749610607,50.717
LLF,2020-01-21,22,1.0,-5.788999999999973,-11.4143186702683,50.717
MPC,2020-01-21,22,1.0,-5.788999999999973,-11.4143186702683,50.717
PPOLag,2020-01-21,22,1.0,-5.820439454859884,-11.476308643768133,50.717
EDF,2020-01-21,22,2.0,5.63900000000001,11.118559851726266,50.717
LLF,2020-01-21,22,2.0,-12.444999999999979,-24.538123311710038,50.717
MPC,2020-01-21,22,2.0,-12.444999999999979,-24.538123311710038,50.717
PPOLag,2020-01-21,22,2.0,-12.31536799324493,-24.282524583955933,50.717
EDF,2020-01-21,9,0.5,0.0,0.0,11.175
LLF,2020-01-21,9,0.5,-1.7763568394002505e-15,-1.589581064340269e-14,11.175
MPC,2020-01-21,9,0.5,0.0,0.0,11.175
PPOLag,2020-01-21,9,0.5,0.004932298805796265,0.04413690206529096,11.175
EDF,2020-01-21,9,1.0,0.0,0.0,11.175
LLF,2020-01-21,9,1.0,-1.7763568394002505e-15,-1.589581064340269e-14,11.175
MPC,2020-01-21,9,1.0,0.0,0.0,11.175
PPOLag,2020-01-21,9,1.0,0.006582010518626902,0.05889942298547564,11.175
EDF,2020-01-21,9,2.0,0.0,0.0,11.175
LLF,2020-01-21,9,2.0,-1.7763568394002505e-15,-1.589581064340269e-14,11.175
MPC,2020-01-21,9,2.0,0.0,0.0,11.175
PPOLag,2020-01-21,9,2.0,0.00851697153911637,0.07621451041714872,11.175
EDF,2020-01-22,14,0.5,8.881784197001252e-16,1.464915750783647e-14,6.063
LLF,2020-01-22,14,0.5,0.0,0.0,6.063
MPC,2020-01-22,14,0.5,-8.881784197001252e-16,-1.464915750783647e-14,6.063
PPOLag,2020-01-22,14,0.5,0.0011419605108427433,0.01883490863999247,6.063
EDF,2020-01-22,14,1.0,0.0,0.0,6.063
LLF,2020-01-22,14,1.0,-8.881784197001252e-16,-1.464915750783647e-14,6.063
MPC,2020-01-22,14,1.0,0.0,0.0,6.063
PPOLag,2020-01-22,14,1.0,0.0018694627177476165,0.030833955430440645,6.063
EDF,2020-01-22,14,2.0,8.881784197001252e-16,1.464915750783647e-14,6.063
LLF,2020-01-22,14,2.0,-8.881784197001252e-16,-1.464915750783647e-14,6.063
MPC,2020-01-22,14,2.0,0.0,0.0,6.063
PPOLag,2020-01-22,14,2.0,0.0038901132566143914,0.06416152493178941,6.063
EDF,2020-01-22,8,0.5,0.0,0.0,3.775
LLF,2020-01-22,8,0.5,-8.881784197001252e-16,-2.3527905157619212e-14,3.775
MPC,2020-01-22,8,0.5,-8.881784197001252e-16,-2.3527905157619212e-14,3.775
PPOLag,2020-01-22,8,0.5,0.0012768098429278396,0.03382277729610171,3.775
EDF,2020-01-22,8,1.0,0.0,0.0,3.775
LLF,2020-01-22,8,1.0,-8.881784197001252e-16,-2.3527905157619212e-14,3.775
MPC,2020-01-22,8,1.0,-4.440892098500626e-16,-1.1763952578809606e-14,3.775
PPOLag,2020-01-22,8,1.0,0.0019343840384887124,0.05124196128446921,3.775
EDF,2020-01-22,8,2.0,0.0,0.0,3.775
LLF,2020-01-22,8,2.0,-8.881784197001252e-16,-2.3527905157619212e-14,3.775
MPC,2020-01-22,8,2.0,-8.881784197001252e-16,-2.3527905157619212e-14,3.775
PPOLag,2020-01-22,8,2.0,0.004248393538077444,0.11254022617423694,3.775
EDF,2020-01-22,22,0.5,0.0,0.0,11.319
LLF,2020-01-22,22,0.5,0.0,0.0,11.319
MPC,2020-01-22,22,0.5,1.7763568394002505e-15,1.569358458697986e-14,11.319
PPOLag,2020-01-22,22,0.5,0.0015162451535385203,0.013395575170408342,11.319
EDF,2020-01-22,22,1.0,0.0,0.0,11.319
LLF,2020-01-22,22,1.0,0.0,0.0,11.319
MPC,2020-01-22,22,1.0,1.7763568394002505e-15,1.569358458697986e-14,11.319
PPOLag,2020-01-22,22,1.0,0.007092482871078332,0.06265997765772888,11.319
EDF,2020-01-22,22,2.0,0.0,0.0,11.319
LLF,2020-01-22,22,2.0,0.0,0.0,11.319
MPC,2020-01-22,22,2.0,0.0,0.0,11.319
PPOLag,2020-01-22,22,2.0,0.0024007795135130294,0.021210173279556755,11.319
EDF,2020-01-22,0,0.5,0.0,0.0,0.838
LLF,2020-01-22,0,0.5,0.0,0.0,0.838
MPC,2020-01-22,0,0.5,0.0,0.0,0.838
PPOLag,2020-01-22,0,0.5,-0.0007333168768942855,-0.08750798053631093,0.838
EDF,2020-01-22,0,1.0,0.0,0.0,0.838
LLF,2020-01-22,0,1.0,0.0,0.0,0.838
MPC,2020-01-22,0,1.0,0.0,0.0,0.838
PPOLag,2020-01-22,0,1.0,-0.001604693319378092,-0.19149084956779144,0.838
EDF,2020-01-22,0,2.0,0.0,0.0,0.838
LLF,2020-01-22,0,2.0,0.0,0.0,0.838
MPC,2020-01-22,0,2.0,0.0,0.0,0.838
PPOLag,2020-01-22,0,2.0,-0.0035716143435901237,-0.42620696224225824,0.838
EDF,2020-01-22,27,0.5,0.0,0.0,21.269
LLF,2020-01-22,27,0.5,0.0,0.0,21.269
MPC,2020-01-22,27,0.5,-3.552713678800501e-15,-1.6703717517516108e-14,21.269
PPOLag,2020-01-22,27,0.5,0.001999769863451206,0.009402274970385097,21.269
EDF,2020-01-22,27,1.0,0.0,0.0,21.269
LLF,2020-01-22,27,1.0,0.0,0.0,21.269
MPC,2020-01-22,27,1.0,-3.552713678800501e-15,-1.6703717517516108e-14,21.269
PPOLag,2020-01-22,27,1.0,0.0019336755314178333,0.009091520670543201,21.269
EDF,2020-01-22,27,2.0,-1.3009999999999948,-6.11688372749069,21.269
LLF,2020-01-22,27,2.0,-1.3009999999999948,-6.11688372749069,21.269
MPC,2020-01-22,27,2.0,-1.3009999999999984,-6.116883727490707,21.269
PPOLag,2020-01-22,27,2.0,-1.5318843208696975,-7.202427574731757,21.269
EDF,2020-01-23,12,0.5,-8.881784197001252e-16,-1.6748603049219787e-14,5.303
LLF,2020-01-23,12,0.5,0.0,0.0,5.303
MPC,2020-01-23,12,0.5,0.0,0.0,5.303
PPOLag,2020-01-23,12,0.5,0.001468910494375386,0.027699613320297682,5.303
EDF,2020-01-23,12,1.0,-8.881784197001252e-16,-1.6748603049219787e-14,5.303
LLF,2020-01-23,12,1.0,-8.881784197001252e-16,-1.6748603049219787e-14,5.303
MPC,2020-01-23,12,1.0,0.0,0.0,5.303
PPOLag,2020-01-23,12,1.0,0.00166581614249548,0.03141271247398604,5.303
EDF,2020-01-23,12,2.0,-1.7763568394002505e-15,-3.3497206098439574e-14,5.303
LLF,2020-01-23,12,2.0,0.0,0.0,5.303
MPC,2020-01-23,12,2.0,0.0,0.0,5.303
PPOLag,2020-01-23,12,2.0,0.0009518172626069799,0.017948656658626813,5.303
EDF,2020-01-23,27,0.5,0.0,0.0,4.778
LLF,2020-01-23,27,0.5,0.0,0.0,4.778
MPC,2020-01-23,27,0.5,0.0,0.0,4.778
PPOLag,2020-01-23,27,0.5,0.0018134361365346407,0.03795387477050315,4.778
EDF,2020-01-23,27,1.0,0.0,0.0,4.778
LLF,2020-01-23,27,1.0,0.0,0.0,4.778
MPC,2020-01-23,27,1.0,0.0,0.0,4.778
PPOLag,2020-01-23,27,1.0,0.0025520141093565486,0.05341176453236811,4.778
EDF,2020-01-23,27,2.0,0.0,0.0,4.778
LLF,2020-01-23,27,2.0,0.0,0.0,4.778
MPC,2020-01-23,27,2.0,0.0,0.0,4.778
PPOLag,2020-01-23,27,2.0,0.0033183586828261723,0.06945078867363275,4.778
EDF,2020-01-23,1,0.5,0.0,0.0,5.968
LLF,2020-01-23,1,0.5,-8.881784197001252e-16,-1.4882346174599953e-14,5.968
MPC,2020-01-23,1,0.5,0.0,0.0,5.968
PPOLag,2020-01-23,1,0.5,0.00022261414676130186,0.0037301298049816,5.968
EDF,2020-01-23,1,1.0,0.0,0.0,5.968
LLF,2020-01-23,1,1.0,-8.881784197001252e-16,-1.4882346174599953e-14,5.968
MPC,2020-01-23,1,1.0,8.881784197001252e-16,1.4882346174599953e-14,5.968
PPOLag,2020-01-23,1,1.0,0.0013001385579485714,0.02178516350450019,5.968
EDF,2020-01-23,1,2.0,0.0,0.0,5.968
LLF,2020-01-23,1,2.0,-8.881784197001252e-16,-1.4882346174599953e-14,5.968
MPC,2020-01-23,1,2.0,0.0,0.0,5.968
PPOLag,2020-01-23,1,2.0,0.006505348972400604,0.10900383666891093,5.968
EDF,2020-01-23,7,0.5,0.0,0.0,0.949
LLF,2020-01-23,7,0.5,0.0,0.0,0.949
MPC,2020-01-23,7,0.5,0.0,0.0,0.949
PPOLag,2020-01-23,7,0.5,0.00046146703546523504,0.04862666337884458,0.949
EDF,2020-01-23,7,1.0,0.0,0.0,0.949
LLF,2020-01-23,7,1.0,0.0,0.0,0.949
MPC,2020-01-23,7,1.0,0.0,0.0,0.949
PPOLag,2020-01-23,7,1.0,0.00010582143778632424,0.01115083643691509,0.949
EDF,2020-01-23,7,2.0,0.0,0.0,0.949
LLF,2020-01-23,7,2.0,0.0,0.0,0.949
MPC,2020-01-23,7,2.0,0.0,0.0,0.949
PPOLag,2020-01-23,7,2.0,-0.002906613219750764,-0.3062816880664662,0.949
EDF,2020-01-23,4,0.5,0.0,0.0,0.868
LLF,2020-01-23,4,0.5,0.0,0.0,0.868
MPC,2020-01-23,4,0.5,0.0,0.0,0.868
PPOLag,2020-01-23,4,0.5,0.0009922470073598921,0.11431417135482631,0.868
EDF,2020-01-23,4,1.0,0.0,0.0,0.868
LLF,2020-01-23,4,1.0,0.0,0.0,0.868
MPC,2020-01-23,4,1.0,0.0,0.0,0.868
PPOLag,2020-01-23,4,1.0,0.0026198919714988554,0.3018308722924949,0.868
EDF,2020-01-23,4,2.0,0.0,0.0,0.868
LLF,2020-01-23,4,2.0,0.0,0.0,0.868
MPC,2020-01-23,4,2.0,0.0,0.0,0.868
PPOLag,2020-01-23,4,2.0,0.005973734568189215,0.688218268224564,0.868
EDF,2020-01-24,26,0.5,-8.881784197001252e-16,-1.3514583379490646e-14,6.572
LLF,2020-01-24,26,0.5,0.0,0.0,6.572
MPC,2020-01-24,26,0.5,-8.881784197001252e-16,-1.3514583379490646e-14,6.572
PPOLag,2020-01-24,26,0.5,0.003797720743670752,0.05778637771866633,6.572
EDF,2020-01-24,26,1.0,0.0,0.0,6.572
LLF,2020-01-24,26,1.0,0.0,0.0,6.572
MPC,2020-01-24,26,1.0,0.0,0.0,6.572
PPOLag,2020-01-24,26,1.0,0.004049997270002237,0.06162503454050879,6.572
EDF,2020-01-24,26,2.0,0.0,0.0,6.572
LLF,2020-01-24,26,2.0,0.0,0.0,6.572
MPC,2020-01-24,26,2.0,8.881784197001252e-16,1.3514583379490646e-14,6.572
PPOLag,2020-01-24,26,2.0,-0.0005463813758968428,-0.00831377626136401,6.572
EDF,2020-01-24,28,0.5,0.0,0.0,0.802
LLF,2020-01-24,28,0.5,1.1102230246251565e-16,1.3843179858169033e-14,0.802
MPC,2020-01-24,28,0.5,0.0,0.0,0.802
PPOLag,2020-01-24,28,0.5,0.0005599836222171195,0.0698233942914114,0.802
EDF,2020-01-24,28,1.0,0.0,0.0,0.802
LLF,2020-01-24,28,1.0,1.1102230246251565e-16,1.3843179858169033e-14,0.802
MPC,2020-01-24,28,1.0,0.0,0.0,0.802
PPOLag,2020-01-24,28,1.0,0.0019434957533432274,0.2423311413146169,0.802
EDF,2020-01-24,28,2.0,0.0,0.0,0.802
LLF,2020-01-24,28,2.0,1.1102230246251565e-16,1.3843179858169033e-14,0.802
MPC,2020-01-24,28,2.0,0.0,0.0,0.802
PPOLag,2020-01-24,28,2.0,0.005967978853688072,0.7441370141755701,0.802
EDF,2020-01-24,2,0.5,0.0,0.0,7.026
LLF,2020-01-24,2,0.5,0.0,0.0,7.026
MPC,2020-01-24,2,0.5,-8.881784197001252e-16,-1.264130970253523e-14,7.026
PPOLag,2020-01-24,2,0.5,-0.0005424295641036636,-0.007720318304919778,7.026
EDF,2020-01-24,2,1.0,0.0,0.0,7.026
LLF,2020-01-24,2,1.0,0.0,0.0,7.026
MPC,2020-01-24,2,1.0,8.881784197001252e-16,1.264130970253523e-14,7.026
PPOLag,2020-01-24,2,1.0,-0.005016582054131113,-0.07140025696172948,7.026
EDF,2020-01-24,2,2.0,0.0,0.0,7.026
LLF,2020-01-24,2,2.0,0.0,0.0,7.026
MPC,2020-01-24,2,2.0,-8.881784197001252e-16,-1.264130970253523e-14,7.026
PPOLag,2020-01-24,2,2.0,-0.009321251463118508,-0.13266796844745957,7.026
EDF,2020-01-24,4,0.5,0.0,0.0,0.848
LLF,2020-01-24,4,0.5,0.0,0.0,0.848
MPC,2020-01-24,4,0.5,0.0,0.0,0.848
PPOLag,2020-01-24,4,0.5,0.0014657627114585737,0.1728493763512469,0.848
EDF,2020-01-24,4,1.0,0.0,0.0,0.848
LLF,2020-01-24,4,1.0,0.0,0.0,0.848
MPC,2020-01-24,4,1.0,0.0,0.0,0.848
PPOLag,2020-01-24,4,1.0,0.0019453679063381247,0.22940659272855246,0.848
EDF,2020-01-24,4,2.0,-0.848,-100.0,0.848
LLF,2020-01-24,4,2.0,-0.848,-100.0,0.848
MPC,2020-01-24,4,2.0,-0.848,-100.0,0.848
PPOLag,2020-01-24,4,2.0,-0.8432069828575741,-99.43478571433657,0.848
EDF,2020-01-24,8,0.5,0.0,0.0,4.906
LLF,2020-01-24,8,0.5,8.881784197001252e-16,1.8103922130047397e-14,4.906
MPC,2020-01-24,8,0.5,0.0,0.0,4.906
PPOLag,2020-01-24,8,0.5,0.00358396197730908,0.07305262897083328,4.906
EDF,2020-01-24,8,1.0,0.0,0.0,4.906
LLF,2020-01-24,8,1.0,8.881784197001252e-16,1.8103922130047397e-14,4.906
MPC,2020-01-24,8,1.0,0.0,0.0,4.906
PPOLag,2020-01-24,8,1.0,-0.0001626200131584099,-0.003314716941671624,4.906
EDF,2020-01-24,8,2.0,0.0,0.0,4.906
LLF,2020-01-24,8,2.0,8.881784197001252e-16,1.8103922130047397e-14,4.906
MPC,2020-01-24,8,2.0,0.0,0.0,4.906
PPOLag,2020-01-24,8,2.0,0.0016005346260385522,0.032624024175266046,4.906
EDF,2020-01-27,4,0.5,0.0,0.0,7.725
LLF,2020-01-27,4,0.5,0.0,0.0,7.725
MPC,2020-01-27,4,0.5,-8.881784197001252e-16,-1.1497455271199033e-14,7.725
PPOLag,2020-01-27,4,0.5,0.09133527411345063,1.1823336454815618,7.725
EDF,2020-01-27,4,1.0,8.881784197001252e-16,1.1497455271199033e-14,7.725
LLF,2020-01-27,4,1.0,-8.881784197001252e-16,-1.1497455271199033e-14,7.725
MPC,2020-01-27,4,1.0,0.0,0.0,7.725
PPOLag,2020-01-27,4,1.0,0.18971533000752244,2.455861877120032,7.725
EDF,2020-01-27,4,2.0,8.881784197001252e-16,1.1497455271199033e-14,7.725
LLF,2020-01-27,4,2.0,8.881784197001252e-16,1.1497455271199033e-14,7.725
MPC,2020-01-27,4,2.0,0.0,0.0,7.725
PPOLag,2020-01-27,4,2.0,0.23233679356101575,3.0075960331523075,7.725
EDF,2020-01-27,7,0.5,0.0,0.0,1.314
LLF,2020-01-27,7,0.5,0.0,0.0,1.314
MPC,2020-01-27,7,0.5,0.0,0.0,1.314
PPOLag,2020-01-27,7,0.5,0.08716726648425621,6.633734131221933,1.314
EDF,2020-01-27,7,1.0,0.0,0.0,1.314
LLF,2020-01-27,7,1.0,0.0,0.0,1.314
MPC,2020-01-27,7,1.0,0.0,0.0,1.314
PPOLag,2020-01-27,7,1.0,0.13516090483695714,10.286218024121547,1.314
EDF,2020-01-27,7,2.0,0.0,0.0,1.314
LLF,2020-01-27,7,2.0,0.0,0.0,1.314
MPC,2020-01-27,7,2.0,0.0,0.0,1.314
PPOLag,2020-01-27,7,2.0,0.13322171277421466,10.138638719498832,1.314
EDF,2020-01-27,22,0.5,0.0,0.0,2.108
LLF,2020-01-27,22,0.5,4.440892098500626e-16,2.1066850562147183e-14,2.108
MPC,2020-01-27,22,0.5,4.440892098500626e-16,2.1066850562147183e-14,2.108
PPOLag,2020-01-27,22,0.5,0.05060127871495266,2.4004401667434845,2.108
EDF,2020-01-27,22,1.0,0.0,0.0,2.108
LLF,2020-01-27,22,1.0,4.440892098500626e-16,2.1066850562147183e-14,2.108
MPC,2020-01-27,22,1.0,4.440892098500626e-16,2.1066850562147183e-14,2.108
PPOLag,2020-01-27,22,1.0,0.05390834169085834,2.5573217120900535,2.108
EDF,2020-01-27,22,2.0,0.0,0.0,2.108
LLF,2020-01-27,22,2.0,4.440892098500626e-16,2.1066850562147183e-14,2.108
MPC,2020-01-27,22,2.0,4.440892098500626e-16,2.1066850562147183e-14,2.108
PPOLag,2020-01-27,22,2.0,0.030280534195316244,1.436457978904945,2.108
EDF,2020-01-27,19,0.5,0.0,0.0,1.6860005555555557
LLF,2020-01-27,19,0.5,0.0,0.0,1.6860005555555557
MPC,2020-01-27,19,0.5,0.0,0.0,1.6860005555555557
PPOLag,2020-01-27,19,0.5,0.002789796653469123,0.16546831163705367,1.6860005555555557
EDF,2020-01-27,19,1.0,0.0,0.0,1.6860005555555557
LLF,2020-01-27,19,1.0,0.0,0.0,1.6860005555555557
MPC,2020-01-27,19,1.0,0.0,0.0,1.6860005555555557
PPOLag,2020-01-27,19,1.0,0.0034521113947319827,0.20475149805597032,1.6860005555555557
EDF,2020-01-27,19,2.0,0.0,0.0,1.6860005555555557
LLF,2020-01-27,19,2.0,0.0,0.0,1.6860005555555557
MPC,2020-01-27,19,2.0,0.0,0.0,1.6860005555555557
PPOLag,2020-01-27,19,2.0,0.001738318928741478,0.10310310533490204,1.6860005555555557
EDF,2020-01-27,6,0.5,0.0,0.0,12.735
LLF,2020-01-27,6,0.5,0.0,0.0,12.735
MPC,2020-01-27,6,0.5,-3.552713678800501e-15,-2.789724129407539e-14,12.735
PPOLag,2020-01-27,6,0.5,-0.00867295217293993,-0.06810327579850749,12.735
EDF,2020-01-27,6,1.0,0.0,0.0,12.735
LLF,2020-01-27,6,1.0,0.0,0.0,12.735
MPC,2020-01-27,6,1.0,-3.552713678800501e-15,-2.789724129407539e-14,12.735
PPOLag,2020-01-27,6,1.0,-0.01285012800040981,-0.10090402827176922,12.735
EDF,2020-01-27,6,2.0,0.0,0.0,12.735
LLF,2020-01-27,6,2.0,0.0,0.0,12.735
MPC,2020-01-27,6,2.0,-1.7763568394002505e-15,-1.3948620647037695e-14,12.735
PPOLag,2020-01-27,6,2.0,-0.023711666189361935,-0.18619290293963042,12.735
EDF,2020-01-28,17,0.5,-4.440892098500626e-16,-1.1785807055468753e-14,3.768
LLF,2020-01-28,17,0.5,-4.440892098500626e-16,-1.1785807055468753e-14,3.768
MPC,2020-01-28,17,0.5,0.0,0.0,3.768
PPOLag,2020-01-28,17,0.5,0.019340113384123735,0.5132726481986131,3.768
EDF,2020-01-28,17,1.0,-4.440892098500626e-16,-1.1785807055468753e-14,3.768
LLF,2020-01-28,17,1.0,0.0,0.0,3.768
MPC,2020-01-28,17,1.0,0.0,0.0,3.768
PPOLag,2020-01-28,17,1.0,0.2647315794734782,7.025785017873625,3.768
EDF,2020-01-28,17,2.0,-4.440892098500626e-16,-1.1785807055468753e-14,3.768
LLF,2020-01-28,17,2.0,-4.440892098500626e-16,-1.1785807055468753e-14,3.768
MPC,2020-01-28,17,2.0,0.0,0.0,3.768
PPOLag,2020-01-28,17,2.0,0.5592958584273251,14.84330834467423,3.768
EDF,2020-01-28,22,0.5,1.7763568394002505e-15,1.5826415176409928e-14,11.224
LLF,2020-01-28,22,0.5,0.0,0.0,11.224
MPC,2020-01-28,22,0.5,1.7763568394002505e-15,1.5826415176409928e-14,11.224
PPOLag,2020-01-28,22,0.5,-0.2000674913485451,-1.7824972500761322,11.224
EDF,2020-01-28,22,1.0,1.7763568394002505e-15,1.5826415176409928e-14,11.224
LLF,2020-01-28,22,1.0,1.7763568394002505e-15,1.5826415176409928e-14,11.224
MPC,2020-01-28,22,1.0,3.552713678800501e-15,3.1652830352819855e-14,11.224
PPOLag,2020-01-28,22,1.0,-0.2582025226953942,-2.300450130928316,11.224
EDF,2020-01-28,22,2.0,1.7763568394002505e-15,1.5826415176409928e-14,11.224
LLF,2020-01-28,22,2.0,0.0,0.0,11.224
MPC,2020-01-28,22,2.0,1.7763568394002505e-15,1.5826415176409928e-14,11.224
PPOLag,2020-01-28,22,2.0,0.2423202826320562,2.158947635709695,11.224
EDF,2020-01-28,16,0.5,0.0,0.0,6.636
LLF,2020-01-28,16,0.5,8.881784197001252e-16,1.3384243817060356e-14,6.636
MPC,2020-01-28,16,0.5,-8.881784197001252e-16,-1.3384243817060356e-14,6.636
PPOLag,2020-01-28,16,0.5,0.19747689873415677,2.975842355849258,6.636
EDF,2020-01-28,16,1.0,0.0,0.0,6.636
LLF,2020-01-28,16,1.0,0.0,0.0,6.636
MPC,2020-01-28,16,1.0,-8.881784197001252e-16,-1.3384243817060356e-14,6.636
PPOLag,2020-01-28,16,1.0,0.4965423764626191,7.4825554017875096,6.636
EDF,2020-01-28,16,2.0,8.881784197001252e-16,1.3384243817060356e-14,6.636
LLF,2020-01-28,16,2.0,8.881784197001252e-16,1.3384243817060356e-14,6.636
MPC,2020-01-28,16,2.0,-8.881784197001252e-16,-1.3384243817060356e-14,6.636
PPOLag,2020-01-28,16,2.0,0.6033134576267984,9.091522869602148,6.636
EDF,2020-01-28,21,0.5,0.0,0.0,11.932
LLF,2020-01-28,21,0.5,0.0,0.0,11.932
MPC,2020-01-28,21,0.5,1.7763568394002505e-15,1.4887335227960528e-14,11.932
PPOLag,2020-01-28,21,0.5,0.17332329894663517,1.4525921802433386,11.932
EDF,2020-01-28,21,1.0,1.7763568394002505e-15,1.4887335227960528e-14,11.932
LLF,2020-01-28,21,1.0,3.552713678800501e-15,2.9774670455921056e-14,11.932
MPC,2020-01-28,21,1.0,3.552713678800501e-15,2.9774670455921056e-14,11.932
PPOLag,2020-01-28,21,1.0,0.20081243755842734,1.6829738313646274,11.932
EDF,2020-01-28,21,2.0,1.7763568394002505e-15,1.4887335227960528e-14,11.932
LLF,2020-01-28,21,2.0,1.7763568394002505e-15,1.4887335227960528e-14,11.932
MPC,2020-01-28,21,2.0,1.7763568394002505e-15,1.4887335227960528e-14,11.932
PPOLag,2020-01-28,21,2.0,0.20460916586044425,1.7147935455954095,11.932
EDF,2020-01-28,4,0.5,0.0,0.0,12.864
LLF,2020-01-28,4,0.5,0.0,0.0,12.864
MPC,2020-01-28,4,0.5,0.0,0.0,12.864
PPOLag,2020-01-28,4,0.5,0.002824616132771851,0.02195752590774138,12.864
EDF,2020-01-28,4,1.0,0.0,0.0,12.864
LLF,2020-01-28,4,1.0,0.0,0.0,12.864
MPC,2020-01-28,4,1.0,0.0,0.0,12.864
PPOLag,2020-01-28,4,1.0,0.004303463650622774,0.033453542060189474,12.864
EDF,2020-01-28,4,2.0,0.0,0.0,12.864
LLF,2020-01-28,4,2.0,0.0,0.0,12.864
MPC,2020-01-28,4,2.0,0.0,0.0,12.864
PPOLag,2020-01-28,4,2.0,0.006123154381768359,0.04759914786822418,12.864
EDF,2020-01-29,14,0.5,0.0,0.0,11.838
LLF,2020-01-29,14,0.5,0.0,0.0,11.838
MPC,2020-01-29,14,0.5,0.0,0.0,11.838
PPOLag,2020-01-29,14,0.5,0.0010839359138255845,0.009156410828058664,11.838
EDF,2020-01-29,14,1.0,0.0,0.0,11.838
LLF,2020-01-29,14,1.0,0.0,0.0,11.838
MPC,2020-01-29,14,1.0,0.0,0.0,11.838
PPOLag,2020-01-29,14,1.0,0.0036211211368581075,0.030588960439754242,11.838
EDF,2020-01-29,14,2.0,0.0,0.0,11.838
LLF,2020-01-29,14,2.0,0.0,0.0,11.838
MPC,2020-01-29,14,2.0,-1.7763568394002505e-15,-1.500554856732768e-14,11.838
PPOLag,2020-01-29,14,2.0,0.004808534714690893,0.04061948567909185,11.838
EDF,2020-01-29,16,0.5,0.0,0.0,3.765
LLF,2020-01-29,16,0.5,0.0,0.0,3.765
MPC,2020-01-29,16,0.5,0.0,0.0,3.765
PPOLag,2020-01-29,16,0.5,0.0006124900888571539,0.01626799704799877,3.765
EDF,2020-01-29,16,1.0,0.0,0.0,3.765
LLF,2020-01-29,16,1.0,4.440892098500626e-16,1.179519813678785e-14,3.765
MPC,2020-01-29,16,1.0,0.0,0.0,3.765
PPOLag,2020-01-29,16,1.0,0.0035174865848101255,0.09342593850757307,3.765
EDF,2020-01-29,16,2.0,-4.440892098500626e-16,-1.179519813678785e-14,3.765
LLF,2020-01-29,16,2.0,4.440892098500626e-16,1.179519813678785e-14,3.765
MPC,2020-01-29,16,2.0,-8.881784197001252e-16,-2.35903962735757e-14,3.765
PPOLag,2020-01-29,16,2.0,-0.006777633498231861,-0.18001682598225394,3.765
EDF,2020-01-29,11,0.5,0.0,0.0,8.498
LLF,2020-01-29,11,0.5,0.0,0.0,8.498
MPC,2020-01-29,11,0.5,0.0,0.0,8.498
PPOLag,2020-01-29,11,0.5,0.001785534959677193,0.021011237463840822,8.498
EDF,2020-01-29,11,1.0,0.0,0.0,8.498
LLF,2020-01-29,11,1.0,0.0,0.0,8.498
MPC,2020-01-29,11,1.0,1.7763568394002505e-15,2.0903234165688993e-14,8.498
PPOLag,2020-01-29,11,1.0,0.0021294270436744258,0.025057978861784246,8.498
EDF,2020-01-29,11,2.0,0.0,0.0,8.498
LLF,2020-01-29,11,2.0,0.0,0.0,8.498
MPC,2020-01-29,11,2.0,0.0,0.0,8.498
PPOLag,2020-01-29,11,2.0,0.0012680073738167152,0.01492124469071211,8.498
EDF,2020-01-29,21,0.5,0.0,0.0,12.527
LLF,2020-01-29,21,0.5,1.7763568394002505e-15,1.4180225428276927e-14,12.527
MPC,2020-01-29,21,0.5,0.0,0.0,12.527
PPOLag,2020-01-29,21,0.5,-0.0033773098424546787,-0.026960244611277072,12.527
EDF,2020-01-29,21,1.0,0.0,0.0,12.527
LLF,2020-01-29,21,1.0,1.7763568394002505e-15,1.4180225428276927e-14,12.527
MPC,2020-01-29,21,1.0,1.7763568394002505e-15,1.4180225428276927e-14,12.527
PPOLag,2020-01-29,21,1.0,-0.0031263257500910415,-0.024956699529744088,12.527
EDF,2020-01-29,21,2.0,0.0,0.0,12.527
LLF,2020-01-29,21,2.0,1.7763568394002505e-15,1.4180225428276927e-14,12.527
MPC,2020-01-29,21,2.0,1.7763568394002505e-15,1.4180225428276927e-14,12.527
PPOLag,2020-01-29,21,2.0,-0.002901664093817047,-0.023163280065594694,12.527
EDF,2020-01-29,9,0.5,0.0,0.0,9.93
LLF,2020-01-29,9,0.5,0.0,0.0,9.93
MPC,2020-01-29,9,0.5,0.0,0.0,9.93
PPOLag,2020-01-29,9,0.5,0.0011482713703305336,0.01156365931853508,9.93
EDF,2020-01-29,9,1.0,0.0,0.0,9.93
LLF,2020-01-29,9,1.0,0.0,0.0,9.93
MPC,2020-01-29,9,1.0,0.0,0.0,9.93
PPOLag,2020-01-29,9,1.0,0.002125191454925357,0.021401726635703496,9.93
EDF,2020-01-29,9,2.0,0.0,0.0,9.93
LLF,2020-01-29,9,2.0,0.0,0.0,9.93
MPC,2020-01-29,9,2.0,0.0,0.0,9.93
PPOLag,2020-01-29,9,2.0,0.004156980638642694,0.04186284631060114,9.93
EDF,2020-01-30,12,0.5,0.0,0.0,5.017
LLF,2020-01-30,12,0.5,0.0,0.0,5.017
MPC,2020-01-30,12,0.5,0.0,0.0,5.017
PPOLag,2020-01-30,12,0.5,0.002796196559467745,0.055734434113369445,5.017
EDF,2020-01-30,12,1.0,0.0,0.0,5.017
LLF,2020-01-30,12,1.0,-8.881784197001252e-16,-1.7703376912500003e-14,5.017
MPC,2020-01-30,12,1.0,0.0,0.0,5.017
PPOLag,2020-01-30,12,1.0,-0.001235094312913354,-0.024618184431200996,5.017
EDF,2020-01-30,12,2.0,8.881784197001252e-16,1.7703376912500003e-14,5.017
LLF,2020-01-30,12,2.0,-1.7763568394002505e-15,-3.540675382500001e-14,5.017
MPC,2020-01-30,12,2.0,0.0,0.0,5.017
PPOLag,2020-01-30,12,2.0,-0.0003453182683784917,-0.006882963292375757,5.017
EDF,2020-01-30,6,0.5,0.0,0.0,0.904
LLF,2020-01-30,6,0.5,0.0,0.0,0.904
MPC,2020-01-30,6,0.5,0.0,0.0,0.904
PPOLag,2020-01-30,6,0.5,0.00027242594492418173,0.03013561337656877,0.904
EDF,2020-01-30,6,1.0,0.0,0.0,0.904
LLF,2020-01-30,6,1.0,0.0,0.0,0.904
MPC,2020-01-30,6,1.0,0.0,0.0,0.904
PPOLag,2020-01-30,6,1.0,0.0009273599890180062,0.10258406958163786,0.904
EDF,2020-01-30,6,2.0,0.0,0.0,0.904
LLF,2020-01-30,6,2.0,0.0,0.0,0.904
MPC,2020-01-30,6,2.0,-1.1102230246251565e-16,-1.2281228148508369e-14,0.904
PPOLag,2020-01-30,6,2.0,0.0026578514578116776,0.29401011701456603,0.904
EDF,2020-01-30,20,0.5,0.0,0.0,12.061
LLF,2020-01-30,20,0.5,0.0,0.0,12.061
MPC,2020-01-30,20,0.5,0.0,0.0,12.061
PPOLag,2020-01-30,20,0.5,0.0036764160844054315,0.03048185129264101,12.061
EDF,2020-01-30,20,1.0,0.0,0.0,12.061
LLF,2020-01-30,20,1.0,0.0,0.0,12.061
MPC,2020-01-30,20,1.0,0.0,0.0,12.061
PPOLag,2020-01-30,20,1.0,0.00474958972325652,0.0393797340457385,12.061
EDF,2020-01-30,20,2.0,0.0,0.0,12.061
LLF,2020-01-30,20,2.0,0.0,0.0,12.061
MPC,2020-01-30,20,2.0,1.7763568394002505e-15,1.4728105790566708e-14,12.061
PPOLag,2020-01-30,20,2.0,0.004746447793771225,0.03935368372250414,12.061
EDF,2020-01-30,14,0.5,8.881784197001252e-16,1.14293967275785e-14,7.771
LLF,2020-01-30,14,0.5,0.0,0.0,7.771
MPC,2020-01-30,14,0.5,0.0,0.0,7.771
PPOLag,2020-01-30,14,0.5,-0.0003224830790124145,-0.004149827293944338,7.771
EDF,2020-01-30,14,1.0,-8.881784197001252e-16,-1.14293967275785e-14,7.771
LLF,2020-01-30,14,1.0,0.0,0.0,7.771
MPC,2020-01-30,14,1.0,0.0,0.0,7.771
PPOLag,2020-01-30,14,1.0,0.000299424289887007,0.0038530985701583703,7.771
EDF,2020-01-30,14,2.0,-8.881784197001252e-16,-1.14293967275785e-14,7.771
LLF,2020-01-30,14,2.0,-8.881784197001252e-16,-1.14293967275785e-14,7.771
MPC,2020-01-30,14,2.0,-8.881784197001252e-16,-1.14293967275785e-14,7.771
PPOLag,2020-01-30,14,2.0,0.002444318479278884,0.031454362106278264,7.771
EDF,2020-01-30,19,0.5,0.0,0.0,2.057
LLF,2020-01-30,19,0.5,0.0,0.0,2.057
MPC,2020-01-30,19,0.5,0.0,0.0,2.057
PPOLag,2020-01-30,19,0.5,0.000799672772815363,0.038875681711976806,2.057
EDF,2020-01-30,19,1.0,0.0,0.0,2.057
LLF,2020-01-30,19,1.0,0.0,0.0,2.057
MPC,2020-01-30,19,1.0,0.0,0.0,2.057
PPOLag,2020-01-30,19,1.0,0.001569048350919644,0.07627848084198562,2.057
EDF,2020-01-30,19,2.0,0.0,0.0,2.057
LLF,2020-01-30,19,2.0,0.0,0.0,2.057
MPC,2020-01-30,19,2.0,0.0,0.0,2.057
PPOLag,2020-01-30,19,2.0,0.004392948622481452,0.21356094421397437,2.057
EDF,2020-01-31,11,0.5,0.0,0.0,5.537
LLF,2020-01-31,11,0.5,0.0,0.0,5.537
MPC,2020-01-31,11,0.5,0.0,0.0,5.537
PPOLag,2020-01-31,11,0.5,0.00015973579219643596,0.002884879757927325,5.537
EDF,2020-01-31,11,1.0,0.0,0.0,5.537
LLF,2020-01-31,11,1.0,-8.881784197001252e-16,-1.604078778580685e-14,5.537
MPC,2020-01-31,11,1.0,0.0,0.0,5.537
PPOLag,2020-01-31,11,1.0,0.0008298383096384754,0.014987146643281116,5.537
EDF,2020-01-31,11,2.0,8.881784197001252e-16,1.604078778580685e-14,5.537
LLF,2020-01-31,11,2.0,-8.881784197001252e-16,-1.604078778580685e-14,5.537
MPC,2020-01-31,11,2.0,0.0,0.0,5.537
PPOLag,2020-01-31,11,2.0,0.00840146820769796,0.1517332166822821,5.537
EDF,2020-01-31,25,0.5,0.0,0.0,1.846
LLF,2020-01-31,25,0.5,0.0,0.0,1.846
MPC,2020-01-31,25,0.5,0.0,0.0,1.846
PPOLag,2020-01-31,25,0.5,-0.0001399816416015831,-0.0075829708343219445,1.846
EDF,2020-01-31,25,1.0,0.0,0.0,1.846
LLF,2020-01-31,25,1.0,0.0,0.0,1.846
MPC,2020-01-31,25,1.0,0.0,0.0,1.846
PPOLag,2020-01-31,25,1.0,0.00076838959663168,0.04162457186520476,1.846
EDF,2020-01-31,25,2.0,0.0,0.0,1.846
LLF,2020-01-31,25,2.0,0.0,0.0,1.846
MPC,2020-01-31,25,2.0,0.0,0.0,1.846
PPOLag,2020-01-31,25,2.0,0.003119841561086867,0.16900550168401227,1.846
EDF,2020-01-31,18,0.5,-1.7763568394002505e-15,-1.503857805113656e-14,11.812
LLF,2020-01-31,18,0.5,1.7763568394002505e-15,1.503857805113656e-14,11.812
MPC,2020-01-31,18,0.5,-1.7763568394002505e-15,-1.503857805113656e-14,11.812
PPOLag,2020-01-31,18,0.5,0.002081795435191225,0.01762441106663753,11.812
EDF,2020-01-31,18,1.0,-1.7763568394002505e-15,-1.503857805113656e-14,11.812
LLF,2020-01-31,18,1.0,0.0,0.0,11.812
MPC,2020-01-31,18,1.0,0.0,0.0,11.812
PPOLag,2020-01-31,18,1.0,0.002518237965573178,0.02131931904481187,11.812
EDF,2020-01-31,18,2.0,-1.7763568394002505e-15,-1.503857805113656e-14,11.812
LLF,2020-01-31,18,2.0,-1.7763568394002505e-15,-1.503857805113656e-14,11.812
MPC,2020-01-31,18,2.0,-1.7763568394002505e-15,-1.503857805113656e-14,11.812
PPOLag,2020-01-31,18,2.0,0.0030777610943459877,0.02605622328433786,11.812
EDF,2020-01-31,1,0.5,0.0,0.0,2.589
LLF,2020-01-31,1,0.5,0.0,0.0,2.589
MPC,2020-01-31,1,0.5,0.0,0.0,2.589
PPOLag,2020-01-31,1,0.5,0.0011945421050743477,0.046139131134582755,2.589
EDF,2020-01-31,1,1.0,0.0,0.0,2.589
LLF,2020-01-31,1,1.0,0.0,0.0,2.589
MPC,2020-01-31,1,1.0,0.0,0.0,2.589
PPOLag,2020-01-31,1,1.0,0.0017726539022974385,0.06846867139039933,2.589
EDF,2020-01-31,1,2.0,0.0,0.0,2.589
LLF,2020-01-31,1,2.0,0.0,0.0,2.589
MPC,2020-01-31,1,2.0,0.0,0.0,2.589
PPOLag,2020-01-31,1,2.0,0.0021576927606269613,0.08334077870324301,2.589
EDF,2020-01-31,28,0.5,-8.881784197001252e-16,-1.361401624310431e-14,6.524
LLF,2020-01-31,28,0.5,8.881784197001252e-16,1.361401624310431e-14,6.524
MPC,2020-01-31,28,0.5,0.0,0.0,6.524
PPOLag,2020-01-31,28,0.5,-0.004184606831773685,-0.06414173561884864,6.524
EDF,2020-01-31,28,1.0,-8.881784197001252e-16,-1.361401624310431e-14,6.524
LLF,2020-01-31,28,1.0,8.881784197001252e-16,1.361401624310431e-14,6.524
MPC,2020-01-31,28,1.0,0.0,0.0,6.524
PPOLag,2020-01-31,28,1.0,0.0018840570648134048,0.02887886365440535,6.524
EDF,2020-01-31,28,2.0,-8.881784197001252e-16,-1.361401624310431e-14,6.524
LLF,2020-01-31,28,2.0,-8.881784197001252e-16,-1.361401624310431e-14,6.524
MPC,2020-01-31,28,2.0,0.0,0.0,6.524
PPOLag,2020-01-31,28,2.0,-0.00042686943169609746,-0.006543063024158452,6.524
EDF,2020-02-03,7,0.5,0.0,0.0,4.436
LLF,2020-02-03,7,0.5,0.0,0.0,4.436
MPC,2020-02-03,7,0.5,0.0,0.0,4.436
PPOLag,2020-02-03,7,0.5,-0.01130222787510835,-0.2547842172026229,4.436
EDF,2020-02-03,7,1.0,0.0,0.0,4.436
LLF,2020-02-03,7,1.0,0.0,0.0,4.436
MPC,2020-02-03,7,1.0,0.0,0.0,4.436
PPOLag,2020-02-03,7,1.0,-0.010780634107869603,-0.24302601685909836,4.436
EDF,2020-02-03,7,2.0,0.0,0.0,4.436
LLF,2020-02-03,7,2.0,0.0,0.0,4.436
MPC,2020-02-03,7,2.0,0.0,0.0,4.436
PPOLag,2020-02-03,7,2.0,-0.037581994327349655,-0.8472045610313266,4.436
EDF,2020-02-03,17,0.5,0.0,0.0,4.446
LLF,2020-02-03,17,0.5,0.0,0.0,4.446
MPC,2020-02-03,17,0.5,0.0,0.0,4.446
PPOLag,2020-02-03,17,0.5,0.24692508825816173,5.553870631087759,4.446
EDF,2020-02-03,17,1.0,0.0,0.0,4.446
LLF,2020-02-03,17,1.0,0.0,0.0,4.446
MPC,2020-02-03,17,1.0,0.0,0.0,4.446
PPOLag,2020-02-03,17,1.0,0.26138110275171017,5.879017155908911,4.446
EDF,2020-02-03,17,2.0,0.0,0.0,4.446
LLF,2020-02-03,17,2.0,0.0,0.0,4.446
MPC,2020-02-03,17,2.0,0.0,0.0,4.446
PPOLag,2020-02-03,17,2.0,0.2658479484789325,5.979486020668747,4.446
EDF,2020-02-03,9,0.5,0.0,0.0,6.219
LLF,2020-02-03,9,0.5,-1.7763568394002505e-15,-2.856338381412205e-14,6.219
MPC,2020-02-03,9,0.5,0.0,0.0,6.219
PPOLag,2020-02-03,9,0.5,0.10184977016691618,1.6377194109489657,6.219
EDF,2020-02-03,9,1.0,0.0,0.0,6.219
LLF,2020-02-03,9,1.0,-8.881784197001252e-16,-1.4281691907061026e-14,6.219
MPC,2020-02-03,9,1.0,8.881784197001252e-16,1.4281691907061026e-14,6.219
PPOLag,2020-02-03,9,1.0,0.10851686066502123,1.744924596639672,6.219
EDF,2020-02-03,9,2.0,0.0,0.0,6.219
LLF,2020-02-03,9,2.0,-8.881784197001252e-16,-1.4281691907061026e-14,6.219
MPC,2020-02-03,9,2.0,0.0,0.0,6.219
PPOLag,2020-02-03,9,2.0,0.11307898714619498,1.818282475417189,6.219
EDF,2020-02-03,25,0.5,-3.552713678800501e-15,-1.1191411809105374e-14,31.745
LLF,2020-02-03,25,0.5,0.0,0.0,31.745
MPC,2020-02-03,25,0.5,-3.552713678800501e-15,-1.1191411809105374e-14,31.745
PPOLag,2020-02-03,25,0.5,0.3830169846876693,1.2065427144043763,31.745
EDF,2020-02-03,25,1.0,-1.0658141036401503e-14,-3.3574235427316123e-14,31.745
LLF,2020-02-03,25,1.0,0.0,0.0,31.745
MPC,2020-02-03,25,1.0,-3.552713678800501e-15,-1.1191411809105374e-14,31.745
PPOLag,2020-02-03,25,1.0,0.47672327968665584,1.5017271371449232,31.745
EDF,2020-02-03,25,2.0,-1.0658141036401503e-14,-3.3574235427316123e-14,31.745
LLF,2020-02-03,25,2.0,0.0,0.0,31.745
MPC,2020-02-03,25,2.0,-3.552713678800501e-15,-1.1191411809105374e-14,31.745
PPOLag,2020-02-03,25,2.0,0.4628316356552304,1.4579670362426536,31.745
EDF,2020-02-03,11,0.5,0.0,0.0,13.745
LLF,2020-02-03,11,0.5,0.0,0.0,13.745
MPC,2020-02-03,11,0.5,0.0,0.0,13.745
PPOLag,2020-02-03,11,0.5,-0.34569529926336456,-2.51506219907868,13.745
EDF,2020-02-03,11,1.0,0.0,0.0,13.745
LLF,2020-02-03,11,1.0,0.0,0.0,13.745
MPC,2020-02-03,11,1.0,0.0,0.0,13.745
PPOLag,2020-02-03,11,1.0,-0.013185862606077237,-0.09593206697764446,13.745
EDF,2020-02-03,11,2.0,0.0,0.0,13.745
LLF,2020-02-03,11,2.0,3.552713678800501e-15,2.584731668825392e-14,13.745
MPC,2020-02-03,11,2.0,1.7763568394002505e-15,1.292365834412696e-14,13.745
PPOLag,2020-02-03,11,2.0,0.15443994028553262,1.1236081504949629,13.745
EDF,2020-02-04,17,0.5,0.0,0.0,13.234
LLF,2020-02-04,17,0.5,0.0,0.0,13.234
MPC,2020-02-04,17,0.5,0.0,0.0,13.234
PPOLag,2020-02-04,17,0.5,0.001506114609054876,0.01138064537596249,13.234
EDF,2020-02-04,17,1.0,0.0,0.0,13.234
LLF,2020-02-04,17,1.0,0.0,0.0,13.234
MPC,2020-02-04,17,1.0,0.0,0.0,13.234
PPOLag,2020-02-04,17,1.0,0.0038840001900776857,0.029348648859586556,13.234
EDF,2020-02-04,17,2.0,0.0,0.0,13.234
LLF,2020-02-04,17,2.0,0.0,0.0,13.234
MPC,2020-02-04,17,2.0,-1.7763568394002505e-15,-1.3422675225935095e-14,13.234
PPOLag,2020-02-04,17,2.0,0.005411249663005435,0.040888995488933315,13.234
EDF,2020-02-04,9,0.5,0.0,0.0,5.442
LLF,2020-02-04,9,0.5,-8.881784197001252e-16,-1.632080888827867e-14,5.442
MPC,2020-02-04,9,0.5,0.0,0.0,5.442
PPOLag,2020-02-04,9,0.5,0.0027669673762424907,0.05084467799049046,5.442
EDF,2020-02-04,9,1.0,0.0,0.0,5.442
LLF,2020-02-04,9,1.0,0.0,0.0,5.442
MPC,2020-02-04,9,1.0,0.0,0.0,5.442
PPOLag,2020-02-04,9,1.0,-0.03893131059951109,-0.7153860823136915,5.442
EDF,2020-02-04,9,2.0,0.0,0.0,5.442
LLF,2020-02-04,9,2.0,-8.881784197001252e-16,-1.632080888827867e-14,5.442
MPC,2020-02-04,9,2.0,0.0,0.0,5.442
PPOLag,2020-02-04,9,2.0,-0.0018750366731021372,-0.034454918653108006,5.442
EDF,2020-02-04,16,0.5,0.0,0.0,4.672
LLF,2020-02-04,16,0.5,0.0,0.0,4.672
MPC,2020-02-04,16,0.5,0.0,0.0,4.672
PPOLag,2020-02-04,16,0.5,-0.000991607101778058,-0.021224467075728982,4.672
EDF,2020-02-04,16,1.0,0.0,0.0,4.672
LLF,2020-02-04,16,1.0,0.0,0.0,4.672
MPC,2020-02-04,16,1.0,0.0,0.0,4.672
PPOLag,2020-02-04,16,1.0,-0.002699866439939491,-0.05778823715623912,4.672
EDF,2020-02-04,16,2.0,0.0,0.0,4.672
LLF,2020-02-04,16,2.0,0.0,0.0,4.672
MPC,2020-02-04,16,2.0,8.881784197001252e-16,1.901066822988282e-14,4.672
PPOLag,2020-02-04,16,2.0,-0.00743542377490769,-0.15914862531908586,4.672
EDF,2020-02-04,10,0.5,-2.480000000000002,-17.553793884484726,14.128
LLF,2020-02-04,10,0.5,-2.480000000000002,-17.553793884484726,14.128
MPC,2020-02-04,10,0.5,-2.480000000000002,-17.553793884484726,14.128
PPOLag,2020-02-04,10,0.5,-3.1373814196769603,-22.20683337823443,14.128
EDF,2020-02-04,10,1.0,-5.808000000000002,-41.109852774631946,14.128
LLF,2020-02-04,10,1.0,-5.808000000000002,-41.109852774631946,14.128
MPC,2020-02-04,10,1.0,-5.808000000000002,-41.109852774631946,14.128
PPOLag,2020-02-04,10,1.0,-6.378949774875744,-45.15111675308426,14.128
EDF,2020-02-04,10,2.0,-12.464,-88.22197055492639,14.128
LLF,2020-02-04,10,2.0,-12.464,-88.22197055492639,14.128
MPC,2020-02-04,10,2.0,-12.464000000000002,-88.22197055492641,14.128
PPOLag,2020-02-04,10,2.0,-12.458878902832376,-88.18572269841715,14.128
EDF,2020-02-04,18,0.5,-8.881784197001252e-16,-1.1410308577853614e-14,7.784
LLF,2020-02-04,18,0.5,-8.881784197001252e-16,-1.1410308577853614e-14,7.784
MPC,2020-02-04,18,0.5,-8.881784197001252e-16,-1.1410308577853614e-14,7.784
PPOLag,2020-02-04,18,0.5,0.01360915397436635,0.1748349688382111,7.784
EDF,2020-02-04,18,1.0,-8.881784197001252e-16,-1.1410308577853614e-14,7.784
LLF,2020-02-04,18,1.0,-1.7763568394002505e-15,-2.2820617155707227e-14,7.784
MPC,2020-02-04,18,1.0,-8.881784197001252e-16,-1.1410308577853614e-14,7.784
PPOLag,2020-02-04,18,1.0,0.015101180340801079,0.19400283068860583,7.784
EDF,2020-02-04,18,2.0,-8.881784197001252e-16,-1.1410308577853614e-14,7.784
LLF,2020-02-04,18,2.0,-8.881784197001252e-16,-1.1410308577853614e-14,7.784
MPC,2020-02-04,18,2.0,8.881784197001252e-16,1.1410308577853614e-14,7.784
PPOLag,2020-02-04,18,2.0,0.017126276612053636,0.22001896983624922,7.784
EDF,2020-02-05,6,0.5,0.0,0.0,0.995
LLF,2020-02-05,6,0.5,0.0,0.0,0.995
MPC,2020-02-05,6,0.5,0.0,0.0,0.995
PPOLag,2020-02-05,6,0.5,-0.0005638481271510898,-0.05666815348252159,0.995
EDF,2020-02-05,6,1.0,0.0,0.0,0.995
LLF,2020-02-05,6,1.0,0.0,0.0,0.995
MPC,2020-02-05,6,1.0,0.0,0.0,0.995
PPOLag,2020-02-05,6,1.0,-0.0031620429057584777,-0.31779325686014853,0.995
EDF,2020-02-05,6,2.0,0.0,0.0,0.995
LLF,2020-02-05,6,2.0,0.0,0.0,0.995
MPC,2020-02-05,6,2.0,0.0,0.0,0.995
PPOLag,2020-02-05,6,2.0,-0.02123669636371075,-2.1343413430865077,0.995
EDF,2020-02-05,30,0.5,4.319999999999997,11.842754536981184,36.478
LLF,2020-02-05,30,0.5,0.0,0.0,36.478
MPC,2020-02-05,30,0.5,7.105427357601002e-15,1.9478664832504528e-14,36.478
PPOLag,2020-02-05,30,0.5,-1.2862271130701786,-3.526035180300944,36.478
EDF,2020-02-05,30,1.0,9.89599999999999,27.12868030045504,36.478
LLF,2020-02-05,30,1.0,-3.197999999999986,-8.766928011404095,36.478
MPC,2020-02-05,30,1.0,-3.197999999999979,-8.766928011404076,36.478
PPOLag,2020-02-05,30,1.0,-4.013453209873956,-11.002393798656604,36.478
EDF,2020-02-05,30,2.0,3.239999999999988,8.88206590273586,36.478
LLF,2020-02-05,30,2.0,-9.853999999999992,-27.013542409123282,36.478
MPC,2020-02-05,30,2.0,-9.853999999999985,-27.013542409123264,36.478
PPOLag,2020-02-05,30,2.0,-10.372925872905684,-28.436114570167454,36.478
EDF,2020-02-05,32,0.5,0.0,0.0,8.403
LLF,2020-02-05,32,0.5,0.0,0.0,8.403
MPC,2020-02-05,32,0.5,0.0,0.0,8.403
PPOLag,2020-02-05,32,0.5,0.16514688712107314,1.9653324660368097,8.403
EDF,2020-02-05,32,1.0,0.0,0.0,8.403
LLF,2020-02-05,32,1.0,0.0,0.0,8.403
MPC,2020-02-05,32,1.0,1.7763568394002505e-15,2.113955538974474e-14,8.403
PPOLag,2020-02-05,32,1.0,0.23202307621413318,2.7611933382617293,8.403
EDF,2020-02-05,32,2.0,0.0,0.0,8.403
LLF,2020-02-05,32,2.0,0.0,0.0,8.403
MPC,2020-02-05,32,2.0,0.0,0.0,8.403
PPOLag,2020-02-05,32,2.0,0.23659603232298493,2.8156138560393305,8.403
EDF,2020-02-05,10,0.5,0.0,0.0,3.47
LLF,2020-02-05,10,0.5,0.0,0.0,3.47
MPC,2020-02-05,10,0.5,0.0,0.0,3.47
PPOLag,2020-02-05,10,0.5,-0.0021429296835171916,-0.061755898660437805,3.47
EDF,2020-02-05,10,1.0,0.0,0.0,3.47
LLF,2020-02-05,10,1.0,0.0,0.0,3.47
MPC,2020-02-05,10,1.0,4.440892098500626e-16,1.2797959938042149e-14,3.47
PPOLag,2020-02-05,10,1.0,0.0026326590053527,0.07586913560094236,3.47
EDF,2020-02-05,10,2.0,0.0,0.0,3.47
LLF,2020-02-05,10,2.0,0.0,0.0,3.47
MPC,2020-02-05,10,2.0,-4.440892098500626e-16,-1.2797959938042149e-14,3.47
PPOLag,2020-02-05,10,2.0,0.005212143486048326,0.1502058641512486,3.47
EDF,2020-02-05,4,0.5,3.552713678800501e-15,1.223302003581193e-14,29.042
LLF,2020-02-05,4,0.5,0.0,0.0,29.042
MPC,2020-02-05,4,0.5,3.552713678800501e-15,1.223302003581193e-14,29.042
PPOLag,2020-02-05,4,0.5,0.1309729143174593,0.45097759905467694,29.042
EDF,2020-02-05,4,1.0,3.552713678800501e-15,1.223302003581193e-14,29.042
LLF,2020-02-05,4,1.0,-3.552713678800501e-15,-1.223302003581193e-14,29.042
MPC,2020-02-05,4,1.0,3.552713678800501e-15,1.223302003581193e-14,29.042
PPOLag,2020-02-05,4,1.0,0.17487757927561062,0.6021540502569059,29.042
EDF,2020-02-05,4,2.0,3.552713678800501e-15,1.223302003581193e-14,29.042
LLF,2020-02-05,4,2.0,-3.552713678800501e-15,-1.223302003581193e-14,29.042
MPC,2020-02-05,4,2.0,3.552713678800501e-15,1.223302003581193e-14,29.042
PPOLag,2020-02-05,4,2.0,0.17296239747055964,0.5955595257577289,29.042
EDF,2020-02-06,11,0.5,-3.552713678800501e-15,-1.5616323862859346e-14,22.75
LLF,2020-02-06,11,0.5,-3.552713678800501e-15,-1.5616323862859346e-14,22.75
MPC,2020-02-06,11,0.5,0.0,0.0,22.75
PPOLag,2020-02-06,11,0.5,0.0016926728605916707,0.0074403202663370135,22.75
EDF,2020-02-06,11,1.0,3.552713678800501e-15,1.5616323862859346e-14,22.75
LLF,2020-02-06,11,1.0,-3.552713678800501e-15,-1.5616323862859346e-14,22.75
MPC,2020-02-06,11,1.0,0.0,0.0,22.75
PPOLag,2020-02-06,11,1.0,0.001141368959062561,0.005017006413461806,22.75
EDF,2020-02-06,11,2.0,0.0,0.0,22.75
LLF,2020-02-06,11,2.0,-7.105427357601002e-15,-3.123264772571869e-14,22.75
MPC,2020-02-06,11,2.0,0.0,0.0,22.75
PPOLag,2020-02-06,11,2.0,0.002816471898509576,0.01238009625718495,22.75
EDF,2020-02-06,18,0.5,0.0,0.0,20.564
LLF,2020-02-06,18,0.5,0.0,0.0,20.564
MPC,2020-02-06,18,0.5,0.0,0.0,20.564
PPOLag,2020-02-06,18,0.5,0.0012349018023918746,0.00600516340396749,20.564
EDF,2020-02-06,18,1.0,0.0,0.0,20.564
LLF,2020-02-06,18,1.0,0.0,0.0,20.564
MPC,2020-02-06,18,1.0,3.552713678800501e-15,1.727637462945196e-14,20.564
PPOLag,2020-02-06,18,1.0,0.003577891586605375,0.01739881145013312,20.564
EDF,2020-02-06,18,2.0,3.552713678800501e-15,1.727637462945196e-14,20.564
LLF,2020-02-06,18,2.0,0.0,0.0,20.564
MPC,2020-02-06,18,2.0,0.0,0.0,20.564
PPOLag,2020-02-06,18,2.0,0.007133487729420551,0.034689203119142926,20.564
EDF,2020-02-06,19,0.5,0.0,0.0,7.97
LLF,2020-02-06,19,0.5,0.0,0.0,7.97
MPC,2020-02-06,19,0.5,0.0,0.0,7.97
PPOLag,2020-02-06,19,0.5,0.0004703748359437654,0.005901817264037207,7.97
EDF,2020-02-06,19,1.0,-8.881784197001252e-16,-1.1144020322460794e-14,7.97
LLF,2020-02-06,19,1.0,-8.881784197001252e-16,-1.1144020322460794e-14,7.97
MPC,2020-02-06,19,1.0,8.881784197001252e-16,1.1144020322460794e-14,7.97
PPOLag,2020-02-06,19,1.0,0.0014141156506184416,0.017742981814535024,7.97
EDF,2020-02-06,19,2.0,0.0,0.0,7.97
LLF,2020-02-06,19,2.0,0.0,0.0,7.97
MPC,2020-02-06,19,2.0,-8.881784197001252e-16,-1.1144020322460794e-14,7.97
PPOLag,2020-02-06,19,2.0,0.00295182738914459,0.03703673010219059,7.97
EDF,2020-02-06,7,0.5,0.0,0.0,8.942
LLF,2020-02-06,7,0.5,0.0,0.0,8.942
MPC,2020-02-06,7,0.5,-1.7763568394002505e-15,-1.9865319161264265e-14,8.942
PPOLag,2020-02-06,7,0.5,0.0011509742427545434,0.012871552703584694,8.942
EDF,2020-02-06,7,1.0,0.0,0.0,8.942
LLF,2020-02-06,7,1.0,0.0,0.0,8.942
MPC,2020-02-06,7,1.0,-1.7763568394002505e-15,-1.9865319161264265e-14,8.942
PPOLag,2020-02-06,7,1.0,0.001996850538987971,0.022331140002102116,8.942
EDF,2020-02-06,7,2.0,1.7763568394002505e-15,1.9865319161264265e-14,8.942
LLF,2020-02-06,7,2.0,0.0,0.0,8.942
MPC,2020-02-06,7,2.0,-1.7763568394002505e-15,-1.9865319161264265e-14,8.942
PPOLag,2020-02-06,7,2.0,0.0038355642677366576,0.042893807512152285,8.942
EDF,2020-02-06,20,0.5,0.0,0.0,1.565
LLF,2020-02-06,20,0.5,0.0,0.0,1.565
MPC,2020-02-06,20,0.5,0.0,0.0,1.565
PPOLag,2020-02-06,20,0.5,-0.00012659126646910046,-0.008088898815916961,1.565
EDF,2020-02-06,20,1.0,0.0,0.0,1.565
LLF,2020-02-06,20,1.0,0.0,0.0,1.565
MPC,2020-02-06,20,1.0,0.0,0.0,1.565
PPOLag,2020-02-06,20,1.0,-0.0006858246403991242,-0.04382266072837854,1.565
EDF,2020-02-06,20,2.0,0.0,0.0,1.565
LLF,2020-02-06,20,2.0,0.0,0.0,1.565
MPC,2020-02-06,20,2.0,0.0,0.0,1.565
PPOLag,2020-02-06,20,2.0,-0.0013800924432695982,-0.08818482065620437,1.565
EDF,2020-02-07,23,0.5,0.0,0.0,0.978
LLF,2020-02-07,23,0.5,1.1102230246251565e-16,1.1351973666923892e-14,0.978
MPC,2020-02-07,23,0.5,-1.1102230246251565e-16,-1.1351973666923892e-14,0.978
PPOLag,2020-02-07,23,0.5,-0.0007547552587528594,-0.07717333934078316,0.978
EDF,2020-02-07,23,1.0,-1.1102230246251565e-16,-1.1351973666923892e-14,0.978
LLF,2020-02-07,23,1.0,0.0,0.0,0.978
MPC,2020-02-07,23,1.0,0.0,0.0,0.978
PPOLag,2020-02-07,23,1.0,-0.008057506715241169,-0.8238759422536983,0.978
EDF,2020-02-07,23,2.0,-1.1102230246251565e-16,-1.1351973666923892e-14,0.978
LLF,2020-02-07,23,2.0,0.0,0.0,0.978
MPC,2020-02-07,23,2.0,0.0,0.0,0.978
PPOLag,2020-02-07,23,2.0,0.0004595151503463013,0.04698518919696333,0.978
EDF,2020-02-07,35,0.5,-3.3279999999999976,-18.181818181818173,18.304
LLF,2020-02-07,35,0.5,-3.3279999999999976,-18.181818181818173,18.304
MPC,2020-02-07,35,0.5,-3.3279999999999994,-18.18181818181818,18.304
PPOLag,2020-02-07,35,0.5,-3.1866472258414817,-17.409567448871734,18.304
EDF,2020-02-07,35,1.0,-6.655999999999997,-36.36363636363635,18.304
LLF,2020-02-07,35,1.0,-6.655999999999997,-36.36363636363635,18.304
MPC,2020-02-07,35,1.0,-6.655999999999999,-36.36363636363636,18.304
PPOLag,2020-02-07,35,1.0,-6.457750009044605,-35.280539822140554,18.304
EDF,2020-02-07,35,2.0,-13.311999999999996,-72.7272727272727,18.304
LLF,2020-02-07,35,2.0,-13.311999999999996,-72.7272727272727,18.304
MPC,2020-02-07,35,2.0,-13.311999999999998,-72.72727272727272,18.304
PPOLag,2020-02-07,35,2.0,-13.053685073741871,-71.31602422280307,18.304
EDF,2020-02-07,10,0.5,7.105427357601002e-15,2.0578740030123385e-14,34.528
LLF,2020-02-07,10,0.5,0.0,0.0,34.528
MPC,2020-02-07,10,0.5,0.0,0.0,34.528
PPOLag,2020-02-07,10,0.5,-0.006567278703289503,-0.0190201537977569,34.528
EDF,2020-02-07,10,1.0,7.105427357601002e-15,2.0578740030123385e-14,34.528
LLF,2020-02-07,10,1.0,0.0,0.0,34.528
MPC,2020-02-07,10,1.0,0.0,0.0,34.528
PPOLag,2020-02-07,10,1.0,0.0009840134511904352,0.0028498999397313348,34.528
EDF,2020-02-07,10,2.0,0.0,0.0,34.528
LLF,2020-02-07,10,2.0,0.0,0.0,34.528
MPC,2020-02-07,10,2.0,0.0,0.0,34.528
PPOLag,2020-02-07,10,2.0,0.004553841627753741,0.01318883696638595,34.528
EDF,2020-02-07,21,0.5,0.0,0.0,13.331
LLF,2020-02-07,21,0.5,0.0,0.0,13.331
MPC,2020-02-07,21,0.5,0.0,0.0,13.331
PPOLag,2020-02-07,21,0.5,0.0006612308009025014,0.004960099024097978,13.331
EDF,2020-02-07,21,1.0,0.0,0.0,13.331
LLF,2020-02-07,21,1.0,0.0,0.0,13.331
MPC,2020-02-07,21,1.0,-1.7763568394002505e-15,-1.3325008171931967e-14,13.331
PPOLag,2020-02-07,21,1.0,0.0025292864738538866,0.018972968823448254,13.331
EDF,2020-02-07,21,2.0,0.0,0.0,13.331
LLF,2020-02-07,21,2.0,0.0,0.0,13.331
MPC,2020-02-07,21,2.0,-1.7763568394002505e-15,-1.3325008171931967e-14,13.331
PPOLag,2020-02-07,21,2.0,0.005556479117602109,0.04168088753733485,13.331
EDF,2020-02-07,1,0.5,0.0,0.0,0.881
LLF,2020-02-07,1,0.5,0.0,0.0,0.881
MPC,2020-02-07,1,0.5,0.0,0.0,0.881
PPOLag,2020-02-07,1,0.5,-0.0005877079501727334,-0.06670918844185396,0.881
EDF,2020-02-07,1,1.0,0.0,0.0,0.881
LLF,2020-02-07,1,1.0,0.0,0.0,0.881
MPC,2020-02-07,1,1.0,0.0,0.0,0.881
PPOLag,2020-02-07,1,1.0,-0.0014837344733659608,-0.16841480968966638,0.881
EDF,2020-02-07,1,2.0,0.0,0.0,0.881
LLF,2020-02-07,1,2.0,0.0,0.0,0.881
MPC,2020-02-07,1,2.0,0.0,0.0,0.881
PPOLag,2020-02-07,1,2.0,-0.0033601651508981647,-0.38140353585677234,0.881
EDF,2020-02-10,5,0.5,0.0,0.0,23.362
LLF,2020-02-10,5,0.5,3.552713678800501e-15,1.5207232594814232e-14,23.362
MPC,2020-02-10,5,0.5,3.552713678800501e-15,1.5207232594814232e-14,23.362
PPOLag,2020-02-10,5,0.5,0.0006179102519730861,0.0026449372997735046,23.362
EDF,2020-02-10,5,1.0,-3.552713678800501e-15,-1.5207232594814232e-14,23.362
LLF,2020-02-10,5,1.0,-3.552713678800501e-15,-1.5207232594814232e-14,23.362
MPC,2020-02-10,5,1.0,3.552713678800501e-15,1.5207232594814232e-14,23.362
PPOLag,2020-02-10,5,1.0,0.0010141812021196017,0.0043411574442239614,23.362
EDF,2020-02-10,5,2.0,-3.552713678800501e-15,-1.5207232594814232e-14,23.362
LLF,2020-02-10,5,2.0,0.0,0.0,23.362
MPC,2020-02-10,5,2.0,3.552713678800501e-15,1.5207232594814232e-14,23.362
PPOLag,2020-02-10,5,2.0,0.0024833988639755946,0.010630078178133698,23.362
EDF,2020-02-10,24,0.5,0.0,0.0,7.168
LLF,2020-02-10,24,0.5,0.0,0.0,7.168
MPC,2020-02-10,24,0.5,0.0,0.0,7.168
PPOLag,2020-02-10,24,0.5,0.0008113750386485208,0.011319406231145659,7.168
EDF,2020-02-10,24,1.0,0.0,0.0,7.168
LLF,2020-02-10,24,1.0,0.0,0.0,7.168
MPC,2020-02-10,24,1.0,-1.7763568394002505e-15,-2.4781763942525817e-14,7.168
PPOLag,2020-02-10,24,1.0,0.0028696810679143423,0.040034613112644286,7.168
EDF,2020-02-10,24,2.0,0.0,0.0,7.168
LLF,2020-02-10,24,2.0,0.0,0.0,7.168
MPC,2020-02-10,24,2.0,0.0,0.0,7.168
PPOLag,2020-02-10,24,2.0,0.006266177193126943,0.08741876664518614,7.168
EDF,2020-02-10,28,0.5,0.0,0.0,4.295
LLF,2020-02-10,28,0.5,0.0,0.0,4.295
MPC,2020-02-10,28,0.5,0.0,0.0,4.295
PPOLag,2020-02-10,28,0.5,8.651606502017018e-05,0.0020143437722973264,4.295
EDF,2020-02-10,28,1.0,0.0,0.0,4.295
LLF,2020-02-10,28,1.0,0.0,0.0,4.295
MPC,2020-02-10,28,1.0,0.0,0.0,4.295
PPOLag,2020-02-10,28,1.0,0.0030497746080998312,0.071007557813733,4.295
EDF,2020-02-10,28,2.0,-0.9670000000000001,-22.51455180442375,4.295
LLF,2020-02-10,28,2.0,-0.9670000000000005,-22.51455180442376,4.295
MPC,2020-02-10,28,2.0,-0.9670000000000001,-22.51455180442375,4.295
PPOLag,2020-02-10,28,2.0,-0.9965314667535485,-23.20212961009426,4.295
EDF,2020-02-10,16,0.5,0.0,0.0,1.029
LLF,2020-02-10,16,0.5,0.0,0.0,1.029
MPC,2020-02-10,16,0.5,0.0,0.0,1.029
PPOLag,2020-02-10,16,0.5,0.0016429614556518369,0.15966583631213185,1.029
EDF,2020-02-10,16,1.0,0.0,0.0,1.029
LLF,2020-02-10,16,1.0,0.0,0.0,1.029
MPC,2020-02-10,16,1.0,0.0,0.0,1.029
PPOLag,2020-02-10,16,1.0,0.0020385484684414036,0.1981096665151996,1.029
EDF,2020-02-10,16,2.0,0.0,0.0,1.029
LLF,2020-02-10,16,2.0,0.0,0.0,1.029
MPC,2020-02-10,16,2.0,0.0,0.0,1.029
PPOLag,2020-02-10,16,2.0,0.003396134750833113,0.3300422498380091,1.029
EDF,2020-02-10,17,0.5,0.0,0.0,14.005
LLF,2020-02-10,17,0.5,0.0,0.0,14.005
MPC,2020-02-10,17,0.5,3.552713678800501e-15,2.5367466467693687e-14,14.005
PPOLag,2020-02-10,17,0.5,-4.9597458593453325e-05,-0.00035414108242380095,14.005
EDF,2020-02-10,17,1.0,0.0,0.0,14.005
LLF,2020-02-10,17,1.0,-1.7763568394002505e-15,-1.2683733233846843e-14,14.005
MPC,2020-02-10,17,1.0,1.7763568394002505e-15,1.2683733233846843e-14,14.005
PPOLag,2020-02-10,17,1.0,-0.001867957567149503,-0.013337790554441292,14.005
EDF,2020-02-10,17,2.0,1.7763568394002505e-15,1.2683733233846843e-14,14.005
LLF,2020-02-10,17,2.0,1.7763568394002505e-15,1.2683733233846843e-14,14.005
MPC,2020-02-10,17,2.0,1.7763568394002505e-15,1.2683733233846843e-14,14.005
PPOLag,2020-02-10,17,2.0,-0.0034188532381776325,-0.024411661822046647,14.005
EDF,2020-02-11,17,0.5,0.0,0.0,12.612
LLF,2020-02-11,17,0.5,0.0,0.0,12.612
MPC,2020-02-11,17,0.5,-1.7763568394002505e-15,-1.4084656195688633e-14,12.612
PPOLag,2020-02-11,17,0.5,0.0005130902176865959,0.004068270041917189,12.612
EDF,2020-02-11,17,1.0,0.0,0.0,12.612
LLF,2020-02-11,17,1.0,0.0,0.0,12.612
MPC,2020-02-11,17,1.0,0.0,0.0,12.612
PPOLag,2020-02-11,17,1.0,0.001101388039624851,0.008732857910124096,12.612
EDF,2020-02-11,17,2.0,0.0,0.0,12.612
LLF,2020-02-11,17,2.0,0.0,0.0,12.612
MPC,2020-02-11,17,2.0,-1.7763568394002505e-15,-1.4084656195688633e-14,12.612
PPOLag,2020-02-11,17,2.0,0.004263976071130671,0.03380888099532724,12.612
EDF,2020-02-11,0,0.5,0.0,0.0,8.077
LLF,2020-02-11,0,0.5,0.0,0.0,8.077
MPC,2020-02-11,0,0.5,0.0,0.0,8.077
PPOLag,2020-02-11,0,0.5,0.026358532078771015,0.3263406224931412,8.077
EDF,2020-02-11,0,1.0,0.0,0.0,8.077
LLF,2020-02-11,0,1.0,0.0,0.0,8.077
MPC,2020-02-11,0,1.0,0.0,0.0,8.077
PPOLag,2020-02-11,0,1.0,0.03148795013676011,0.38984709838752146,8.077
EDF,2020-02-11,0,2.0,0.0,0.0,8.077
LLF,2020-02-11,0,2.0,0.0,0.0,8.077
MPC,2020-02-11,0,2.0,1.7763568394002505e-15,2.19927799851461e-14,8.077
PPOLag,2020-02-11,0,2.0,0.03396156144643765,0.4204724705514133,8.077
EDF,2020-02-11,1,0.5,0.0,0.0,0.902
LLF,2020-02-11,1,0.5,0.0,0.0,0.902
MPC,2020-02-11,1,0.5,0.0,0.0,0.902
PPOLag,2020-02-11,1,0.5,0.00017319109329603233,0.019200786396455914,0.902
EDF,2020-02-11,1,1.0,0.0,0.0,0.902
LLF,2020-02-11,1,1.0,0.0,0.0,0.902
MPC,2020-02-11,1,1.0,0.0,0.0,0.902
PPOLag,2020-02-11,1,1.0,0.0002669356222880337,0.029593749699338544,0.902
EDF,2020-02-11,1,2.0,0.0,0.0,0.902
LLF,2020-02-11,1,2.0,0.0,0.0,0.902
MPC,2020-02-11,1,2.0,0.0,0.0,0.902
PPOLag,2020-02-11,1,2.0,0.0003531135489500681,0.0391478435643091,0.902
EDF,2020-02-11,33,0.5,0.0,0.0,6.445
LLF,2020-02-11,33,0.5,8.881784197001252e-16,1.3780890918543447e-14,6.445
MPC,2020-02-11,33,0.5,1.7763568394002505e-15,2.7561781837086894e-14,6.445
PPOLag,2020-02-11,33,0.5,0.008734127949240288,0.1355178890495,6.445
EDF,2020-02-11,33,1.0,0.0,0.0,6.445
LLF,2020-02-11,33,1.0,8.881784197001252e-16,1.3780890918543447e-14,6.445
MPC,2020-02-11,33,1.0,8.881784197001252e-16,1.3780890918543447e-14,6.445
PPOLag,2020-02-11,33,1.0,0.3071045776409941,4.7650050836461455,6.445
EDF,2020-02-11,33,2.0,0.0,0.0,6.445
LLF,2020-02-11,33,2.0,8.881784197001252e-16,1.3780890918543447e-14,6.445
MPC,2020-02-11,33,2.0,0.0,0.0,6.445
PPOLag,2020-02-11,33,2.0,0.6029636453388247,9.355525916816521,6.445
EDF,2020-02-11,26,0.5,0.0,0.0,6.467
LLF,2020-02-11,26,0.5,0.0,0.0,6.467
MPC,2020-02-11,26,0.5,0.7920000000000078,12.246791402505147,6.467
PPOLag,2020-02-11,26,0.5,-0.5411135966356758,-8.36730472608127,6.467
EDF,2020-02-11,26,1.0,0.0,0.0,6.467
LLF,2020-02-11,26,1.0,8.881784197001252e-16,1.3734009891760095e-14,6.467
MPC,2020-02-11,26,1.0,0.7920000000000087,12.24679140250516,6.467
PPOLag,2020-02-11,26,1.0,-0.3751007463467154,-5.8002280245355715,6.467
EDF,2020-02-11,26,2.0,0.0,0.0,6.467
LLF,2020-02-11,26,2.0,0.0,0.0,6.467
MPC,2020-02-11,26,2.0,0.7920000000000087,12.24679140250516,6.467
PPOLag,2020-02-11,26,2.0,0.30534942017495686,4.721654865856764,6.467
EDF,2020-02-12,15,0.5,0.0,0.0,4.345
LLF,2020-02-12,15,0.5,0.0,0.0,4.345
MPC,2020-02-12,15,0.5,0.0,0.0,4.345
PPOLag,2020-02-12,15,0.5,-0.019174208603936906,-0.44129363875574007,4.345
EDF,2020-02-12,15,1.0,0.0,0.0,4.345
LLF,2020-02-12,15,1.0,0.0,0.0,4.345
MPC,2020-02-12,15,1.0,0.0,0.0,4.345
PPOLag,2020-02-12,15,1.0,-0.03452534916375516,-0.7945995204546643,4.345
EDF,2020-02-12,15,2.0,0.0,0.0,4.345
LLF,2020-02-12,15,2.0,0.0,0.0,4.345
MPC,2020-02-12,15,2.0,0.0,0.0,4.345
PPOLag,2020-02-12,15,2.0,-0.15687910790454876,-3.610566349932077,4.345
EDF,2020-02-12,16,0.5,8.881784197001252e-16,1.3637009361279368e-14,6.513
LLF,2020-02-12,16,0.5,8.881784197001252e-16,1.3637009361279368e-14,6.513
MPC,2020-02-12,16,0.5,0.0,0.0,6.513
PPOLag,2020-02-12,16,0.5,0.0007691291692525582,0.011809138173691973,6.513
EDF,2020-02-12,16,1.0,1.7763568394002505e-15,2.7274018722558736e-14,6.513
LLF,2020-02-12,16,1.0,2.6645352591003757e-15,4.09110280838381e-14,6.513
MPC,2020-02-12,16,1.0,0.0,0.0,6.513
PPOLag,2020-02-12,16,1.0,0.001842545538053919,0.02829027388383109,6.513
EDF,2020-02-12,16,2.0,1.7763568394002505e-15,2.7274018722558736e-14,6.513
LLF,2020-02-12,16,2.0,1.7763568394002505e-15,2.7274018722558736e-14,6.513
MPC,2020-02-12,16,2.0,0.0,0.0,6.513
PPOLag,2020-02-12,16,2.0,0.004438994560165987,0.06815591217819725,6.513
EDF,2020-02-12,2,0.5,0.0,0.0,12.215
LLF,2020-02-12,2,0.5,0.0,0.0,12.215
MPC,2020-02-12,2,0.5,-1.7763568394002505e-15,-1.454242193532747e-14,12.215
PPOLag,2020-02-12,2,0.5,0.018862218383821273,0.15441848861089866,12.215
EDF,2020-02-12,2,1.0,0.0,0.0,12.215
LLF,2020-02-12,2,1.0,0.0,0.0,12.215
MPC,2020-02-12,2,1.0,-3.552713678800501e-15,-2.908484387065494e-14,12.215
PPOLag,2020-02-12,2,1.0,0.01998557928126594,0.16361505756255376,12.215
EDF,2020-02-12,2,2.0,1.7763568394002505e-15,1.454242193532747e-14,12.215
LLF,2020-02-12,2,2.0,0.0,0.0,12.215
MPC,2020-02-12,2,2.0,0.0,0.0,12.215
PPOLag,2020-02-12,2,2.0,0.022762788672802615,0.18635111479985766,12.215
EDF,2020-02-12,28,0.5,0.0,0.0,9.063
LLF,2020-02-12,28,0.5,0.0,0.0,9.063
MPC,2020-02-12,28,0.5,0.0,0.0,9.063
PPOLag,2020-02-12,28,0.5,0.0050131359768585074,0.055314310679228804,9.063
EDF,2020-02-12,28,1.0,0.0,0.0,9.063
LLF,2020-02-12,28,1.0,0.0,0.0,9.063
MPC,2020-02-12,28,1.0,0.0,0.0,9.063
PPOLag,2020-02-12,28,1.0,0.006168306393058387,0.06806031549220332,9.063
EDF,2020-02-12,28,2.0,0.0,0.0,9.063
LLF,2020-02-12,28,2.0,-1.7763568394002505e-15,-1.9600097532828536e-14,9.063
MPC,2020-02-12,28,2.0,-1.7763568394002505e-15,-1.9600097532828536e-14,9.063
PPOLag,2020-02-12,28,2.0,0.007950660265494847,0.0877265835318862,9.063
EDF,2020-02-12,20,0.5,0.0,0.0,15.799
LLF,2020-02-12,20,0.5,0.0,0.0,15.799
MPC,2020-02-12,20,0.5,1.7763568394002505e-15,1.1243476418762266e-14,15.799
PPOLag,2020-02-12,20,0.5,0.0013032335317152643,0.0082488355700694,15.799
EDF,2020-02-12,20,1.0,0.0,0.0,15.799
LLF,2020-02-12,20,1.0,0.0,0.0,15.799
MPC,2020-02-12,20,1.0,0.0,0.0,15.799
PPOLag,2020-02-12,20,1.0,0.0031432319595623426,0.019895132347378587,15.799
EDF,2020-02-12,20,2.0,0.0,0.0,15.799
LLF,2020-02-12,20,2.0,0.0,0.0,15.799
MPC,2020-02-12,20,2.0,1.7763568394002505e-15,1.1243476418762266e-14,15.799
PPOLag,2020-02-12,20,2.0,0.004414121688061101,0.027939247345155398,15.799
EDF,2020-02-13,7,0.5,0.0,0.0,1.041
LLF,2020-02-13,7,0.5,0.0,0.0,1.041
MPC,2020-02-13,7,0.5,0.0,0.0,1.041
PPOLag,2020-02-13,7,0.5,-0.0003879703316464145,-0.03726900400061618,1.041
EDF,2020-02-13,7,1.0,0.0,0.0,1.041
LLF,2020-02-13,7,1.0,0.0,0.0,1.041
MPC,2020-02-13,7,1.0,0.0,0.0,1.041
PPOLag,2020-02-13,7,1.0,-0.003018723658436517,-0.2899830603685416,1.041
EDF,2020-02-13,7,2.0,0.0,0.0,1.041
LLF,2020-02-13,7,2.0,0.0,0.0,1.041
MPC,2020-02-13,7,2.0,0.0,0.0,1.041
PPOLag,2020-02-13,7,2.0,-0.0033326100168727503,-0.3201354483067003,1.041
EDF,2020-02-13,15,0.5,0.0,0.0,4.618
LLF,2020-02-13,15,0.5,0.0,0.0,4.618
MPC,2020-02-13,15,0.5,0.0,0.0,4.618
PPOLag,2020-02-13,15,0.5,0.003408373771522122,0.07380627482724386,4.618
EDF,2020-02-13,15,1.0,0.0,0.0,4.618
LLF,2020-02-13,15,1.0,0.0,0.0,4.618
MPC,2020-02-13,15,1.0,0.0,0.0,4.618
PPOLag,2020-02-13,15,1.0,-0.0007873565158734053,-0.01704972966378097,4.618
EDF,2020-02-13,15,2.0,0.0,0.0,4.618
LLF,2020-02-13,15,2.0,0.0,0.0,4.618
MPC,2020-02-13,15,2.0,0.0,0.0,4.618
PPOLag,2020-02-13,15,2.0,-0.005541872467471088,-0.12000590011847309,4.618
EDF,2020-02-13,12,0.5,0.0,0.0,16.717
LLF,2020-02-13,12,0.5,0.0,0.0,16.717
MPC,2020-02-13,12,0.5,0.0,0.0,16.717
PPOLag,2020-02-13,12,0.5,0.003762207281548058,0.022505277750481896,16.717
EDF,2020-02-13,12,1.0,0.0,0.0,16.717
LLF,2020-02-13,12,1.0,0.0,0.0,16.717
MPC,2020-02-13,12,1.0,-3.552713678800501e-15,-2.1252100728602627e-14,16.717
PPOLag,2020-02-13,12,1.0,0.0063210656028239495,0.037812200770616436,16.717
EDF,2020-02-13,12,2.0,0.0,0.0,16.717
LLF,2020-02-13,12,2.0,0.0,0.0,16.717
MPC,2020-02-13,12,2.0,-3.552713678800501e-15,-2.1252100728602627e-14,16.717
PPOLag,2020-02-13,12,2.0,0.009703679590241876,0.058046776277094446,16.717
EDF,2020-02-13,35,0.5,0.0,0.0,4.24
LLF,2020-02-13,35,0.5,0.0,0.0,4.24
MPC,2020-02-13,35,0.5,0.0,0.0,4.24
PPOLag,2020-02-13,35,0.5,0.0010990479784272367,0.02592094288743483,4.24
EDF,2020-02-13,35,1.0,0.0,0.0,4.24
LLF,2020-02-13,35,1.0,0.0,0.0,4.24
MPC,2020-02-13,35,1.0,0.0,0.0,4.24
PPOLag,2020-02-13,35,1.0,-0.0014605994128654488,-0.034448099360034165,4.24
EDF,2020-02-13,35,2.0,0.0,0.0,4.24
LLF,2020-02-13,35,2.0,0.0,0.0,4.24
MPC,2020-02-13,35,2.0,0.0,0.0,4.24
PPOLag,2020-02-13,35,2.0,-0.015040579730012027,-0.3547306540097176,4.24
EDF,2020-02-13,9,0.5,3.552713678800501e-15,1.49179663187088e-14,23.815
LLF,2020-02-13,9,0.5,-3.552713678800501e-15,-1.49179663187088e-14,23.815
MPC,2020-02-13,9,0.5,3.552713678800501e-15,1.49179663187088e-14,23.815
PPOLag,2020-02-13,9,0.5,0.0013110522321333918,0.005505153189726607,23.815
EDF,2020-02-13,9,1.0,3.552713678800501e-15,1.49179663187088e-14,23.815
LLF,2020-02-13,9,1.0,-3.552713678800501e-15,-1.49179663187088e-14,23.815
MPC,2020-02-13,9,1.0,3.552713678800501e-15,1.49179663187088e-14,23.815
PPOLag,2020-02-13,9,1.0,0.004569691202752324,0.01918828974491843,23.815
EDF,2020-02-13,9,2.0,3.552713678800501e-15,1.49179663187088e-14,23.815
LLF,2020-02-13,9,2.0,-3.552713678800501e-15,-1.49179663187088e-14,23.815
MPC,2020-02-13,9,2.0,3.552713678800501e-15,1.49179663187088e-14,23.815
PPOLag,2020-02-13,9,2.0,0.006830471586742703,0.028681383946011767,23.815
EDF,2020-02-14,0,0.5,0.0,0.0,14.375
LLF,2020-02-14,0,0.5,0.0,0.0,14.375
MPC,2020-02-14,0,0.5,0.0,0.0,14.375
PPOLag,2020-02-14,0,0.5,-0.0015092967369952249,-0.010499455561705912,14.375
EDF,2020-02-14,0,1.0,0.0,0.0,14.375
LLF,2020-02-14,0,1.0,0.0,0.0,14.375
MPC,2020-02-14,0,1.0,0.0,0.0,14.375
PPOLag,2020-02-14,0,1.0,-0.0039817915391093806,-0.027699419402500036,14.375
EDF,2020-02-14,0,2.0,0.0,0.0,14.375
LLF,2020-02-14,0,2.0,0.0,0.0,14.375
MPC,2020-02-14,0,2.0,0.0,0.0,14.375
PPOLag,2020-02-14,0,2.0,-0.0225937150956117,-0.15717367023034226,14.375
EDF,2020-02-14,13,0.5,-2.220446049250313e-16,-1.820037745287142e-14,1.22
LLF,2020-02-14,13,0.5,0.0,0.0,1.22
MPC,2020-02-14,13,0.5,0.0,0.0,1.22
PPOLag,2020-02-14,13,0.5,0.00045859424066434505,0.037589691857733205,1.22
EDF,2020-02-14,13,1.0,-2.220446049250313e-16,-1.820037745287142e-14,1.22
LLF,2020-02-14,13,1.0,-2.220446049250313e-16,-1.820037745287142e-14,1.22
MPC,2020-02-14,13,1.0,0.0,0.0,1.22
PPOLag,2020-02-14,13,1.0,0.0015526350274334354,0.1272651661830685,1.22
EDF,2020-02-14,13,2.0,-2.220446049250313e-16,-1.820037745287142e-14,1.22
LLF,2020-02-14,13,2.0,-2.220446049250313e-16,-1.820037745287142e-14,1.22
MPC,2020-02-14,13,2.0,0.0,0.0,1.22
PPOLag,2020-02-14,13,2.0,0.004149121159237312,0.34009189829814035,1.22
EDF,2020-02-14,1,0.5,0.0,0.0,5.654
LLF,2020-02-14,1,0.5,0.0,0.0,5.654
MPC,2020-02-14,1,0.5,0.0,0.0,5.654
PPOLag,2020-02-14,1,0.5,0.0010705850011936136,0.018935001789770315,5.654
EDF,2020-02-14,1,1.0,0.0,0.0,5.654
LLF,2020-02-14,1,1.0,0.0,0.0,5.654
MPC,2020-02-14,1,1.0,0.0,0.0,5.654
PPOLag,2020-02-14,1,1.0,0.0020780425670341883,0.036753494287834955,5.654
EDF,2020-02-14,1,2.0,0.0,0.0,5.654
LLF,2020-02-14,1,2.0,0.0,0.0,5.654
MPC,2020-02-14,1,2.0,0.0,0.0,5.654
PPOLag,2020-02-14,1,2.0,0.003511651360414447,0.06210915034337544,5.654
EDF,2020-02-14,23,0.5,0.0,0.0,4.369
LLF,2020-02-14,23,0.5,0.0,0.0,4.369
MPC,2020-02-14,23,0.5,0.0,0.0,4.369
PPOLag,2020-02-14,23,0.5,-0.0011435323561551415,-0.026173777893228233,4.369
EDF,2020-02-14,23,1.0,0.0,0.0,4.369
LLF,2020-02-14,23,1.0,0.0,0.0,4.369
MPC,2020-02-14,23,1.0,0.0,0.0,4.369
PPOLag,2020-02-14,23,1.0,-0.004320044794656752,-0.09887948717456518,4.369
EDF,2020-02-14,23,2.0,-2.705,-61.91348134584573,4.369
LLF,2020-02-14,23,2.0,-2.705,-61.91348134584573,4.369
MPC,2020-02-14,23,2.0,-2.705,-61.91348134584573,4.369
PPOLag,2020-02-14,23,2.0,-2.7291032609132118,-62.46516962493045,4.369
EDF,2020-02-14,12,0.5,0.0,0.0,15.766
LLF,2020-02-14,12,0.5,0.0,0.0,15.766
MPC,2020-02-14,12,0.5,0.0,0.0,15.766
PPOLag,2020-02-14,12,0.5,0.0019397467957805504,0.012303354026262528,15.766
EDF,2020-02-14,12,1.0,0.0,0.0,15.766
LLF,2020-02-14,12,1.0,0.0,0.0,15.766
MPC,2020-02-14,12,1.0,0.0,0.0,15.766
PPOLag,2020-02-14,12,1.0,-0.0024624160731082866,-0.015618521331398492,15.766
EDF,2020-02-14,12,2.0,0.0,0.0,15.766
LLF,2020-02-14,12,2.0,0.0,0.0,15.766
MPC,2020-02-14,12,2.0,0.0,0.0,15.766
PPOLag,2020-02-14,12,2.0,0.0007573183717155985,0.004803490877303048,15.766
EDF,2020-02-17,8,0.5,0.0,0.0,6.47
LLF,2020-02-17,8,0.5,0.0,0.0,6.47
MPC,2020-02-17,8,0.5,0.0,0.0,6.47
PPOLag,2020-02-17,8,0.5,-0.0011470467358408953,-0.017728697617324506,6.47
EDF,2020-02-17,8,1.0,0.0,0.0,6.47
LLF,2020-02-17,8,1.0,0.0,0.0,6.47
MPC,2020-02-17,8,1.0,0.0,0.0,6.47
PPOLag,2020-02-17,8,1.0,-0.005183442428789142,-0.08011502981126958,6.47
EDF,2020-02-17,8,2.0,0.0,0.0,6.47
LLF,2020-02-17,8,2.0,0.0,0.0,6.47
MPC,2020-02-17,8,2.0,0.0,0.0,6.47
PPOLag,2020-02-17,8,2.0,-0.0037216474018343603,-0.05752159817363772,6.47
EDF,2020-02-17,9,0.5,0.0,0.0,36.936
LLF,2020-02-17,9,0.5,0.0,0.0,36.936
MPC,2020-02-17,9,0.5,0.0,0.0,36.936
PPOLag,2020-02-17,9,0.5,-0.0009572671844580328,-0.002591691532537451,36.936
EDF,2020-02-17,9,1.0,0.0,0.0,36.936
LLF,2020-02-17,9,1.0,0.0,0.0,36.936
MPC,2020-02-17,9,1.0,0.0,0.0,36.936
PPOLag,2020-02-17,9,1.0,0.00202810704151517,0.005490868100268493,36.936
EDF,2020-02-17,9,2.0,-5.319999999999986,-14.403292181069922,36.936
LLF,2020-02-17,9,2.0,-5.319999999999986,-14.403292181069922,36.936
MPC,2020-02-17,9,2.0,-5.319999999999986,-14.403292181069922,36.936
PPOLag,2020-02-17,9,2.0,-5.540420728968858,-15.000056121314861,36.936
EDF,2020-02-17,4,0.5,0.0,0.0,10.256
LLF,2020-02-17,4,0.5,0.0,0.0,10.256
MPC,2020-02-17,4,0.5,0.0,0.0,10.256
PPOLag,2020-02-17,4,0.5,0.0008386478895747729,0.0081771440091144,10.256
EDF,2020-02-17,4,1.0,0.0,0.0,10.256
LLF,2020-02-17,4,1.0,0.0,0.0,10.256
MPC,2020-02-17,4,1.0,0.0,0.0,10.256
PPOLag,2020-02-17,4,1.0,0.0011846493443915308,0.011550793139543006,10.256
EDF,2020-02-17,4,2.0,0.0,0.0,10.256
LLF,2020-02-17,4,2.0,0.0,0.0,10.256
MPC,2020-02-17,4,2.0,0.0,0.0,10.256
PPOLag,2020-02-17,4,2.0,0.0017614154517584524,0.017174487634150276,10.256
EDF,2020-02-17,7,0.5,0.0,0.0,0.836
LLF,2020-02-17,7,0.5,0.0,0.0,0.836
MPC,2020-02-17,7,0.5,0.0,0.0,0.836
PPOLag,2020-02-17,7,0.5,0.0034876927528197043,0.4171881283277158,0.836
EDF,2020-02-17,7,1.0,0.0,0.0,0.836
LLF,2020-02-17,7,1.0,0.0,0.0,0.836
MPC,2020-02-17,7,1.0,0.0,0.0,0.836
PPOLag,2020-02-17,7,1.0,0.004599796515011434,0.5502148941401237,0.836
EDF,2020-02-17,7,2.0,0.0,0.0,0.836
LLF,2020-02-17,7,2.0,0.0,0.0,0.836
MPC,2020-02-17,7,2.0,0.0,0.0,0.836
PPOLag,2020-02-17,7,2.0,-0.0014886722472714719,-0.17807084297505646,0.836
EDF,2020-02-17,2,0.5,0.0,0.0,12.335
LLF,2020-02-17,2,0.5,0.0,0.0,12.335
MPC,2020-02-17,2,0.5,0.0,0.0,12.335
PPOLag,2020-02-17,2,0.5,0.0006966564701549772,0.005647802757640674,12.335
EDF,2020-02-17,2,1.0,0.0,0.0,12.335
LLF,2020-02-17,2,1.0,0.0,0.0,12.335
MPC,2020-02-17,2,1.0,0.0,0.0,12.335
PPOLag,2020-02-17,2,1.0,0.0012126283015351901,0.00983079287827475,12.335
EDF,2020-02-17,2,2.0,0.0,0.0,12.335
LLF,2020-02-17,2,2.0,0.0,0.0,12.335
MPC,2020-02-17,2,2.0,0.0,0.0,12.335
PPOLag,2020-02-17,2,2.0,0.0010533659962288055,0.008539651367886546,12.335
EDF,2020-02-18,9,0.5,0.0,0.0,3.729
LLF,2020-02-18,9,0.5,4.440892098500626e-16,1.1909069719765691e-14,3.729
MPC,2020-02-18,9,0.5,0.0,0.0,3.729
PPOLag,2020-02-18,9,0.5,-0.004240550655482433,-0.11371817257930901,3.729
EDF,2020-02-18,9,1.0,0.0,0.0,3.729
LLF,2020-02-18,9,1.0,4.440892098500626e-16,1.1909069719765691e-14,3.729
MPC,2020-02-18,9,1.0,0.0,0.0,3.729
PPOLag,2020-02-18,9,1.0,-0.009425830423069038,-0.2527709955234389,3.729
EDF,2020-02-18,9,2.0,0.0,0.0,3.729
LLF,2020-02-18,9,2.0,4.440892098500626e-16,1.1909069719765691e-14,3.729
MPC,2020-02-18,9,2.0,0.0,0.0,3.729
PPOLag,2020-02-18,9,2.0,-0.002144993792802552,-0.057521957436378446,3.729
EDF,2020-02-18,38,0.5,0.0,0.0,6.736
LLF,2020-02-18,38,0.5,0.0,0.0,6.736
MPC,2020-02-18,38,0.5,0.0,0.0,6.736
PPOLag,2020-02-18,38,0.5,0.0005553262220015398,0.008244154127101245,6.736
EDF,2020-02-18,38,1.0,0.0,0.0,6.736
LLF,2020-02-18,38,1.0,0.0,0.0,6.736
MPC,2020-02-18,38,1.0,8.881784197001252e-16,1.3185546610750078e-14,6.736
PPOLag,2020-02-18,38,1.0,0.00025298348454185773,0.0037556930603007367,6.736
EDF,2020-02-18,38,2.0,-1.7440000000000007,-25.890736342042764,6.736
LLF,2020-02-18,38,2.0,-1.7440000000000007,-25.890736342042764,6.736
MPC,2020-02-18,38,2.0,-1.7439999999999998,-25.890736342042754,6.736
PPOLag,2020-02-18,38,2.0,-1.776670782142895,-26.375753891670065,6.736
EDF,2020-02-18,26,0.5,0.0,0.0,6.723
LLF,2020-02-18,26,0.5,1.7763568394002505e-15,2.6422085964602864e-14,6.723
MPC,2020-02-18,26,0.5,-8.881784197001252e-16,-1.3211042982301432e-14,6.723
PPOLag,2020-02-18,26,0.5,0.0020037642479778127,0.029804614725238925,6.723
EDF,2020-02-18,26,1.0,0.0,0.0,6.723
LLF,2020-02-18,26,1.0,1.7763568394002505e-15,2.6422085964602864e-14,6.723
MPC,2020-02-18,26,1.0,8.881784197001252e-16,1.3211042982301432e-14,6.723
PPOLag,2020-02-18,26,1.0,0.00038763989676446895,0.00576587679256982,6.723
EDF,2020-02-18,26,2.0,0.0,0.0,6.723
LLF,2020-02-18,26,2.0,1.7763568394002505e-15,2.6422085964602864e-14,6.723
MPC,2020-02-18,26,2.0,8.881784197001252e-16,1.3211042982301432e-14,6.723
PPOLag,2020-02-18,26,2.0,0.0029196237731996533,0.04342739510932104,6.723
EDF,2020-02-18,8,0.5,0.0,0.0,17.266
LLF,2020-02-18,8,0.5,0.0,0.0,17.266
MPC,2020-02-18,8,0.5,0.0,0.0,17.266
PPOLag,2020-02-18,8,0.5,-0.002809780007650886,-0.016273485507071042,17.266
EDF,2020-02-18,8,1.0,3.552713678800501e-15,2.0576356300246155e-14,17.266
LLF,2020-02-18,8,1.0,0.0,0.0,17.266
MPC,2020-02-18,8,1.0,0.0,0.0,17.266
PPOLag,2020-02-18,8,1.0,-0.007329725983110791,-0.04245178954657009,17.266
EDF,2020-02-18,8,2.0,3.552713678800501e-15,2.0576356300246155e-14,17.266
LLF,2020-02-18,8,2.0,0.0,0.0,17.266
MPC,2020-02-18,8,2.0,0.0,0.0,17.266
PPOLag,2020-02-18,8,2.0,-0.0028542790592887,-0.016531211973176762,17.266
EDF,2020-02-18,22,0.5,0.0,0.0,1.999
LLF,2020-02-18,22,0.5,0.0,0.0,1.999
MPC,2020-02-18,22,0.5,0.0,0.0,1.999
PPOLag,2020-02-18,22,0.5,-0.008234401499818666,-0.41192603800993827,1.999
EDF,2020-02-18,22,1.0,0.0,0.0,1.999
LLF,2020-02-18,22,1.0,0.0,0.0,1.999
MPC,2020-02-18,22,1.0,0.0,0.0,1.999
PPOLag,2020-02-18,22,1.0,-0.0062749039052677254,-0.31390214633655456,1.999
EDF,2020-02-18,22,2.0,0.0,0.0,1.999
LLF,2020-02-18,22,2.0,0.0,0.0,1.999
MPC,2020-02-18,22,2.0,0.0,0.0,1.999
PPOLag,2020-02-18,22,2.0,-0.0031203997970867814,-0.1560980388737759,1.999
EDF,2020-02-19,33,0.5,0.0,0.0,1.613
LLF,2020-02-19,33,0.5,0.0,0.0,1.613
MPC,2020-02-19,33,0.5,0.0,0.0,1.613
PPOLag,2020-02-19,33,0.5,0.0004053284694865322,0.025128857376722397,1.613
EDF,2020-02-19,33,1.0,0.0,0.0,1.613
LLF,2020-02-19,33,1.0,0.0,0.0,1.613
MPC,2020-02-19,33,1.0,0.0,0.0,1.613
PPOLag,2020-02-19,33,1.0,0.003152164011925773,0.19542244339279433,1.613
EDF,2020-02-19,33,2.0,0.0,0.0,1.613
LLF,2020-02-19,33,2.0,0.0,0.0,1.613
MPC,2020-02-19,33,2.0,0.0,0.0,1.613
PPOLag,2020-02-19,33,2.0,0.0037765019097515395,0.23412907066035576,1.613
EDF,2020-02-19,8,0.5,0.0,0.0,5.29
LLF,2020-02-19,8,0.5,0.0,0.0,5.29
MPC,2020-02-19,8,0.5,-8.881784197001252e-16,-1.6789762187147924e-14,5.29
PPOLag,2020-02-19,8,0.5,-0.002105380618895936,-0.039799255555688764,5.29
EDF,2020-02-19,8,1.0,0.0,0.0,5.29
LLF,2020-02-19,8,1.0,0.0,0.0,5.29
MPC,2020-02-19,8,1.0,-8.881784197001252e-16,-1.6789762187147924e-14,5.29
PPOLag,2020-02-19,8,1.0,-0.005565698975570221,-0.10521170086144085,5.29
EDF,2020-02-19,8,2.0,0.0,0.0,5.29
LLF,2020-02-19,8,2.0,0.0,0.0,5.29
MPC,2020-02-19,8,2.0,0.0,0.0,5.29
PPOLag,2020-02-19,8,2.0,-0.03140929511425661,-0.5937484898725257,5.29
EDF,2020-02-19,10,0.5,0.0,0.0,2.985
LLF,2020-02-19,10,0.5,0.0,0.0,2.985
MPC,2020-02-19,10,0.5,4.440892098500626e-16,1.48773604639887e-14,2.985
PPOLag,2020-02-19,10,0.5,0.0028492358072274905,0.09545178583676685,2.985
EDF,2020-02-19,10,1.0,0.0,0.0,2.985
LLF,2020-02-19,10,1.0,0.0,0.0,2.985
MPC,2020-02-19,10,1.0,-4.440892098500626e-16,-1.48773604639887e-14,2.985
PPOLag,2020-02-19,10,1.0,0.003465802459635281,0.11610728507990893,2.985
EDF,2020-02-19,10,2.0,0.0,0.0,2.985
LLF,2020-02-19,10,2.0,0.0,0.0,2.985
MPC,2020-02-19,10,2.0,-4.440892098500626e-16,-1.48773604639887e-14,2.985
PPOLag,2020-02-19,10,2.0,0.00609409512226664,0.2041572905281957,2.985
EDF,2020-02-19,5,0.5,0.0,0.0,53.265
LLF,2020-02-19,5,0.5,0.0,0.0,53.265
MPC,2020-02-19,5,0.5,0.0,0.0,53.265
PPOLag,2020-02-19,5,0.5,-0.11607950391438919,-0.2179282904616337,53.265
EDF,2020-02-19,5,1.0,-0.016999999999967486,-0.03191589223686752,53.265
LLF,2020-02-19,5,1.0,-0.016999999999967486,-0.03191589223686752,53.265
MPC,2020-02-19,5,1.0,-0.016999999999967486,-0.03191589223686752,53.265
PPOLag,2020-02-19,5,1.0,-1.2200835479316012,-2.290591472696144,53.265
EDF,2020-02-19,5,2.0,-6.672999999999973,-12.527926405707262,53.265
LLF,2020-02-19,5,2.0,-6.672999999999973,-12.527926405707262,53.265
MPC,2020-02-19,5,2.0,-6.672999999999973,-12.527926405707262,53.265
PPOLag,2020-02-19,5,2.0,-7.56894321675882,-14.209975061970937,53.265
EDF,2020-02-19,39,0.5,0.0,0.0,2.087
LLF,2020-02-19,39,0.5,0.0,0.0,2.087
MPC,2020-02-19,39,0.5,0.0,0.0,2.087
PPOLag,2020-02-19,39,0.5,-0.004996030309517163,-0.23938813174495274,2.087
EDF,2020-02-19,39,1.0,0.0,0.0,2.087
LLF,2020-02-19,39,1.0,0.0,0.0,2.087
MPC,2020-02-19,39,1.0,0.0,0.0,2.087
PPOLag,2020-02-19,39,1.0,7.716536550530506e-05,0.003697430067336127,2.087
EDF,2020-02-19,39,2.0,0.0,0.0,2.087
LLF,2020-02-19,39,2.0,0.0,0.0,2.087
MPC,2020-02-19,39,2.0,0.0,0.0,2.087
PPOLag,2020-02-19,39,2.0,-0.00252518108263855,-0.12099573946519167,2.087
EDF,2020-02-20,38,0.5,0.0,0.0,2.2
LLF,2020-02-20,38,0.5,0.0,0.0,2.2
MPC,2020-02-20,38,0.5,0.0,0.0,2.2
PPOLag,2020-02-20,38,0.5,-0.001997330490907423,-0.09078774958670104,2.2
EDF,2020-02-20,38,1.0,0.0,0.0,2.2
LLF,2020-02-20,38,1.0,0.0,0.0,2.2
MPC,2020-02-20,38,1.0,0.0,0.0,2.2
PPOLag,2020-02-20,38,1.0,-0.009332975293344693,-0.42422614969748595,2.2
EDF,2020-02-20,38,2.0,0.0,0.0,2.2
LLF,2020-02-20,38,2.0,0.0,0.0,2.2
MPC,2020-02-20,38,2.0,0.0,0.0,2.2
PPOLag,2020-02-20,38,2.0,-0.019320444581357864,-0.8782020264253575,2.2
EDF,2020-02-20,11,0.5,0.0,0.0,0.834
LLF,2020-02-20,11,0.5,0.0,0.0,0.834
MPC,2020-02-20,11,0.5,0.0,0.0,0.834
PPOLag,2020-02-20,11,0.5,0.004935768633830629,0.5918187810348476,0.834
EDF,2020-02-20,11,1.0,0.0,0.0,0.834
LLF,2020-02-20,11,1.0,0.0,0.0,0.834
MPC,2020-02-20,11,1.0,0.0,0.0,0.834
PPOLag,2020-02-20,11,1.0,0.013552763060116435,1.625031541980388,0.834
EDF,2020-02-20,11,2.0,0.0,0.0,0.834
LLF,2020-02-20,11,2.0,0.0,0.0,0.834
MPC,2020-02-20,11,2.0,0.0,0.0,0.834
PPOLag,2020-02-20,11,2.0,0.025161689996349313,3.016989208195361,0.834
EDF,2020-02-20,26,0.5,0.0,0.0,2.865
LLF,2020-02-20,26,0.5,0.0,0.0,2.865
MPC,2020-02-20,26,0.5,0.0,0.0,2.865
PPOLag,2020-02-20,26,0.5,0.012566814091410094,0.4386322544994797,2.865
EDF,2020-02-20,26,1.0,0.0,0.0,2.865
LLF,2020-02-20,26,1.0,0.0,0.0,2.865
MPC,2020-02-20,26,1.0,0.0,0.0,2.865
PPOLag,2020-02-20,26,1.0,0.0195367095920985,0.6819095843664398,2.865
EDF,2020-02-20,26,2.0,0.0,0.0,2.865
LLF,2020-02-20,26,2.0,0.0,0.0,2.865
MPC,2020-02-20,26,2.0,0.0,0.0,2.865
PPOLag,2020-02-20,26,2.0,0.021572521201929096,0.7529675812191656,2.865
EDF,2020-02-20,29,0.5,0.0,0.0,5.861
LLF,2020-02-20,29,0.5,0.0,0.0,5.861
MPC,2020-02-20,29,0.5,0.0,0.0,5.861
PPOLag,2020-02-20,29,0.5,0.0009191270605313662,0.015682086001217645,5.861
EDF,2020-02-20,29,1.0,0.0,0.0,5.861
LLF,2020-02-20,29,1.0,0.0,0.0,5.861
MPC,2020-02-20,29,1.0,0.0,0.0,5.861
PPOLag,2020-02-20,29,1.0,0.004124571875132155,0.07037317650797056,5.861
EDF,2020-02-20,29,2.0,0.0,0.0,5.861
LLF,2020-02-20,29,2.0,0.0,0.0,5.861
MPC,2020-02-20,29,2.0,8.881784197001252e-16,1.515404230848192e-14,5.861
PPOLag,2020-02-20,29,2.0,0.003739481029510827,0.06380278159888805,5.861
EDF,2020-02-20,23,0.5,0.0,0.0,1.709
LLF,2020-02-20,23,0.5,0.0,0.0,1.709
MPC,2020-02-20,23,0.5,0.0,0.0,1.709
PPOLag,2020-02-20,23,0.5,-0.017105932375579603,-1.0009322630532242,1.709
EDF,2020-02-20,23,1.0,0.0,0.0,1.709
LLF,2020-02-20,23,1.0,0.0,0.0,1.709
MPC,2020-02-20,23,1.0,0.0,0.0,1.709
PPOLag,2020-02-20,23,1.0,-0.005455878003373727,-0.3192438855104579,1.709
EDF,2020-02-20,23,2.0,0.0,0.0,1.709
LLF,2020-02-20,23,2.0,-2.220446049250313e-16,-1.2992662663840333e-14,1.709
MPC,2020-02-20,23,2.0,0.0,0.0,1.709
PPOLag,2020-02-20,23,2.0,0.023749701351970742,1.3896841048549293,1.709
EDF,2020-02-21,0,0.5,0.0,0.0,5.776
LLF,2020-02-21,0,0.5,0.0,0.0,5.776
MPC,2020-02-21,0,0.5,0.0,0.0,5.776
PPOLag,2020-02-21,0,0.5,0.0011737092396147731,0.020320450824355487,5.776
EDF,2020-02-21,0,1.0,0.0,0.0,5.776
LLF,2020-02-21,0,1.0,0.0,0.0,5.776
MPC,2020-02-21,0,1.0,0.0,0.0,5.776
PPOLag,2020-02-21,0,1.0,-0.0031569594445221227,-0.054656500078291606,5.776
EDF,2020-02-21,0,2.0,-5.776000000000001,-100.00000000000001,5.776
LLF,2020-02-21,0,2.0,-5.776000000000001,-100.00000000000001,5.776
MPC,2020-02-21,0,2.0,-5.776000000000001,-100.00000000000001,5.776
PPOLag,2020-02-21,0,2.0,-5.771021128514084,-99.91380070142114,5.776
EDF,2020-02-21,5,0.5,0.0,0.0,5.742
LLF,2020-02-21,5,0.5,0.0,0.0,5.742
MPC,2020-02-21,5,0.5,8.881784197001252e-16,1.546810204981061e-14,5.742
PPOLag,2020-02-21,5,0.5,0.001059596605377955,0.018453441403308166,5.742
EDF,2020-02-21,5,1.0,0.0,0.0,5.742
LLF,2020-02-21,5,1.0,0.0,0.0,5.742
MPC,2020-02-21,5,1.0,8.881784197001252e-16,1.546810204981061e-14,5.742
PPOLag,2020-02-21,5,1.0,0.0022837236071357125,0.039772267626884586,5.742
EDF,2020-02-21,5,2.0,0.0,0.0,5.742
LLF,2020-02-21,5,2.0,0.0,0.0,5.742
MPC,2020-02-21,5,2.0,0.0,0.0,5.742
PPOLag,2020-02-21,5,2.0,0.0021020416127134566,0.03660817855648653,5.742
EDF,2020-02-21,25,0.5,0.0,0.0,9.297
LLF,2020-02-21,25,0.5,0.0,0.0,9.297
MPC,2020-02-21,25,0.5,0.0,0.0,9.297
PPOLag,2020-02-21,25,0.5,0.002435049751920104,0.02619177962697757,9.297
EDF,2020-02-21,25,1.0,-1.7763568394002505e-15,-1.9106774652040984e-14,9.297
LLF,2020-02-21,25,1.0,0.0,0.0,9.297
MPC,2020-02-21,25,1.0,-1.7763568394002505e-15,-1.9106774652040984e-14,9.297
PPOLag,2020-02-21,25,1.0,0.0004281130327107974,0.00460485137905558,9.297
EDF,2020-02-21,25,2.0,1.7763568394002505e-15,1.9106774652040984e-14,9.297
LLF,2020-02-21,25,2.0,0.0,0.0,9.297
MPC,2020-02-21,25,2.0,0.0,0.0,9.297
PPOLag,2020-02-21,25,2.0,-0.0005332059969717307,-0.005735247896867063,9.297
EDF,2020-02-21,33,0.5,0.0,0.0,0.887
LLF,2020-02-21,33,0.5,1.1102230246251565e-16,1.2516606816518112e-14,0.887
MPC,2020-02-21,33,0.5,0.0,0.0,0.887
PPOLag,2020-02-21,33,0.5,-8.146618659516935e-05,-0.009184462975780086,0.887
EDF,2020-02-21,33,1.0,0.0,0.0,0.887
LLF,2020-02-21,33,1.0,1.1102230246251565e-16,1.2516606816518112e-14,0.887
MPC,2020-02-21,33,1.0,0.0,0.0,0.887
PPOLag,2020-02-21,33,1.0,0.003684138443018936,0.41534818974283383,0.887
EDF,2020-02-21,33,2.0,0.0,0.0,0.887
LLF,2020-02-21,33,2.0,1.1102230246251565e-16,1.2516606816518112e-14,0.887
MPC,2020-02-21,33,2.0,0.0,0.0,0.887
PPOLag,2020-02-21,33,2.0,-0.0025692350995633493,-0.2896544644378071,0.887
EDF,2020-02-21,26,0.5,0.0,0.0,15.892
LLF,2020-02-21,26,0.5,0.0,0.0,15.892
MPC,2020-02-21,26,0.5,1.7763568394002505e-15,1.1177679583439784e-14,15.892
PPOLag,2020-02-21,26,0.5,-0.00019758675990075858,-0.0012433095891062082,15.892
EDF,2020-02-21,26,1.0,0.0,0.0,15.892
LLF,2020-02-21,26,1.0,0.0,0.0,15.892
MPC,2020-02-21,26,1.0,3.552713678800501e-15,2.235535916687957e-14,15.892
PPOLag,2020-02-21,26,1.0,-0.002782439434387385,-0.01750842835632636,15.892
EDF,2020-02-21,26,2.0,-2.580000000000002,-16.234583438207913,15.892
LLF,2020-02-21,26,2.0,-2.580000000000002,-16.234583438207913,15.892
MPC,2020-02-21,26,2.0,-2.5799999999999983,-16.234583438207892,15.892
PPOLag,2020-02-21,26,2.0,-3.3840070247107166,-21.2937768985069,15.892
EDF,2020-02-24,14,0.5,0.0,0.0,4.162
LLF,2020-02-24,14,0.5,0.0,0.0,4.162
MPC,2020-02-24,14,0.5,0.0,0.0,4.162
PPOLag,2020-02-24,14,0.5,0.0010140924948160545,0.024365509245940765,4.162
EDF,2020-02-24,14,1.0,0.0,0.0,4.162
LLF,2020-02-24,14,1.0,0.0,0.0,4.162
MPC,2020-02-24,14,1.0,0.0,0.0,4.162
PPOLag,2020-02-24,14,1.0,0.002131428025367832,0.05121162963401806,4.162
EDF,2020-02-24,14,2.0,0.0,0.0,4.162
LLF,2020-02-24,14,2.0,0.0,0.0,4.162
MPC,2020-02-24,14,2.0,0.0,0.0,4.162
PPOLag,2020-02-24,14,2.0,0.004001157141357759,0.09613544308884571,4.162
EDF,2020-02-24,5,0.5,0.0,0.0,0.931
LLF,2020-02-24,5,0.5,0.0,0.0,0.931
MPC,2020-02-24,5,0.5,0.0,0.0,0.931
PPOLag,2020-02-24,5,0.5,0.0003933250895018503,0.0422475928573416,0.931
EDF,2020-02-24,5,1.0,0.0,0.0,0.931
LLF,2020-02-24,5,1.0,0.0,0.0,0.931
MPC,2020-02-24,5,1.0,0.0,0.0,0.931
PPOLag,2020-02-24,5,1.0,0.000666799598108958,0.07162186875499013,0.931
EDF,2020-02-24,5,2.0,0.0,0.0,0.931
LLF,2020-02-24,5,2.0,0.0,0.0,0.931
MPC,2020-02-24,5,2.0,0.0,0.0,0.931
PPOLag,2020-02-24,5,2.0,0.0009148827478590915,0.09826882361536965,0.931
EDF,2020-02-24,13,0.5,-8.881784197001252e-16,-1.986087700581675e-14,4.472
LLF,2020-02-24,13,0.5,8.881784197001252e-16,1.986087700581675e-14,4.472
MPC,2020-02-24,13,0.5,0.0,0.0,4.472
PPOLag,2020-02-24,13,0.5,-0.0009547984560581924,-0.021350591593430064,4.472
EDF,2020-02-24,13,1.0,-1.7763568394002505e-15,-3.97217540116335e-14,4.472
LLF,2020-02-24,13,1.0,8.881784197001252e-16,1.986087700581675e-14,4.472
MPC,2020-02-24,13,1.0,0.0,0.0,4.472
PPOLag,2020-02-24,13,1.0,0.000507750909748772,0.011354000665222986,4.472
EDF,2020-02-24,13,2.0,-1.7763568394002505e-15,-3.97217540116335e-14,4.472
LLF,2020-02-24,13,2.0,0.0,0.0,4.472
MPC,2020-02-24,13,2.0,0.0,0.0,4.472
PPOLag,2020-02-24,13,2.0,0.002339393899094411,0.05231202815506285,4.472
EDF,2020-02-24,19,0.5,0.0,0.0,29.888
LLF,2020-02-24,19,0.5,0.0,0.0,29.888
MPC,2020-02-24,19,0.5,3.552713678800501e-15,1.1886756152303602e-14,29.888
PPOLag,2020-02-24,19,0.5,-0.002842383537048221,-0.009510116224063909,29.888
EDF,2020-02-24,19,1.0,0.0,0.0,29.888
LLF,2020-02-24,19,1.0,0.0,0.0,29.888
MPC,2020-02-24,19,1.0,0.0,0.0,29.888
PPOLag,2020-02-24,19,1.0,-0.0032595551472162755,-0.010905899180996638,29.888
EDF,2020-02-24,19,2.0,0.0,0.0,29.888
LLF,2020-02-24,19,2.0,0.0,0.0,29.888
MPC,2020-02-24,19,2.0,0.0,0.0,29.888
PPOLag,2020-02-24,19,2.0,-0.007880184282828395,-0.026365712937728835,29.888
EDF,2020-02-24,0,0.5,0.0,0.0,28.692
LLF,2020-02-24,0,0.5,0.0,0.0,28.692
MPC,2020-02-24,0,0.5,7.105427357601002e-15,2.476448960546843e-14,28.692
PPOLag,2020-02-24,0,0.5,-0.0028307275874119853,-0.009865912405590357,28.692
EDF,2020-02-24,0,1.0,0.0,0.0,28.692
LLF,2020-02-24,0,1.0,3.552713678800501e-15,1.2382244802734215e-14,28.692
MPC,2020-02-24,0,1.0,3.552713678800501e-15,1.2382244802734215e-14,28.692
PPOLag,2020-02-24,0,1.0,-0.001966837372260244,-0.006855002691552502,28.692
EDF,2020-02-24,0,2.0,0.0,0.0,28.692
LLF,2020-02-24,0,2.0,3.552713678800501e-15,1.2382244802734215e-14,28.692
MPC,2020-02-24,0,2.0,7.105427357601002e-15,2.476448960546843e-14,28.692
PPOLag,2020-02-24,0,2.0,0.00037107032346668235,0.001293288454853905,28.692
EDF,2020-02-25,14,0.5,0.0,0.0,0.928
LLF,2020-02-25,14,0.5,0.0,0.0,0.928
MPC,2020-02-25,14,0.5,0.0,0.0,0.928
PPOLag,2020-02-25,14,0.5,0.0005831752065536655,0.06284215587862775,0.928
EDF,2020-02-25,14,1.0,0.0,0.0,0.928
LLF,2020-02-25,14,1.0,0.0,0.0,0.928
MPC,2020-02-25,14,1.0,0.0,0.0,0.928
PPOLag,2020-02-25,14,1.0,0.0014924443263586661,0.16082374206451142,0.928
EDF,2020-02-25,14,2.0,0.0,0.0,0.928
LLF,2020-02-25,14,2.0,0.0,0.0,0.928
MPC,2020-02-25,14,2.0,0.0,0.0,0.928
PPOLag,2020-02-25,14,2.0,0.004207551527180086,0.45339994904957825,0.928
EDF,2020-02-25,3,0.5,0.0,0.0,4.957
LLF,2020-02-25,3,0.5,-8.881784197001252e-16,-1.791766027234467e-14,4.957
MPC,2020-02-25,3,0.5,8.881784197001252e-16,1.791766027234467e-14,4.957
PPOLag,2020-02-25,3,0.5,0.001281792657967884,0.025858233971512695,4.957
EDF,2020-02-25,3,1.0,0.0,0.0,4.957
LLF,2020-02-25,3,1.0,-8.881784197001252e-16,-1.791766027234467e-14,4.957
MPC,2020-02-25,3,1.0,8.881784197001252e-16,1.791766027234467e-14,4.957
PPOLag,2020-02-25,3,1.0,0.002694815998880884,0.05436384907970312,4.957
EDF,2020-02-25,3,2.0,0.0,0.0,4.957
LLF,2020-02-25,3,2.0,-8.881784197001252e-16,-1.791766027234467e-14,4.957
MPC,2020-02-25,3,2.0,8.881784197001252e-16,1.791766027234467e-14,4.957
PPOLag,2020-02-25,3,2.0,0.004777702365920256,0.09638294060763074,4.957
EDF,2020-02-25,10,0.5,-8.881784197001252e-16,-1.2836803290939808e-14,6.919
LLF,2020-02-25,10,0.5,8.881784197001252e-16,1.2836803290939808e-14,6.919
MPC,2020-02-25,10,0.5,8.881784197001252e-16,1.2836803290939808e-14,6.919
PPOLag,2020-02-25,10,0.5,0.0006737684618707718,0.009737945683925015,6.919
EDF,2020-02-25,10,1.0,-8.881784197001252e-16,-1.2836803290939808e-14,6.919
LLF,2020-02-25,10,1.0,8.881784197001252e-16,1.2836803290939808e-14,6.919
MPC,2020-02-25,10,1.0,0.0,0.0,6.919
PPOLag,2020-02-25,10,1.0,0.001541015271698143,0.02227222534612145,6.919
EDF,2020-02-25,10,2.0,-8.881784197001252e-16,-1.2836803290939808e-14,6.919
LLF,2020-02-25,10,2.0,8.881784197001252e-16,1.2836803290939808e-14,6.919
MPC,2020-02-25,10,2.0,0.0,0.0,6.919
PPOLag,2020-02-25,10,2.0,0.005471487247489826,0.07907916241494185,6.919
EDF,2020-02-25,6,0.5,0.0,0.0,13.548
LLF,2020-02-25,6,0.5,0.0,0.0,13.548
MPC,2020-02-25,6,0.5,0.0,0.0,13.548
PPOLag,2020-02-25,6,0.5,0.0022719439650007445,0.016769589348986893,13.548
EDF,2020-02-25,6,1.0,-1.7763568394002505e-15,-1.3111579859759746e-14,13.548
LLF,2020-02-25,6,1.0,0.0,0.0,13.548
MPC,2020-02-25,6,1.0,0.0,0.0,13.548
PPOLag,2020-02-25,6,1.0,0.00021340696185028206,0.0015751916286557582,13.548
EDF,2020-02-25,6,2.0,-1.7763568394002505e-15,-1.3111579859759746e-14,13.548
LLF,2020-02-25,6,2.0,0.0,0.0,13.548
MPC,2020-02-25,6,2.0,0.0,0.0,13.548
PPOLag,2020-02-25,6,2.0,0.0060474614410722435,0.04463730027363629,13.548
EDF,2020-02-25,19,0.5,1.7763568394002505e-15,2.7895050869978807e-14,6.368
LLF,2020-02-25,19,0.5,8.881784197001252e-16,1.3947525434989404e-14,6.368
MPC,2020-02-25,19,0.5,0.0,0.0,6.368
PPOLag,2020-02-25,19,0.5,0.0012004407790888294,0.018851142887701466,6.368
EDF,2020-02-25,19,1.0,1.7763568394002505e-15,2.7895050869978807e-14,6.368
LLF,2020-02-25,19,1.0,0.0,0.0,6.368
MPC,2020-02-25,19,1.0,0.0,0.0,6.368
PPOLag,2020-02-25,19,1.0,0.001775431579542719,0.027880521035532645,6.368
EDF,2020-02-25,19,2.0,8.881784197001252e-16,1.3947525434989404e-14,6.368
LLF,2020-02-25,19,2.0,0.0,0.0,6.368
MPC,2020-02-25,19,2.0,0.0,0.0,6.368
PPOLag,2020-02-25,19,2.0,0.0024497304861036185,0.038469385774240236,6.368
EDF,2020-02-26,25,0.5,0.0,0.0,3.157
LLF,2020-02-26,25,0.5,0.0,0.0,3.157
MPC,2020-02-26,25,0.5,0.0,0.0,3.157
PPOLag,2020-02-26,25,0.5,-3.4532879342119574e-05,-0.0010938511036464858,3.157
EDF,2020-02-26,25,1.0,0.0,0.0,3.157
LLF,2020-02-26,25,1.0,0.0,0.0,3.157
MPC,2020-02-26,25,1.0,0.0,0.0,3.157
PPOLag,2020-02-26,25,1.0,-0.0011940776786720341,-0.03782317639125861,3.157
EDF,2020-02-26,25,2.0,0.0,0.0,3.157
LLF,2020-02-26,25,2.0,4.440892098500626e-16,1.4066810574914875e-14,3.157
MPC,2020-02-26,25,2.0,0.0,0.0,3.157
PPOLag,2020-02-26,25,2.0,-0.009137658937865112,-0.28944120804134027,3.157
EDF,2020-02-26,36,0.5,0.0,0.0,5.707
LLF,2020-02-26,36,0.5,0.0,0.0,5.707
MPC,2020-02-26,36,0.5,-0.7149999999999981,-12.528473804100193,5.707
PPOLag,2020-02-26,36,0.5,-0.004419537466137413,-0.07744064247656235,5.707
EDF,2020-02-26,36,1.0,0.0,0.0,5.707
LLF,2020-02-26,36,1.0,0.0,0.0,5.707
MPC,2020-02-26,36,1.0,1.7763568394002505e-15,3.112593025057386e-14,5.707
PPOLag,2020-02-26,36,1.0,-0.0032181080788339146,-0.0563887870831245,5.707
EDF,2020-02-26,36,2.0,-2.379000000000001,-41.6856492027335,5.707
LLF,2020-02-26,36,2.0,-2.379000000000001,-41.6856492027335,5.707
MPC,2020-02-26,36,2.0,-2.3789999999999982,-41.68564920273346,5.707
PPOLag,2020-02-26,36,2.0,-2.418246658083482,-42.373342528184374,5.707
EDF,2020-02-26,39,0.5,-3.3279999999999994,-22.22222222222222,14.975999999999999
LLF,2020-02-26,39,0.5,-3.3279999999999994,-22.22222222222222,14.975999999999999
MPC,2020-02-26,39,0.5,-3.3279999999999994,-22.22222222222222,14.975999999999999
PPOLag,2020-02-26,39,0.5,-3.2782749404907237,-21.890190574857932,14.975999999999999
EDF,2020-02-26,39,1.0,-6.655999999999999,-44.44444444444444,14.975999999999999
LLF,2020-02-26,39,1.0,-6.655999999999999,-44.44444444444444,14.975999999999999
MPC,2020-02-26,39,1.0,-6.655999999999999,-44.44444444444444,14.975999999999999
PPOLag,2020-02-26,39,1.0,-6.5856842544555665,-43.97492157088386,14.975999999999999
EDF,2020-02-26,39,2.0,-13.312,-88.8888888888889,14.975999999999999
LLF,2020-02-26,39,2.0,-13.312,-88.8888888888889,14.975999999999999
MPC,2020-02-26,39,2.0,-13.312,-88.8888888888889,14.975999999999999
PPOLag,2020-02-26,39,2.0,-13.20023874053955,-88.14261979526944,14.975999999999999
EDF,2020-02-26,2,0.5,0.0,0.0,3.119
LLF,2020-02-26,2,0.5,0.0,0.0,3.119
MPC,2020-02-26,2,0.5,0.0,0.0,3.119
PPOLag,2020-02-26,2,0.5,0.0008549586226817673,0.02741130563263121,3.119
EDF,2020-02-26,2,1.0,0.0,0.0,3.119
LLF,2020-02-26,2,1.0,0.0,0.0,3.119
MPC,2020-02-26,2,1.0,0.0,0.0,3.119
PPOLag,2020-02-26,2,1.0,0.0010308865853274618,0.03305183024454831,3.119
EDF,2020-02-26,2,2.0,0.0,0.0,3.119
LLF,2020-02-26,2,2.0,0.0,0.0,3.119
MPC,2020-02-26,2,2.0,0.0,0.0,3.119
PPOLag,2020-02-26,2,2.0,-0.0020988014872720838,-0.06729084601705944,3.119
EDF,2020-02-26,13,0.5,8.881784197001252e-16,1.4955016327666697e-14,5.939
LLF,2020-02-26,13,0.5,8.881784197001252e-16,1.4955016327666697e-14,5.939
MPC,2020-02-26,13,0.5,-0.669999999999999,-11.281360498400387,5.939
PPOLag,2020-02-26,13,0.5,-0.004067113067145023,-0.06848144581823579,5.939
EDF,2020-02-26,13,1.0,0.0,0.0,5.939
LLF,2020-02-26,13,1.0,1.7763568394002505e-15,2.9910032655333395e-14,5.939
MPC,2020-02-26,13,1.0,0.0,0.0,5.939
PPOLag,2020-02-26,13,1.0,-0.00389662629804004,-0.06561081491901061,5.939
EDF,2020-02-26,13,2.0,0.0,0.0,5.939
LLF,2020-02-26,13,2.0,8.881784197001252e-16,1.4955016327666697e-14,5.939
MPC,2020-02-26,13,2.0,8.881784197001252e-16,1.4955016327666697e-14,5.939
PPOLag,2020-02-26,13,2.0,-0.0033205537704963815,-0.055910991252675235,5.939
EDF,2020-02-27,34,0.5,0.0,0.0,9.559
LLF,2020-02-27,34,0.5,0.0,0.0,9.559
MPC,2020-02-27,34,0.5,0.0,0.0,9.559
PPOLag,2020-02-27,34,0.5,0.0040857814777691456,0.042742770977813004,9.559
EDF,2020-02-27,34,1.0,0.0,0.0,9.559
LLF,2020-02-27,34,1.0,0.0,0.0,9.559
MPC,2020-02-27,34,1.0,0.0,0.0,9.559
PPOLag,2020-02-27,34,1.0,-0.0010980423757199985,-0.011487000478292687,9.559
EDF,2020-02-27,34,2.0,-6.231000000000002,-65.18464274505703,9.559
LLF,2020-02-27,34,2.0,-6.231000000000002,-65.18464274505703,9.559
MPC,2020-02-27,34,2.0,-6.230999999999998,-65.184642745057,9.559
PPOLag,2020-02-27,34,2.0,-6.237522894542442,-65.25288099741022,9.559
EDF,2020-02-27,8,0.5,0.0,0.0,4.535
LLF,2020-02-27,8,0.5,0.0,0.0,4.535
MPC,2020-02-27,8,0.5,0.0,0.0,4.535
PPOLag,2020-02-27,8,0.5,0.0003679901180497325,0.00811444582248583,4.535
EDF,2020-02-27,8,1.0,0.0,0.0,4.535
LLF,2020-02-27,8,1.0,0.0,0.0,4.535
MPC,2020-02-27,8,1.0,0.0,0.0,4.535
PPOLag,2020-02-27,8,1.0,0.0007439853774087624,0.01640541074771251,4.535
EDF,2020-02-27,8,2.0,0.0,0.0,4.535
LLF,2020-02-27,8,2.0,0.0,0.0,4.535
MPC,2020-02-27,8,2.0,0.0,0.0,4.535
PPOLag,2020-02-27,8,2.0,0.0019067848740146331,0.04204597296614406,4.535
EDF,2020-02-27,7,0.5,0.0,0.0,0.723
LLF,2020-02-27,7,0.5,0.0,0.0,0.723
MPC,2020-02-27,7,0.5,0.0,0.0,0.723
PPOLag,2020-02-27,7,0.5,0.00022217291060053768,0.030729309903255557,0.723
EDF,2020-02-27,7,1.0,0.0,0.0,0.723
LLF,2020-02-27,7,1.0,0.0,0.0,0.723
MPC,2020-02-27,7,1.0,0.0,0.0,0.723
PPOLag,2020-02-27,7,1.0,0.0006794625502916096,0.09397822272359746,0.723
EDF,2020-02-27,7,2.0,0.0,0.0,0.723
LLF,2020-02-27,7,2.0,0.0,0.0,0.723
MPC,2020-02-27,7,2.0,0.0,0.0,0.723
PPOLag,2020-02-27,7,2.0,0.001127024178112146,0.15588162906115435,0.723
EDF,2020-02-27,14,0.5,0.0,0.0,13.433
LLF,2020-02-27,14,0.5,0.0,0.0,13.433
MPC,2020-02-27,14,0.5,0.0,0.0,13.433
PPOLag,2020-02-27,14,0.5,-0.0007069969023252298,-0.005263134834550955,13.433
EDF,2020-02-27,14,1.0,0.0,0.0,13.433
LLF,2020-02-27,14,1.0,0.0,0.0,13.433
MPC,2020-02-27,14,1.0,0.0,0.0,13.433
PPOLag,2020-02-27,14,1.0,-0.0019288460532379758,-0.0143590117861831,13.433
EDF,2020-02-27,14,2.0,0.0,0.0,13.433
LLF,2020-02-27,14,2.0,0.0,0.0,13.433
MPC,2020-02-27,14,2.0,-1.7763568394002505e-15,-1.3223828179857445e-14,13.433
PPOLag,2020-02-27,14,2.0,-0.007638857946326993,-0.05686635856716291,13.433
EDF,2020-02-27,13,0.5,0.0,0.0,11.05
LLF,2020-02-27,13,0.5,0.0,0.0,11.05
MPC,2020-02-27,13,0.5,0.0,0.0,11.05
PPOLag,2020-02-27,13,0.5,-0.0041443273824775416,-0.03750522518079223,11.05
EDF,2020-02-27,13,1.0,0.0,0.0,11.05
LLF,2020-02-27,13,1.0,-1.7763568394002505e-15,-1.607562750588462e-14,11.05
MPC,2020-02-27,13,1.0,1.7763568394002505e-15,1.607562750588462e-14,11.05
PPOLag,2020-02-27,13,1.0,2.2184440190997635e-05,0.0002007641646244132,11.05
EDF,2020-02-27,13,2.0,0.0,0.0,11.05
LLF,2020-02-27,13,2.0,-1.7763568394002505e-15,-1.607562750588462e-14,11.05
MPC,2020-02-27,13,2.0,1.7763568394002505e-15,1.607562750588462e-14,11.05
PPOLag,2020-02-27,13,2.0,-0.0019333617545726155,-0.0174964864667205,11.05
EDF,2020-02-28,5,0.5,0.0,0.0,8.092
LLF,2020-02-28,5,0.5,0.0,0.0,8.092
MPC,2020-02-28,5,0.5,-1.7763568394002505e-15,-2.1952012350472694e-14,8.092
PPOLag,2020-02-28,5,0.5,-0.0020190294300242327,-0.024950932155514492,8.092
EDF,2020-02-28,5,1.0,0.0,0.0,8.092
LLF,2020-02-28,5,1.0,0.0,0.0,8.092
MPC,2020-02-28,5,1.0,-1.7763568394002505e-15,-2.1952012350472694e-14,8.092
PPOLag,2020-02-28,5,1.0,-0.0043759914262583525,-0.05407799587565931,8.092
EDF,2020-02-28,5,2.0,0.0,0.0,8.092
LLF,2020-02-28,5,2.0,0.0,0.0,8.092
MPC,2020-02-28,5,2.0,-1.7763568394002505e-15,-2.1952012350472694e-14,8.092
PPOLag,2020-02-28,5,2.0,-0.027966019396390606,-0.3456008328767993,8.092
EDF,2020-02-28,20,0.5,0.0,0.0,4.164
LLF,2020-02-28,20,0.5,0.0,0.0,4.164
MPC,2020-02-28,20,0.5,0.0,0.0,4.164
PPOLag,2020-02-28,20,0.5,1.3302918617341675e-05,0.00031947451050292204,4.164
EDF,2020-02-28,20,1.0,0.0,0.0,4.164
LLF,2020-02-28,20,1.0,0.0,0.0,4.164
MPC,2020-02-28,20,1.0,0.0,0.0,4.164
PPOLag,2020-02-28,20,1.0,-0.0010340015282444882,-0.024831929112499714,4.164
EDF,2020-02-28,20,2.0,0.0,0.0,4.164
LLF,2020-02-28,20,2.0,0.0,0.0,4.164
MPC,2020-02-28,20,2.0,0.0,0.0,4.164
PPOLag,2020-02-28,20,2.0,-0.004929213270002819,-0.11837687968306483,4.164
EDF,2020-02-28,29,0.5,0.0,0.0,7.888
LLF,2020-02-28,29,0.5,0.0,0.0,7.888
MPC,2020-02-28,29,0.5,0.0,0.0,7.888
PPOLag,2020-02-28,29,0.5,0.003721033194685042,0.04717334171760955,7.888
EDF,2020-02-28,29,1.0,0.0,0.0,7.888
LLF,2020-02-28,29,1.0,0.0,0.0,7.888
MPC,2020-02-28,29,1.0,-8.881784197001252e-16,-1.1259868403906254e-14,7.888
PPOLag,2020-02-28,29,1.0,0.003470185183505237,0.043993219872023794,7.888
EDF,2020-02-28,29,2.0,-1.232000000000001,-15.618661257606504,7.888
LLF,2020-02-28,29,2.0,-1.232000000000001,-15.618661257606504,7.888
MPC,2020-02-28,29,2.0,-1.232000000000001,-15.618661257606504,7.888
PPOLag,2020-02-28,29,2.0,-1.3123683254712304,-16.637529481126144,7.888
EDF,2020-02-28,33,0.5,0.0,0.0,0.559
LLF,2020-02-28,33,0.5,0.0,0.0,0.559
MPC,2020-02-28,33,0.5,0.0,0.0,0.559
PPOLag,2020-02-28,33,0.5,0.0006106240824313546,0.1092350773580241,0.559
EDF,2020-02-28,33,1.0,0.0,0.0,0.559
LLF,2020-02-28,33,1.0,0.0,0.0,0.559
MPC,2020-02-28,33,1.0,0.0,0.0,0.559
PPOLag,2020-02-28,33,1.0,0.002862889240620481,0.51214476576395,0.559
EDF,2020-02-28,33,2.0,0.0,0.0,0.559
LLF,2020-02-28,33,2.0,0.0,0.0,0.559
MPC,2020-02-28,33,2.0,0.0,0.0,0.559
PPOLag,2020-02-28,33,2.0,0.0052594487656438815,0.9408673999362934,0.559
EDF,2020-02-28,7,0.5,0.0,0.0,11.282
LLF,2020-02-28,7,0.5,0.0,0.0,11.282
MPC,2020-02-28,7,0.5,-1.7763568394002505e-15,-1.5745052644923335e-14,11.282
PPOLag,2020-02-28,7,0.5,-0.001871393663275711,-0.01658742832189072,11.282
EDF,2020-02-28,7,1.0,0.0,0.0,11.282
LLF,2020-02-28,7,1.0,0.0,0.0,11.282
MPC,2020-02-28,7,1.0,0.0,0.0,11.282
PPOLag,2020-02-28,7,1.0,-0.004365088424066599,-0.03869073235301009,11.282
EDF,2020-02-28,7,2.0,0.0,0.0,11.282
LLF,2020-02-28,7,2.0,0.0,0.0,11.282
MPC,2020-02-28,7,2.0,-1.7763568394002505e-15,-1.5745052644923335e-14,11.282
PPOLag,2020-02-28,7,2.0,-0.015554170910290922,-0.1378671415554948,11.282
