method,date,n_veh,dropped,cost,kwh,cost_per_kwh,unmet_share,miss_rate,grid_viol,grid_max_excess,high_power_ratio,jain,cost1_sum,cost2_sum,ms_per_step,peak_power,U_dur_0_2h,U_dur_2_4h,U_dur_4_8h,U_dur_8_24h,gap_cost_per_kwh,gap_U
FCFS,2021-01-01,3.0,0.0,1.33909156,7.195,0.18611418485059067,0.0,0.0,0.0,0.0,0.8,1.0,0.0,0.07407407407407407,0.039918406249247106,6.656,0.0,,,,0.40164263797192,0.0
FCFS,2021-01-04,2.0,0.0,2.63053152,9.864,0.26668,0.0,0.0,0.0,0.0,0.7142857142857143,0.9999999999999998,0.0,0.09259259259259259,0.0383741250213158,6.656,0.0,0.0,,,-4.163128185935039e-16,-1.800848377331965e-16
FCFS,2021-01-05,5.0,0.0,5.40655302,29.895000000000003,0.18085141394882084,0.0,0.0,0.0,0.0,0.85,0.9999999999999999,0.0,0.31481481481481477,0.03860503132576317,13.312,0.0,0.0,0.0,,0.05664481574368698,-5.941986417127446e-17
FCFS,2021-01-06,3.0,0.0,1.84306398,11.007000000000001,0.16744471518124826,0.0,0.0,0.0,0.0,0.625,0.9999999999999998,0.0,0.09259259259259259,0.040086375065584434,6.656,0.0,,0.0,0.0,0.24627886086898604,-8.069214315436768e-17
FCFS,2021-01-07,3.0,0.0,1.48612988,9.728000000000002,0.1527682853618421,0.0,0.0,0.0,0.0,0.7142857142857143,0.9999999999999998,0.0,0.09259259259259259,0.0384479167223617,6.656,0.0,,0.0,0.0,0.3268975083221164,-9.13012355777267e-17
FCFS,2021-01-08,2.0,0.0,1.47154024,5.518,0.26668,0.0,0.0,0.0,0.0,0.6,1.0,0.0,0.05555555555555555,0.03813455199027279,6.656,0.0,,0.0,,0.34563011460340104,0.0
FCFS,2021-01-11,6.0,0.0,3.0344083599999996,22.444000000000003,0.13519908928889676,0.0,0.0,0.0,0.0,0.6875,0.9999999999999998,0.0,0.2037037037037037,0.03859939594500853,6.656,0.0,0.0,0.0,0.0,0.07783157196115678,-1.1871926836127143e-16
FCFS,2021-01-12,2.0,0.0,2.5664282199999997,11.167000000000002,0.2298225324617175,0.0,0.0,0.0,0.0,0.75,0.9999999999999998,0.0,0.1111111111111111,0.038087677088090764,6.656,,,0.0,,1.4845679185050533,-1.590719834691726e-16
FCFS,2021-01-13,3.0,0.0,1.47234028,5.521000000000001,0.26668,0.0,0.0,0.0,0.0,0.4,1.0,0.0,0.037037037037037035,0.03827691671176581,6.656,0.0,0.0,,,0.0,0.0
FCFS,2021-01-14,5.0,0.0,4.24185078,19.503,0.21749734810029225,0.0,0.0,0.0,0.0,0.7142857142857143,0.9999999999999999,0.0,0.18518518518518517,0.03865581250768931,9.772000000000002,0.0,0.0,0.0,,0.0940240601530753,-9.108121003949395e-17
FCFS,2021-01-15,3.0,0.0,2.2446912,9.504000000000001,0.23618383838383836,0.0,0.0,0.0,0.0,0.625,0.9999999999999998,0.0,0.09259259259259259,0.0386575520678889,6.656,0.0,0.0,,0.0,0.4004480428120647,-9.345311655093911e-17
FCFS,2021-01-18,3.0,0.0,2.2557718199999997,15.303,0.14740716330131343,0.0,0.0,0.0,0.0,0.9,1.0,0.0,0.16666666666666666,0.03870009383414678,6.656,0.0,,,,0.0,0.0
FCFS,2021-01-19,3.0,0.0,1.27381528,9.73,0.13091626721479957,0.0,0.0,0.0,0.0,0.5714285714285714,0.9999999999999998,0.0,0.07407407407407407,0.03862152076787121,6.656,0.0,0.0,0.0,,0.0,-9.12824686228289e-17
FCFS,2021-01-20,3.0,0.0,1.64066102,8.059999999999999,0.2035559578163772,0.0,0.0,0.0,0.0,0.5,1.0,0.0,0.05555555555555555,0.039481770727434196,6.656,0.0,0.0,,,0.0,0.0
FCFS,2021-01-21,4.0,0.0,3.29854646,20.978,0.15723836686052053,0.0,0.0,0.0,0.0,0.8571428571428571,1.0,0.0,0.2222222222222222,0.03880294798364048,13.312,0.0,0.0,,0.0,-1.7651910389179824e-16,-4.233856514920989e-17
FCFS,2021-01-22,3.0,0.0,1.261766,5.731999999999999,0.22012665736217726,0.0,0.0,0.0,0.0,0.75,1.0,0.0,0.05555555555555555,0.037939666678236485,6.656,0.0,,,,1.2608911591276429e-16,0.0
FCFS,2021-01-25,3.0,0.0,2.1553171200000003,17.823,0.12092897492004714,0.0,0.0,0.0,0.0,0.75,0.9999999999999998,0.0,0.16666666666666666,0.03877951045675824,13.312,0.0,,,0.0,0.0,-1.4949981816194667e-16
FCFS,2021-01-26,1.0,0.0,0.5432271599999999,2.037,0.26668,0.0,0.0,0.0,0.0,0.5,1.0,0.0,0.018518518518518517,0.038059895814512856,6.656,,0.0,,,0.0,0.0
FCFS,2021-01-27,3.0,0.0,2.60866006,23.368000000000002,0.11163386083533036,0.0,0.0,0.0,0.0,0.8125,0.9999999999999998,0.0,0.24074074074074073,0.03871570834235172,7.556000000000004,0.0,,0.0,0.0,-1.2431521855439002e-16,-7.601663982370123e-17
FCFS,2021-01-28,5.0,0.0,2.4319085200000004,14.731000000000002,0.16508780938157627,0.0,0.0,0.0,0.0,0.6363636363636364,1.0,0.0,0.12962962962962962,0.03877994792370979,6.656,0.0,0.0,0.0,0.0,0.16301483646693304,-6.029315183627217e-17
FCFS,2021-01-29,3.0,0.0,2.25916596,18.168,0.12434863276089828,0.0,0.0,0.0,0.0,1.0,1.0,0.0,0.2037037037037037,0.03842057291573534,6.656,0.0,,,0.0,0.0,0.0
FCFS,2021-02-01,4.0,0.0,2.5130175800000005,21.272000000000002,0.1181373439262881,0.0,0.0,0.0,0.0,0.7333333333333333,0.9999999999999998,0.0,0.2037037037037037,0.039015624982615314,13.312,0.0,,0.0,0.0,0.2771604748787902,-4.1753404461269524e-17
FCFS,2021-02-02,2.0,0.0,1.4870386,12.037,0.1235389715045277,0.0,0.0,0.0,0.0,0.875,0.9999999999999998,0.0,0.12962962962962962,0.03857639588507785,6.656,,,0.0,,0.33555644869759654,-1.475747145800657e-16
FCFS,2021-02-03,5.0,0.0,5.115336060000001,34.791000000000004,0.14703044063119772,0.0,0.0,0.0,0.0,0.9090909090909091,1.0000000000000002,0.0,0.37037037037037024,0.038913197840884095,13.312,0.0,0.0,0.0,,0.0,-1.2764485351098346e-16
FCFS,2021-02-04,1.0,0.0,0.61683084,2.313,0.26668,0.0,0.0,0.0,0.0,0.5,1.0,0.0,0.018518518518518517,0.03824001032626256,6.656,,,0.0,,1.8830270270270268,0.0
FCFS,2021-02-05,5.0,0.0,1.8266850399999999,16.447,0.11106493828661762,0.0,0.0,0.0,0.0,0.6923076923076923,1.0,0.0,0.16666666666666666,0.038226125070650596,6.656,0.0,0.0,,0.0,0.0,0.0
FCFS,2021-02-08,5.0,0.0,2.5262181800000003,23.213000000000005,0.10882773359755309,0.0,0.0,0.0,0.0,0.8125,0.9999999999999999,0.0,0.24074074074074073,0.03810590624198085,12.431999999999999,0.0,0.0,,0.0,-1.275206911790956e-16,-3.826211259639535e-17
FCFS,2021-02-09,5.0,0.0,4.43865298,28.852,0.15384212463607375,0.0,0.0,0.0,0.0,0.8421052631578947,0.9999999999999999,0.0,0.2962962962962963,0.03832768743450288,6.656,0.0,,0.0,0.0,0.10945121223157402,-1.231357853459206e-16
FCFS,2021-02-10,6.0,0.0,6.00100826,25.931,0.2314221688326713,0.0,0.0,0.0,0.0,0.7894736842105263,0.9999999999999998,0.0,0.2777777777777778,0.038186635417029414,13.312,0.0,0.0,0.0,,0.07199994760944632,0.0
FCFS,2021-02-11,4.0,0.0,2.1237075,22.959000000000003,0.09249999999999999,0.0,0.0,0.0,0.0,0.8666666666666667,0.9999999999999998,0.0,0.24074074074074073,0.03845833331676355,13.312,0.0,,,0.0,-3.0006027692571793e-16,-1.5474165594322493e-16
FCFS,2021-02-12,4.0,0.0,1.95371862,13.431000000000001,0.14546337726155908,0.0,0.0,0.0,0.0,0.6363636363636364,1.0,0.0,0.12962962962962962,0.039390187491032215,7.188,0.0,0.0,,0.0,0.1741922374234106,-6.612898665029597e-17
FCFS,2021-02-15,5.0,0.0,6.81729884,31.967000000000006,0.21326051365470639,0.0,0.0,0.0,0.0,0.8571428571428571,1.0000000000000002,0.0,0.3333333333333333,0.03967361453760532,13.312,0.0,,0.0,0.0,0.7106085363749034,-8.335268430257377e-17
FCFS,2021-02-16,7.0,0.0,4.331591700000001,38.232000000000006,0.11329754394224732,0.0,0.0,0.0,0.0,0.8076923076923077,0.9999999999999999,0.0,0.38888888888888873,0.039647999983571935,13.312,0.0,0.0,0.0,0.0,0.10054663755197413,-2.3231283210402942e-17
FCFS,2021-02-17,4.0,0.0,5.53021922,25.178000000000004,0.21964489713241717,0.0,0.0,0.0,0.0,0.8235294117647058,0.9999999999999998,0.0,0.25925925925925924,0.04023046873650552,6.656,0.0,0.0,0.0,,0.6915281430893618,-1.0582791560490807e-16
FCFS,2021-02-18,3.0,0.0,1.32217962,9.992999999999999,0.13231057940558394,0.0,0.0,0.0,0.0,0.625,1.0,0.0,0.09259259259259259,0.040029947892132135,13.312,,0.0,0.0,,0.2807547599681155,0.0
FCFS,2021-02-19,7.0,0.0,5.476258840000001,42.184000000000005,0.12981838706618623,1.0527432435285005e-17,0.0,0.0,0.0,0.7586206896551724,0.9999999999999997,0.0,0.4074074074074072,0.04070182285431656,13.312,0.0,1.1285621597206166e-16,0.0,0.0,0.1738336031129591,-6.316459461171003e-17
FCFS,2021-02-22,5.0,0.0,3.82130596,17.638,0.21665188570132668,0.0,0.0,0.0,0.0,0.6428571428571429,1.0,0.0,0.16666666666666666,0.03843749997637739,6.656,0.0,0.0,0.0,,0.2653734153079538,-5.035595984239285e-17
FCFS,2021-02-23,4.0,0.0,5.49072828,32.769000000000005,0.16755861576489972,0.0,0.0,0.0,0.0,0.8571428571428571,0.9999999999999996,0.0,0.33333333333333326,0.03959635417534931,13.312,0.0,0.0,0.0,,0.0,-1.0841690862707135e-16
FCFS,2021-02-24,3.0,0.0,3.19791067,12.469000000000001,0.2564688964632288,0.0,0.0,0.0,0.0,0.7,1.0,0.0,0.12962962962962962,0.03867838540827506,13.312,0.0,0.0,,,2.1644398988247976e-16,0.0
FCFS,2021-02-25,2.0,0.0,2.6010612199999996,12.530000000000001,0.20758668954509174,0.0,0.0,0.0,0.0,0.875,0.9999999999999998,0.0,0.12962962962962962,0.03867187494203487,6.656,,,,0.0,1.2441804275145047,-1.4176830322428176e-16
FCFS,2021-02-26,6.0,0.0,2.541793693249707,21.594391278375213,0.11770619789570445,2.0565025618238978e-17,0.0,0.0,0.0,0.75,1.0,0.0,0.2222222222222222,0.03946788547182223,13.312,0.0,1.1870869014970933e-16,0.0,,-2.3580385835096127e-16,-8.226010247295591e-17
FCFS,2021-03-01,6.0,0.0,5.11041582,38.06700000000001,0.13424792655055556,0.0,0.0,0.0,0.0,0.7692307692307693,0.9999999999999996,0.0,0.37037037037037024,0.03877994792370979,13.312,0.0,0.0,,0.0,0.0028369420437705287,-9.332791338430925e-17
FCFS,2021-03-02,5.0,0.0,18.372840739999994,86.36299999999999,0.21273972349269937,0.0,0.0,0.0,0.0,0.9090909090909091,1.0,0.0,0.9259259259259253,0.040029947892132135,19.968,0.0,0.0,0.0,0.0,0.34279638964504694,-1.0284246954136904e-17
FCFS,2021-03-03,4.0,0.0,2.49664356,19.662000000000006,0.12697810802563317,0.0,0.0,0.0,0.0,0.7692307692307693,0.9999999999999998,0.0,0.18518518518518517,0.03885156244602209,8.912,0.0,0.0,0.0,0.0,0.19321221202859035,-1.3551700025940266e-16
FCFS,2021-03-04,5.0,0.0,4.68960574,24.820000000000004,0.18894463094278804,0.0,0.0,0.0,0.0,0.8235294117647058,0.9999999999999999,0.0,0.25925925925925924,0.03871614580930327,13.312,0.0,0.0,0.0,,0.1708639384365205,-1.0735436176875003e-16
FCFS,2021-03-05,4.0,0.0,2.56507926,16.89,0.15186970159857904,0.0,0.0,0.0,0.0,0.75,0.9999999999999998,0.0,0.16666666666666666,0.03866363537478416,13.312,0.0,,0.0,0.0,0.19849278280135546,-5.258605208408083e-17
FCFS,2021-03-08,5.0,0.0,2.74766406,18.186,0.1510867733421313,0.0,0.0,0.0,0.0,0.6428571428571429,1.0,0.0,0.16666666666666666,0.03884418750506787,13.312,0.0,0.0,,0.0,0.0,0.0
FCFS,2021-03-09,5.0,0.0,3.0981810800000007,28.163000000000007,0.11000891524340446,0.0,0.0,0.0,0.0,0.75,1.0000000000000002,0.0,0.2777777777777778,0.038347218681641,13.312,,0.0,0.0,0.0,-1.2615148306033763e-16,-9.46112011895173e-17
FCFS,2021-03-10,2.0,0.0,3.6801840000000006,13.800000000000002,0.26668,0.0,0.0,0.0,0.0,0.8,0.9999999999999998,0.0,0.14814814814814814,0.03776779158215504,6.656,0.0,0.0,,,0.0,0.0
FCFS,2021-03-11,5.0,0.0,8.533777939999997,63.008,0.13543959401980696,0.0,0.0,0.0,0.0,0.9,1.0000000000000002,0.0,0.6666666666666664,0.038447052096065214,25.284,0.0,0.0,0.0,0.0,0.0,-2.81925603002833e-17
FCFS,2021-03-12,4.0,0.0,3.0857936599999998,16.955000000000002,0.18199903627248595,0.0,0.0,0.0,0.0,0.8333333333333334,1.0,0.0,0.18518518518518517,0.03876562504956382,6.656,,0.0,0.0,0.0,0.15038844534915569,-5.238445412563405e-17
FCFS,2021-03-15,5.0,0.0,4.48328404,21.535000000000004,0.20818593173902944,0.0,0.0,0.0,0.0,0.7333333333333333,0.9999999999999997,0.0,0.2037037037037037,0.038212239511873726,13.312,0.0,0.0,0.0,0.0,0.295233987093168,-1.2373045085211868e-16
FCFS,2021-03-16,5.0,0.0,3.4328608,17.698,0.19396885523787996,0.0,0.0,0.0,0.0,0.7692307692307693,1.0,0.0,0.18518518518518517,0.038653645939727234,7.408,0.0,0.0,0.0,,0.0,-5.018524238332722e-17
FCFS,2021-03-17,4.0,0.0,2.9523301600000003,15.418,0.1914859359190557,0.0,0.0,0.0,0.0,0.7272727272727273,1.0,0.0,0.14814814814814814,0.038292104212208265,6.656,0.0,0.0,,,2.898967538520601e-16,-5.76065909780857e-17
FCFS,2021-03-18,8.0,0.0,6.645818780000001,51.848000000000006,0.12817888404567196,0.0,0.0,0.0,0.0,0.8529411764705882,1.0,0.0,0.5370370370370369,0.038842885563402284,19.968,0.0,0.0,0.0,0.0,-2.1653781605509376e-16,-1.7130427783137735e-17
FCFS,2021-03-19,9.0,0.0,5.0443912200000005,38.709,0.13031572037510655,0.0,0.0,0.0,0.0,0.8076923076923077,1.0,0.0,0.38888888888888873,0.03899653135401119,19.18,0.0,0.0,0.0,0.0,0.0,-2.294501071327405e-17
FCFS,2021-03-22,6.0,0.0,6.41671588,34.64500000000001,0.18521333179390959,0.0,0.0,0.0,0.0,0.7916666666666666,0.9999999999999998,0.0,0.35185185185185175,0.039501739441523874,13.312,0.0,0.0,0.0,,0.2807273211839371,-1.0254621673547411e-16
FCFS,2021-03-23,5.0,0.0,6.961664460000001,27.438,0.2537234659960639,0.0,0.0,0.0,0.0,0.7368421052631579,1.0,0.0,0.25925925925925924,0.038817708324738,13.312,0.0,0.0,0.0,,0.3545234082615835,-9.71111327028346e-17
FCFS,2021-03-24,7.0,0.0,10.102115600000001,51.69500000000001,0.19541765354483026,0.0,0.0,0.0,0.0,0.8484848484848485,0.9999999999999997,0.0,0.5185185185185183,0.039269968662362466,13.312,0.0,0.0,0.0,0.0,0.20793875528355357,-6.872451259890706e-17
FCFS,2021-03-25,5.0,0.0,5.37726144,36.039,0.1492067327062349,0.0,0.0,0.0,0.0,0.8333333333333334,0.9999999999999997,0.0,0.37037037037037024,0.03892491668011644,13.312,0.0,0.0,0.0,,0.1425194939045774,-1.232246205083556e-16
FCFS,2021-03-26,7.0,0.0,15.357179639999993,76.866,0.19979158067285918,0.0,0.0,0.0,0.0,0.8979591836734694,0.9999999999999997,0.0,0.8148148148148147,0.039266062534200806,19.968,0.0,0.0,0.0,0.0,0.04443394405133801,-4.621957274738507e-17
FCFS,2021-03-29,7.0,0.0,15.019627299999998,79.411,0.18913786880910702,0.0,0.0,0.0,0.0,0.8823529411764706,0.9999999999999997,0.0,0.8333333333333327,0.039377177017740905,13.312,0.0,0.0,0.0,0.0,0.1505914513919334,-2.2369153384295004e-17
FCFS,2021-03-30,4.0,0.0,3.1770458799999997,14.215,0.22349953429475902,0.0,0.0,0.0,0.0,0.7272727272727273,1.0,0.0,0.14814814814814814,0.03874001034394799,9.296,0.0,0.0,0.0,0.0,0.17152103507363098,-6.248177416110624e-17
FCFS,2021-03-31,6.0,0.0,4.55152666,26.727999999999998,0.1702905814127507,0.0,0.0,0.0,0.0,0.8888888888888888,1.0,0.0,0.2962962962962963,0.038937062527111266,13.312,0.0,,0.0,0.0,0.09060871755162751,0.0
FCFS,2021-04-01,5.0,0.0,4.0620967,23.785000000000004,0.17078396888795455,0.0,0.0,0.0,0.0,0.8125,1.0,0.0,0.24074074074074073,0.03869878128170967,10.892,0.0,0.0,,0.0,0.0968382572656215,-1.1202586752576733e-16
FCFS,2021-04-02,4.0,0.0,3.20152724,16.406,0.1951436815799098,0.0,0.0,0.0,0.0,0.75,1.0,0.0,0.16666666666666666,0.038694447842620626,13.312,0.0,0.0,,0.0,0.02578331114127249,-5.4137414342321425e-17
FCFS,2021-04-05,5.0,0.0,3.20042218,18.874,0.16956777471654128,0.0,0.0,0.0,0.0,0.8461538461538461,1.0,0.0,0.2037037037037037,0.03863758335379922,6.656,0.0,0.0,,,0.0,0.0
FCFS,2021-04-06,9.0,0.0,3.8435139400000002,31.933,0.1203618181818182,0.0,0.0,0.0,0.0,0.6666666666666666,1.0,0.0,0.2962962962962963,0.039167968679976184,13.312,0.0,,0.0,0.0,0.12869345791205652,-5.562762156390725e-17
FCFS,2021-04-07,9.0,0.0,5.976973719999999,33.256,0.17972617632908344,0.0,0.0,0.0,0.0,0.7391304347826086,0.9999999999999998,0.0,0.31481481481481477,0.03914148965122877,13.312,0.0,0.0,0.0,0.0,0.10740013565442613,-1.0682925423383753e-16
FCFS,2021-04-08,5.0,0.0,3.44868046,19.447000000000006,0.17733740217000044,0.0,0.0,0.0,0.0,0.6428571428571429,0.9999999999999999,0.0,0.16666666666666666,0.03860851044616235,9.644000000000002,0.0,0.0,0.0,,0.050176305584953916,-9.134348945339899e-17
FCFS,2021-04-09,5.0,0.0,8.862703719999995,58.804,0.15071600095231608,7.552023839365735e-18,0.0,0.0,0.0,0.9459459459459459,1.0,0.0,0.6481481481481479,0.038679260493760616,19.968,0.0,1.207092171378262e-16,0.0,,0.0,0.0
FCFS,2021-04-12,5.0,0.0,5.622410820000001,29.244000000000003,0.19225861099712763,0.0,0.0,0.0,0.0,0.8,0.9999999999999999,0.0,0.2962962962962963,0.03870529159636741,13.312,0.0,0.0,,0.0,0.6117645294298478,-9.111391256669319e-17
FCFS,2021-04-13,6.0,0.0,5.3910315,30.648,0.17590157595927958,0.0,0.0,0.0,0.0,0.8,0.9999999999999996,0.0,0.2962962962962963,0.03858766679816957,6.656,0.0,0.0,0.0,0.0,0.09313439693167944,-5.795995952102097e-17
FCFS,2021-04-14,4.0,0.0,4.78307964,30.105000000000008,0.1588799083208769,0.0,0.0,0.0,0.0,0.8095238095238095,0.9999999999999998,0.0,0.3148148148148148,0.03867578122177898,13.312,0.0,0.0,0.0,0.0,0.08447348188155206,-2.950268791563279e-17
FCFS,2021-04-15,6.0,0.0,7.107238400000001,44.108000000000004,0.16113263807019135,0.0,0.0,0.0,0.0,0.8275862068965517,0.9999999999999998,0.0,0.4444444444444443,0.038714843716055235,18.116000000000003,0.0,0.0,,0.0,-1.7225297089431528e-16,-1.409551314478298e-16
FCFS,2021-04-16,6.0,0.0,5.173468440000001,33.318000000000005,0.15527547992076354,0.0,0.0,0.0,0.0,0.782608695652174,0.9999999999999996,0.0,0.33333333333333326,0.038927083399660965,13.312,0.0,0.0,0.0,0.0,0.07464130784364549,-5.3315230187893946e-17
FCFS,2021-04-19,7.0,0.0,3.9676883,20.42,0.1943040303623898,2.174775758325478e-17,0.0,0.0,0.0,0.6666666666666666,1.0,0.0,0.18518518518518517,0.03910112491212203,12.076,0.0,3.1738794300318945e-17,0.0,,1.4284611371088362e-16,0.0
FCFS,2021-04-20,6.0,0.0,3.5968679999999997,20.808,0.1728598615916955,0.0,0.0,0.0,0.0,0.7857142857142857,1.0,0.0,0.2037037037037037,0.03912153124474571,13.312,0.0,0.0,0.0,0.0,0.18487180797754973,0.0
FCFS,2021-04-21,7.0,0.0,7.63029492,32.13,0.23748194584500465,0.0,0.0,0.0,0.0,0.782608695652174,1.0,0.0,0.33333333333333326,0.03906466660434186,13.312,0.0,0.0,0.0,,0.36504479243714666,-5.528654962341272e-17
FCFS,2021-04-22,7.0,0.0,5.250902177916667,31.13662916666667,0.16864067557891022,0.0,0.0,0.0,0.0,0.7727272727272727,0.9999999999999999,0.0,0.31481481481481477,0.03920008339264314,13.312,0.0,0.0,0.0,,0.05842201687362765,-8.557558510389093e-17
FCFS,2021-04-23,7.0,0.0,12.402592719999998,76.501,0.16212327577417285,0.0,0.0,0.0,0.0,0.8979591836734694,0.9999999999999997,0.0,0.8148148148148143,0.038957468859734945,19.968,0.0,0.0,0.0,0.0,1.7120043672378433e-16,-3.483007096770468e-17
FCFS,2021-04-26,4.0,0.0,3.5995257600000006,24.213000000000005,0.1486608747367117,0.0,0.0,0.0,0.0,0.8125,1.0,0.0,0.24074074074074073,0.03890711468557129,13.312,0.0,0.0,,,1.867039707978706e-16,-1.4672752978980303e-16
FCFS,2021-04-27,5.0,0.0,8.611532889999998,56.611000000000004,0.15211766070198365,0.0,0.0,0.0,0.0,0.8918918918918919,0.9999999999999999,0.0,0.6111111111111107,0.03924695829482516,13.312,0.0,0.0,0.0,0.0,1.8246123091522783e-16,-4.706744730000133e-17
FCFS,2021-04-28,8.0,0.0,8.06240686,60.28000000000001,0.1337492843397478,0.0,0.0,0.0,0.0,0.8717948717948718,0.9999999999999998,0.0,0.6296296296296291,0.038927083399660965,13.312,0.0,0.0,0.0,0.0,0.15659361950604117,-4.4202641989057326e-17
FCFS,2021-04-29,7.0,0.0,7.9860698800000005,54.10600000000001,0.14760044874875244,0.0,0.0,0.0,0.0,0.8857142857142857,0.9999999999999997,0.0,0.5740740740740738,0.03857856245303992,13.312,0.0,0.0,0.0,0.0,0.037659393729792844,-8.207762722250076e-17
FCFS,2021-04-30,8.0,0.0,9.58089748,66.50800000000001,0.14405631623263365,0.0,0.0,0.0,0.0,0.9047619047619048,0.9999999999999996,0.0,0.703703703703703,0.039229604074838186,13.312,0.0,0.0,0.0,0.0,0.02838034242810708,-6.677229955043943e-17
FCFS,2021-05-03,6.0,0.0,2.9272797,17.919000000000004,0.1633617780010045,0.0,0.0,0.0,0.0,0.6923076923076923,0.9999999999999998,0.0,0.16666666666666666,0.03860981238782794,6.656,0.0,0.0,0.0,0.0,0.0,-9.913258772254313e-17
FCFS,2021-05-04,11.0,0.0,15.023772979999999,83.73500000000001,0.17942046909894305,0.0,0.0,0.0,0.0,0.8545454545454545,0.9999999999999999,0.0,0.8703703703703698,0.03927343747515503,19.764,0.0,0.0,0.0,,0.008099444543708905,-5.303507611513257e-17
FCFS,2021-05-05,8.0,0.0,8.820048,47.571000000000005,0.18540808475752033,0.0,0.0,0.0,0.0,0.8064516129032258,0.9999999999999998,0.0,0.4629629629629628,0.038207468757415576,17.823999999999998,0.0,0.0,0.0,0.0,0.46956331014235114,-5.601175630321784e-17
FCFS,2021-05-06,6.0,0.0,3.99585562,38.521,0.10373187663871654,0.0,0.0,0.0,0.0,0.84,0.9999999999999998,0.0,0.38888888888888873,0.0379505207395899,19.968,0.0,0.0,0.0,0.0,2.675703603849535e-16,-9.222797120532958e-17
FCFS,2021-05-07,6.0,0.0,7.12914226,71.69200000000001,0.09944125230151202,0.0,0.0,0.0,0.0,0.9130434782608695,0.9999999999999996,0.0,0.7777777777777778,0.038383249981658686,26.624,0.0,0.0,0.0,0.0,1.3955765325376384e-16,-3.716642385622351e-17
FCFS,2021-05-10,5.0,0.0,11.162766179999995,70.494,0.15835058558175158,0.0,0.0,0.0,0.0,0.9318181818181818,0.9999999999999997,0.0,0.7592592592592587,0.0383329062666841,19.968,0.0,0.0,0.0,0.0,0.08447339250149045,-5.039739096661419e-17
FCFS,2021-05-11,8.0,0.0,5.94286524,35.45100000000001,0.16763603960396034,0.0,0.0,0.0,0.0,0.7307692307692307,1.0,0.0,0.35185185185185175,0.03854557295805231,16.46,0.0,0.0,0.0,0.0,0.612654786620988,-7.516107469748035e-17
FCFS,2021-05-12,11.0,0.0,14.8056549,76.86900000000001,0.1926089177691917,0.0,0.0,0.0,0.0,0.84,1.0,0.0,0.7777777777777772,0.03947830206622408,13.312,0.0,0.0,0.0,0.0,0.4153315862232079,-6.932665337393162e-17
FCFS,2021-05-13,5.0,0.0,5.000872,25.771,0.1940503666912421,0.0,0.0,0.0,0.0,0.8235294117647058,1.0,0.0,0.25925925925925924,0.039081593664983906,10.48,0.0,0.0,0.0,0.0,0.5306018979594284,-1.3785703615694003e-16
FCFS,2021-05-14,10.0,0.0,12.062279059999998,81.22400000000002,0.1485063412291933,0.0,0.0,0.0,0.0,0.8679245283018868,1.0,0.0,0.8518518518518513,0.03914843758442051,19.968,0.0,0.0,0.0,0.0,-3.737965043902479e-16,-7.654448116198262e-17
FCFS,2021-05-17,3.0,0.0,8.25667948,30.961000000000006,0.26668,0.0,0.0,0.0,0.0,0.9,1.0000000000000002,0.0,0.33333333333333326,0.03827299997283262,13.312,,0.0,0.0,0.0,0.8286736924776741,-1.4343503434968595e-16
FCFS,2021-05-18,6.0,0.0,9.702083179999997,62.89400000000001,0.15426087035329278,0.0,0.0,0.0,0.0,0.9,1.0,0.0,0.6666666666666663,0.03896658336088876,13.312,0.0,,0.0,0.0,0.030793443869070944,-2.82436613890077e-17
FCFS,2021-05-19,11.0,0.0,14.49122404,81.241,0.17837328491771398,0.0,0.0,0.0,0.0,0.8518518518518519,1.0,0.0,0.8518518518518511,0.03925087503375835,15.204,0.0,0.0,0.0,0.0,0.27403519472779597,-5.466318851935139e-17
FCFS,2021-05-20,8.0,0.0,7.759514429999999,46.13100000000001,0.16820607465695514,0.0,0.0,0.0,0.0,0.8064516129032258,1.0,0.0,0.4629629629629627,0.03907205200448516,13.312,0.0,0.0,0.0,0.0,0.5257482681196657,-1.155203771477044e-16
FCFS,2021-05-21,7.0,0.0,5.9891349400000005,42.74800000000001,0.14010327828202487,0.0,0.0,0.0,0.0,0.8928571428571429,1.0,0.0,0.4629629629629627,0.0388055520185541,13.312,0.0,0.0,0.0,0.0,0.20515264574455983,-1.0388537705859048e-16
FCFS,2021-05-24,12.0,0.0,10.06958985,71.682,0.14047584958567003,0.0,0.0,0.0,0.0,0.7755102040816326,0.9999999999999998,0.0,0.7037037037037034,0.03874869783733933,13.312,0.0,0.0,0.0,0.0,0.21661082346557425,-6.195268126587743e-17
FCFS,2021-05-25,11.0,0.0,26.40346421999999,140.913,0.18737422537310247,0.0,0.0,0.0,0.0,0.9,1.0,0.0,1.5000000000000002,0.03976736464513427,26.008000000000003,0.0,0.0,0.0,0.0,0.10674893873055585,-3.151513415015382e-17
FCFS,2021-05-26,5.0,0.0,4.8244397800000005,26.884000000000007,0.17945394212170804,1.6518717819151267e-17,0.0,0.0,0.0,0.8333333333333334,1.0,0.0,0.2777777777777778,0.03941188530613241,13.312,0.0,,1.9103897868453182e-17,,0.2901391045372448,-3.3037435638302527e-17
FCFS,2021-05-27,5.0,0.0,8.60145824,37.688,0.22822803651029502,0.0,0.0,0.0,0.0,0.84,0.9999999999999999,0.0,0.38888888888888884,0.038924041746213334,18.756,0.0,,0.0,,0.588549736270098,-2.356661058427418e-17
FCFS,2021-05-28,6.0,0.0,6.238814260000001,44.131,0.14137033513856476,0.0,0.0,0.0,0.0,0.896551724137931,0.9999999999999998,0.0,0.4814814814814812,0.03912195825250819,19.968,0.0,0.0,0.0,,0.3451228260047503,-2.0125952724844785e-17
FCFS,2021-05-31,2.0,0.0,1.2965194999999998,6.9079999999999995,0.1876837724377533,6.428622030255684e-17,0.0,0.0,0.0,0.8,1.0000000000000002,0.0,0.07407407407407407,0.038597656233226495,6.656,6.428622030255684e-17,,,,-2.9576958364724095e-16,0.0
FCFS,2021-06-01,9.0,0.0,7.542617880000001,50.01900000000001,0.150795055478918,0.0,0.0,0.0,0.0,0.7714285714285715,0.9999999999999998,0.0,0.4999999999999998,0.03938671882982211,14.512,0.0,0.0,0.0,,0.05635028455426094,-7.102728320839083e-17
FCFS,2021-06-02,11.0,0.0,10.585157839999997,76.09100000000001,0.13911182452589657,0.0,0.0,0.0,0.0,0.88,1.0,0.0,0.8148148148148141,0.03940190633026456,31.4,0.0,0.0,0.0,0.0,-1.9951988776095756e-16,-4.66903270925668e-17
FCFS,2021-06-03,6.0,0.0,11.555864839999995,64.694,0.17862344019538123,0.0,0.0,0.0,0.0,0.9024390243902439,1.0,0.0,0.6851851851851848,0.03819054169677353,13.312,0.0,0.0,,0.0,0.1433879930769483,-2.7457829774016917e-17
FCFS,2021-06-04,6.0,0.0,7.5619924,34.00900000000001,0.2223526831132935,0.0,0.0,0.0,0.0,0.75,0.9999999999999996,0.0,0.33333333333333326,0.03823219791835678,13.312,0.0,0.0,,0.0,0.046800614329995924,-7.834794492929448e-17
FCFS,2021-06-07,8.0,0.0,5.3478430800000005,37.137,0.14400309879634868,0.0,0.0,0.0,0.0,0.8076923076923077,1.0,0.0,0.38888888888888873,0.03832812490145443,16.896,0.0,0.0,0.0,0.0,0.0,-4.7832534652778915e-17
FCFS,2021-06-08,5.0,0.0,2.3923661800000007,21.250000000000004,0.11258193788235295,0.0,0.0,0.0,0.0,0.7333333333333333,1.0,0.0,0.2037037037037037,0.03826215621908583,6.656,0.0,0.0,0.0,,1.232683329924256e-16,-4.179663151530001e-17
FCFS,2021-06-09,10.0,0.0,9.789061,56.257000000000005,0.17400609701903763,0.0,0.0,0.0,0.0,0.8157894736842105,0.9999999999999999,0.0,0.5740740740740738,0.03884809363322953,13.312,0.0,0.0,0.0,0.0,0.030511489658838663,-4.7363621577765884e-17
FCFS,2021-06-10,6.0,0.0,7.4922800999999986,50.502,0.14835610668884397,0.0,0.0,0.0,0.0,0.8787878787878788,0.9999999999999996,0.0,0.5370370370370366,0.03912890633728239,13.312,0.0,0.0,0.0,,1.8708751688828237e-16,-1.758699496455834e-17
FCFS,2021-06-11,11.0,0.0,13.314110020000001,81.256,0.1638538694988678,0.0,0.0,0.0,0.0,0.8490566037735849,0.9999999999999997,0.0,0.8333333333333327,0.03923220841291671,13.312,0.0,0.0,0.0,0.0,0.05235710282391186,-7.651433663853595e-17
FCFS,2021-06-14,10.0,0.0,12.140528819999998,86.013,0.1411476035017962,5.163047560834555e-18,0.0,0.0,0.0,0.8596491228070176,0.9999999999999999,0.0,0.9074074074074069,0.03933551033696858,17.860000000000003,2.897241713531202e-17,0.0,0.0,0.0,0.0,-3.097828536500733e-17
FCFS,2021-06-15,9.0,0.0,4.73293917,45.231,0.10463927770776679,0.0,0.0,0.0,0.0,0.7419354838709677,0.9999999999999998,0.0,0.4259259259259257,0.039324645816426106,13.312,0.0,,0.0,0.0,0.09630556929159353,-1.374554826977267e-16
FCFS,2021-06-16,10.0,0.0,8.15710022,48.80300000000001,0.1671434178226748,0.0,0.0,0.0,0.0,0.7575757575757576,1.0,0.0,0.4629629629629627,0.039541666713679056,18.78,0.0,0.0,0.0,0.0,0.3475727171503237,-1.0919555187592466e-16
FCFS,2021-06-17,11.0,0.0,10.31569515,68.382,0.15085395498815476,0.0,0.0,0.0,0.0,0.8222222222222222,0.9999999999999997,0.0,0.6851851851851849,0.03923090631966867,19.244,0.0,0.0,0.0,0.0,0.0920484015024305,-3.896544791173665e-17
FCFS,2021-06-18,8.0,0.0,14.345892919999994,96.023,0.14940059069181336,0.0,0.0,0.0,0.0,0.9016393442622951,1.0,0.0,1.0185185185185182,0.038100687409799626,26.624,0.0,0.0,0.0,,0.0,-2.774892743509759e-17
FCFS,2021-06-21,8.0,0.0,9.17592922,42.844,0.21417069414620485,0.0,0.0,0.0,0.0,0.8275862068965517,0.9999999999999998,0.0,0.4444444444444443,0.03804296875387081,19.968,0.0,0.0,0.0,0.0,0.046587187443952016,-1.0365260242975973e-16
FCFS,2021-06-22,12.0,0.0,12.906591859999999,68.609,0.18811805827223835,0.0,0.0,0.0,0.0,0.8085106382978723,1.0,0.0,0.7037037037037035,0.038697479188461635,22.912000000000006,0.0,0.0,0.0,,0.08414271748203407,-7.767305336327234e-17
FCFS,2021-06-23,14.0,0.0,21.59758439999999,119.649,0.18050785547727094,0.0,0.0,0.0,0.0,0.8461538461538461,1.0,0.0,1.222222222222222,0.038786020771415984,23.031999999999996,0.0,0.0,0.0,0.0,0.0793337312082494,-4.453919813956449e-17
FCFS,2021-06-24,11.0,0.0,9.50099594,65.74400000000001,0.144515027074714,0.0,0.0,0.0,0.0,0.8181818181818182,0.9999999999999999,0.0,0.6666666666666662,0.03889973959303461,14.380000000000003,0.0,0.0,0.0,0.0,0.11820176611552813,-9.456754894592475e-17
FCFS,2021-06-25,9.0,0.0,4.6316637300000005,36.357,0.12739400198036144,0.0,0.0,0.0,0.0,0.7307692307692307,1.0,0.0,0.35185185185185175,0.03896093752094506,13.312,0.0,0.0,0.0,,0.09784796860376274,-2.4429364900847848e-17
FCFS,2021-06-28,11.0,0.0,21.07287223999999,129.251,0.16303836906484276,0.0,0.0,0.0,0.0,0.9146341463414634,1.0,0.0,1.3888888888888888,0.039109374938561814,26.624,0.0,0.0,0.0,0.0,0.0,-2.7486933786202828e-17
FCFS,2021-06-29,15.0,0.0,10.447258999999999,87.53,0.11935632354621271,5.073565747173113e-18,0.0,0.0,0.0,0.8275862068965517,1.0,0.0,0.8888888888888883,0.03951302096538711,19.968,1.574951980175418e-17,0.0,0.0,0.0,0.0,-5.073565747173113e-17
FCFS,2021-06-30,12.0,0.0,13.338485389999997,89.36600000000001,0.14925682463129147,0.0,0.0,0.0,0.0,0.8793103448275862,1.0,0.0,0.9444444444444438,0.03953776043393494,19.968,0.0,0.0,0.0,0.0,0.08300129207550368,-1.9877322912519866e-17
FCFS,2021-07-01,13.0,0.0,14.557338640000001,91.19200000000001,0.15963394420563207,0.0,0.0,0.0,0.0,0.847457627118644,0.9999999999999997,0.0,0.9259259259259255,0.039665802129699536,19.968,0.0,0.0,0.0,0.0,0.0,-6.817756971994119e-17
FCFS,2021-07-02,10.0,0.0,4.39870883,34.037000000000006,0.12923315303933952,1.3047248871817805e-17,0.0,0.0,0.0,0.68,1.0,0.0,0.31481481481481477,0.03914236458513187,16.948,0.0,0.0,2.408815414678144e-17,,0.10433880103422051,-7.828349323090682e-17
FCFS,2021-07-05,1.0,0.0,0.92352,9.984,0.0925,0.0,0.0,0.0,0.0,1.0,1.0,0.0,0.1111111111111111,0.037713114579673856,6.656,0.0,,,,-1.5003013846285896e-16,0.0
FCFS,2021-07-06,14.0,0.0,10.424315960000001,68.018,0.15325819577170752,0.0,0.0,0.0,0.0,0.72,0.9999999999999999,0.0,0.6666666666666662,0.0389674478356028,19.968,0.0,0.0,0.0,0.0,0.02859895203468355,-2.6115981643098158e-17
FCFS,2021-07-07,14.0,0.0,13.374663119999994,104.136,0.1284345770914957,0.0,0.0,0.0,0.0,0.8382352941176471,1.0,0.0,1.0555555555555556,0.03903429160345695,26.38,0.0,0.0,0.0,0.0,-2.1610672331529595e-16,-3.4116095094880745e-17
FCFS,2021-07-08,12.0,0.0,14.246401089999999,88.897,0.1602573887757742,0.0,0.0,0.0,0.0,0.8333333333333334,0.9999999999999998,0.0,0.9259259259259252,0.039068145724741044,19.968,0.0,0.0,0.0,0.0,0.07927872544058984,-2.997328660247675e-17
FCFS,2021-07-09,10.0,0.0,8.113081820000001,48.74900000000001,0.16642560503805207,0.0,0.0,0.0,0.0,0.7647058823529411,0.9999999999999997,0.0,0.4814814814814813,0.038829427012387896,13.312,0.0,0.0,0.0,0.0,0.2348638722809602,-9.109709119162703e-17
FCFS,2021-07-12,13.0,0.0,21.457740579999992,139.18,0.15417258643483253,0.0,0.0,0.0,0.0,0.9101123595505618,1.0,0.0,1.5000000000000002,0.03900390629496542,26.624,0.0,0.0,0.0,0.0,0.013692215605581284,-8.934112570629223e-17
FCFS,2021-07-13,15.0,0.0,20.668000539999994,137.61700000000002,0.15018493747138792,0.0,0.0,0.0,0.0,0.8666666666666667,1.0,0.0,1.4444444444444449,0.03946310410659256,33.28,0.0,0.0,0.0,0.0,0.06058230061734495,0.0
FCFS,2021-07-14,15.0,0.0,12.585532700000002,81.71,0.15402683514869664,0.0,0.0,0.0,0.0,0.8148148148148148,1.0,0.0,0.8148148148148143,0.03998567717644619,19.968,0.0,0.0,0.0,0.0,0.14661146403606776,-5.434943211969927e-17
FCFS,2021-07-15,18.0,0.0,28.043095019999992,134.568,0.20839348894239335,3.3001100547683146e-18,0.0,0.0,0.0,0.8539325842696629,1.0,0.0,1.407407407407408,0.040284729190413295,26.624,0.0,5.925139557705972e-17,0.0,0.0,0.06611191094261305,-5.280176087629304e-17
FCFS,2021-07-16,14.0,0.0,15.681171139999996,119.255,0.1314927771581904,7.44772478889879e-18,0.0,0.0,0.0,0.8354430379746836,0.9999999999999999,0.0,1.2222222222222228,0.04121484365289992,34.612,0.0,0.0,1.4070598984524267e-17,0.0,0.04695865368982673,-3.7238623944493955e-17
FCFS,2021-07-19,16.0,0.0,22.868953199999993,146.892,0.15568549138142304,0.0,0.0,0.0,0.0,0.875,1.0,0.0,1.5555555555555556,0.03985546876113707,19.968,0.0,0.0,0.0,0.0,0.03405503568225621,-3.627883423331939e-17
FCFS,2021-07-20,21.0,0.0,21.656490359999992,150.048,0.1443304166666666,1.4798238225436613e-18,0.0,0.0,0.0,0.8383838383838383,1.0,0.0,1.5370370370370374,0.03980945833366908,34.612,0.0,0.0,7.501253502416517e-18,0.0,0.0,-1.6278062047980276e-17
FCFS,2021-07-21,12.0,0.0,7.99590926,60.155,0.132921773086194,0.0,0.0,0.0,0.0,0.7560975609756098,1.0,0.0,0.5740740740740736,0.03912456243900427,16.836,0.0,0.0,0.0,,0.049735871064378996,-5.905932472447013e-17
FCFS,2021-07-22,17.0,0.0,24.17926321999999,165.026,0.14651790154278713,0.015839505731086216,0.058823529411764705,0.0,0.0,0.8623853211009175,0.983573137644868,0.3177413566216053,1.7407407407407414,0.0416041666539968,34.612,0.10512150716377736,0.0,0.0,0.0,0.06320900656744217,0.015839505731086174
FCFS,2021-07-23,13.0,0.0,8.53913382,62.568000000000005,0.1364776534330648,0.0,0.0,0.0,0.0,0.7674418604651163,0.9999999999999998,0.0,0.6111111111111108,0.03918836470499324,13.312,0.0,0.0,0.0,,0.08148990827667978,-8.517246065402045e-17
FCFS,2021-07-26,14.0,0.0,8.03524185,53.973,0.14887521260630315,8.227988250607945e-18,0.0,0.0,0.0,0.7368421052631579,1.0,0.0,0.5185185185185183,0.03928385406955689,13.312,0.0,0.0,5.2031541868782967e-17,,0.009422630787019553,-6.582390600486356e-17
FCFS,2021-07-27,15.0,0.0,19.139339259999993,127.867,0.1496816165234188,0.0,0.0,0.0,0.0,0.8795180722891566,1.0,0.0,1.3518518518518525,0.03967404169695025,19.968,0.0,0.0,0.0,0.0,0.02225312291618278,-2.0838334043188433e-17
FCFS,2021-07-28,12.0,0.0,18.698208139999988,112.84400000000001,0.16569962195597449,0.0,0.0,0.0,0.0,0.8783783783783784,1.0,0.0,1.2037037037037037,0.03916233329922155,27.84,0.0,0.0,0.0,0.0,0.019535977383997045,-1.5741703939954722e-17
FCFS,2021-07-29,13.0,0.0,9.627807740000002,79.622,0.12091893873552538,0.0,0.0,0.0,0.0,0.8301886792452831,1.0,0.0,0.8148148148148141,0.03942752088429794,23.496,0.0,0.0,0.0,0.0,0.0985788599123941,-7.808456127578907e-17
FCFS,2021-07-30,16.0,0.0,11.16154124,81.18200000000002,0.13748788204281734,0.0,0.0,0.0,0.0,0.7543859649122807,1.0,0.0,0.7962962962962958,0.039821614639852974,26.624,0.0,0.0,0.0,0.0,0.05230271654013661,-5.470291565249225e-17
FCFS,2021-08-02,14.0,0.0,25.966635399999983,166.26999999999998,0.15617150057135976,0.0,0.0,0.0,0.0,0.8981481481481481,1.0,0.0,1.7962962962962965,0.04342578131399932,34.612,0.0,0.0,0.0,0.0,0.009042710214907062,-3.205070378421093e-17
FCFS,2021-08-03,19.0,0.0,19.87389545,149.36900000000003,0.13305234319035406,0.0,0.0,0.0,0.0,0.8571428571428571,1.0,0.0,1.5555555555555562,0.04047048954210671,30.787999999999997,0.0,0.0,0.0,0.0,0.06083299888191729,-5.351582843361826e-17
FCFS,2021-08-04,19.0,0.0,21.045653129411104,135.0664836111111,0.15581699150476594,0.0,0.0,0.0,0.0,0.8426966292134831,1.0,0.0,1.3888888888888897,0.04030252087735183,16.86,0.0,0.0,0.0,,0.023445897018369022,-2.6303443932320164e-17
FCFS,2021-08-05,12.0,0.0,14.266735479999994,97.44100000000002,0.14641409139889772,0.0,0.0,0.0,0.0,0.859375,0.9999999999999998,0.0,1.018518518518518,0.03914148949964632,21.520000000000003,0.0,0.0,0.0,0.0,0.12017067562537508,-6.380526613951905e-17
FCFS,2021-08-06,12.0,0.0,16.196841159999998,90.187,0.1795917500304922,0.0,0.0,0.0,0.0,0.864406779661017,1.0,0.0,0.944444444444444,0.03953993746108608,21.971999999999973,0.0,0.0,0.0,0.0,0.02717358333806909,-3.9392747056676696e-17
FCFS,2021-08-09,11.0,0.0,21.77699411999999,134.154,0.16232832505926018,0.0,0.0,0.0,0.0,0.9285714285714286,1.0,0.0,1.444444444444445,0.03963411457637752,33.28,0.0,0.0,0.0,0.0,1.7098418039794575e-16,-1.9861765277966933e-17
FCFS,2021-08-10,19.0,0.0,15.87271279,111.20500000000001,0.14273380504473718,0.0,0.0,0.0,0.0,0.8378378378378378,1.0,0.0,1.1481481481481484,0.040236979202745715,29.088,0.0,0.0,0.0,0.0,0.10687578905160373,-3.194742753293917e-17
FCFS,2021-08-11,18.0,0.0,17.537184972705553,137.63361888888892,0.12741934066896296,3.2266041787985984e-18,0.0,0.0,0.0,0.8260869565217391,1.0,0.0,1.407407407407407,0.04034765621933426,26.624,0.0,9.409068389551732e-18,0.0,0.0,0.021560631948232302,-6.453208357597198e-17
FCFS,2021-08-12,22.0,0.0,15.53624468,137.132,0.1132940865735204,0.0,0.0,0.0,0.0,0.8351648351648352,1.0,0.0,1.4074074074074072,0.04056467711658721,26.624,0.0,0.0,0.0,0.0,-1.2249348776741922e-16,-6.476813724733287e-17
FCFS,2021-08-13,16.0,0.0,11.52400016,87.893,0.13111396994072338,0.0,0.0,0.0,0.0,0.7704918032786885,1.0,0.0,0.8703703703703697,0.04007942698081024,19.968,0.0,0.0,0.0,0.0,0.13876208736550244,-3.031567086230275e-17
FCFS,2021-08-16,16.0,0.0,17.406744399999994,126.889,0.1371808777750632,0.0,0.0,0.0,0.0,0.8571428571428571,1.0,0.0,1.333333333333334,0.04005555198697645,33.28,0.0,0.0,0.0,0.0,0.0,-2.799859466778445e-17
FCFS,2021-08-17,20.0,0.0,19.295262519999994,134.57200000000003,0.14338244597687475,0.0,0.0,0.0,0.0,0.8333333333333334,1.0,0.0,1.3888888888888893,0.04052169788337778,30.96,0.0,0.0,0.0,0.0,-1.935772222780007e-16,-4.62001674783824e-17
FCFS,2021-08-18,20.0,0.0,19.232164959999995,142.01500000000001,0.1354234761116783,0.0,0.0,0.0,0.0,0.8085106382978723,1.0,0.0,1.4074074074074083,0.04091536463117033,34.612,0.0,0.0,0.0,0.0,0.0,-2.501646782945816e-17
FCFS,2021-08-19,17.0,0.0,20.846760210017877,127.87477329749065,0.16302480678905698,0.0,0.0,0.0,0.0,0.8352941176470589,1.0,0.0,1.3148148148148144,0.040933166777297934,34.611999999999995,0.0,0.0,0.0,0.0,0.059628072489898064,-1.389137821005317e-17
FCFS,2021-08-20,13.0,0.0,10.269461490000001,75.67200000000001,0.13571018989850936,0.0,0.0,0.0,0.0,0.803921568627451,0.9999999999999998,0.0,0.7592592592592591,0.03933593749631351,23.528,0.0,0.0,0.0,0.0,0.07285974279871636,-8.216049447485035e-17
FCFS,2021-08-23,14.0,0.0,25.78234206144443,146.63971944444444,0.1758209996522277,0.0,0.0,0.0,0.0,0.8723404255319149,1.0,0.0,1.5185185185185184,0.03949609375316262,26.624,0.0,0.0,0.0,0.0,0.0,-1.8170624365589126e-17
FCFS,2021-08-24,20.0,0.0,35.191633239999994,186.09400000000005,0.1891067591647231,0.0,0.0,0.0,0.0,0.8688524590163934,1.0,0.0,1.962962962962964,0.03990364590814958,33.28,0.0,0.0,0.0,0.0,0.08782652958031764,-2.3863703819041054e-17
FCFS,2021-08-25,17.0,0.0,23.69398999,148.75600000000003,0.1592809028879507,0.0,0.0,0.0,0.0,0.875,1.0,0.0,1.555555555555556,0.03995833336981983,26.624,0.0,0.0,0.0,0.0,0.0222974348133378,-4.1794945668752026e-17
FCFS,2021-08-26,16.0,0.0,8.73001922,64.47800000000001,0.13539531654207637,0.0,0.0,0.0,0.0,0.723404255319149,1.0,0.0,0.6296296296296293,0.039062062569428235,20.184000000000005,0.0,0.0,0.0,0.0,0.09224699168816124,-4.132471942523614e-17
FCFS,2021-08-27,20.0,0.0,22.375815979999995,137.37199999999999,0.16288483810383483,0.0,0.0,0.0,0.0,0.8461538461538461,1.0,0.0,1.4259259259259267,0.039541666713679056,26.624,0.0,0.0,0.0,0.0,0.08426756469000851,-5.172398565647295e-17
FCFS,2021-08-30,17.0,0.0,37.58542817999998,237.57299999999998,0.15820580697301453,0.0027829547171711352,0.0,0.0,0.0,0.8888888888888888,0.9999859112941815,0.07931570762052707,2.5185185185185186,0.0412500000190145,34.612,0.0,0.0,0.006220504207987977,0.0,0.03296767052908095,0.002782954717171124
FCFS,2021-08-31,19.0,0.0,16.887634419999998,104.623,0.1614141672481194,4.244661401891196e-18,0.0,0.0,0.0,0.8169014084507042,1.0,0.0,1.0740740740740737,0.03974999996595822,26.624,0.0,0.0,0.0,1.9978819950065798e-17,0.14811644408255664,-5.942525962647674e-17
FCFS,2021-09-01,21.0,0.0,15.874731520000001,146.79100000000003,0.10814512824355715,3.0253163330862427e-18,0.0,0.0,0.0,0.8367346938775511,0.9999999999999999,0.0,1.518518518518519,0.04017578112325282,34.612,0.0,0.0,8.51659270194198e-18,0.0,0.12015170386063172,-1.210126533234497e-17
FCFS,2021-09-02,16.0,0.0,18.892551639999994,147.946,0.12769896881294523,0.0,0.0,0.0,0.0,0.8181818181818182,1.0,0.0,1.5000000000000004,0.03993533330988915,34.612,0.0,0.0,0.0,0.0,0.07482558747473507,-2.4013583867090026e-17
FCFS,2021-09-03,18.0,0.0,14.414215679999998,112.29,0.1283659780924392,0.0,0.0,0.0,0.0,0.782051282051282,1.0,0.0,1.1296296296296295,0.040105031227237,34.612,0.0,0.0,0.0,0.0,0.1482432981624678,-3.163873611898211e-17
FCFS,2021-09-06,4.0,0.0,6.404464280000001,33.797,0.189498011066071,0.0,0.0,0.0,0.0,0.8181818181818182,1.0,0.0,0.3333333333333333,0.03849479177612617,19.968,0.0,,0.0,0.0,0.1570936227494797,0.0
FCFS,2021-09-07,25.0,0.0,19.5692501,159.50600000000003,0.12268660802728423,0.01641507572394059,0.04,0.0,0.0,0.7631578947368421,0.9887279592295235,0.3184591458308408,1.6111111111111118,0.047282989574644795,34.612,0.13380918870011047,0.0,8.622421750739022e-18,0.0,0.14573586967644223,0.016415075723940558
FCFS,2021-09-08,28.0,0.0,27.373557099999992,194.689,0.14060145719583536,9.124073981582167e-18,0.0,0.0,0.0,0.8120300751879699,0.9999999999999999,0.0,2.0,0.041419270777017424,34.612,0.0,0.0,1.4461795795851623e-17,0.0,0.09529304239636559,-3.193425893553758e-17
FCFS,2021-09-09,27.0,0.0,27.763479679999996,187.214,0.14829809565523944,3.5581410299181364e-18,0.0,0.0,0.0,0.8110236220472441,1.0,0.0,1.9074074074074086,0.042166229074306706,34.612,0.0,6.66900750638328e-18,0.0,9.03501810404587e-18,0.20395285372073804,-1.3046517109699833e-17
FCFS,2021-09-10,30.0,0.0,32.24012565999999,204.028,0.1580181429019546,0.0,0.0,0.0,0.0,0.8098591549295775,0.9999999999999998,0.0,2.1296296296296306,0.04303255218474078,34.612,0.0,0.0,0.0,0.0,0.045982246986266684,-2.611930969377121e-17
FCFS,2021-09-13,25.0,0.0,58.94855618999996,316.815,0.18606617802187383,0.09794313438530348,0.28,0.0,0.0,0.8227272727272728,0.8518208232278919,4.1152051680823005,3.3518518518518516,0.056284291683065625,34.612,0.3460358840668609,0.4572244854769584,0.027579098386344102,1.030653364123091e-16,-0.0038036974982062813,0.09190408127238683
EDF,2021-01-01,3.0,0.0,1.33909156,7.195,0.18611418485059067,0.0,0.0,0.0,0.0,0.8,1.0,0.0,0.07407407407407407,0.0381948854434692,6.656,0.0,,,,0.40164263797192,0.0
EDF,2021-01-04,2.0,0.0,2.63053152,9.864,0.26668,0.0,0.0,0.0,0.0,0.7142857142857143,0.9999999999999998,0.0,0.09259259259259259,0.03824392706519575,6.656,0.0,0.0,,,-4.163128185935039e-16,-1.800848377331965e-16
EDF,2021-01-05,5.0,0.0,5.40655302,29.895000000000003,0.18085141394882084,0.0,0.0,0.0,0.0,0.85,0.9999999999999999,0.0,0.31481481481481477,0.037848520908786064,13.312,0.0,0.0,0.0,,0.05664481574368698,-5.941986417127446e-17
EDF,2021-01-06,3.0,0.0,1.84306398,11.007000000000001,0.16744471518124826,0.0,0.0,0.0,0.0,0.625,0.9999999999999998,0.0,0.09259259259259259,0.03782768741681745,6.656,0.0,,0.0,0.0,0.24627886086898604,-8.069214315436768e-17
EDF,2021-01-07,3.0,0.0,1.48612988,9.728000000000002,0.1527682853618421,0.0,0.0,0.0,0.0,0.7142857142857143,0.9999999999999998,0.0,0.09259259259259259,0.03787760412402955,6.656,0.0,,0.0,0.0,0.3268975083221164,-9.13012355777267e-17
EDF,2021-01-08,2.0,0.0,1.47154024,5.518,0.26668,0.0,0.0,0.0,0.0,0.6,1.0,0.0,0.05555555555555555,0.03782638547515186,6.656,0.0,,0.0,,0.34563011460340104,0.0
EDF,2021-01-11,6.0,0.0,3.0344083599999996,22.444000000000003,0.13519908928889676,0.0,0.0,0.0,0.0,0.6875,0.9999999999999998,0.0,0.2037037037037037,0.038192270797784054,6.656,0.0,0.0,0.0,0.0,0.07783157196115678,-1.1871926836127143e-16
EDF,2021-01-12,2.0,0.0,2.5664282199999997,11.167000000000002,0.2298225324617175,0.0,0.0,0.0,0.0,0.75,0.9999999999999998,0.0,0.1111111111111111,0.03753645826994519,6.656,,,0.0,,1.4845679185050533,-1.590719834691726e-16
EDF,2021-01-13,3.0,0.0,1.47234028,5.521000000000001,0.26668,0.0,0.0,0.0,0.0,0.4,1.0,0.0,0.037037037037037035,0.03754383336248187,6.656,0.0,0.0,,,0.0,0.0
EDF,2021-01-14,5.0,0.0,4.24185078,19.503,0.21749734810029225,0.0,0.0,0.0,0.0,0.7142857142857143,0.9999999999999999,0.0,0.18518518518518517,0.03818315614504778,9.772000000000002,0.0,0.0,0.0,,0.0940240601530753,-9.108121003949395e-17
EDF,2021-01-15,3.0,0.0,2.2446912,9.504000000000001,0.23618383838383836,0.0,0.0,0.0,0.0,0.625,0.9999999999999998,0.0,0.09259259259259259,0.038413197823198665,6.656,0.0,0.0,,0.0,0.4004480428120647,-9.345311655093911e-17
EDF,2021-01-18,3.0,0.0,2.2557718199999997,15.303,0.14740716330131343,0.0,0.0,0.0,0.0,0.9,1.0,0.0,0.16666666666666666,0.03774479167380681,6.656,0.0,,,,0.0,0.0
EDF,2021-01-19,3.0,0.0,1.27381528,9.73,0.13091626721479957,0.0,0.0,0.0,0.0,0.5714285714285714,0.9999999999999998,0.0,0.07407407407407407,0.03816102086299603,6.656,0.0,0.0,0.0,,0.0,-9.12824686228289e-17
EDF,2021-01-20,3.0,0.0,1.64066102,8.059999999999999,0.2035559578163772,0.0,0.0,0.0,0.0,0.5,1.0,0.0,0.05555555555555555,0.03789757298970168,6.656,0.0,0.0,,,0.0,0.0
EDF,2021-01-21,4.0,0.0,3.29854646,20.978,0.15723836686052053,0.0,0.0,0.0,0.0,0.8571428571428571,1.0,0.0,0.2222222222222222,0.03809244799413136,13.312,0.0,0.0,,0.0,-1.7651910389179824e-16,-4.233856514920989e-17
EDF,2021-01-22,3.0,0.0,1.261766,5.731999999999999,0.22012665736217726,0.0,0.0,0.0,0.0,0.75,1.0,0.0,0.05555555555555555,0.03772526042666868,6.656,0.0,,,,1.2608911591276429e-16,0.0
EDF,2021-01-25,3.0,0.0,2.1553171200000003,17.823,0.12092897492004714,0.0,0.0,0.0,0.0,0.75,0.9999999999999998,0.0,0.16666666666666666,0.03838758342074774,13.312,0.0,,,0.0,0.0,-1.4949981816194667e-16
EDF,2021-01-26,1.0,0.0,0.5432271599999999,2.037,0.26668,0.0,0.0,0.0,0.0,0.5,1.0,0.0,0.018518518518518517,0.03799176041259974,6.656,,0.0,,,0.0,0.0
EDF,2021-01-27,3.0,0.0,2.60866006,23.368000000000002,0.11163386083533036,0.0,0.0,0.0,0.0,0.8125,0.9999999999999998,0.0,0.24074074074074073,0.03908376053611088,7.556000000000004,0.0,,0.0,0.0,-1.2431521855439002e-16,-7.601663982370123e-17
EDF,2021-01-28,5.0,0.0,2.4319085200000004,14.731000000000002,0.16508780938157627,0.0,0.0,0.0,0.0,0.6363636363636364,1.0,0.0,0.12962962962962962,0.040420145827132124,6.656,0.0,0.0,0.0,0.0,0.16301483646693304,-6.029315183627217e-17
EDF,2021-01-29,3.0,0.0,2.25916596,18.168,0.12434863276089828,0.0,0.0,0.0,0.0,1.0,1.0,0.0,0.2037037037037037,0.040219625134341186,6.656,0.0,,,0.0,0.0,0.0
EDF,2021-02-01,4.0,0.0,2.5130175800000005,21.272000000000002,0.1181373439262881,0.0,0.0,0.0,0.0,0.7333333333333333,0.9999999999999998,0.0,0.2037037037037037,0.03986892700898655,13.312,0.0,,0.0,0.0,0.2771604748787902,-4.1753404461269524e-17
EDF,2021-02-02,2.0,0.0,1.4870386,12.037,0.1235389715045277,0.0,0.0,0.0,0.0,0.875,0.9999999999999998,0.0,0.12962962962962962,0.03872135418229542,6.656,,,0.0,,0.33555644869759654,-1.475747145800657e-16
EDF,2021-02-03,5.0,0.0,5.115336060000001,34.791000000000004,0.14703044063119772,0.0,0.0,0.0,0.0,0.9090909090909091,1.0000000000000002,0.0,0.37037037037037024,0.03798870829996304,13.312,0.0,0.0,0.0,,0.0,-1.2764485351098346e-16
EDF,2021-02-04,1.0,0.0,0.61683084,2.313,0.26668,0.0,0.0,0.0,0.0,0.5,1.0,0.0,0.018518518518518517,0.03768402090524129,6.656,,,0.0,,1.8830270270270268,0.0
EDF,2021-02-05,5.0,0.0,1.8266850399999999,16.447,0.11106493828661762,0.0,0.0,0.0,0.0,0.6923076923076923,1.0,0.0,0.16666666666666666,0.037996093851688784,6.656,0.0,0.0,,0.0,0.0,0.0
EDF,2021-02-08,5.0,0.0,2.5262181800000003,23.213000000000005,0.10882773359755309,0.0,0.0,0.0,0.0,0.8125,0.9999999999999999,0.0,0.24074074074074073,0.03782421875560734,12.431999999999999,0.0,0.0,,0.0,-1.275206911790956e-16,-3.826211259639535e-17
EDF,2021-02-09,5.0,0.0,4.43865298,28.852,0.15384212463607375,0.0,0.0,0.0,0.0,0.8421052631578947,0.9999999999999999,0.0,0.2962962962962963,0.037957906291315645,6.656,0.0,,0.0,0.0,0.10945121223157402,-1.231357853459206e-16
EDF,2021-02-10,6.0,0.0,6.00100826,25.931,0.2314221688326713,0.0,0.0,0.0,0.0,0.7894736842105263,0.9999999999999998,0.0,0.2777777777777778,0.038118052088975674,13.312,0.0,0.0,0.0,,0.07199994760944632,0.0
EDF,2021-02-11,4.0,0.0,2.1237075,22.959000000000003,0.09249999999999999,0.0,0.0,0.0,0.0,0.8666666666666667,0.9999999999999998,0.0,0.24074074074074073,0.03790104165091179,13.312,0.0,,,0.0,-3.0006027692571793e-16,-1.5474165594322493e-16
EDF,2021-02-12,4.0,0.0,1.95371862,13.431000000000001,0.14546337726155908,0.0,0.0,0.0,0.0,0.6363636363636364,1.0,0.0,0.12962962962962962,0.03797916663946429,7.188,0.0,0.0,,0.0,0.1741922374234106,-6.612898665029597e-17
EDF,2021-02-15,5.0,0.0,6.81729884,31.967000000000006,0.21326051365470639,0.0,0.0,0.0,0.0,0.8571428571428571,1.0000000000000002,0.0,0.3333333333333333,0.03869791665541319,13.312,0.0,,0.0,0.0,0.7106085363749034,-8.335268430257377e-17
EDF,2021-02-16,7.0,0.0,4.331591700000001,38.232000000000006,0.11329754394224732,0.0,0.0,0.0,0.0,0.8076923076923077,0.9999999999999999,0.0,0.38888888888888873,0.04012672919391965,13.312,0.0,0.0,0.0,0.0,0.10054663755197413,-2.3231283210402942e-17
EDF,2021-02-17,4.0,0.0,5.53021922,25.178000000000004,0.21964489713241717,0.0,0.0,0.0,0.0,0.8235294117647058,0.9999999999999998,0.0,0.25925925925925924,0.03953776043393494,6.656,0.0,0.0,0.0,,0.6915281430893618,-1.0582791560490807e-16
EDF,2021-02-18,3.0,0.0,1.32217962,9.992999999999999,0.13231057940558394,0.0,0.0,0.0,0.0,0.625,1.0,0.0,0.09259259259259259,0.03943489582525217,13.312,,0.0,0.0,,0.2807547599681155,0.0
EDF,2021-02-19,7.0,0.0,5.476258840000001,42.184000000000005,0.12981838706618623,1.0527432435285005e-17,0.0,0.0,0.0,0.7586206896551724,0.9999999999999997,0.0,0.4074074074074072,0.03867057300036928,13.312,0.0,1.1285621597206166e-16,0.0,0.0,0.1738336031129591,-6.316459461171003e-17
EDF,2021-02-22,5.0,0.0,3.82130596,17.638,0.21665188570132668,0.0,0.0,0.0,0.0,0.6428571428571429,1.0,0.0,0.16666666666666666,0.0379995625128989,6.656,0.0,0.0,0.0,,0.2653734153079538,-5.035595984239285e-17
EDF,2021-02-23,4.0,0.0,5.49072828,32.769000000000005,0.16755861576489972,0.0,0.0,0.0,0.0,0.8571428571428571,0.9999999999999996,0.0,0.33333333333333326,0.03778341654954905,13.312,0.0,0.0,0.0,,0.0,-1.0841690862707135e-16
EDF,2021-02-24,3.0,0.0,3.19791067,12.469000000000001,0.2564688964632288,0.0,0.0,0.0,0.0,0.7,1.0,0.0,0.12962962962962962,0.03730164583733616,13.312,0.0,0.0,,,2.1644398988247976e-16,0.0
EDF,2021-02-25,2.0,0.0,2.6010612199999996,12.530000000000001,0.20758668954509174,0.0,0.0,0.0,0.0,0.875,0.9999999999999998,0.0,0.12962962962962962,0.038187500043325905,6.656,,,,0.0,1.2441804275145047,-1.4176830322428176e-16
EDF,2021-02-26,6.0,0.0,2.541793693249707,21.594391278375213,0.11770619789570445,2.0565025618238978e-17,0.0,0.0,0.0,0.75,1.0,0.0,0.2222222222222222,0.03803341663418299,13.312,0.0,1.1870869014970933e-16,0.0,,-2.3580385835096127e-16,-8.226010247295591e-17
EDF,2021-03-01,6.0,0.0,5.11041582,38.06700000000001,0.13424792655055556,0.0,0.0,0.0,0.0,0.7692307692307693,0.9999999999999996,0.0,0.37037037037037024,0.03960720823670272,13.312,0.0,0.0,,0.0,0.0028369420437705287,-9.332791338430925e-17
EDF,2021-03-02,5.0,0.0,18.372840739999994,86.36299999999999,0.21273972349269937,0.0,0.0,0.0,0.0,0.9090909090909091,1.0,0.0,0.9259259259259253,0.03990364575656713,19.968,0.0,0.0,0.0,0.0,0.34279638964504694,-1.0284246954136904e-17
EDF,2021-03-03,4.0,0.0,2.49664356,19.662000000000006,0.12697810802563317,0.0,0.0,0.0,0.0,0.7692307692307693,0.9999999999999998,0.0,0.18518518518518517,0.03979643740118869,8.912,0.0,0.0,0.0,0.0,0.19321221202859035,-1.3551700025940266e-16
EDF,2021-03-04,5.0,0.0,4.68960574,24.820000000000004,0.18894463094278804,0.0,0.0,0.0,0.0,0.8235294117647058,0.9999999999999999,0.0,0.25925925925925924,0.03906770825778949,13.312,0.0,0.0,0.0,,0.1708639384365205,-1.0735436176875003e-16
EDF,2021-03-05,4.0,0.0,2.56507926,16.89,0.15186970159857904,0.0,0.0,0.0,0.0,0.75,0.9999999999999998,0.0,0.16666666666666666,0.038579427079336405,13.312,0.0,,0.0,0.0,0.19849278280135546,-5.258605208408083e-17
EDF,2021-03-08,5.0,0.0,2.74766406,18.186,0.1510867733421313,0.0,0.0,0.0,0.0,0.6428571428571429,1.0,0.0,0.16666666666666666,0.038891062558832346,13.312,0.0,0.0,,0.0,0.0,0.0
EDF,2021-03-09,5.0,0.0,3.0981810800000007,28.163000000000007,0.11000891524340446,0.0,0.0,0.0,0.0,0.75,1.0000000000000002,0.0,0.2777777777777778,0.03870009368256433,13.312,,0.0,0.0,0.0,-1.2615148306033763e-16,-9.46112011895173e-17
EDF,2021-03-10,2.0,0.0,3.6801840000000006,13.800000000000002,0.26668,0.0,0.0,0.0,0.0,0.8,0.9999999999999998,0.0,0.14814814814814814,0.039055989570139595,6.656,0.0,0.0,,,0.0,0.0
EDF,2021-03-11,5.0,0.0,8.533777939999997,63.008,0.13543959401980696,0.0,0.0,0.0,0.0,0.9,1.0000000000000002,0.0,0.6666666666666664,0.039754343712653885,25.284,0.0,0.0,0.0,0.0,0.0,-2.81925603002833e-17
EDF,2021-03-12,4.0,0.0,3.0857936599999998,16.955000000000002,0.18199903627248595,0.0,0.0,0.0,0.0,0.8333333333333334,1.0,0.0,0.18518518518518517,0.039655385383715235,6.656,,0.0,0.0,0.0,0.15038844534915569,-5.238445412563405e-17
EDF,2021-03-15,5.0,0.0,4.48328404,21.535000000000004,0.20818593173902944,0.0,0.0,0.0,0.0,0.7333333333333333,0.9999999999999997,0.0,0.2037037037037037,0.038352427054633154,13.312,0.0,0.0,0.0,0.0,0.295233987093168,-1.2373045085211868e-16
EDF,2021-03-16,5.0,0.0,3.4328608,17.698,0.19396885523787996,0.0,0.0,0.0,0.0,0.7692307692307693,1.0,0.0,0.18518518518518517,0.038174052103083035,7.408,0.0,0.0,0.0,,0.0,-5.018524238332722e-17
EDF,2021-03-17,4.0,0.0,2.9523301600000003,15.418,0.1914859359190557,0.0,0.0,0.0,0.0,0.7272727272727273,1.0,0.0,0.14814814814814814,0.03764019796411352,6.656,0.0,0.0,,,2.898967538520601e-16,-5.76065909780857e-17
EDF,2021-03-18,8.0,0.0,6.645818780000001,51.848000000000006,0.12817888404567196,0.0,0.0,0.0,0.0,0.8529411764705882,1.0,0.0,0.5370370370370369,0.038471791564613035,19.968,0.0,0.0,0.0,0.0,-2.1653781605509376e-16,-1.7130427783137735e-17
EDF,2021-03-19,9.0,0.0,5.0443912200000005,38.709,0.13031572037510655,0.0,0.0,0.0,0.0,0.8076923076923077,1.0,0.0,0.38888888888888873,0.03825998965112376,19.18,0.0,0.0,0.0,0.0,0.0,-2.294501071327405e-17
EDF,2021-03-22,6.0,0.0,6.41671588,34.64500000000001,0.18521333179390959,0.0,0.0,0.0,0.0,0.7916666666666666,0.9999999999999998,0.0,0.35185185185185175,0.03859418742043393,13.312,0.0,0.0,0.0,,0.2807273211839371,-1.0254621673547411e-16
EDF,2021-03-23,5.0,0.0,6.961664460000001,27.438,0.2537234659960639,0.0,0.0,0.0,0.0,0.7368421052631579,1.0,0.0,0.25925925925925924,0.038245229158443785,13.312,0.0,0.0,0.0,,0.3545234082615835,-9.71111327028346e-17
EDF,2021-03-24,7.0,0.0,10.102115600000001,51.69500000000001,0.19541765354483026,0.0,0.0,0.0,0.0,0.8484848484848485,0.9999999999999997,0.0,0.5185185185185183,0.03837890623496302,13.312,0.0,0.0,0.0,0.0,0.20793875528355357,-6.872451259890706e-17
EDF,2021-03-25,5.0,0.0,5.37726144,36.039,0.1492067327062349,0.0,0.0,0.0,0.0,0.8333333333333334,0.9999999999999997,0.0,0.37037037037037024,0.037986541732000965,13.312,0.0,0.0,0.0,,0.1425194939045774,-1.232246205083556e-16
EDF,2021-03-26,7.0,0.0,15.357179639999993,76.866,0.19979158067285918,0.0,0.0,0.0,0.0,0.8979591836734694,0.9999999999999997,0.0,0.8148148148148147,0.0387291665902012,19.968,0.0,0.0,0.0,0.0,0.04443394405133801,-4.621957274738507e-17
EDF,2021-03-29,7.0,0.0,15.019627299999998,79.411,0.18913786880910702,0.0,0.0,0.0,0.0,0.8823529411764706,0.9999999999999997,0.0,0.8333333333333327,0.0387061562226639,13.312,0.0,0.0,0.0,0.0,0.1505914513919334,-2.2369153384295004e-17
EDF,2021-03-30,4.0,0.0,3.1770458799999997,14.215,0.22349953429475902,0.0,0.0,0.0,0.0,0.7272727272727273,1.0,0.0,0.14814814814814814,0.03825434381118006,9.296,0.0,0.0,0.0,0.0,0.17152103507363098,-6.248177416110624e-17
EDF,2021-03-31,6.0,0.0,4.55152666,26.727999999999998,0.1702905814127507,0.0,0.0,0.0,0.0,0.8888888888888888,1.0,0.0,0.2962962962962963,0.03853125008390634,13.312,0.0,,0.0,0.0,0.09060871755162751,0.0
EDF,2021-04-01,5.0,0.0,4.0620967,23.785000000000004,0.17078396888795455,0.0,0.0,0.0,0.0,0.8125,1.0,0.0,0.24074074074074073,0.03994444796262542,10.892,0.0,0.0,,0.0,0.0968382572656215,-1.1202586752576733e-16
EDF,2021-04-02,4.0,0.0,3.20152724,16.406,0.1951436815799098,0.0,0.0,0.0,0.0,0.75,1.0,0.0,0.16666666666666666,0.039854166667889025,13.312,0.0,0.0,,0.0,0.02578331114127249,-5.4137414342321425e-17
EDF,2021-04-05,5.0,0.0,3.20042218,18.874,0.16956777471654128,0.0,0.0,0.0,0.0,0.8461538461538461,1.0,0.0,0.2037037037037037,0.03965451044981213,6.656,0.0,0.0,,,0.0,0.0
EDF,2021-04-06,9.0,0.0,3.8435139400000002,31.933,0.1203618181818182,0.0,0.0,0.0,0.0,0.6666666666666666,1.0,0.0,0.2962962962962963,0.03829514586565589,13.312,0.0,,0.0,0.0,0.12869345791205652,-5.562762156390725e-17
EDF,2021-04-07,9.0,0.0,5.976973719999999,33.256,0.17972617632908344,0.0,0.0,0.0,0.0,0.7391304347826086,0.9999999999999998,0.0,0.31481481481481477,0.03837283338725683,13.312,0.0,0.0,0.0,0.0,0.10740013565442613,-1.0682925423383753e-16
EDF,2021-04-08,5.0,0.0,3.44868046,19.447000000000006,0.17733740217000044,0.0,0.0,0.0,0.0,0.6428571428571429,0.9999999999999999,0.0,0.16666666666666666,0.03736979169843835,9.644000000000002,0.0,0.0,0.0,,0.050176305584953916,-9.134348945339899e-17
EDF,2021-04-09,5.0,0.0,8.862703719999995,58.804,0.15071600095231608,7.552023839365735e-18,0.0,0.0,0.0,0.9459459459459459,1.0,0.0,0.6481481481481479,0.038149739642297696,19.968,0.0,1.207092171378262e-16,0.0,,0.0,0.0
EDF,2021-04-12,5.0,0.0,5.622410820000001,29.244000000000003,0.19225861099712763,0.0,0.0,0.0,0.0,0.8,0.9999999999999999,0.0,0.2962962962962963,0.03813497914961772,13.312,0.0,0.0,,0.0,0.6117645294298478,-9.111391256669319e-17
EDF,2021-04-13,6.0,0.0,5.3910315,30.648,0.17590157595927958,0.0,0.0,0.0,0.0,0.8,0.9999999999999996,0.0,0.2962962962962963,0.03832638549283729,6.656,0.0,0.0,0.0,0.0,0.09313439693167944,-5.795995952102097e-17
EDF,2021-04-14,4.0,0.0,4.78307964,30.105000000000008,0.1588799083208769,0.0,0.0,0.0,0.0,0.8095238095238095,0.9999999999999998,0.0,0.3148148148148148,0.038197479170776205,13.312,0.0,0.0,0.0,0.0,0.08447348188155206,-2.950268791563279e-17
EDF,2021-04-15,6.0,0.0,7.107238400000001,44.108000000000004,0.16113263807019135,0.0,0.0,0.0,0.0,0.8275862068965517,0.9999999999999998,0.0,0.4444444444444443,0.03856250001869436,18.116000000000003,0.0,0.0,,0.0,-1.7225297089431528e-16,-1.409551314478298e-16
EDF,2021-04-16,6.0,0.0,5.173468440000001,33.318000000000005,0.15527547992076354,0.0,0.0,0.0,0.0,0.782608695652174,0.9999999999999996,0.0,0.33333333333333326,0.03853471874511646,13.312,0.0,0.0,0.0,0.0,0.07464130784364549,-5.3315230187893946e-17
EDF,2021-04-19,7.0,0.0,3.9676883,20.42,0.1943040303623898,2.174775758325478e-17,0.0,0.0,0.0,0.6666666666666666,1.0,0.0,0.18518518518518517,0.038311625000157314,12.076,0.0,3.1738794300318945e-17,0.0,,1.4284611371088362e-16,0.0
EDF,2021-04-20,6.0,0.0,3.5968679999999997,20.808,0.1728598615916955,0.0,0.0,0.0,0.0,0.7857142857142857,1.0,0.0,0.2037037037037037,0.03931250012101373,13.312,0.0,0.0,0.0,0.0,0.18487180797754973,0.0
EDF,2021-04-21,7.0,0.0,7.63029492,32.13,0.23748194584500465,0.0,0.0,0.0,0.0,0.782608695652174,1.0,0.0,0.33333333333333326,0.03952040621394796,13.312,0.0,0.0,0.0,,0.36504479243714666,-5.528654962341272e-17
EDF,2021-04-22,7.0,0.0,5.250902177916667,31.13662916666667,0.16864067557891022,0.0,0.0,0.0,0.0,0.7727272727272727,0.9999999999999999,0.0,0.31481481481481477,0.039478729073986564,13.312,0.0,0.0,0.0,,0.05842201687362765,-8.557558510389093e-17
EDF,2021-04-23,7.0,0.0,12.402592719999998,76.501,0.16212327577417285,0.0,0.0,0.0,0.0,0.8979591836734694,0.9999999999999997,0.0,0.8148148148148143,0.03852604171091419,19.968,0.0,0.0,0.0,0.0,1.7120043672378433e-16,-3.483007096770468e-17
EDF,2021-04-26,4.0,0.0,3.5995257600000006,24.213000000000005,0.1486608747367117,0.0,0.0,0.0,0.0,0.8125,1.0,0.0,0.24074074074074073,0.038123260461967824,13.312,0.0,0.0,,,1.867039707978706e-16,-1.4672752978980303e-16
EDF,2021-04-27,5.0,0.0,8.611532889999998,56.611000000000004,0.15211766070198365,0.0,0.0,0.0,0.0,0.8918918918918919,0.9999999999999999,0.0,0.6111111111111107,0.038203552170064846,13.312,0.0,0.0,0.0,0.0,1.8246123091522783e-16,-4.706744730000133e-17
EDF,2021-04-28,8.0,0.0,8.06240686,60.28000000000001,0.1337492843397478,0.0,0.0,0.0,0.0,0.8717948717948718,0.9999999999999998,0.0,0.6296296296296291,0.0383697917338092,13.312,0.0,0.0,0.0,0.0,0.15659361950604117,-4.4202641989057326e-17
EDF,2021-04-29,7.0,0.0,7.9860698800000005,54.10600000000001,0.14760044874875244,0.0,0.0,0.0,0.0,0.8857142857142857,0.9999999999999997,0.0,0.5740740740740738,0.03825563544523902,13.312,0.0,0.0,0.0,0.0,0.037659393729792844,-8.207762722250076e-17
EDF,2021-04-30,8.0,0.0,9.58089748,66.50800000000001,0.14405631623263365,0.0,0.0,0.0,0.0,0.9047619047619048,0.9999999999999996,0.0,0.703703703703703,0.03860113550520813,13.312,0.0,0.0,0.0,0.0,0.02838034242810708,-6.677229955043943e-17
EDF,2021-05-03,6.0,0.0,2.9272797,17.919000000000004,0.1633617780010045,0.0,0.0,0.0,0.0,0.6923076923076923,0.9999999999999998,0.0,0.16666666666666666,0.03932986449702488,6.656,0.0,0.0,0.0,0.0,0.0,-9.913258772254313e-17
EDF,2021-05-04,11.0,0.0,15.023772979999999,83.73500000000001,0.17942046909894305,0.0,0.0,0.0,0.0,0.8545454545454545,0.9999999999999999,0.0,0.8703703703703698,0.04043229167412695,19.764,0.0,0.0,0.0,,0.008099444543708905,-5.303507611513257e-17
EDF,2021-05-05,8.0,0.0,8.820048,47.571000000000005,0.18540808475752033,0.0,0.0,0.0,0.0,0.8064516129032258,0.9999999999999998,0.0,0.4629629629629628,0.0403532916000889,17.823999999999998,0.0,0.0,0.0,0.0,0.46956331014235114,-5.601175630321784e-17
EDF,2021-05-06,6.0,0.0,3.99585562,38.521,0.10373187663871654,0.0,0.0,0.0,0.0,0.84,0.9999999999999998,0.0,0.38888888888888873,0.03936370831070235,19.968,0.0,0.0,0.0,0.0,2.675703603849535e-16,-9.222797120532958e-17
EDF,2021-05-07,6.0,0.0,7.12914226,71.69200000000001,0.09944125230151202,0.0,0.0,0.0,0.0,0.9130434782608695,0.9999999999999996,0.0,0.7777777777777778,0.03863629156815781,26.624,0.0,0.0,0.0,0.0,1.3955765325376384e-16,-3.716642385622351e-17
EDF,2021-05-10,5.0,0.0,11.162766179999995,70.494,0.15835058558175158,0.0,0.0,0.0,0.0,0.9318181818181818,0.9999999999999997,0.0,0.7592592592592587,0.038462239596507665,19.968,0.0,0.0,0.0,0.0,0.08447339250149045,-5.039739096661419e-17
EDF,2021-05-11,8.0,0.0,5.94286524,35.45100000000001,0.16763603960396034,0.0,0.0,0.0,0.0,0.7307692307692307,1.0,0.0,0.35185185185185175,0.03889410406069752,16.46,0.0,0.0,0.0,0.0,0.612654786620988,-7.516107469748035e-17
EDF,2021-05-12,11.0,0.0,14.8056549,76.86900000000001,0.1926089177691917,0.0,0.0,0.0,0.0,0.84,1.0,0.0,0.7777777777777772,0.03884375003811632,13.312,0.0,0.0,0.0,0.0,0.4153315862232079,-6.932665337393162e-17
EDF,2021-05-13,5.0,0.0,5.000872,25.771,0.1940503666912421,0.0,0.0,0.0,0.0,0.8235294117647058,1.0,0.0,0.25925925925925924,0.03850260418403195,10.48,0.0,0.0,0.0,0.0,0.5306018979594284,-1.3785703615694003e-16
EDF,2021-05-14,10.0,0.0,12.062279059999998,81.22400000000002,0.1485063412291933,0.0,0.0,0.0,0.0,0.8679245283018868,1.0,0.0,0.8518518518518513,0.03848958325155157,19.968,0.0,0.0,0.0,0.0,-3.737965043902479e-16,-7.654448116198262e-17
EDF,2021-05-17,3.0,0.0,8.25667948,30.961000000000006,0.26668,0.0,0.0,0.0,0.0,0.9,1.0000000000000002,0.0,0.33333333333333326,0.038182729288867755,13.312,,0.0,0.0,0.0,0.8286736924776741,-1.4343503434968595e-16
EDF,2021-05-18,6.0,0.0,9.702083179999997,62.89400000000001,0.15426087035329278,0.0,0.0,0.0,0.0,0.9,1.0,0.0,0.6666666666666663,0.03844531253586562,13.312,0.0,,0.0,0.0,0.030793443869070944,-2.82436613890077e-17
EDF,2021-05-19,11.0,0.0,14.49122404,81.241,0.17837328491771398,0.0,0.0,0.0,0.0,0.8518518518518519,1.0,0.0,0.8518518518518511,0.03844921881560973,15.204,0.0,0.0,0.0,0.0,0.27403519472779597,-5.466318851935139e-17
EDF,2021-05-20,8.0,0.0,7.759514429999999,46.13100000000001,0.16820607465695514,0.0,0.0,0.0,0.0,0.8064516129032258,1.0,0.0,0.4629629629629627,0.03843619788312935,13.312,0.0,0.0,0.0,0.0,0.5257482681196657,-1.155203771477044e-16
EDF,2021-05-21,7.0,0.0,5.9891349400000005,42.74800000000001,0.14010327828202487,0.0,0.0,0.0,0.0,0.8928571428571429,1.0,0.0,0.4629629629629627,0.03865234369489675,13.312,0.0,0.0,0.0,0.0,0.20515264574455983,-1.0388537705859048e-16
EDF,2021-05-24,12.0,0.0,10.06958985,71.682,0.14047584958567003,0.0,0.0,0.0,0.0,0.7755102040816326,0.9999999999999998,0.0,0.7037037037037034,0.03853949995876368,13.312,0.0,0.0,0.0,0.0,0.21661082346557425,-6.195268126587743e-17
EDF,2021-05-25,11.0,0.0,26.40346421999999,140.913,0.18737422537310247,0.0,0.0,0.0,0.0,0.9,1.0,0.0,1.5000000000000002,0.039643229229113786,26.008000000000003,0.0,0.0,0.0,0.0,0.10674893873055585,-3.151513415015382e-17
EDF,2021-05-26,5.0,0.0,4.8244397800000005,26.884000000000007,0.17945394212170804,1.6518717819151267e-17,0.0,0.0,0.0,0.8333333333333334,1.0,0.0,0.2777777777777778,0.039268229253745325,13.312,0.0,,1.9103897868453182e-17,,0.2901391045372448,-3.3037435638302527e-17
EDF,2021-05-27,5.0,0.0,8.60145824,37.688,0.22822803651029502,0.0,0.0,0.0,0.0,0.84,0.9999999999999999,0.0,0.38888888888888884,0.03949348956666654,18.756,0.0,,0.0,,0.588549736270098,-2.356661058427418e-17
EDF,2021-05-28,6.0,0.0,6.238814260000001,44.131,0.14137033513856476,0.0,0.0,0.0,0.0,0.896551724137931,0.9999999999999998,0.0,0.4814814814814812,0.03957812502145922,19.968,0.0,0.0,0.0,,0.3451228260047503,-2.0125952724844785e-17
EDF,2021-05-31,2.0,0.0,1.2965194999999998,6.9079999999999995,0.1876837724377533,6.428622030255684e-17,0.0,0.0,0.0,0.8,1.0000000000000002,0.0,0.07407407407407407,0.038039062474126695,6.656,6.428622030255684e-17,,,,-2.9576958364724095e-16,0.0
EDF,2021-06-01,9.0,0.0,7.542617880000001,50.01900000000001,0.150795055478918,0.0,0.0,0.0,0.0,0.7714285714285715,0.9999999999999998,0.0,0.4999999999999998,0.03873871870988902,14.512,0.0,0.0,0.0,,0.05635028455426094,-7.102728320839083e-17
EDF,2021-06-02,11.0,0.0,10.585157839999997,76.09100000000001,0.13911182452589657,0.0,0.0,0.0,0.0,0.88,1.0,0.0,0.8148148148148141,0.03867100000813176,31.4,0.0,0.0,0.0,0.0,-1.9951988776095756e-16,-4.66903270925668e-17
EDF,2021-06-03,6.0,0.0,11.555864839999995,64.694,0.17862344019538123,0.0,0.0,0.0,0.0,0.9024390243902439,1.0,0.0,0.6851851851851848,0.03865147906860026,13.312,0.0,0.0,,0.0,0.1433879930769483,-2.7457829774016917e-17
EDF,2021-06-04,6.0,0.0,7.5619924,34.00900000000001,0.2223526831132935,0.0,0.0,0.0,0.0,0.75,0.9999999999999996,0.0,0.33333333333333326,0.0385368957722676,13.312,0.0,0.0,,0.0,0.046800614329995924,-7.834794492929448e-17
EDF,2021-06-07,8.0,0.0,5.3478430800000005,37.137,0.14400309879634868,0.0,0.0,0.0,0.0,0.8076923076923077,1.0,0.0,0.38888888888888873,0.037961364644919136,16.896,0.0,0.0,0.0,0.0,0.0,-4.7832534652778915e-17
EDF,2021-06-08,5.0,0.0,2.3923661800000007,21.250000000000004,0.11258193788235295,0.0,0.0,0.0,0.0,0.7333333333333333,1.0,0.0,0.2037037037037037,0.037893229091423564,6.656,0.0,0.0,0.0,,1.232683329924256e-16,-4.179663151530001e-17
EDF,2021-06-09,10.0,0.0,9.789061,56.257000000000005,0.17400609701903763,0.0,0.0,0.0,0.0,0.8157894736842105,0.9999999999999999,0.0,0.5740740740740738,0.038136281242865756,13.312,0.0,0.0,0.0,0.0,0.030511489658838663,-4.7363621577765884e-17
EDF,2021-06-10,6.0,0.0,7.4922800999999986,50.502,0.14835610668884397,0.0,0.0,0.0,0.0,0.8787878787878788,0.9999999999999996,0.0,0.5370370370370366,0.038215270857714735,13.312,0.0,0.0,0.0,,1.8708751688828237e-16,-1.758699496455834e-17
EDF,2021-06-11,11.0,0.0,13.314110020000001,81.256,0.1638538694988678,0.0,0.0,0.0,0.0,0.8490566037735849,0.9999999999999997,0.0,0.8333333333333327,0.03929296872229315,13.312,0.0,0.0,0.0,0.0,0.05235710282391186,-7.651433663853595e-17
EDF,2021-06-14,10.0,0.0,12.140528819999998,86.013,0.1411476035017962,5.163047560834555e-18,0.0,0.0,0.0,0.8596491228070176,0.9999999999999999,0.0,0.9074074074074069,0.04058984374447997,17.860000000000003,2.897241713531202e-17,0.0,0.0,0.0,0.0,-3.097828536500733e-17
EDF,2021-06-15,9.0,0.0,4.73293917,45.231,0.10463927770776679,0.0,0.0,0.0,0.0,0.7419354838709677,0.9999999999999998,0.0,0.4259259259259257,0.03987327075568222,13.312,0.0,,0.0,0.0,0.09630556929159353,-1.374554826977267e-16
EDF,2021-06-16,10.0,0.0,8.15710022,48.80300000000001,0.1671434178226748,0.0,0.0,0.0,0.0,0.7575757575757576,1.0,0.0,0.4629629629629627,0.03997309371091736,18.78,0.0,0.0,0.0,0.0,0.3475727171503237,-1.0919555187592466e-16
EDF,2021-06-17,11.0,0.0,10.31569515,68.382,0.15085395498815476,0.0,0.0,0.0,0.0,0.8222222222222222,0.9999999999999997,0.0,0.6851851851851849,0.03878471867816794,19.244,0.0,0.0,0.0,0.0,0.0920484015024305,-3.896544791173665e-17
EDF,2021-06-18,8.0,0.0,14.345892919999994,96.023,0.14940059069181336,0.0,0.0,0.0,0.0,0.9016393442622951,1.0,0.0,1.0185185185185182,0.03836285425980653,26.624,0.0,0.0,0.0,,0.0,-2.774892743509759e-17
EDF,2021-06-21,8.0,0.0,9.17592922,42.844,0.21417069414620485,0.0,0.0,0.0,0.0,0.8275862068965517,0.9999999999999998,0.0,0.4444444444444443,0.038309895899146795,19.968,0.0,0.0,0.0,0.0,0.046587187443952016,-1.0365260242975973e-16
EDF,2021-06-22,12.0,0.0,12.906591859999999,68.609,0.18811805827223835,0.0,0.0,0.0,0.0,0.8085106382978723,1.0,0.0,0.7037037037037035,0.03860981253941039,22.912000000000006,0.0,0.0,0.0,,0.08414271748203407,-7.767305336327234e-17
EDF,2021-06-23,14.0,0.0,21.59758439999999,119.649,0.18050785547727094,0.0,0.0,0.0,0.0,0.8461538461538461,1.0,0.0,1.222222222222222,0.03976476045863819,23.031999999999996,0.0,0.0,0.0,0.0,0.0793337312082494,-4.453919813956449e-17
EDF,2021-06-24,11.0,0.0,9.50099594,65.74400000000001,0.144515027074714,0.0,0.0,0.0,0.0,0.8181818181818182,0.9999999999999999,0.0,0.6666666666666662,0.0392456666607662,14.380000000000003,0.0,0.0,0.0,0.0,0.11820176611552813,-9.456754894592475e-17
EDF,2021-06-25,9.0,0.0,4.6316637300000005,36.357,0.12739400198036144,0.0,0.0,0.0,0.0,0.7307692307692307,1.0,0.0,0.35185185185185175,0.03872352090183995,13.312,0.0,0.0,0.0,,0.09784796860376274,-2.4429364900847848e-17
EDF,2021-06-28,11.0,0.0,21.07287223999999,129.251,0.16303836906484276,0.0,0.0,0.0,0.0,0.9146341463414634,1.0,0.0,1.3888888888888888,0.03900867704942357,26.624,0.0,0.0,0.0,0.0,0.0,-2.7486933786202828e-17
EDF,2021-06-29,15.0,0.0,10.447258999999999,87.53,0.11935632354621271,5.073565747173113e-18,0.0,0.0,0.0,0.8275862068965517,1.0,0.0,0.8888888888888883,0.03912412497205272,19.968,1.574951980175418e-17,0.0,0.0,0.0,0.0,-5.073565747173113e-17
EDF,2021-06-30,12.0,0.0,13.338485389999997,89.36600000000001,0.14925682463129147,0.0,0.0,0.0,0.0,0.8793103448275862,1.0,0.0,0.9444444444444438,0.04027170840951536,19.968,0.0,0.0,0.0,0.0,0.08300129207550368,-1.9877322912519866e-17
EDF,2021-07-01,13.0,0.0,14.557338640000001,91.19200000000001,0.15963394420563207,0.0,0.0,0.0,0.0,0.847457627118644,0.9999999999999997,0.0,0.9259259259259255,0.0404275209196688,19.968,0.0,0.0,0.0,0.0,0.0,-6.817756971994119e-17
EDF,2021-07-02,10.0,0.0,4.39870883,34.037000000000006,0.12923315303933952,1.3047248871817805e-17,0.0,0.0,0.0,0.68,1.0,0.0,0.31481481481481477,0.03966796884924406,16.948,0.0,0.0,2.408815414678144e-17,,0.10433880103422051,-7.828349323090682e-17
EDF,2021-07-05,1.0,0.0,0.92352,9.984,0.0925,0.0,0.0,0.0,0.0,1.0,1.0,0.0,0.1111111111111111,0.03821266667121866,6.656,0.0,,,,-1.5003013846285896e-16,0.0
EDF,2021-07-06,14.0,0.0,10.424315960000001,68.018,0.15325819577170752,0.0,0.0,0.0,0.0,0.72,0.9999999999999999,0.0,0.6666666666666662,0.03832638549283729,19.968,0.0,0.0,0.0,0.0,0.02859895203468355,-2.6115981643098158e-17
EDF,2021-07-07,14.0,0.0,13.374663119999994,104.136,0.1284345770914957,0.0,0.0,0.0,0.0,0.8382352941176471,1.0,0.0,1.0555555555555556,0.03853471874511646,26.38,0.0,0.0,0.0,0.0,-2.1610672331529595e-16,-3.4116095094880745e-17
EDF,2021-07-08,12.0,0.0,14.246401089999999,88.897,0.1602573887757742,0.0,0.0,0.0,0.0,0.8333333333333334,0.9999999999999998,0.0,0.9259259259259252,0.03901866663606294,19.968,0.0,0.0,0.0,0.0,0.07927872544058984,-2.997328660247675e-17
EDF,2021-07-09,10.0,0.0,8.113081820000001,48.74900000000001,0.16642560503805207,0.0,0.0,0.0,0.0,0.7647058823529411,0.9999999999999997,0.0,0.4814814814814813,0.03861979166686069,13.312,0.0,0.0,0.0,0.0,0.2348638722809602,-9.109709119162703e-17
EDF,2021-07-12,13.0,0.0,21.457740579999992,139.18,0.15417258643483253,0.0,0.0,0.0,0.0,0.9101123595505618,1.0,0.0,1.5000000000000002,0.03903906250949755,26.624,0.0,0.0,0.0,0.0,0.013692215605581284,-8.934112570629223e-17
EDF,2021-07-13,15.0,0.0,20.668000539999994,137.61700000000002,0.15018493747138792,0.0,0.0,0.0,0.0,0.8666666666666667,1.0,0.0,1.4444444444444449,0.03947916669252057,33.28,0.0,0.0,0.0,0.0,0.06058230061734495,0.0
EDF,2021-07-14,15.0,0.0,12.585532700000002,81.71,0.15402683514869664,0.0,0.0,0.0,0.0,0.8148148148148148,1.0,0.0,0.8148148148148143,0.039268229253745325,19.968,0.0,0.0,0.0,0.0,0.14661146403606776,-5.434943211969927e-17
EDF,2021-07-15,18.0,0.0,28.043095019999992,134.568,0.20839348894239335,3.3001100547683146e-18,0.0,0.0,0.0,0.8539325842696629,1.0,0.0,1.407407407407408,0.039268229253745325,26.624,0.0,5.925139557705972e-17,0.0,0.0,0.06611191094261305,-5.280176087629304e-17
EDF,2021-07-16,14.0,0.0,15.483128479999998,119.255,0.12983211169343004,1.489544957779758e-17,0.0,0.0,0.0,0.8375,0.9999999999999999,0.0,1.2407407407407411,0.040762156307512974,34.612,9.83150785587918e-17,0.0,0.0,0.0,0.033736269032735966,-2.979089915559516e-17
EDF,2021-07-19,16.0,0.0,22.868953199999993,146.892,0.15568549138142304,0.0,0.0,0.0,0.0,0.875,1.0,0.0,1.5555555555555556,0.03901345826307079,19.968,0.0,0.0,0.0,0.0,0.03405503568225621,-3.627883423331939e-17
EDF,2021-07-20,21.0,0.0,21.410532859999993,147.38899999999998,0.14526547340710633,0.017720995947963312,0.047619047619047616,0.0,0.0,0.8367346938775511,0.9696628943131911,0.3181002512262231,1.5185185185185188,0.04160763531520691,34.612,0.06333666809585058,0.0,7.501253502416517e-18,0.0,0.006478584085288518,0.017720995947963294
EDF,2021-07-21,12.0,0.0,7.99590926,60.155,0.132921773086194,0.0,0.0,0.0,0.0,0.7560975609756098,1.0,0.0,0.5740740740740736,0.038573791546999324,16.836,0.0,0.0,0.0,,0.049735871064378996,-5.905932472447013e-17
EDF,2021-07-22,17.0,0.0,24.807567859999992,166.69100000000003,0.1488236789028801,0.005909996302524916,0.058823529411764705,0.0,0.0,0.8796296296296297,0.9988168886162951,0.11855485105873736,1.7592592592592595,0.04050520828968729,34.612,0.028694688514208765,0.0,0.007100718080136255,0.0,0.07994090915802242,0.005909996302524874
EDF,2021-07-23,13.0,0.0,8.53913382,62.568000000000005,0.1364776534330648,0.0,0.0,0.0,0.0,0.7674418604651163,0.9999999999999998,0.0,0.6111111111111108,0.039082468750469467,13.312,0.0,0.0,0.0,,0.08148990827667978,-8.517246065402045e-17
EDF,2021-07-26,14.0,0.0,8.03524185,53.973,0.14887521260630315,8.227988250607945e-18,0.0,0.0,0.0,0.7368421052631579,1.0,0.0,0.5185185185185183,0.03921007282770006,13.312,0.0,0.0,5.2031541868782967e-17,,0.009422630787019553,-6.582390600486356e-17
EDF,2021-07-27,15.0,0.0,19.139339259999993,127.867,0.1496816165234188,0.0,0.0,0.0,0.0,0.8795180722891566,1.0,0.0,1.3518518518518525,0.039492625091952505,19.968,0.0,0.0,0.0,0.0,0.02225312291618278,-2.0838334043188433e-17
EDF,2021-07-28,12.0,0.0,18.698208139999988,112.84400000000001,0.16569962195597449,0.0,0.0,0.0,0.0,0.8783783783783784,1.0,0.0,1.2037037037037037,0.03917447914621638,27.84,0.0,0.0,0.0,0.0,0.019535977383997045,-1.5741703939954722e-17
EDF,2021-07-29,13.0,0.0,9.627807740000002,79.622,0.12091893873552538,0.0,0.0,0.0,0.0,0.8301886792452831,1.0,0.0,0.8148148148148141,0.039500864659203216,23.496,0.0,0.0,0.0,0.0,0.0985788599123941,-7.808456127578907e-17
EDF,2021-07-30,16.0,0.0,11.16154124,81.18200000000002,0.13748788204281734,0.0,0.0,0.0,0.0,0.7543859649122807,1.0,0.0,0.7962962962962958,0.03905772913033919,26.624,0.0,0.0,0.0,0.0,0.05230271654013661,-5.470291565249225e-17
EDF,2021-08-02,14.0,0.0,25.27281841999999,161.285,0.15669664519329132,0.02998135562639068,0.07142857142857142,0.0,0.0,0.9038461538461539,0.998948980189926,0.5963632013398703,1.7407407407407407,0.042005645809695125,34.612,0.0,0.0,0.10463456613912048,0.0,0.012435732313241103,0.02998135562639065
EDF,2021-08-03,19.0,0.0,19.87389545,149.36900000000003,0.13305234319035406,0.0,0.0,0.0,0.0,0.8571428571428571,1.0,0.0,1.5555555555555562,0.03919531248660254,30.787999999999997,0.0,0.0,0.0,0.0,0.06083299888191729,-5.351582843361826e-17
EDF,2021-08-04,19.0,0.0,21.045653129411104,135.0664836111111,0.15581699150476594,0.0,0.0,0.0,0.0,0.8426966292134831,1.0,0.0,1.3888888888888897,0.040621531146219546,16.86,0.0,0.0,0.0,,0.023445897018369022,-2.6303443932320164e-17
EDF,2021-08-05,12.0,0.0,14.266735479999994,97.44100000000002,0.14641409139889772,0.0,0.0,0.0,0.0,0.859375,0.9999999999999998,0.0,1.018518518518518,0.04030511460465883,21.520000000000003,0.0,0.0,0.0,0.0,0.12017067562537508,-6.380526613951905e-17
EDF,2021-08-06,12.0,0.0,16.196841159999998,90.187,0.1795917500304922,0.0,0.0,0.0,0.0,0.864406779661017,1.0,0.0,0.944444444444444,0.04036718746647239,21.971999999999973,0.0,0.0,0.0,0.0,0.02717358333806909,-3.9392747056676696e-17
EDF,2021-08-09,11.0,0.0,21.77699411999999,134.154,0.16232832505926018,0.0,0.0,0.0,0.0,0.9285714285714286,1.0,0.0,1.444444444444445,0.040184895775989084,33.28,0.0,0.0,0.0,0.0,1.7098418039794575e-16,-1.9861765277966933e-17
EDF,2021-08-10,19.0,0.0,15.87271279,111.20500000000001,0.14273380504473718,0.0,0.0,0.0,0.0,0.8378378378378378,1.0,0.0,1.1481481481481484,0.03979470830017817,29.088,0.0,0.0,0.0,0.0,0.10687578905160373,-3.194742753293917e-17
EDF,2021-08-11,18.0,0.0,17.537184972705553,137.63361888888892,0.12741934066896296,3.2266041787985984e-18,0.0,0.0,0.0,0.8260869565217391,1.0,0.0,1.407407407407407,0.03993837496333678,26.624,0.0,9.409068389551732e-18,0.0,0.0,0.021560631948232302,-6.453208357597198e-17
EDF,2021-08-12,22.0,0.0,15.53624468,137.132,0.1132940865735204,0.0,0.0,0.0,0.0,0.8351648351648352,1.0,0.0,1.4074074074074072,0.03981988538726,26.624,0.0,0.0,0.0,0.0,-1.2249348776741922e-16,-6.476813724733287e-17
EDF,2021-08-13,16.0,0.0,11.52400016,87.893,0.13111396994072338,0.0,0.0,0.0,0.0,0.7704918032786885,1.0,0.0,0.8703703703703697,0.03990668756159721,19.968,0.0,0.0,0.0,0.0,0.13876208736550244,-3.031567086230275e-17
EDF,2021-08-16,16.0,0.0,17.406744399999994,126.889,0.1371808777750632,0.0,0.0,0.0,0.0,0.8571428571428571,1.0,0.0,1.333333333333334,0.03929210424757912,33.28,0.0,0.0,0.0,0.0,0.0,-2.799859466778445e-17
EDF,2021-08-17,20.0,0.0,19.295262519999994,134.57200000000003,0.14338244597687475,0.0,0.0,0.0,0.0,0.8333333333333334,1.0,0.0,1.3888888888888893,0.03969791669078404,30.96,0.0,0.0,0.0,0.0,-1.935772222780007e-16,-4.62001674783824e-17
EDF,2021-08-18,20.0,0.0,19.464752939999997,140.931,0.1381154816186644,0.00763299651445262,0.0,0.0,0.0,0.8172043010752689,0.9999534943195372,0.12968058380188863,1.4074074074074086,0.04115928125732656,34.612,0.0,0.0,0.012853043705091287,0.0,0.019878425693091267,0.007632996514452595
EDF,2021-08-19,17.0,0.0,20.846760210017877,127.87477329749065,0.16302480678905698,0.0,0.0,0.0,0.0,0.8352941176470589,1.0,0.0,1.3148148148148144,0.042039062615610114,34.611999999999995,0.0,0.0,0.0,0.0,0.059628072489898064,-1.389137821005317e-17
EDF,2021-08-20,13.0,0.0,10.269461490000001,75.67200000000001,0.13571018989850936,0.0,0.0,0.0,0.0,0.803921568627451,0.9999999999999998,0.0,0.7592592592592591,0.04034722921157178,23.528,0.0,0.0,0.0,0.0,0.07285974279871636,-8.216049447485035e-17
EDF,2021-08-23,14.0,0.0,25.78234206144443,146.63971944444444,0.1758209996522277,0.0,0.0,0.0,0.0,0.8723404255319149,1.0,0.0,1.5185185185185184,0.039299052180770865,26.624,0.0,0.0,0.0,0.0,0.0,-1.8170624365589126e-17
EDF,2021-08-24,20.0,0.0,35.191633239999994,186.09400000000005,0.1891067591647231,0.0,0.0,0.0,0.0,0.8688524590163934,1.0,0.0,1.962962962962964,0.04013063532208131,33.28,0.0,0.0,0.0,0.0,0.08782652958031764,-2.3863703819041054e-17
EDF,2021-08-25,17.0,0.0,23.69398999,148.75600000000003,0.1592809028879507,0.0,0.0,0.0,0.0,0.875,1.0,0.0,1.555555555555556,0.03954469790793761,26.624,0.0,0.0,0.0,0.0,0.0222974348133378,-4.1794945668752026e-17
EDF,2021-08-26,16.0,0.0,8.73001922,64.47800000000001,0.13539531654207637,0.0,0.0,0.0,0.0,0.723404255319149,1.0,0.0,0.6296296296296293,0.03939235421057674,20.184000000000005,0.0,0.0,0.0,0.0,0.09224699168816124,-4.132471942523614e-17
EDF,2021-08-27,20.0,0.0,22.375815979999995,137.37199999999999,0.16288483810383483,0.0,0.0,0.0,0.0,0.8461538461538461,1.0,0.0,1.4259259259259267,0.03960590629503713,26.624,0.0,0.0,0.0,0.0,0.08426756469000851,-5.172398565647295e-17
EDF,2021-08-30,17.0,0.0,37.992486839999984,237.57300000000004,0.15991921152656227,0.0027829547171711352,0.0,0.0,0.0,0.8947368421052632,0.9999859112941814,0.07931570762052707,2.518518518518519,0.039872833440313116,34.612,0.0,0.0,0.006220504207987977,0.0,0.04415494326082094,0.002782954717171124
EDF,2021-08-31,19.0,0.0,16.887634419999998,104.623,0.1614141672481194,4.244661401891196e-18,0.0,0.0,0.0,0.8169014084507042,1.0,0.0,1.0740740740740737,0.03936588533785349,26.624,0.0,0.0,0.0,1.9978819950065798e-17,0.14811644408255664,-5.942525962647674e-17
EDF,2021-09-01,21.0,0.0,15.874731519999997,146.79100000000003,0.10814512824355713,3.0253163330862427e-18,0.0,0.0,0.0,0.8367346938775511,0.9999999999999999,0.0,1.518518518518519,0.04061067708486613,34.612,0.0,0.0,8.51659270194198e-18,0.0,0.12015170386063143,-1.210126533234497e-17
EDF,2021-09-02,16.0,0.0,19.42924644,146.71500000000003,0.1324284936100603,0.008320603463425663,0.0,0.0,0.0,0.8350515463917526,0.9999474803824447,0.1472664194281591,1.5000000000000004,0.04047742701610938,34.612,0.0,0.0,0.01708701747567388,0.0,0.11463338166281307,0.00832060346342564
EDF,2021-09-03,18.0,0.0,14.621315699999998,112.28999999999999,0.1302103099118354,6.327747223796422e-17,0.0,0.0,0.0,0.782051282051282,1.0,0.0,1.1296296296296295,0.03987022925381704,34.612,0.0,0.0,0.0,1.269801339886163e-16,0.1647409845641129,3.163873611898211e-17
EDF,2021-09-06,4.0,0.0,6.404464280000001,33.797,0.189498011066071,0.0,0.0,0.0,0.0,0.8181818181818182,1.0,0.0,0.3333333333333333,0.038067708374001086,19.968,0.0,,0.0,0.0,0.1570936227494797,0.0
EDF,2021-09-07,25.0,0.0,20.17621188,162.168,0.12441549430220512,0.0,0.0,0.0,0.0,0.7787610619469026,1.0,0.0,1.62962962962963,0.04255772925413718,34.612,0.0,0.0,0.0,0.0,0.16188145436265045,-3.286141851783799e-17
EDF,2021-09-08,28.0,0.0,28.257868959999993,194.689,0.1451436340008937,5.702546238488854e-19,0.0,0.0,0.0,0.7910447761194029,0.9999999999999999,0.0,1.9629629629629632,0.04181684380455408,34.612,0.0,0.0,0.0,2.9891309693208678e-18,0.13067684816293845,-4.0488078293270866e-17
EDF,2021-09-09,27.0,0.0,27.763479679999996,187.214,0.14829809565523944,2.372094019945424e-18,0.0,0.0,0.0,0.8188976377952756,0.9999999999999999,0.0,1.9259259259259272,0.043321176993534515,34.612,0.0,0.0,0.0,9.03501810404587e-18,0.20395285372073804,-1.4232564119672546e-17
EDF,2021-09-10,30.0,0.0,33.46879138,204.028,0.16404018752328112,0.0,0.0,0.0,0.0,0.8085106382978723,1.0,0.0,2.111111111111111,0.0431176144957135,34.612,0.0,0.0,0.0,0.0,0.08584445298861784,-2.611930969377121e-17
EDF,2021-09-13,25.0,0.0,56.96445698999998,309.37500000000006,0.18412753774545446,0.11912680018450271,0.24,0.0,0.0,0.8177570093457944,0.9061087109463224,5.005263787534384,3.2407407407407405,0.05779861461026788,34.612,0.25517558656647754,0.24257975768477844,0.15317542674476084,0.020031621241351046,-0.01418315654757205,0.11308774707158606
LLF,2021-01-01,3.0,0.0,1.33909156,7.195,0.18611418485059067,0.0,0.0,0.0,0.0,0.8,1.0,0.0,0.07407407407407407,0.03909114578467173,6.656,0.0,,,,0.40164263797192,0.0
LLF,2021-01-04,2.0,0.0,2.63053152,9.864,0.26668,0.0,0.0,0.0,0.0,0.7142857142857143,0.9999999999999998,0.0,0.09259259259259259,0.03877473970230009,6.656,0.0,0.0,,,-4.163128185935039e-16,-1.800848377331965e-16
LLF,2021-01-05,5.0,0.0,5.40655302,29.895000000000003,0.18085141394882084,0.0,0.0,0.0,0.0,0.85,0.9999999999999999,0.0,0.31481481481481477,0.03751302074306295,13.312,0.0,0.0,0.0,,0.05664481574368698,-5.941986417127446e-17
LLF,2021-01-06,3.0,0.0,1.84306398,11.007000000000001,0.16744471518124826,0.0,0.0,0.0,0.0,0.625,0.9999999999999998,0.0,0.09259259259259259,0.03758377079066122,6.656,0.0,,0.0,0.0,0.24627886086898604,-8.069214315436768e-17
LLF,2021-01-07,3.0,0.0,1.48612988,9.728000000000002,0.1527682853618421,0.0,0.0,0.0,0.0,0.7142857142857143,0.9999999999999998,0.0,0.09259259259259259,0.03776996876088864,6.656,0.0,,0.0,0.0,0.3268975083221164,-9.13012355777267e-17
LLF,2021-01-08,2.0,0.0,1.47154024,5.518,0.26668,0.0,0.0,0.0,0.0,0.6,1.0,0.0,0.05555555555555555,0.03732074992512935,6.656,0.0,,0.0,,0.34563011460340104,0.0
LLF,2021-01-11,6.0,0.0,3.0344083599999996,22.444000000000003,0.13519908928889676,0.0,0.0,0.0,0.0,0.6875,0.9999999999999998,0.0,0.2037037037037037,0.03798697904737006,6.656,0.0,0.0,0.0,0.0,0.07783157196115678,-1.1871926836127143e-16
LLF,2021-01-12,2.0,0.0,2.5664282199999997,11.167000000000002,0.2298225324617175,0.0,0.0,0.0,0.0,0.75,0.9999999999999998,0.0,0.1111111111111111,0.037773437422098745,6.656,,,0.0,,1.4845679185050533,-1.590719834691726e-16
LLF,2021-01-13,3.0,0.0,1.47234028,5.521000000000001,0.26668,0.0,0.0,0.0,0.0,0.4,1.0,0.0,0.037037037037037035,0.03781987500891167,6.656,0.0,0.0,,,0.0,0.0
LLF,2021-01-14,5.0,0.0,4.24185078,19.503,0.21749734810029225,0.0,0.0,0.0,0.0,0.7142857142857143,0.9999999999999999,0.0,0.18518518518518517,0.038455291663315926,9.772000000000002,0.0,0.0,0.0,,0.0940240601530753,-9.108121003949395e-17
LLF,2021-01-15,3.0,0.0,2.2446912,9.504000000000001,0.23618383838383836,0.0,0.0,0.0,0.0,0.625,0.9999999999999998,0.0,0.09259259259259259,0.03810677086827733,6.656,0.0,0.0,,0.0,0.4004480428120647,-9.345311655093911e-17
LLF,2021-01-18,3.0,0.0,2.2557718199999997,15.303,0.14740716330131343,0.0,0.0,0.0,0.0,0.9,1.0,0.0,0.16666666666666666,0.03821831251116237,6.656,0.0,,,,0.0,0.0
LLF,2021-01-19,3.0,0.0,1.27381528,9.73,0.13091626721479957,0.0,0.0,0.0,0.0,0.5714285714285714,0.9999999999999998,0.0,0.07407407407407407,0.03900390629496542,6.656,0.0,0.0,0.0,,0.0,-9.12824686228289e-17
LLF,2021-01-20,3.0,0.0,1.64066102,8.059999999999999,0.2035559578163772,0.0,0.0,0.0,0.0,0.5,1.0,0.0,0.05555555555555555,0.038900614526937716,6.656,0.0,0.0,,,0.0,0.0
LLF,2021-01-21,4.0,0.0,3.29854646,20.978,0.15723836686052053,0.0,0.0,0.0,0.0,0.8571428571428571,1.0,0.0,0.2222222222222222,0.03913974993944672,13.312,0.0,0.0,,0.0,-1.7651910389179824e-16,-4.233856514920989e-17
LLF,2021-01-22,3.0,0.0,1.261766,5.731999999999999,0.22012665736217726,0.0,0.0,0.0,0.0,0.75,1.0,0.0,0.05555555555555555,0.03757421882255585,6.656,0.0,,,,1.2608911591276429e-16,0.0
LLF,2021-01-25,3.0,0.0,2.1553171200000003,17.823,0.12092897492004714,0.0,0.0,0.0,0.0,0.75,0.9999999999999998,0.0,0.16666666666666666,0.03844010416287347,13.312,0.0,,,0.0,0.0,-1.4949981816194667e-16
LLF,2021-01-26,1.0,0.0,0.5432271599999999,2.037,0.26668,0.0,0.0,0.0,0.0,0.5,1.0,0.0,0.018518518518518517,0.0373645833254462,6.656,,0.0,,,0.0,0.0
LLF,2021-01-27,3.0,0.0,2.60866006,23.368000000000002,0.11163386083533036,0.0,0.0,0.0,0.0,0.8125,0.9999999999999998,0.0,0.24074074074074073,0.03791276049014414,7.556000000000004,0.0,,0.0,0.0,-1.2431521855439002e-16,-7.601663982370123e-17
LLF,2021-01-28,5.0,0.0,2.4319085200000004,14.731000000000002,0.16508780938157627,0.0,0.0,0.0,0.0,0.6363636363636364,1.0,0.0,0.12962962962962962,0.03805598953476874,6.656,0.0,0.0,0.0,0.0,0.16301483646693304,-6.029315183627217e-17
LLF,2021-01-29,3.0,0.0,2.25916596,18.168,0.12434863276089828,0.0,0.0,0.0,0.0,1.0,1.0,0.0,0.2037037037037037,0.037841145967831835,6.656,0.0,,,0.0,0.0,0.0
LLF,2021-02-01,4.0,0.0,2.5130175800000005,21.272000000000002,0.1181373439262881,0.0,0.0,0.0,0.0,0.7333333333333333,0.9999999999999998,0.0,0.2037037037037037,0.03796137495252575,13.312,0.0,,0.0,0.0,0.2771604748787902,-4.1753404461269524e-17
LLF,2021-02-02,2.0,0.0,1.4870386,12.037,0.1235389715045277,0.0,0.0,0.0,0.0,0.875,0.9999999999999998,0.0,0.12962962962962962,0.03781510425445352,6.656,,,0.0,,0.33555644869759654,-1.475747145800657e-16
LLF,2021-02-03,5.0,0.0,5.115336060000001,34.791000000000004,0.14703044063119772,0.0,0.0,0.0,0.0,0.9090909090909091,1.0000000000000002,0.0,0.37037037037037024,0.03788454174961468,13.312,0.0,0.0,0.0,,0.0,-1.2764485351098346e-16
LLF,2021-02-04,1.0,0.0,0.61683084,2.313,0.26668,0.0,0.0,0.0,0.0,0.5,1.0,0.0,0.018518518518518517,0.03734418745201159,6.656,,,0.0,,1.8830270270270268,0.0
LLF,2021-02-05,5.0,0.0,1.8266850399999999,16.447,0.11106493828661762,0.0,0.0,0.0,0.0,0.6923076923076923,1.0,0.0,0.16666666666666666,0.03836762501426468,6.656,0.0,0.0,,0.0,0.0,0.0
LLF,2021-02-08,5.0,0.0,2.5262181800000003,23.213000000000005,0.10882773359755309,0.0,0.0,0.0,0.0,0.8125,0.9999999999999999,0.0,0.24074074074074073,0.038078999902306045,12.431999999999999,0.0,0.0,,0.0,-1.275206911790956e-16,-3.826211259639535e-17
LLF,2021-02-09,5.0,0.0,4.43865298,28.852,0.15384212463607375,0.0,0.0,0.0,0.0,0.8421052631578947,0.9999999999999999,0.0,0.2962962962962963,0.038373698013553316,6.656,0.0,,0.0,0.0,0.10945121223157402,-1.231357853459206e-16
LLF,2021-02-10,6.0,0.0,6.00100826,25.931,0.2314221688326713,0.0,0.0,0.0,0.0,0.7894736842105263,0.9999999999999998,0.0,0.2777777777777778,0.03833593746094266,13.312,0.0,0.0,0.0,,0.07199994760944632,0.0
LLF,2021-02-11,4.0,0.0,2.1237075,22.959000000000003,0.09249999999999999,0.0,0.0,0.0,0.0,0.8666666666666667,0.9999999999999998,0.0,0.24074074074074073,0.03837890623496302,13.312,0.0,,,0.0,-3.0006027692571793e-16,-1.5474165594322493e-16
LLF,2021-02-12,4.0,0.0,1.95371862,13.431000000000001,0.14546337726155908,0.0,0.0,0.0,0.0,0.6363636363636364,1.0,0.0,0.12962962962962962,0.038151906361842215,7.188,0.0,0.0,,0.0,0.1741922374234106,-6.612898665029597e-17
LLF,2021-02-15,5.0,0.0,6.81729884,31.967000000000006,0.21326051365470639,0.0,0.0,0.0,0.0,0.8571428571428571,1.0000000000000002,0.0,0.3333333333333333,0.03804731250056648,13.312,0.0,,0.0,0.0,0.7106085363749034,-8.335268430257377e-17
LLF,2021-02-16,7.0,0.0,4.331591700000001,38.232000000000006,0.11329754394224732,0.0,0.0,0.0,0.0,0.8076923076923077,0.9999999999999999,0.0,0.38888888888888873,0.038492187438047644,13.312,0.0,0.0,0.0,0.0,0.10054663755197413,-2.3231283210402942e-17
LLF,2021-02-17,4.0,0.0,5.53021922,25.178000000000004,0.21964489713241717,0.0,0.0,0.0,0.0,0.8235294117647058,0.9999999999999998,0.0,0.25925925925925924,0.038354604081784295,6.656,0.0,0.0,0.0,,0.6915281430893618,-1.0582791560490807e-16
LLF,2021-02-18,3.0,0.0,1.32217962,9.992999999999999,0.13231057940558394,0.0,0.0,0.0,0.0,0.625,1.0,0.0,0.09259259259259259,0.038500437464487426,13.312,,0.0,0.0,,0.2807547599681155,0.0
LLF,2021-02-19,7.0,0.0,5.476258840000001,42.184000000000005,0.12981838706618623,1.0527432435285005e-17,0.0,0.0,0.0,0.7586206896551724,0.9999999999999997,0.0,0.4074074074074072,0.03997352087026229,13.312,0.0,1.1285621597206166e-16,0.0,0.0,0.1738336031129591,-6.316459461171003e-17
LLF,2021-02-22,5.0,0.0,3.82130596,17.638,0.21665188570132668,0.0,0.0,0.0,0.0,0.6428571428571429,1.0,0.0,0.16666666666666666,0.03894054164751045,6.656,0.0,0.0,0.0,,0.2653734153079538,-5.035595984239285e-17
LLF,2021-02-23,4.0,0.0,5.49072828,32.769000000000005,0.16755861576489972,0.0,0.0,0.0,0.0,0.8571428571428571,0.9999999999999996,0.0,0.33333333333333326,0.03904210416294518,13.312,0.0,0.0,0.0,,0.0,-1.0841690862707135e-16
LLF,2021-02-24,3.0,0.0,3.19791067,12.469000000000001,0.2564688964632288,0.0,0.0,0.0,0.0,0.7,1.0,0.0,0.12962962962962962,0.03755902086292432,13.312,0.0,0.0,,,2.1644398988247976e-16,0.0
LLF,2021-02-25,2.0,0.0,2.6010612199999996,12.530000000000001,0.20758668954509174,0.0,0.0,0.0,0.0,0.875,0.9999999999999998,0.0,0.12962962962962962,0.037990020700817695,6.656,,,,0.0,1.2441804275145047,-1.4176830322428176e-16
LLF,2021-02-26,6.0,0.0,2.541793693249707,21.594391278375213,0.11770619789570445,2.0565025618238978e-17,0.0,0.0,0.0,0.75,1.0,0.0,0.2222222222222222,0.037812500067957444,13.312,0.0,1.1870869014970933e-16,0.0,,-2.3580385835096127e-16,-8.226010247295591e-17
LLF,2021-03-01,6.0,0.0,5.11041582,38.06700000000001,0.13424792655055556,0.0,0.0,0.0,0.0,0.7692307692307693,0.9999999999999996,0.0,0.37037037037037024,0.037932718745044745,13.312,0.0,0.0,,0.0,0.0028369420437705287,-9.332791338430925e-17
LLF,2021-03-02,5.0,0.0,18.372840739999994,86.36299999999999,0.21273972349269937,0.0,0.0,0.0,0.0,0.9090909090909091,1.0,0.0,0.9259259259259253,0.03802604169322876,19.968,0.0,0.0,0.0,0.0,0.34279638964504694,-1.0284246954136904e-17
LLF,2021-03-03,4.0,0.0,2.49664356,19.662000000000006,0.12697810802563317,0.0,0.0,0.0,0.0,0.7692307692307693,0.9999999999999998,0.0,0.18518518518518517,0.03786414587618007,8.912,0.0,0.0,0.0,0.0,0.19321221202859035,-1.3551700025940266e-16
LLF,2021-03-04,5.0,0.0,4.68960574,24.820000000000004,0.18894463094278804,0.0,0.0,0.0,0.0,0.8235294117647058,0.9999999999999999,0.0,0.25925925925925924,0.03752864586203941,13.312,0.0,0.0,0.0,,0.1708639384365205,-1.0735436176875003e-16
LLF,2021-03-05,4.0,0.0,2.56507926,16.89,0.15186970159857904,0.0,0.0,0.0,0.0,0.75,0.9999999999999998,0.0,0.16666666666666666,0.03772395833342065,13.312,0.0,,0.0,0.0,0.19849278280135546,-5.258605208408083e-17
LLF,2021-03-08,5.0,0.0,2.74766406,18.186,0.1510867733421313,0.0,0.0,0.0,0.0,0.6428571428571429,1.0,0.0,0.16666666666666666,0.038334635367694624,13.312,0.0,0.0,,0.0,0.0,0.0
LLF,2021-03-09,5.0,0.0,3.0981810800000007,28.163000000000007,0.11000891524340446,0.0,0.0,0.0,0.0,0.75,1.0000000000000002,0.0,0.2777777777777778,0.038177083297341596,13.312,,0.0,0.0,0.0,-1.2615148306033763e-16,-9.46112011895173e-17
LLF,2021-03-10,2.0,0.0,3.6801840000000006,13.800000000000002,0.26668,0.0,0.0,0.0,0.0,0.8,0.9999999999999998,0.0,0.14814814814814814,0.03897439592037699,6.656,0.0,0.0,,,0.0,0.0
LLF,2021-03-11,5.0,0.0,8.533777939999997,63.008,0.13543959401980696,0.0,0.0,0.0,0.0,0.9,1.0000000000000002,0.0,0.6666666666666664,0.039958770836771386,25.284,0.0,0.0,0.0,0.0,0.0,-2.81925603002833e-17
LLF,2021-03-12,4.0,0.0,3.0857936599999998,16.955000000000002,0.18199903627248595,0.0,0.0,0.0,0.0,0.8333333333333334,1.0,0.0,0.18518518518518517,0.03987672910928571,6.656,,0.0,0.0,0.0,0.15038844534915569,-5.238445412563405e-17
LLF,2021-03-15,5.0,0.0,4.48328404,21.535000000000004,0.20818593173902944,0.0,0.0,0.0,0.0,0.7333333333333333,0.9999999999999997,0.0,0.2037037037037037,0.03986111460108077,13.312,0.0,0.0,0.0,0.0,0.295233987093168,-1.2373045085211868e-16
LLF,2021-03-16,5.0,0.0,3.4328608,17.698,0.19396885523787996,0.0,0.0,0.0,0.0,0.7692307692307693,1.0,0.0,0.18518518518518517,0.03922959376723156,7.408,0.0,0.0,0.0,,0.0,-5.018524238332722e-17
LLF,2021-03-17,4.0,0.0,2.9523301600000003,15.418,0.1914859359190557,0.0,0.0,0.0,0.0,0.7272727272727273,1.0,0.0,0.14814814814814814,0.038952687646087725,6.656,0.0,0.0,,,2.898967538520601e-16,-5.76065909780857e-17
LLF,2021-03-18,8.0,0.0,6.645818780000001,51.848000000000006,0.12817888404567196,0.0,0.0,0.0,0.0,0.8529411764705882,1.0,0.0,0.5370370370370369,0.03835372914788119,19.968,0.0,0.0,0.0,0.0,-2.1653781605509376e-16,-1.7130427783137735e-17
LLF,2021-03-19,9.0,0.0,5.0443912200000005,38.709,0.13031572037510655,0.0,0.0,0.0,0.0,0.8076923076923077,1.0,0.0,0.38888888888888873,0.03793880205194,19.18,0.0,0.0,0.0,0.0,0.0,-2.294501071327405e-17
LLF,2021-03-22,6.0,0.0,6.41671588,34.64500000000001,0.18521333179390959,0.0,0.0,0.0,0.0,0.7916666666666666,0.9999999999999998,0.0,0.35185185185185175,0.03789973955766376,13.312,0.0,0.0,0.0,,0.2807273211839371,-1.0254621673547411e-16
LLF,2021-03-23,5.0,0.0,6.961664460000001,27.438,0.2537234659960639,0.0,0.0,0.0,0.0,0.7368421052631579,1.0,0.0,0.25925925925925924,0.038001302073098486,13.312,0.0,0.0,0.0,,0.3545234082615835,-9.71111327028346e-17
LLF,2021-03-24,7.0,0.0,10.102115600000001,51.69500000000001,0.19541765354483026,0.0,0.0,0.0,0.0,0.8484848484848485,0.9999999999999997,0.0,0.5185185185185183,0.03846701050254827,13.312,0.0,0.0,0.0,0.0,0.20793875528355357,-6.872451259890706e-17
LLF,2021-03-25,5.0,0.0,5.37726144,36.039,0.1492067327062349,0.0,0.0,0.0,0.0,0.8333333333333334,0.9999999999999997,0.0,0.37037037037037024,0.03862716675939737,13.312,0.0,0.0,0.0,,0.1425194939045774,-1.232246205083556e-16
LLF,2021-03-26,7.0,0.0,15.357179639999993,76.866,0.19979158067285918,0.0,0.0,0.0,0.0,0.8979591836734694,0.9999999999999997,0.0,0.8148148148148147,0.03898437504782729,19.968,0.0,0.0,0.0,0.0,0.04443394405133801,-4.621957274738507e-17
LLF,2021-03-29,7.0,0.0,15.019627299999998,79.411,0.18913786880910702,0.0,0.0,0.0,0.0,0.8823529411764706,0.9999999999999997,0.0,0.8333333333333327,0.03900260405013493,13.312,0.0,0.0,0.0,0.0,0.1505914513919334,-2.2369153384295004e-17
LLF,2021-03-30,4.0,0.0,3.1770458799999997,14.215,0.22349953429475902,0.0,0.0,0.0,0.0,0.7272727272727273,1.0,0.0,0.14814814814814814,0.03861197925895491,9.296,0.0,0.0,0.0,0.0,0.17152103507363098,-6.248177416110624e-17
LLF,2021-03-31,6.0,0.0,4.55152666,26.727999999999998,0.1702905814127507,0.0,0.0,0.0,0.0,0.8888888888888888,1.0,0.0,0.2962962962962963,0.037674916711694095,13.312,0.0,,0.0,0.0,0.09060871755162751,0.0
LLF,2021-04-01,5.0,0.0,4.0620967,23.785000000000004,0.17078396888795455,0.0,0.0,0.0,0.0,0.8125,1.0,0.0,0.24074074074074073,0.03795094789893483,10.892,0.0,0.0,,0.0,0.0968382572656215,-1.1202586752576733e-16
LLF,2021-04-02,4.0,0.0,3.20152724,16.406,0.1951436815799098,0.0,0.0,0.0,0.0,0.75,1.0,0.0,0.16666666666666666,0.03817968763542012,13.312,0.0,0.0,,0.0,0.02578331114127249,-5.4137414342321425e-17
LLF,2021-04-05,5.0,0.0,3.20042218,18.874,0.16956777471654128,0.0,0.0,0.0,0.0,0.8461538461538461,1.0,0.0,0.2037037037037037,0.03794661461142823,6.656,0.0,0.0,,,0.0,0.0
LLF,2021-04-06,9.0,0.0,3.8435139400000002,31.933,0.1203618181818182,0.0,0.0,0.0,0.0,0.6666666666666666,1.0,0.0,0.2962962962962963,0.03862978125350006,13.312,0.0,,0.0,0.0,0.12869345791205652,-5.562762156390725e-17
LLF,2021-04-07,9.0,0.0,5.976973719999999,33.256,0.17972617632908344,0.0,0.0,0.0,0.0,0.7391304347826086,0.9999999999999998,0.0,0.31481481481481477,0.03864539591328745,13.312,0.0,0.0,0.0,0.0,0.10740013565442613,-1.0682925423383753e-16
LLF,2021-04-08,5.0,0.0,3.44868046,19.447000000000006,0.17733740217000044,0.0,0.0,0.0,0.0,0.6428571428571429,0.9999999999999999,0.0,0.16666666666666666,0.03822526044435411,9.644000000000002,0.0,0.0,0.0,,0.050176305584953916,-9.134348945339899e-17
LLF,2021-04-09,5.0,0.0,8.862703719999995,58.804,0.15071600095231608,7.552023839365735e-18,0.0,0.0,0.0,0.9459459459459459,1.0,0.0,0.6481481481481479,0.03976129164584563,19.968,0.0,1.207092171378262e-16,0.0,,0.0,0.0
LLF,2021-04-12,5.0,0.0,5.622410820000001,29.244000000000003,0.19225861099712763,0.0,0.0,0.0,0.0,0.8,0.9999999999999999,0.0,0.2962962962962963,0.039313802062679315,13.312,0.0,0.0,,0.0,0.6117645294298478,-9.111391256669319e-17
LLF,2021-04-13,6.0,0.0,5.3910315,30.648,0.17590157595927958,0.0,0.0,0.0,0.0,0.8,0.9999999999999996,0.0,0.2962962962962963,0.03929557290878923,6.656,0.0,0.0,0.0,0.0,0.09313439693167944,-5.795995952102097e-17
LLF,2021-04-14,4.0,0.0,4.78307964,30.105000000000008,0.1588799083208769,0.0,0.0,0.0,0.0,0.8095238095238095,0.9999999999999998,0.0,0.3148148148148148,0.03867360419462784,13.312,0.0,0.0,0.0,0.0,0.08447348188155206,-2.950268791563279e-17
LLF,2021-04-15,6.0,0.0,7.107238400000001,44.108000000000004,0.16113263807019135,0.0,0.0,0.0,0.0,0.8275862068965517,0.9999999999999998,0.0,0.4444444444444443,0.037638458252331475,18.116000000000003,0.0,0.0,,0.0,-1.7225297089431528e-16,-1.409551314478298e-16
LLF,2021-04-16,6.0,0.0,5.173468440000001,33.318000000000005,0.15527547992076354,0.0,0.0,0.0,0.0,0.782608695652174,0.9999999999999996,0.0,0.33333333333333326,0.03810677086827733,13.312,0.0,0.0,0.0,0.0,0.07464130784364549,-5.3315230187893946e-17
LLF,2021-04-19,7.0,0.0,3.9676883,20.42,0.1943040303623898,2.174775758325478e-17,0.0,0.0,0.0,0.6666666666666666,1.0,0.0,0.18518518518518517,0.03802473959998073,12.076,0.0,3.1738794300318945e-17,0.0,,1.4284611371088362e-16,0.0
LLF,2021-04-20,6.0,0.0,3.5968679999999997,20.808,0.1728598615916955,0.0,0.0,0.0,0.0,0.7857142857142857,1.0,0.0,0.2037037037037037,0.038179687483837675,13.312,0.0,0.0,0.0,0.0,0.18487180797754973,0.0
LLF,2021-04-21,7.0,0.0,7.63029492,32.13,0.23748194584500465,0.0,0.0,0.0,0.0,0.782608695652174,1.0,0.0,0.33333333333333326,0.03835633333437727,13.312,0.0,0.0,0.0,,0.36504479243714666,-5.528654962341272e-17
LLF,2021-04-22,7.0,0.0,5.250902177916667,31.13662916666667,0.16864067557891022,0.0,0.0,0.0,0.0,0.7727272727272727,0.9999999999999999,0.0,0.31481481481481477,0.038113708342280006,13.312,0.0,0.0,0.0,,0.05842201687362765,-8.557558510389093e-17
LLF,2021-04-23,7.0,0.0,12.402592719999998,76.501,0.16212327577417285,0.0,0.0,0.0,0.0,0.8979591836734694,0.9999999999999997,0.0,0.8148148148148143,0.03835199989528822,19.968,0.0,0.0,0.0,0.0,1.7120043672378433e-16,-3.483007096770468e-17
LLF,2021-04-26,4.0,0.0,3.5995257600000006,24.213000000000005,0.1486608747367117,0.0,0.0,0.0,0.0,0.8125,1.0,0.0,0.24074074074074073,0.03841059363670259,13.312,0.0,0.0,,,1.867039707978706e-16,-1.4672752978980303e-16
LLF,2021-04-27,5.0,0.0,8.611532889999998,56.611000000000004,0.15211766070198365,0.0,0.0,0.0,0.0,0.8918918918918919,0.9999999999999999,0.0,0.6111111111111107,0.038486104282734836,13.312,0.0,0.0,0.0,0.0,1.8246123091522783e-16,-4.706744730000133e-17
LLF,2021-04-28,8.0,0.0,8.06240686,60.28000000000001,0.1337492843397478,0.0,0.0,0.0,0.0,0.8717948717948718,0.9999999999999998,0.0,0.6296296296296291,0.03884547913912684,13.312,0.0,0.0,0.0,0.0,0.15659361950604117,-4.4202641989057326e-17
LLF,2021-04-29,7.0,0.0,7.9860698800000005,54.10600000000001,0.14760044874875244,0.0,0.0,0.0,0.0,0.8857142857142857,0.9999999999999997,0.0,0.5740740740740738,0.03853038545760986,13.312,0.0,0.0,0.0,0.0,0.037659393729792844,-8.207762722250076e-17
LLF,2021-04-30,8.0,0.0,9.58089748,66.50800000000001,0.14405631623263365,0.0,0.0,0.0,0.0,0.9047619047619048,0.9999999999999996,0.0,0.703703703703703,0.038750437549121365,13.312,0.0,0.0,0.0,0.0,0.02838034242810708,-6.677229955043943e-17
LLF,2021-05-03,6.0,0.0,2.9272797,17.919000000000004,0.1633617780010045,0.0,0.0,0.0,0.0,0.6923076923076923,0.9999999999999998,0.0,0.16666666666666666,0.03934288542950526,6.656,0.0,0.0,0.0,0.0,0.0,-9.913258772254313e-17
LLF,2021-05-04,11.0,0.0,15.023772979999999,83.73500000000001,0.17942046909894305,0.0,0.0,0.0,0.0,0.8545454545454545,0.9999999999999999,0.0,0.8703703703703698,0.03952127084024445,19.764,0.0,0.0,0.0,,0.008099444543708905,-5.303507611513257e-17
LLF,2021-05-05,8.0,0.0,8.820048,47.571000000000005,0.18540808475752033,0.0,0.0,0.0,0.0,0.8064516129032258,0.9999999999999998,0.0,0.4629629629629628,0.0396571146363082,17.823999999999998,0.0,0.0,0.0,0.0,0.46956331014235114,-5.601175630321784e-17
LLF,2021-05-06,6.0,0.0,3.99585562,38.521,0.10373187663871654,0.0,0.0,0.0,0.0,0.84,0.9999999999999998,0.0,0.38888888888888873,0.03827301043202169,19.968,0.0,0.0,0.0,0.0,2.675703603849535e-16,-9.222797120532958e-17
LLF,2021-05-07,6.0,0.0,7.12914226,71.69200000000001,0.09944125230151202,0.0,0.0,0.0,0.0,0.9130434782608695,0.9999999999999996,0.0,0.7777777777777778,0.037786895821530685,26.624,0.0,0.0,0.0,0.0,1.3955765325376384e-16,-3.716642385622351e-17
LLF,2021-05-10,5.0,0.0,11.162766179999995,70.494,0.15835058558175158,0.0,0.0,0.0,0.0,0.9318181818181818,0.9999999999999997,0.0,0.7592592592592587,0.03811762492963074,19.968,0.0,0.0,0.0,0.0,0.08447339250149045,-5.039739096661419e-17
LLF,2021-05-11,8.0,0.0,5.94286524,35.45100000000001,0.16763603960396034,0.0,0.0,0.0,0.0,0.7307692307692307,1.0,0.0,0.35185185185185175,0.039152781179533726,16.46,0.0,0.0,0.0,0.0,0.612654786620988,-7.516107469748035e-17
LLF,2021-05-12,11.0,0.0,14.8056549,76.86900000000001,0.1926089177691917,0.0,0.0,0.0,0.0,0.84,1.0,0.0,0.7777777777777772,0.03911632302333601,13.312,0.0,0.0,0.0,0.0,0.4153315862232079,-6.932665337393162e-17
LLF,2021-05-13,5.0,0.0,5.000872,25.771,0.1940503666912421,0.0,0.0,0.0,0.0,0.8235294117647058,1.0,0.0,0.25925925925925924,0.0388719583194567,10.48,0.0,0.0,0.0,0.0,0.5306018979594284,-1.3785703615694003e-16
LLF,2021-05-14,10.0,0.0,12.062279059999998,81.22400000000002,0.1485063412291933,0.0,0.0,0.0,0.0,0.8679245283018868,1.0,0.0,0.8518518518518513,0.03859461457977886,19.968,0.0,0.0,0.0,0.0,-3.737965043902479e-16,-7.654448116198262e-17
LLF,2021-05-17,3.0,0.0,8.25667948,30.961000000000006,0.26668,0.0,0.0,0.0,0.0,0.9,1.0000000000000002,0.0,0.33333333333333326,0.03826562503187839,13.312,,0.0,0.0,0.0,0.8286736924776741,-1.4343503434968595e-16
LLF,2021-05-18,6.0,0.0,9.702083179999997,62.89400000000001,0.15426087035329278,0.0,0.0,0.0,0.0,0.9,1.0,0.0,0.6666666666666663,0.038062500001008935,13.312,0.0,,0.0,0.0,0.030793443869070944,-2.82436613890077e-17
LLF,2021-05-19,11.0,0.0,14.49122404,81.241,0.17837328491771398,0.0,0.0,0.0,0.0,0.8518518518518519,1.0,0.0,0.8518518518518511,0.038886281345185125,15.204,0.0,0.0,0.0,0.0,0.27403519472779597,-5.466318851935139e-17
LLF,2021-05-20,8.0,0.0,7.759514429999999,46.13100000000001,0.16820607465695514,0.0,0.0,0.0,0.0,0.8064516129032258,1.0,0.0,0.4629629629629627,0.03841015616975104,13.312,0.0,0.0,0.0,0.0,0.5257482681196657,-1.155203771477044e-16
LLF,2021-05-21,7.0,0.0,5.9891349400000005,42.74800000000001,0.14010327828202487,0.0,0.0,0.0,0.0,0.8928571428571429,1.0,0.0,0.4629629629629627,0.038596781147740934,13.312,0.0,0.0,0.0,0.0,0.20515264574455983,-1.0388537705859048e-16
LLF,2021-05-24,12.0,0.0,10.06958985,71.682,0.14047584958567003,0.0,0.0,0.0,0.0,0.7755102040816326,0.9999999999999998,0.0,0.7037037037037034,0.03871007281001463,13.312,0.0,0.0,0.0,0.0,0.21661082346557425,-6.195268126587743e-17
LLF,2021-05-25,11.0,0.0,26.40346421999999,140.913,0.18737422537310247,0.0,0.0,0.0,0.0,0.9,1.0,0.0,1.5000000000000002,0.03956988545420851,26.008000000000003,0.0,0.0,0.0,0.0,0.10674893873055585,-3.151513415015382e-17
LLF,2021-05-26,5.0,0.0,4.8244397800000005,26.884000000000007,0.17945394212170804,1.6518717819151267e-17,0.0,0.0,0.0,0.8333333333333334,1.0,0.0,0.2777777777777778,0.03831206261869132,13.312,0.0,,1.9103897868453182e-17,,0.2901391045372448,-3.3037435638302527e-17
LLF,2021-05-27,5.0,0.0,8.60145824,37.688,0.22822803651029502,0.0,0.0,0.0,0.0,0.84,0.9999999999999999,0.0,0.38888888888888884,0.03831380202730846,18.756,0.0,,0.0,,0.588549736270098,-2.356661058427418e-17
LLF,2021-05-28,6.0,0.0,6.238814260000001,44.131,0.14137033513856476,0.0,0.0,0.0,0.0,0.896551724137931,0.9999999999999998,0.0,0.4814814814814812,0.03831770830705258,19.968,0.0,0.0,0.0,,0.3451228260047503,-2.0125952724844785e-17
LLF,2021-05-31,2.0,0.0,1.2965194999999998,6.9079999999999995,0.1876837724377533,6.428622030255684e-17,0.0,0.0,0.0,0.8,1.0000000000000002,0.0,0.07407407407407407,0.037301656144942776,6.656,6.428622030255684e-17,,,,-2.9576958364724095e-16,0.0
LLF,2021-06-01,9.0,0.0,7.542617880000001,50.01900000000001,0.150795055478918,0.0,0.0,0.0,0.0,0.7714285714285715,0.9999999999999998,0.0,0.4999999999999998,0.03807074987586626,14.512,0.0,0.0,0.0,,0.05635028455426094,-7.102728320839083e-17
LLF,2021-06-02,11.0,0.0,10.585157839999997,76.09100000000001,0.13911182452589657,0.0,0.0,0.0,0.0,0.88,1.0,0.0,0.8148148148148141,0.03803819784783021,31.4,0.0,0.0,0.0,0.0,-1.9951988776095756e-16,-4.66903270925668e-17
LLF,2021-06-03,6.0,0.0,11.555864839999995,64.694,0.17862344019538123,0.0,0.0,0.0,0.0,0.9024390243902439,1.0,0.0,0.6851851851851848,0.037988281140618106,13.312,0.0,0.0,,0.0,0.1433879930769483,-2.7457829774016917e-17
LLF,2021-06-04,6.0,0.0,7.5619924,34.00900000000001,0.2223526831132935,0.0,0.0,0.0,0.0,0.75,0.9999999999999996,0.0,0.33333333333333326,0.03817621882262756,13.312,0.0,0.0,,0.0,0.046800614329995924,-7.834794492929448e-17
LLF,2021-06-07,8.0,0.0,5.3478430800000005,37.137,0.14400309879634868,0.0,0.0,0.0,0.0,0.8076923076923077,1.0,0.0,0.38888888888888873,0.038674052120768465,16.896,0.0,0.0,0.0,0.0,0.0,-4.7832534652778915e-17
LLF,2021-06-08,5.0,0.0,2.3923661800000007,21.250000000000004,0.11258193788235295,0.0,0.0,0.0,0.0,0.7333333333333333,1.0,0.0,0.2037037037037037,0.03903211457630581,6.656,0.0,0.0,0.0,,1.232683329924256e-16,-4.179663151530001e-17
LLF,2021-06-09,10.0,0.0,9.789061,56.257000000000005,0.17400609701903763,0.0,0.0,0.0,0.0,0.8157894736842105,0.9999999999999999,0.0,0.5740740740740738,0.040327697812851206,13.312,0.0,0.0,0.0,0.0,0.030511489658838663,-4.7363621577765884e-17
LLF,2021-06-10,6.0,0.0,7.4922800999999986,50.502,0.14835610668884397,0.0,0.0,0.0,0.0,0.8787878787878788,0.9999999999999996,0.0,0.5370370370370366,0.03990971875585577,13.312,0.0,0.0,0.0,,1.8708751688828237e-16,-1.758699496455834e-17
LLF,2021-06-11,11.0,0.0,13.314110020000001,81.256,0.1638538694988678,0.0,0.0,0.0,0.0,0.8490566037735849,0.9999999999999997,0.0,0.8333333333333327,0.0401493020945054,13.312,0.0,0.0,0.0,0.0,0.05235710282391186,-7.651433663853595e-17
LLF,2021-06-14,10.0,0.0,12.140528819999998,86.013,0.1411476035017962,5.163047560834555e-18,0.0,0.0,0.0,0.8596491228070176,0.9999999999999999,0.0,0.9074074074074069,0.03869228127465855,17.860000000000003,2.897241713531202e-17,0.0,0.0,0.0,0.0,-3.097828536500733e-17
LLF,2021-06-15,9.0,0.0,4.73293917,45.231,0.10463927770776679,0.0,0.0,0.0,0.0,0.7419354838709677,0.9999999999999998,0.0,0.4259259259259257,0.03865494788139282,13.312,0.0,,0.0,0.0,0.09630556929159353,-1.374554826977267e-16
LLF,2021-06-16,10.0,0.0,8.15710022,48.80300000000001,0.1671434178226748,0.0,0.0,0.0,0.0,0.7575757575757576,1.0,0.0,0.4629629629629627,0.03883333329213201,18.78,0.0,0.0,0.0,0.0,0.3475727171503237,-1.0919555187592466e-16
LLF,2021-06-17,11.0,0.0,10.31569515,68.382,0.15085395498815476,0.0,0.0,0.0,0.0,0.8222222222222222,0.9999999999999997,0.0,0.6851851851851849,0.0387018229351573,19.244,0.0,0.0,0.0,0.0,0.0920484015024305,-3.896544791173665e-17
LLF,2021-06-18,8.0,0.0,14.345892919999994,96.023,0.14940059069181336,0.0,0.0,0.0,0.0,0.9016393442622951,1.0,0.0,1.0185185185185182,0.03829469793951527,26.624,0.0,0.0,0.0,,0.0,-2.774892743509759e-17
LLF,2021-06-21,8.0,0.0,9.17592922,42.844,0.21417069414620485,0.0,0.0,0.0,0.0,0.8275862068965517,0.9999999999999998,0.0,0.4444444444444443,0.03892057293342077,19.968,0.0,0.0,0.0,0.0,0.046587187443952016,-1.0365260242975973e-16
LLF,2021-06-22,12.0,0.0,12.906591859999999,68.609,0.18811805827223835,0.0,0.0,0.0,0.0,0.8085106382978723,1.0,0.0,0.7037037037037035,0.040004343797287824,22.912000000000006,0.0,0.0,0.0,,0.08414271748203407,-7.767305336327234e-17
LLF,2021-06-23,14.0,0.0,21.59758439999999,119.649,0.18050785547727094,0.0,0.0,0.0,0.0,0.8461538461538461,1.0,0.0,1.222222222222222,0.04083159380267413,23.031999999999996,0.0,0.0,0.0,0.0,0.0793337312082494,-4.453919813956449e-17
LLF,2021-06-24,11.0,0.0,9.50099594,65.74400000000001,0.144515027074714,0.0,0.0,0.0,0.0,0.8181818181818182,0.9999999999999999,0.0,0.6666666666666662,0.04011891663443142,14.380000000000003,0.0,0.0,0.0,0.0,0.11820176611552813,-9.456754894592475e-17
LLF,2021-06-25,9.0,0.0,4.6316637300000005,36.357,0.12739400198036144,0.0,0.0,0.0,0.0,0.7307692307692307,1.0,0.0,0.35185185185185175,0.03858854173207268,13.312,0.0,0.0,0.0,,0.09784796860376274,-2.4429364900847848e-17
LLF,2021-06-28,11.0,0.0,21.07287223999999,129.251,0.16303836906484276,0.0,0.0,0.0,0.0,0.9146341463414634,1.0,0.0,1.3888888888888888,0.038505208218945576,26.624,0.0,0.0,0.0,0.0,0.0,-2.7486933786202828e-17
LLF,2021-06-29,15.0,0.0,10.447258999999999,87.53,0.11935632354621271,5.073565747173113e-18,0.0,0.0,0.0,0.8275862068965517,1.0,0.0,0.8888888888888883,0.03822439581805762,19.968,1.574951980175418e-17,0.0,0.0,0.0,0.0,-5.073565747173113e-17
LLF,2021-06-30,12.0,0.0,13.338485389999997,89.36600000000001,0.14925682463129147,0.0,0.0,0.0,0.0,0.8793103448275862,1.0,0.0,0.9444444444444438,0.038651479220182715,19.968,0.0,0.0,0.0,0.0,0.08300129207550368,-1.9877322912519866e-17
LLF,2021-07-01,13.0,0.0,14.557338640000001,91.19200000000001,0.15963394420563207,0.0,0.0,0.0,0.0,0.847457627118644,0.9999999999999997,0.0,0.9259259259259255,0.04011023960022916,19.968,0.0,0.0,0.0,0.0,0.0,-6.817756971994119e-17
LLF,2021-07-02,10.0,0.0,4.39870883,34.037000000000006,0.12923315303933952,1.3047248871817805e-17,0.0,0.0,0.0,0.68,1.0,0.0,0.31481481481481477,0.03957552083496315,16.948,0.0,0.0,2.408815414678144e-17,,0.10433880103422051,-7.828349323090682e-17
LLF,2021-07-05,1.0,0.0,0.92352,9.984,0.0925,0.0,0.0,0.0,0.0,1.0,1.0,0.0,0.1111111111111111,0.038526479177865745,6.656,0.0,,,,-1.5003013846285896e-16,0.0
LLF,2021-07-06,14.0,0.0,10.424315960000001,68.018,0.15325819577170752,0.0,0.0,0.0,0.0,0.72,0.9999999999999999,0.0,0.6666666666666662,0.03908029172331832,19.968,0.0,0.0,0.0,0.0,0.02859895203468355,-2.6115981643098158e-17
LLF,2021-07-07,14.0,0.0,13.374663119999994,104.136,0.1284345770914957,0.0,0.0,0.0,0.0,0.8382352941176471,1.0,0.0,1.0555555555555556,0.03899609373547719,26.38,0.0,0.0,0.0,0.0,-2.1610672331529595e-16,-3.4116095094880745e-17
LLF,2021-07-08,12.0,0.0,14.246401089999999,88.897,0.1602573887757742,0.0,0.0,0.0,0.0,0.8333333333333334,0.9999999999999998,0.0,0.9259259259259252,0.03904775000288888,19.968,0.0,0.0,0.0,0.0,0.07927872544058984,-2.997328660247675e-17
LLF,2021-07-09,10.0,0.0,8.113081820000001,48.74900000000001,0.16642560503805207,0.0,0.0,0.0,0.0,0.7647058823529411,0.9999999999999997,0.0,0.4814814814814813,0.038519531244674,13.312,0.0,0.0,0.0,0.0,0.2348638722809602,-9.109709119162703e-17
LLF,2021-07-12,13.0,0.0,21.457740579999992,139.18,0.15417258643483253,0.0,0.0,0.0,0.0,0.9101123595505618,1.0,0.0,1.5000000000000002,0.039041666695993626,26.624,0.0,0.0,0.0,0.0,0.013692215605581284,-8.934112570629223e-17
LLF,2021-07-13,15.0,0.0,20.668000539999994,137.61700000000002,0.15018493747138792,0.0,0.0,0.0,0.0,0.8666666666666667,1.0,0.0,1.4444444444444449,0.03913671874518817,33.28,0.0,0.0,0.0,0.0,0.06058230061734495,0.0
LLF,2021-07-14,15.0,0.0,12.585532700000002,81.71,0.15402683514869664,0.0,0.0,0.0,0.0,0.8148148148148148,1.0,0.0,0.8148148148148143,0.03898958342081945,19.968,0.0,0.0,0.0,0.0,0.14661146403606776,-5.434943211969927e-17
LLF,2021-07-15,18.0,0.0,28.043095019999992,134.568,0.20839348894239335,3.3001100547683146e-18,0.0,0.0,0.0,0.8539325842696629,1.0,0.0,1.407407407407408,0.03952951040749516,26.624,0.0,5.925139557705972e-17,0.0,0.0,0.06611191094261305,-5.280176087629304e-17
LLF,2021-07-16,14.0,0.0,15.483128479999998,119.255,0.12983211169343004,1.489544957779758e-17,0.0,0.0,0.0,0.8375,0.9999999999999999,0.0,1.2407407407407411,0.041521697918748636,34.612,9.83150785587918e-17,0.0,0.0,0.0,0.033736269032735966,-2.979089915559516e-17
LLF,2021-07-19,16.0,0.0,22.868953199999993,146.892,0.15568549138142304,0.0,0.0,0.0,0.0,0.875,1.0,0.0,1.5555555555555556,0.03959635417534931,19.968,0.0,0.0,0.0,0.0,0.03405503568225621,-3.627883423331939e-17
LLF,2021-07-20,21.0,0.0,21.410532859999993,147.38899999999998,0.14526547340710633,0.017720995947963312,0.047619047619047616,0.0,0.0,0.8367346938775511,0.9696628943131911,0.3181002512262231,1.5185185185185188,0.041710072916127196,34.612,0.06333666809585058,0.0,7.501253502416517e-18,0.0,0.006478584085288518,0.017720995947963294
LLF,2021-07-21,12.0,0.0,7.99590926,60.155,0.132921773086194,0.0,0.0,0.0,0.0,0.7560975609756098,1.0,0.0,0.5740740740740736,0.038775604177014124,16.836,0.0,0.0,0.0,,0.049735871064378996,-5.905932472447013e-17
LLF,2021-07-22,17.0,0.0,24.11220071999999,164.301,0.14675626271294753,0.02016316599277202,0.058823529411764705,0.0,0.0,0.8518518518518519,0.973191374089919,0.40447421940423467,1.7037037037037044,0.04258766663648809,34.612,0.1338161956779861,0.0,5.927353912736748e-18,0.0,0.0649386774149085,0.02016316599277198
LLF,2021-07-23,13.0,0.0,8.53913382,62.568000000000005,0.1364776534330648,0.0,0.0,0.0,0.0,0.7674418604651163,0.9999999999999998,0.0,0.6111111111111108,0.03864410412764604,13.312,0.0,0.0,0.0,,0.08148990827667978,-8.517246065402045e-17
LLF,2021-07-26,14.0,0.0,8.03524185,53.973,0.14887521260630315,8.227988250607945e-18,0.0,0.0,0.0,0.7368421052631579,1.0,0.0,0.5185185185185183,0.038928822808278106,13.312,0.0,0.0,5.2031541868782967e-17,,0.009422630787019553,-6.582390600486356e-17
LLF,2021-07-27,15.0,0.0,19.139339259999993,127.867,0.1496816165234188,0.0,0.0,0.0,0.0,0.8795180722891566,1.0,0.0,1.3518518518518525,0.04083940621057991,19.968,0.0,0.0,0.0,0.0,0.02225312291618278,-2.0838334043188433e-17
LLF,2021-07-28,12.0,0.0,18.698208139999988,112.84400000000001,0.16569962195597449,0.0,0.0,0.0,0.0,0.8783783783783784,1.0,0.0,1.2037037037037037,0.040109812592466675,27.84,0.0,0.0,0.0,0.0,0.019535977383997045,-1.5741703939954722e-17
LLF,2021-07-29,13.0,0.0,9.627807740000002,79.622,0.12091893873552538,0.0,0.0,0.0,0.0,0.8301886792452831,1.0,0.0,0.8148148148148141,0.04096093744010432,23.496,0.0,0.0,0.0,0.0,0.0985788599123941,-7.808456127578907e-17
LLF,2021-07-30,16.0,0.0,11.16154124,81.18200000000002,0.13748788204281734,0.0,0.0,0.0,0.0,0.7543859649122807,1.0,0.0,0.7962962962962958,0.04010807288068463,26.624,0.0,0.0,0.0,0.0,0.05230271654013661,-5.470291565249225e-17
LLF,2021-08-02,14.0,0.0,25.733930919999985,166.26999999999998,0.15477194274373,0.0,0.0,0.0,0.0,0.8807339449541285,1.0,0.0,1.777777777777778,0.0441102500493192,34.612,0.0,0.0,0.0,0.0,-1.7933208773883742e-16,-3.205070378421093e-17
LLF,2021-08-03,19.0,0.0,19.87389545,149.36900000000003,0.13305234319035406,0.0,0.0,0.0,0.0,0.8571428571428571,1.0,0.0,1.5555555555555562,0.040743916694433814,30.787999999999997,0.0,0.0,0.0,0.0,0.06083299888191729,-5.351582843361826e-17
LLF,2021-08-04,19.0,0.0,21.045653129411104,135.0664836111111,0.15581699150476594,0.0,0.0,0.0,0.0,0.8426966292134831,1.0,0.0,1.3888888888888897,0.041585937500106716,16.86,0.0,0.0,0.0,,0.023445897018369022,-2.6303443932320164e-17
LLF,2021-08-05,12.0,0.0,14.266735479999994,97.44100000000002,0.14641409139889772,0.0,0.0,0.0,0.0,0.859375,0.9999999999999998,0.0,1.018518518518518,0.04165971874196354,21.520000000000003,0.0,0.0,0.0,0.0,0.12017067562537508,-6.380526613951905e-17
LLF,2021-08-06,12.0,0.0,16.196841159999998,90.187,0.1795917500304922,0.0,0.0,0.0,0.0,0.864406779661017,1.0,0.0,0.944444444444444,0.04121788545793,21.971999999999973,0.0,0.0,0.0,0.0,0.02717358333806909,-3.9392747056676696e-17
LLF,2021-08-09,11.0,0.0,21.77699411999999,134.154,0.16232832505926018,0.0,0.0,0.0,0.0,0.9285714285714286,1.0,0.0,1.444444444444445,0.041187499997856016,33.28,0.0,0.0,0.0,0.0,1.7098418039794575e-16,-1.9861765277966933e-17
LLF,2021-08-10,19.0,0.0,15.87271279,111.20500000000001,0.14273380504473718,0.0,0.0,0.0,0.0,0.8378378378378378,1.0,0.0,1.1481481481481484,0.04169096867675156,29.088,0.0,0.0,0.0,0.0,0.10687578905160373,-3.194742753293917e-17
LLF,2021-08-11,18.0,0.0,17.537184972705553,137.63361888888892,0.12741934066896296,3.2266041787985984e-18,0.0,0.0,0.0,0.8260869565217391,1.0,0.0,1.407407407407407,0.04117795833735727,26.624,0.0,9.409068389551732e-18,0.0,0.0,0.021560631948232302,-6.453208357597198e-17
LLF,2021-08-12,22.0,0.0,15.53624468,137.132,0.1132940865735204,0.0,0.0,0.0,0.0,0.8351648351648352,1.0,0.0,1.4074074074074072,0.042819447874838566,26.624,0.0,0.0,0.0,0.0,-1.2249348776741922e-16,-6.476813724733287e-17
LLF,2021-08-13,16.0,0.0,11.52400016,87.893,0.13111396994072338,0.0,0.0,0.0,0.0,0.7704918032786885,1.0,0.0,0.8703703703703697,0.041832895931293024,19.968,0.0,0.0,0.0,0.0,0.13876208736550244,-3.031567086230275e-17
LLF,2021-08-16,16.0,0.0,17.406744399999994,126.889,0.1371808777750632,0.0,0.0,0.0,0.0,0.8571428571428571,1.0,0.0,1.333333333333334,0.04180425003141863,33.28,0.0,0.0,0.0,0.0,0.0,-2.799859466778445e-17
LLF,2021-08-17,20.0,0.0,19.295262519999994,134.57200000000003,0.14338244597687475,0.0,0.0,0.0,0.0,0.8333333333333334,1.0,0.0,1.3888888888888893,0.04183940624595076,30.96,0.0,0.0,0.0,0.0,-1.935772222780007e-16,-4.62001674783824e-17
LLF,2021-08-18,20.0,0.0,19.232164959999995,142.01500000000001,0.1354234761116783,5.003293565891632e-17,0.0,0.0,0.0,0.8191489361702128,1.0,0.0,1.425925925925927,0.042824645788641647,34.612,0.0,0.0,8.424941731604974e-17,0.0,0.0,2.501646782945816e-17
LLF,2021-08-19,17.0,0.0,20.746084170017873,127.87477329749065,0.16223750498273598,0.0,0.0,0.0,0.0,0.8470588235294118,1.0,0.0,1.333333333333333,0.04123264595060997,34.612,0.0,0.0,0.0,0.0,0.05451077094585025,-1.389137821005317e-17
LLF,2021-08-20,13.0,0.0,10.269461490000001,75.67200000000001,0.13571018989850936,0.0,0.0,0.0,0.0,0.803921568627451,0.9999999999999998,0.0,0.7592592592592591,0.040730906221142504,23.528,0.0,0.0,0.0,0.0,0.07285974279871636,-8.216049447485035e-17
LLF,2021-08-23,14.0,0.0,25.78234206144443,146.63971944444444,0.1758209996522277,0.0,0.0,0.0,0.0,0.8723404255319149,1.0,0.0,1.5185185185185184,0.040945312472710306,26.624,0.0,0.0,0.0,0.0,0.0,-1.8170624365589126e-17
LLF,2021-08-24,20.0,0.0,35.191633239999994,186.09400000000005,0.1891067591647231,0.0,0.0,0.0,0.0,0.8688524590163934,1.0,0.0,1.962962962962964,0.0412452291129739,33.28,0.0,0.0,0.0,0.0,0.08782652958031764,-2.3863703819041054e-17
LLF,2021-08-25,17.0,0.0,23.69398999,148.75600000000003,0.1592809028879507,0.0,0.0,0.0,0.0,0.875,1.0,0.0,1.555555555555556,0.04100043755291457,26.624,0.0,0.0,0.0,0.0,0.0222974348133378,-4.1794945668752026e-17
LLF,2021-08-26,16.0,0.0,8.73001922,64.47800000000001,0.13539531654207637,0.0,0.0,0.0,0.0,0.723404255319149,1.0,0.0,0.6296296296296293,0.04269791664531416,20.184000000000005,0.0,0.0,0.0,0.0,0.09224699168816124,-4.132471942523614e-17
LLF,2021-08-27,20.0,0.0,22.375815979999995,137.37199999999999,0.16288483810383483,0.0,0.0,0.0,0.0,0.8461538461538461,1.0,0.0,1.4259259259259267,0.04129904164074105,26.624,0.0,0.0,0.0,0.0,0.08426756469000851,-5.172398565647295e-17
LLF,2021-08-30,17.0,0.0,37.646755679999984,238.236,0.15802295068755345,0.0,0.0,0.0,0.0,0.8896103896103896,0.9999999999999998,0.0,2.537037037037037,0.04255555207540359,34.612,0.0,0.0,0.0,0.0,0.031773753347099434,-1.1184435849747208e-17
LLF,2021-08-31,19.0,0.0,16.887634419999998,104.623,0.1614141672481194,4.244661401891196e-18,0.0,0.0,0.0,0.8169014084507042,1.0,0.0,1.0740740740740737,0.040930552131612785,26.624,0.0,0.0,0.0,1.9978819950065798e-17,0.14811644408255664,-5.942525962647674e-17
LLF,2021-09-01,21.0,0.0,15.874731519999997,146.79100000000003,0.10814512824355713,3.0253163330862427e-18,0.0,0.0,0.0,0.845360824742268,0.9999999999999999,0.0,1.518518518518519,0.041060333387576975,34.612,0.0,0.0,8.51659270194198e-18,0.0,0.12015170386063143,-1.210126533234497e-17
LLF,2021-09-02,16.0,0.0,18.892551639999994,147.946,0.12769896881294523,0.0,0.0,0.0,0.0,0.79,1.0,0.0,1.4629629629629632,0.0424665833331043,34.612,0.0,0.0,0.0,0.0,0.07482558747473507,-2.4013583867090026e-17
LLF,2021-09-03,18.0,0.0,14.414215679999998,112.29,0.1283659780924392,1.977421007436382e-18,0.0,0.0,0.0,0.7692307692307693,1.0,0.0,1.111111111111111,0.042434458312830735,34.612,0.0,0.0,2.9419233256271042e-18,1.9840645935721296e-18,0.1482432981624678,-2.966131511154573e-17
LLF,2021-09-06,4.0,0.0,6.404464280000001,33.797,0.189498011066071,0.0,0.0,0.0,0.0,0.8181818181818182,1.0,0.0,0.3333333333333333,0.0396744791639018,19.968,0.0,,0.0,0.0,0.1570936227494797,0.0
LLF,2021-09-07,25.0,0.0,19.822654240000002,160.83700000000002,0.12324685389555885,0.008207537861970305,0.04,0.0,0.0,0.7699115044247787,0.9972187378754583,0.15922957291542042,1.6111111111111116,0.04376735417584617,34.612,0.06690459435005523,0.0,0.0,2.761147821370116e-17,0.1509678489237412,0.008207537861970272
LLF,2021-09-08,28.0,0.0,27.35753253999999,194.689,0.14051914869355736,5.645520776103965e-17,0.0,0.0,0.0,0.7985074626865671,1.0,0.0,1.9814814814814812,0.0429852395124423,34.612,0.0,4.9055453544766555e-18,8.767463701235048e-17,2.9891309693208678e-18,0.09465185466137938,1.5396874843919904e-17
LLF,2021-09-09,27.0,0.0,27.763479679999996,187.214,0.14829809565523944,8.302329069808985e-18,0.0,0.0,0.0,0.7984496124031008,1.0,0.0,1.9074074074074086,0.042444875058815036,34.612,0.0,6.66900750638328e-18,1.120136230262984e-17,9.03501810404587e-18,0.20395285372073804,-8.302329069808985e-18
LLF,2021-09-10,30.0,0.0,32.139623799999995,204.028,0.1575255543356794,1.8501177699754606e-17,0.0,0.0,0.0,0.8085106382978723,0.9999999999999999,0.0,2.111111111111112,0.043134552015544614,34.612,5.855452254028936e-18,0.0,0.0,6.257201167354434e-17,0.042721615732601415,-7.618131994016605e-18
LLF,2021-09-13,25.0,0.0,57.156733269999975,310.09600000000006,0.18431947935478035,0.1170739207434782,0.32,0.0,0.0,0.8194444444444444,0.7879378606649354,4.919009450891247,3.2777777777777777,0.05921093755508385,34.612,0.25517558656647754,0.4545614870465406,0.08367749169493024,1.030653364123091e-16,-0.01315550324948462,0.11103486763056156
MPC,2021-01-01,3.0,0.0,0.0,0.0,,1.0,1.0,0.0,0.0,,,0.8607488934083025,0.0,0.09142708343764146,0.0,1.0,,,,,1.0
MPC,2021-01-04,2.0,0.0,0.0,0.0,,1.0,1.0,0.0,0.0,,,1.1800454599832517,0.0,0.12503082295249138,0.0,1.0,1.0,,,,0.9999999999999998
MPC,2021-01-05,5.0,0.0,4.075286459999999,24.903,0.16364640645705333,0.16698444555945816,0.4,0.0,0.0,0.8235294117647058,0.6,0.5972006220839814,0.25925925925925924,0.21629905207494934,13.312,1.0,1.4124974868004537e-16,0.0,,-0.04387738407805219,0.1669844455594581
MPC,2021-01-06,3.0,0.0,1.1376953799999998,8.361999999999998,0.13605541497249463,0.2403016262378487,0.3333333333333333,0.0,0.0,0.6666666666666666,0.6666666666666667,0.3164254097380069,0.07407407407407407,0.24992620834988583,6.656,1.0,,0.0,1.416326614096835e-16,0.012650577854527303,0.24030162623784862
MPC,2021-01-07,3.0,0.0,1.48612988,9.728,0.15276828536184212,9.13012355777267e-17,0.0,0.0,0.0,0.7142857142857143,1.0,0.0,0.09259259259259259,0.2444257812991661,6.656,0.0,,0.0,1.3960679341404044e-16,0.32689750832211667,0.0
MPC,2021-01-08,2.0,0.0,0.5786956,2.17,0.26668,0.6067415730337079,0.5,0.0,0.0,0.5,0.5,0.4005263787534394,0.018518518518518517,0.1584861145905355,6.656,1.0,,0.0,,0.34563011460340104,0.6067415730337079
MPC,2021-01-11,6.0,0.0,1.56526948,15.582999999999997,0.10044724892511071,0.3056941721618251,0.5,0.0,0.0,0.6363636363636364,0.6491591385578088,0.8207919607608567,0.12962962962962962,0.2767439167049209,6.656,1.0,0.0,0.3464140730717187,1.4210854715202004e-16,-0.1992163795069514,0.305694172161825
MPC,2021-01-12,2.0,0.0,1.09924614,7.838999999999999,0.14022785304247992,0.2980209545983703,0.5,0.0,0.0,0.6666666666666666,0.9513074853300156,0.3981337480559877,0.07407407407407407,0.16674392706287713,6.656,,,0.2980209545983703,,0.5159767896484312,0.29802095459837014
MPC,2021-01-13,3.0,0.0,0.8533759999999999,3.2,0.26668,0.420394856004347,0.3333333333333333,0.0,0.0,0.3333333333333333,0.6666666666666666,0.27766479243928704,0.018518518518518517,0.0874405312364009,6.656,0.7014203686914476,0.0,,,0.0,0.420394856004347
MPC,2021-01-14,5.0,0.0,0.8135424599999999,3.3869999999999996,0.24019558901682905,0.8263344100907553,0.8,0.0,0.0,0.25,0.29391779481041147,1.9279818160066995,0.018518518518518517,0.20944054161494327,6.656,1.0,0.8957964245450153,0.0,,0.20819750595707442,0.8263344100907551
MPC,2021-01-15,3.0,0.0,1.06601106,7.491,0.14230557468962754,0.21180555555555564,0.3333333333333333,0.0,0.0,0.6666666666666666,0.6666666666666667,0.2408182796985285,0.07407407407407407,0.21057552082008138,6.656,1.0,0.0,,1.660456944662788e-16,-0.15620152115805333,0.21180555555555555
MPC,2021-01-18,3.0,0.0,0.8153874999999999,8.815,0.0925,0.423969156374567,1.0,0.0,0.0,0.8333333333333334,0.5273335628370024,0.7761693982533797,0.09259259259259259,0.11841450001763103,6.656,0.423969156374567,,,,-0.3724863980258427,0.423969156374567
MPC,2021-01-19,3.0,0.0,1.11989528,8.065999999999999,0.13884146788990825,0.17101747173689624,0.3333333333333333,0.0,0.0,0.5,0.9815556751051157,0.19906687402799383,0.05555555555555555,0.17457682285263823,6.656,0.0,0.0,0.2650947905050184,,0.06053640883378908,0.17101747173689616
MPC,2021-01-20,3.0,0.0,0.0,0.0,,1.0,1.0,0.0,0.0,,,0.9642301710730948,0.0,0.1386697082731795,0.0,1.0,1.0,,,,1.0
MPC,2021-01-21,4.0,0.0,1.34737866,10.401,0.12954318430920103,0.5041948708170464,0.5,0.0,0.0,0.8571428571428571,0.5,1.26534274434741,0.1111111111111111,0.21087283342543137,6.656,1.0,0.7163011414646658,,0.0,-0.17613501783497118,0.5041948708170464
MPC,2021-01-22,3.0,0.0,0.14171,1.532,0.0925,0.7327285415212841,0.6666666666666666,0.0,0.0,1.0,0.3333333333333333,0.5024524464648881,0.018518518518518517,0.06434461465687491,6.128,0.7327285415212841,,,,-0.5797873773742516,0.7327285415212841
MPC,2021-01-25,3.0,0.0,1.3795449999999998,14.913999999999998,0.0925,0.16321606912416553,0.3333333333333333,0.0,0.0,0.8,0.6666666666666665,0.34800813494437133,0.14814814814814814,0.22688367713878202,13.312,1.0,,,1.7866000128070106e-16,-0.23508819899319514,0.1632160691241654
MPC,2021-01-26,1.0,0.0,0.5432271599999999,2.037,0.26668,0.0,0.0,0.0,0.0,0.5,1.0,0.0,0.018518518518518517,0.09669270836335879,6.656,,0.0,,,0.0,0.0
MPC,2021-01-27,3.0,0.0,1.3084125,14.144999999999998,0.09250000000000001,0.3946850393700788,0.6666666666666666,0.0,0.0,0.8,0.5788620099379561,1.10336164612992,0.14814814814814814,0.28914019791651907,13.312,1.0,,0.5605996799460963,1.9896469975361226e-16,-0.1713983615021115,0.39468503937007876
MPC,2021-01-28,5.0,0.0,0.8548927599999999,5.5569999999999995,0.1538406982184632,0.622768311723576,0.4,0.0,0.0,0.4,0.6620773038122945,1.097499700921163,0.037037037037037035,0.24756033326411853,6.656,0.0,1.0,0.0,0.8342245989304813,0.08378089909085708,0.6227683117235759
MPC,2021-01-29,3.0,0.0,0.757575,8.19,0.0925,0.5492073976221928,0.6666666666666666,0.0,0.0,1.0,0.3333333333333333,1.1936834549587272,0.09259259259259259,0.19688281251243703,6.656,1.0,,,0.0,-0.25612370682143243,0.5492073976221928
MPC,2021-02-01,4.0,0.0,0.9575515000000001,9.787,0.09783912332686216,0.5399116209101166,0.75,0.0,0.0,0.7142857142857143,0.3414559346606721,1.373968178011724,0.09259259259259259,0.2580659687131022,6.656,1.0,,0.8887193668351292,0.0,0.05772025218229366,0.5399116209101166
MPC,2021-02-02,2.0,0.0,1.1791985999999999,8.708999999999998,0.13540000000000002,0.27648085071031,0.5,0.0,0.0,0.8333333333333334,0.9607075350140373,0.3981337480559877,0.09259259259259259,0.22299435416546962,6.656,,,0.27648085071031,,0.4637837837837838,0.2764808507103098
MPC,2021-02-03,5.0,0.0,3.00922718,23.632999999999996,0.12733157787839042,0.3207151274754966,0.8,0.0,0.0,0.9333333333333333,0.5790458995740027,1.3348486661083863,0.25925925925925924,0.22156250012509796,13.312,1.0,0.26040688575899856,0.2088790325955062,,-0.133978124993985,0.32071512747549646
MPC,2021-02-04,1.0,0.0,0.61683084,2.313,0.26668,0.0,0.0,0.0,0.0,0.5,1.0,0.0,0.018518518518518517,0.12543489583549672,6.656,,,0.0,,1.8830270270270268,0.0
MPC,2021-02-05,5.0,0.0,1.2052749999999999,13.029999999999998,0.09250000000000001,0.20775825378488488,0.4,0.0,0.0,0.7,0.681857211247582,0.40878095465964825,0.12962962962962962,0.22872091661459612,6.656,0.6420518602029313,0.0,,1.7415263131375007e-16,-0.1671539062913658,0.20775825378488488
MPC,2021-02-08,5.0,0.0,1.0224025,11.052999999999997,0.09250000000000003,0.5238443975358635,0.6,0.0,0.0,0.75,0.5184503797370446,1.454719464050724,0.1111111111111111,0.2619275208720258,11.227999999999998,0.7921704087507195,0.6570582428430405,,1.4477235854932767e-16,-0.15003283683121918,0.5238443975358635
MPC,2021-02-09,5.0,0.0,2.2018709,17.203999999999997,0.12798598581725182,0.4037155136558992,0.4,0.0,0.0,0.75,0.7403307640190259,1.3934681181959565,0.16666666666666666,0.2432404582274709,13.312,0.8704066954361188,,0.43881856540084396,1.8072610025437485e-16,-0.07701348086876662,0.4037155136558991
MPC,2021-02-10,6.0,0.0,1.6147853799999998,6.222999999999999,0.25948664309818414,0.7600169681076703,0.8333333333333334,0.0,0.0,0.5,0.2909654436020245,2.3576982892690515,0.05555555555555555,0.24231163539904324,6.656,1.0,0.6291876437317423,0.9510382930081921,,0.2020009544017961,0.7600169681076703
MPC,2021-02-11,4.0,0.0,1.6619474999999997,17.966999999999995,0.09250000000000001,0.21743107278191573,0.25,0.0,0.0,0.8333333333333334,0.9413120157853376,0.5972006220839814,0.18518518518518517,0.22587239588271282,19.968,0.0,,,0.25110663983903436,0.0,0.21743107278191556
MPC,2021-02-12,4.0,0.0,1.02879664,9.948999999999998,0.1034070399035079,0.25925098652371387,0.5,0.0,0.0,0.7142857142857143,0.5000000000000001,0.4165570044263668,0.09259259259259259,0.23841536464412152,6.656,1.0,0.0,,1.1591991904204194e-16,-0.16528994558330756,0.2592509865237138
MPC,2021-02-15,5.0,0.0,3.26137154,16.328,0.19974103013228808,0.48922326148840994,0.6,0.0,0.0,0.8181818181818182,0.4000000000000001,1.8709175738724728,0.16666666666666666,0.2315681354048138,6.656,1.0,,0.0,1.4154237764145422e-16,0.6021658456746777,0.48922326148840983
MPC,2021-02-16,7.0,0.0,3.8923091999999997,33.483,0.11624732550846699,0.1242153170119272,0.14285714285714285,0.0,0.0,0.782608695652174,0.8571428571428571,0.5681301591099414,0.33333333333333326,0.25302778127903974,13.312,0.0,0.6019774369375079,0.0,3.168783829962272e-17,0.1292001464565508,0.12421531701192717
MPC,2021-02-17,4.0,0.0,3.8854338999999998,17.563,0.22122837214598873,0.3024465803479229,0.5,0.0,0.0,0.9090909090909091,0.5000000000000001,0.9109941380547912,0.18518518518518517,0.26946528123517055,6.656,1.0,1.0,1.0114199393043616e-16,,0.7037227926546569,0.30244658034792277
MPC,2021-02-18,3.0,0.0,1.00638462,6.579,0.15296923848609212,0.3416391474031823,0.3333333333333333,0.0,0.0,0.6,0.6666666666666666,0.4084220600550305,0.05555555555555555,0.19837195835255747,6.656,,1.0,0.0,,0.4807287610705756,0.3416391474031823
MPC,2021-02-19,7.0,0.0,3.6610978400000005,32.117000000000004,0.11399252234019366,0.23864498388014418,0.42857142857142855,0.0,0.0,0.7727272727272727,0.6246608474454641,1.2043306615623879,0.31481481481481477,0.3030716146289099,11.767999999999997,0.8275303643724696,1.0,1.0995709312288767e-16,0.0,0.03073421454777127,0.2386449838801441
MPC,2021-02-22,5.0,0.0,0.0,0.0,,1.0,1.0,0.0,0.0,,,2.110061012082785,0.0,0.21676128123241747,0.0,1.0,1.0,1.0,,,1.0
MPC,2021-02-23,4.0,0.0,0.95534,10.327999999999998,0.09250000000000001,0.6848240715310203,0.75,0.0,0.0,0.8571428571428571,0.25,2.6846512740758466,0.1111111111111111,0.20489496879842287,6.656,1.0,1.0,1.7199427182419157e-16,,-0.44795437956000966,0.6848240715310202
MPC,2021-02-24,3.0,0.0,1.36795251,5.607000000000001,0.24397226859283036,0.5503248055176838,0.6666666666666666,0.0,0.0,0.6,0.6533780928889398,0.8209115922957293,0.05555555555555555,0.11337760421762748,6.656,0.0,0.5783884018880647,,,-0.04872570531058561,0.5503248055176838
MPC,2021-02-25,2.0,0.0,2.36176372,9.943,0.23753029467967415,0.20646448523543498,0.5,0.0,0.0,1.0,0.5,0.3094867807153966,0.1111111111111111,0.2728441771372066,6.656,,,,0.20646448523543498,1.5678950776180982,0.20646448523543484
MPC,2021-02-26,6.0,0.0,1.3623761932497072,14.72839127837521,0.09250000000000003,0.31795293099443217,0.3333333333333333,0.0,0.0,0.7272727272727273,0.6666666666666667,0.8213901184352195,0.14814814814814814,0.23449869786418276,19.968,0.8131667967733541,1.0,1.2678852461044577e-16,,-0.21414503523458317,0.31795293099443206
MPC,2021-03-01,6.0,0.0,2.0652744400000005,22.171,0.09315206531054082,0.4175795308272256,0.6666666666666666,0.0,0.0,0.8,0.48189861278675633,1.9016628783347294,0.2222222222222222,0.2810894062956019,6.656,1.0,0.6884576639626744,,5.450619329242867e-17,-0.3041506508042394,0.4175795308272255
MPC,2021-03-02,5.0,0.0,8.082352199999992,63.99899999999999,0.1262887263863497,0.25895348702569404,0.6,0.0,0.0,0.926829268292683,0.591533821697594,2.6754396458906573,0.703703703703703,0.31663325004653115,6.656,1.0,1.0,0.04675470637819617,0.24924482612277526,-0.20287549941146252,0.25895348702569404
MPC,2021-03-03,4.0,0.0,2.0776892799999995,18.090999999999998,0.11484656901221602,0.07990031532906125,0.25,0.0,0.0,0.75,0.7499999999999999,0.18794114128484268,0.16666666666666666,0.22876780212754966,13.312,1.0,0.0,1.423362852083534e-16,1.8639631053517845e-16,0.07921224206062985,0.07990031532906111
MPC,2021-03-04,5.0,0.0,3.058250299999999,16.660999999999998,0.18355742752535859,0.3287268331990331,0.6,0.0,0.0,0.8181818181818182,0.5956867241358919,0.9760736930254817,0.16666666666666666,0.21393142712137583,6.656,1.0,0.17026501586002266,1.038562230706414e-16,,0.1374801784481243,0.328726833199033
MPC,2021-03-05,4.0,0.0,1.21847502,8.579999999999998,0.14201340559440565,0.4920071047957371,0.5,0.0,0.0,0.6666666666666666,0.5000000000000001,0.994138054791243,0.07407407407407407,0.21313888540438106,6.656,1.0,,0.7294509151414309,1.4463091022636788e-16,0.12071097707042104,0.49200710479573706
MPC,2021-03-08,5.0,0.0,0.7032775,7.603,0.0925,0.5819311558341581,0.6,0.0,0.0,0.6666666666666666,0.4,1.2660605335566455,0.07407407407407407,0.24561240631252684,6.656,1.0,1.0,,0.0,-0.38776904189662836,0.5819311558341581
MPC,2021-03-09,5.0,0.0,3.09818108,28.162999999999997,0.11000891524340448,9.46112011895173e-17,0.0,0.0,0.0,0.75,1.0,0.0,0.2777777777777778,0.22329643752527772,19.968,,1.5363750556999226e-16,1.0812982952278125e-16,0.0,0.0,0.0
MPC,2021-03-10,2.0,0.0,2.680134,10.05,0.26668,0.27173913043478254,1.0,0.0,0.0,0.8571428571428571,0.5,0.4486182557722217,0.1111111111111111,0.1060716144820617,6.656,1.0,0.14205224517671158,,,0.0,0.27173913043478254
MPC,2021-03-11,5.0,0.0,7.320422419999996,53.024,0.13805866060651772,0.1584560690705942,0.6,0.0,0.0,0.8823529411764706,0.8638182838407755,1.1944012441679628,0.5555555555555554,0.2375334167178759,25.284,0.0,0.7146231479493236,0.1711581979016663,1.873991812849721e-16,0.019337525379231047,0.15845606907059417
MPC,2021-03-12,4.0,0.0,1.3801083799999998,10.559000000000001,0.13070445875556394,0.3772338543202595,0.25,0.0,0.0,0.75,0.75,0.7651632970451011,0.1111111111111111,0.25607682285529637,6.656,,1.0,0.0,0.0,-0.1738368389879923,0.37723385432025947
MPC,2021-03-15,5.0,0.0,0.5150399999999999,5.567999999999999,0.09250000000000001,0.7414441606686789,0.8,0.0,0.0,0.75,0.19999999999999998,1.910156717310683,0.05555555555555555,0.2158263854047012,6.656,1.0,1.0,1.0,1.5951480238867193e-16,-0.4245089338875007,0.7414441606686788
MPC,2021-03-16,5.0,0.0,1.62103688,10.904,0.14866442406456346,0.3838851847666403,0.4,0.0,0.0,0.75,0.6,0.8127766479243929,0.1111111111111111,0.19909244792870595,6.656,1.0,0.8585496866606983,8.781673123394553e-17,,-0.2335654923454384,0.38388518476664024
MPC,2021-03-17,4.0,0.0,0.22401119999999997,0.84,0.26668,0.9455182254507718,0.75,0.0,0.0,0.0,0.25,1.7439885153726524,0.0,0.13285242706236508,3.36,1.0,0.8792235801581596,,,0.3926871376743311,0.9455182254507717
MPC,2021-03-18,8.0,0.0,3.7194372000000007,36.558,0.10174071885770558,0.29490047832124683,0.5,0.0,0.0,0.875,0.6159502262443437,1.8291661682019382,0.38888888888888884,0.23588758343369895,19.968,0.38578898800369127,0.8611736455050278,0.0,0.24609960996099622,-0.20625991078644518,0.29490047832124683
MPC,2021-03-19,9.0,0.0,2.4953725,26.977,0.09250000000000001,0.30308197060115216,0.3333333333333333,0.0,0.0,0.7777777777777778,0.6666666666666666,1.4035171671252544,0.25925925925925924,0.24543533330264228,23.644,0.5960035722259434,0.2836165210061665,0.0,0.0,-0.29018540715008206,0.30308197060115216
MPC,2021-03-22,6.0,0.0,1.5694489200000006,14.295000000000002,0.10979006086044074,0.5873863472362534,0.5,0.0,0.0,0.7272727272727273,0.5188609145275931,2.434501734657256,0.14814814814814814,0.2708372394408798,13.312,0.9671603348358017,0.0,0.519600028983407,,-0.24081528485824993,0.5873863472362533
MPC,2021-03-23,5.0,0.0,5.07684488,19.594999999999995,0.2590887920387855,0.2858444493038852,0.2,0.0,0.0,0.7142857142857143,0.8,0.9382701280057423,0.18518518518518517,0.1540373227726377,9.088,0.9018052201908705,0.0,1.1576127985664713e-16,,0.38316663875384965,0.2858444493038851
MPC,2021-03-24,7.0,0.0,6.91666148,34.316,0.20155791700664413,0.336183383305929,0.42857142857142855,0.0,0.0,0.8636363636363636,0.5714285714285714,2.0790764445507834,0.35185185185185175,0.2422339375698357,11.384,1.0,0.7371332371332372,0.0,1.4385785871398204e-16,0.24589367935838902,0.33618338330592895
MPC,2021-03-25,5.0,0.0,1.3103386400000003,13.181000000000001,0.09941117062438361,0.6342573323344156,0.8,0.0,0.0,0.7777777777777778,0.3529220057169011,2.734537624117718,0.12962962962962962,0.22193533322933945,6.656,1.0,0.718822919367384,0.0,,-0.23877965631851003,0.6342573323344155
MPC,2021-03-26,7.0,0.0,9.567663859999993,50.282,0.19028009745037971,0.34584861967579955,0.7142857142857143,0.0,0.0,0.967741935483871,0.28561961377214345,3.1802847230529974,0.5555555555555551,0.28061067708525417,6.656,1.0,1.0,0.035761105499559465,1.640218688273546e-16,-0.005288451168601633,0.3458486196757995
MPC,2021-03-29,7.0,0.0,5.6611498999999945,50.60299999999998,0.11187379997233358,0.3627709007568223,0.5714285714285714,0.0,0.0,0.8787878787878788,0.6842352935056879,3.446345256609643,0.5370370370370368,0.3264730833810366,13.312,0.7323103154305199,0.3461118630747064,0.47811096019224786,6.039975652500002e-17,-0.31943275720837455,0.3627709007568223
MPC,2021-03-30,4.0,0.0,0.9457343199999999,5.848,0.16171927496580027,0.588603587759409,0.5,0.0,0.0,0.6,0.5,1.0009570522789808,0.05555555555555555,0.274769093721261,6.656,1.0,1.0,0.0,0.0,-0.15231352496051184,0.5886035877594089
MPC,2021-03-31,6.0,0.0,1.17752978,8.642,0.1362566280953483,0.6766686620772224,0.6666666666666666,0.0,0.0,0.7142857142857143,0.41027212450406386,2.1636559397057065,0.09259259259259259,0.270750875036659,6.656,0.9138959070237493,,0.0,0.0,-0.12735827670472627,0.6766686620772224
MPC,2021-04-01,5.0,0.0,2.04279574,16.213,0.12599739344970085,0.3183519024595334,0.4,0.0,0.0,0.8181818181818182,0.6,0.9058499820552698,0.16666666666666666,0.27328689581433235,6.656,0.5301685891748004,1.0,,1.1722032726674478e-16,-0.19079781111043198,0.31835190245953326
MPC,2021-04-02,4.0,0.0,0.28471115999999996,2.2079999999999997,0.12894527173913042,0.8654150920394978,0.75,0.0,0.0,0.3333333333333333,0.2580783001063987,1.6985285321210672,0.018518518518518517,0.21040885424857456,6.656,0.9899300012280485,1.0,,0.0,-0.3221922086859222,0.8654150920394978
MPC,2021-04-05,5.0,0.0,0.0,0.0,,1.0,1.0,0.0,0.0,,,2.2579255891853096,0.0,0.18410937491353252,0.0,1.0,1.0,,,,1.0
MPC,2021-04-06,9.0,0.0,1.9415973800000002,16.535,0.11742348835802843,0.4821971001784987,0.3333333333333333,0.0,0.0,0.5384615384615384,0.6666666666666666,1.842086373968178,0.12962962962962962,0.25401084379457944,13.312,0.8652020003371355,,1.0259655997460151e-16,0.0,0.10113925759007789,0.48219710017849865
MPC,2021-04-07,9.0,0.0,1.68680128,14.994999999999997,0.11249091563854621,0.549103921096945,0.4444444444444444,0.0,0.0,0.5454545454545454,0.5555555555555556,2.18459145830841,0.1111111111111111,0.2786215312274483,13.312,0.8576377433190366,0.9383620689655173,1.4140716760072046e-16,1.2700964102675893e-16,-0.30687639506712044,0.5491039210969448
MPC,2021-04-08,5.0,0.0,0.7023525000000002,7.593,0.09250000000000003,0.6095541728801356,0.6,0.0,0.0,0.5,0.4688086818843138,1.4181122143797107,0.05555555555555555,0.20828645832201195,9.644000000000002,0.7161716171617162,0.9268650871353045,0.0,,-0.4522232361705289,0.6095541728801355
MPC,2021-04-09,5.0,0.0,5.303535079999994,42.259999999999984,0.12549775390440124,0.28134140534657526,0.4,0.0,0.0,0.9259259259259259,0.7838577259374598,1.9791841129321692,0.4629629629629628,0.2379344687142293,19.968,1.0,1.207092171378262e-16,0.23189790758326886,,-0.16732295767251318,0.28134140534657526
MPC,2021-04-12,5.0,0.0,3.95233452,18.081,0.21859048282727725,0.3817193270414444,0.4,0.0,0.0,0.8333333333333334,0.6,1.335446823782749,0.18518518518518517,0.27585546877162415,6.656,0.6874530428249437,0.8996402877697842,,0.0,0.8325129099014109,0.3817193270414443
MPC,2021-04-13,6.0,0.0,2.7470306399999997,21.369,0.12855213814404043,0.3027603758809711,0.3333333333333333,0.0,0.0,0.7857142857142857,0.6666666666666666,1.110061012082785,0.2037037037037037,0.2884761353622404,13.312,0.35049593224116793,1.0,0.0,1.4498505055503185e-16,-0.20111708358488825,0.30276037588097104
MPC,2021-04-14,4.0,0.0,2.29388852,20.771,0.11043707669346685,0.3100481647566849,0.5,0.0,0.0,0.8571428571428571,0.5,1.1166407465007775,0.2222222222222222,0.26028297922190785,6.656,1.0,1.0,0.0,0.0,-0.24618485523857345,0.31004816475668484
MPC,2021-04-15,6.0,0.0,2.30289976,17.397999999999996,0.1323657753764801,0.6055590822526526,0.8333333333333334,0.0,0.0,0.75,0.4197113451709234,3.1953582964469436,0.16666666666666666,0.23828906250855653,13.312,1.0,0.7428939927575773,,0.3527105081871656,-0.1785290865850535,0.6055590822526525
MPC,2021-04-16,6.0,0.0,2.3391950000000006,18.698,0.12510402182051558,0.43880184885047124,0.5,0.0,0.0,0.8461538461538461,0.4999999999999999,1.7490130398373012,0.2037037037037037,0.2850681457857718,13.312,1.0,0.3238774350229938,0.0,0.0,-0.1341714113889455,0.4388018488504712
MPC,2021-04-19,7.0,0.0,2.1696404599999997,11.504,0.18859878824756604,0.4366307541625857,0.42857142857142855,0.0,0.0,0.5555555555555556,0.7833717702996,1.066634764924034,0.09259259259259259,0.2273203125090125,6.656,0.0,0.39937106918239,0.7088391906283279,,-0.029362448654220306,0.4366307541625857
MPC,2021-04-20,6.0,0.0,1.62394046,11.489,0.14134741578901558,0.44785659361783925,0.5,0.0,0.0,0.75,0.5,1.1148462734776887,0.1111111111111111,0.2594635417760098,6.656,0.7568873852102466,1.0,0.0,0.0,-0.03113096032392449,0.44785659361783925
MPC,2021-04-21,7.0,0.0,3.5197339199999997,15.372,0.22897046057767367,0.5215686274509804,0.5714285714285714,0.0,0.0,0.8181818181818182,0.42857142857142855,2.004785261394904,0.16666666666666666,0.249429687604182,6.656,1.0,1.0,0.22300849171047316,,0.31612082645423933,0.5215686274509804
MPC,2021-04-22,7.0,0.0,2.275655,12.361999999999998,0.18408469503316618,0.6029756485896636,0.8571428571428571,0.0,0.0,0.875,0.22926161014252078,2.246037703872074,0.12962962962962962,0.25411110421676614,6.656,1.0,0.7661067011260846,0.0,,0.1553517176311439,0.6029756485896635
MPC,2021-04-23,7.0,0.0,4.347256639999996,46.294999999999995,0.09390337271843603,0.39484451183644675,0.5714285714285714,0.0,0.0,0.9,0.5591730593407597,3.6135901423615264,0.5,0.26312630203998805,26.624,1.0,1.0,0.2305484630762229,1.1970059564691714e-16,-0.4207903074371793,0.3948445118364467
MPC,2021-04-26,4.0,0.0,1.209715,13.078,0.09250000000000001,0.4598769256184695,0.75,0.0,0.0,0.7777777777777778,0.43148966897652563,1.3320971408063165,0.12962962962962962,0.18631510420163977,13.312,1.0,0.42173682348779634,,,-0.37777844934772725,0.4598769256184693
MPC,2021-04-27,5.0,0.0,3.09205693,35.914,0.08609614440051233,0.3656003250251718,0.6,0.0,0.0,0.9545454545454546,0.5717350788534424,2.476013877258044,0.3888888888888889,0.27007465632777894,13.312,1.0,1.0,0.3171942462653829,1.400691404668231e-16,-0.4340161161879501,0.36560032502517176
MPC,2021-04-28,8.0,0.0,3.20670956,35.297,0.0908493515029606,0.4144492368944924,0.5,0.0,0.0,0.8260869565217391,0.623960498960499,2.9887546357219765,0.35185185185185175,0.3452135417016204,13.312,1.0,0.5227659765169849,1.1487046297208035e-16,1.417230604276568e-16,-0.2143824858331655,0.41444923689449237
MPC,2021-04-29,7.0,0.0,3.39339104,32.537,0.10429329809140364,0.3986434036890549,0.5714285714285714,0.0,0.0,0.9047619047619048,0.5547850208044383,2.580332575666946,0.35185185185185186,0.2353576354228911,19.968,1.0,0.38749925019494935,0.0,1.7921275619453697e-16,-0.2667981609471823,0.3986434036890548
MPC,2021-04-30,8.0,0.0,3.4842319600000002,32.683,0.10660685861151058,0.5085854333313286,0.75,0.0,0.0,0.9047619047619048,0.6117484701307105,4.046536667065437,0.35185185185185175,0.3136966145878735,13.312,1.0,0.6894690163112636,0.4210526315789473,1.4040126773634607e-16,-0.2389615351051537,0.5085854333313284
MPC,2021-05-03,6.0,0.0,0.6753425,7.300999999999999,0.0925,0.5925553881354987,0.5,0.0,0.0,0.5,0.5,1.2702476372771863,0.05555555555555555,0.26430252076655353,6.656,1.0,0.875289312457454,0.0,1.6311816707073006e-16,-0.4337720785615395,0.5925553881354986
MPC,2021-05-04,11.0,0.0,3.8302461400000003,42.214,0.09073402520490834,0.4958619454230608,0.5454545454545454,0.0,0.0,0.8275862068965517,0.5241890475393794,4.9672209594449095,0.4444444444444442,0.32343359377288533,22.596,0.8554495073891626,0.6899705014749263,6.659756455592735e-17,,-0.49019796420306083,0.4958619454230607
MPC,2021-05-05,8.0,0.0,6.99351104,39.635,0.1764478627475716,0.16682432574467643,0.25,0.0,0.0,0.8076923076923077,0.8670870868848395,0.9493958607488935,0.38888888888888873,0.3329934896404059,17.823999999999998,0.0,0.48981607208986555,0.0,3.9812560836439345e-17,0.3985436804764096,0.16682432574467637
MPC,2021-05-06,6.0,0.0,2.11714,22.887999999999998,0.09250000000000001,0.40583058591417676,0.6666666666666666,0.0,0.0,0.8,0.49779175176358015,1.8701997846632374,0.2222222222222222,0.2404175312828253,13.312,1.0,0.13493350632500822,1.4678208886136592e-16,1.4397445610311643e-16,-0.10827796625945117,0.40583058591417664
MPC,2021-05-07,6.0,0.0,5.905477499999998,63.84299999999999,0.09249999999999999,0.10948222953746589,0.3333333333333333,0.0,0.0,0.926829268292683,0.7309580614038239,0.938987917214978,0.7037037037037037,0.23556336464025662,31.991999999999997,1.0,0.7881275655194191,8.403419539703625e-17,0.0,-0.06980254311827967,0.10948222953746585
MPC,2021-05-10,5.0,0.0,9.066928059999995,62.635,0.1447581713099704,0.11148466536159111,0.4,0.0,0.0,0.9487179487179487,0.6000000000000001,0.9401842325637039,0.6851851851851849,0.2567573854624546,19.967999999999996,1.0,1.3641198275228464e-16,0.5157799074686056,0.0,-0.008615064124355625,0.11148466536159106
MPC,2021-05-11,8.0,0.0,4.56933348,33.561,0.1361500992223116,0.05331302361005336,0.125,0.0,0.0,0.75,0.875,0.22610360090919965,0.33333333333333326,0.3253120626141026,13.312,0.0,0.5212355212355212,0.0,1.0415460799766933e-16,0.3097607753589293,0.05331302361005329
MPC,2021-05-12,11.0,0.0,9.434153119999998,60.358999999999995,0.156300686227406,0.21478099103669882,0.36363636363636365,0.0,0.0,0.8461538461538461,0.7161012614027585,1.9751166407465006,0.6111111111111109,0.3078628437833686,13.312,0.7736224028906955,0.39983897750717057,4.9642479372893564e-17,8.756565313024995e-17,0.1485309233246454,0.21478099103669876
MPC,2021-05-13,5.0,0.0,1.9146574999999997,20.698999999999995,0.09250000000000001,0.1968103682433745,0.4,0.0,0.0,0.9230769230769231,0.5999999999999999,0.6067711448737887,0.2222222222222222,0.2988368020548175,6.656,1.0,1.0,1.6283406722891656e-16,1.8144605101126154e-16,-0.27039212563550913,0.19681036824337436
MPC,2021-05-14,10.0,0.0,4.568609539999999,47.69,0.09579806122876912,0.4128582684920713,0.7,0.0,0.0,0.8709677419354839,0.47191919064994703,4.011723890417514,0.5,0.24927820822995272,19.968,0.8727514105542648,0.4894832885132538,0.0,1.488920698545954e-16,-0.3549227565917761,0.41285826849207125
MPC,2021-05-17,3.0,0.0,3.9797737399999997,19.546999999999997,0.20360023226070498,0.36865734310907283,0.6666666666666666,0.0,0.0,0.8461538461538461,0.574890250677503,1.36547433903577,0.2037037037037037,0.2483385416477783,13.312,,1.0,0.5709710625643373,1.1245611796658967e-16,0.3961241507330714,0.36865734310907267
MPC,2021-05-18,6.0,0.0,8.433974139999997,57.05200000000001,0.14782959650844835,0.09288644385791969,0.3333333333333333,0.0,0.0,0.9166666666666666,0.8284216714228338,0.698887426725685,0.6111111111111108,0.2704687499317515,13.312,0.37831887061261504,,0.0,0.0,-0.012181258009698577,0.09288644385791966
MPC,2021-05-19,11.0,0.0,7.287195179999999,43.566,0.16726794243217186,0.46374367622259693,0.5454545454545454,0.0,0.0,0.8,0.5962732170095302,4.507118076324919,0.4444444444444442,0.3420820312385331,13.312,0.7446114412210181,0.6660263210711931,0.12380952380952384,1.1272730291916807e-16,0.19471503654035516,0.4637436762225969
MPC,2021-05-20,8.0,0.0,5.4129543,35.81099999999999,0.15115339700092154,0.22371073681472337,0.375,0.0,0.0,0.7916666666666666,0.7400865634694704,1.234597439885154,0.35185185185185175,0.29183810420363443,13.312,0.5390159824506424,1.200971428165946e-16,0.0,0.0,0.3710684002637733,0.22371073681472325
MPC,2021-05-21,7.0,0.0,4.1476639,34.756,0.11933662964667972,0.18695611490596054,0.2857142857142857,0.0,0.0,0.8695652173913043,0.8172454226168767,0.9560952267017586,0.37037037037037024,0.3412404478998117,26.624,0.2489154824233358,1.0,1.3879956551025553e-16,3.806043965118809e-17,0.026520269307549638,0.18695611490596042
MPC,2021-05-24,12.0,0.0,7.084141409999999,60.605999999999995,0.11688845015345015,0.15451577801958655,0.25,0.0,0.0,0.7804878048780488,0.7906156427584802,1.3250388802488335,0.5925925925925923,0.31014410418113886,22.567999999999998,0.5077365602063082,0.28883824670287056,1.5739472261210797e-16,2.5137362230779307e-17,0.01232883811873638,0.1545157780195865
MPC,2021-05-25,11.0,0.0,24.403986239999984,132.54600000000002,0.18411710832465694,0.059377062442783846,0.2727272727272727,0.0,0.0,0.9047619047619048,0.7272727272727273,1.0009570522789808,1.4074074074074074,0.32639757288658683,34.612,0.5774932614555256,1.0,0.0,2.4031451600425477e-17,0.08751037574511676,0.05937706244278381
MPC,2021-05-26,5.0,0.0,2.5528595400000005,18.366000000000003,0.1389992126755962,0.3168427317363488,0.4,0.0,0.0,0.9166666666666666,0.6,1.0190214140447422,0.2037037037037037,0.24759635410494713,18.708,0.6291918636613525,,0.2679600791534028,,-0.0007000255750699173,0.31684273173634875
MPC,2021-05-27,5.0,0.0,6.13866844,28.453,0.2157476694900362,0.24503820844831248,0.4,0.0,0.0,0.8421052631578947,0.6,1.104797224548391,0.2962962962962963,0.23342013537330786,8.468,1.0,,0.17915356431930302,,0.5016818648125443,0.24503820844831245
MPC,2021-05-28,6.0,0.0,3.8846827199999994,37.611,0.10328581319294887,0.14774195010310215,0.3333333333333333,0.0,0.0,0.88,0.8100929812983144,0.7799976073693027,0.40740740740740733,0.2980243123905287,19.968,1.0,0.0,0.15750863741776713,,-0.01724711346179386,0.14774195010310212
MPC,2021-05-31,2.0,0.0,0.0,0.0,,1.0,1.0,0.0,0.0,,,0.8264146428998684,0.0,0.06698003123043843,0.0,1.0,,,,,0.9999999999999999
MPC,2021-06-01,9.0,0.0,5.36068642,31.462,0.1703860663657746,0.37099902037225857,0.5555555555555556,0.0,0.0,0.7727272727272727,0.5723018960300591,2.2200023926306973,0.31481481481481477,0.30450477076252963,13.312,0.6888293597642646,0.7991035697134625,0.028199306966184803,,0.19358933300522208,0.3709990203722585
MPC,2021-06-02,11.0,0.0,8.058437899999998,61.123999999999995,0.1318375417184739,0.19669868972677454,0.2727272727272727,0.0,0.0,0.875,0.7748775393665918,1.7905251824380906,0.6481481481481478,0.28418836457907065,25.831999999999997,0.2612473649030799,0.5075730348616316,1.40113333286027e-16,0.0,-0.05229090217322646,0.19669868972677448
MPC,2021-06-03,6.0,0.0,5.9718523199999956,43.755,0.13648388344189225,0.32366216341546356,0.6666666666666666,0.0,0.0,0.9259259259259259,0.33333333333333337,2.5049647086972127,0.4629629629629627,0.2746770833255141,11.015999999999998,1.0,1.0,,2.0298901147300312e-17,-0.12635187517786656,0.32366216341546356
MPC,2021-06-04,6.0,0.0,0.97772682,8.22,0.11894486861313867,0.758299273721662,0.6666666666666666,0.0,0.0,0.6666666666666666,0.3333333333333333,3.085177652829286,0.07407407407407407,0.2685459999156592,6.656,1.0,0.9254808615195609,,0.0,-0.44002671884920375,0.7582992737216618
MPC,2021-06-07,8.0,0.0,2.9935920400000002,28.308999999999997,0.10574700766540678,0.23771440881062023,0.375,0.0,0.0,0.8,0.7276652522376114,1.0561071898552459,0.2962962962962963,0.23554601042026965,26.624,0.8039340679355249,1.0950969973492698e-16,0.0,1.3177721360535982e-16,-0.2656615826374975,0.23771440881062017
MPC,2021-06-08,5.0,0.0,1.42594814,13.913,0.10249034284482139,0.34527058823529416,0.6,0.0,0.0,0.7,0.589005190031125,0.8777365713602105,0.12962962962962962,0.26148437488397275,6.656,1.0,0.11259219162324925,0.0,,-0.08963778051215608,0.3452705882352941
MPC,2021-06-09,10.0,0.0,2.53429112,22.531999999999996,0.11247519616545358,0.5994809534813446,0.6,0.0,0.0,0.7058823529411765,0.4620990677335313,4.034573513578179,0.2222222222222222,0.2753919270617189,13.312,0.8565926046059034,0.43975348870156555,1.0,1.60234244939586e-16,-0.33389126050307,0.5994809534813446
MPC,2021-06-10,6.0,0.0,2.7116375,29.315000000000005,0.09249999999999999,0.4195279394875449,0.6666666666666666,0.0,0.0,0.8947368421052632,0.4947868056067291,2.5346333293456147,0.3148148148148148,0.2625216978534202,13.312,1.0,1.0,0.1683452012823057,,-0.3765002192056326,0.4195279394875449
MPC,2021-06-11,11.0,0.0,10.34273524,64.99,0.15914348730573935,0.20018214039578625,0.18181818181818182,0.0,0.0,0.8372093023255814,0.8181818181818182,1.9459265462375883,0.6666666666666662,0.3388203125117191,19.968,1.0,0.2677064689337766,8.474176316192397e-17,1.5099939131250004e-16,0.02210451145628325,0.20018214039578616
MPC,2021-06-14,10.0,0.0,6.63614248,57.88299999999999,0.1146475213793342,0.3270435864346088,0.5,0.0,0.0,0.868421052631579,0.6644742046273237,3.3652350759660252,0.6111111111111109,0.3129236145772059,33.28,0.8914405010438413,0.8762475049900199,0.19144921533434597,8.78818997378049e-17,-0.18774730470095982,0.32704358643460874
MPC,2021-06-15,9.0,0.0,2.84194285,27.327999999999996,0.10399381037763468,0.39581260639826665,0.4444444444444444,0.0,0.0,0.6842105263157895,0.6596519474352515,2.141763368824022,0.24074074074074073,0.33352256256572826,18.508000000000003,0.6387020648967551,,0.0978650826324767,0.0,0.08954300895745347,0.39581260639826654
MPC,2021-06-16,10.0,0.0,5.58737174,39.166999999999994,0.14265508565884547,0.19744687826568047,0.2,0.0,0.0,0.7407407407407407,0.8,1.1527694700323003,0.37037037037037024,0.3576545104806428,13.312,0.1848170156050426,1.0,1.3448079638127417e-16,7.874620265095534e-17,0.15013862885435975,0.19744687826568036
MPC,2021-06-17,11.0,0.0,5.379597609999999,37.15,0.14480747267833108,0.45672837881313794,0.5454545454545454,0.0,0.0,0.84,0.5438369459721775,3.736332097140806,0.38888888888888873,0.33310330218228046,13.312,0.5191703331238213,0.4725682890969589,0.48619266783050313,0.0,0.04827724984999845,0.4567283788131379
MPC,2021-06-18,8.0,0.0,8.641304299999994,73.112,0.11819269476966839,0.2385990856357332,0.625,0.0,0.0,0.8936170212765957,0.7387510844710214,2.7408780954659653,0.7777777777777776,0.2491484374331776,33.28,0.7496621114281424,0.40578613633088345,0.1080379171536165,,-0.20888736635935576,0.23859908563573318
MPC,2021-06-21,8.0,0.0,3.2449506599999998,15.803999999999998,0.20532464312832194,0.6311268789095323,0.75,0.0,0.0,0.7272727272727273,0.3721736492177527,3.2348367029548992,0.14814814814814814,0.30451780215419905,13.312,1.0,0.5058852992737292,0.0,1.5954345602660773e-16,0.00335922064999072,0.6311268789095322
MPC,2021-06-22,12.0,0.0,1.94649576,19.124999999999996,0.10177755607843139,0.721246483697474,0.6666666666666666,0.0,0.0,0.6,0.42079775014903514,5.919846871635363,0.16666666666666666,0.3383901876077289,6.656,0.6187676653476543,0.8166925666925667,0.6645699166292247,,-0.41344601768178874,0.7212464836974739
MPC,2021-06-23,14.0,0.0,14.194724039999993,88.863,0.15973716890044218,0.25730261013464384,0.35714285714285715,0.0,0.0,0.7741935483870968,0.8300192259456138,3.68297643258763,0.8888888888888882,0.33233463545911945,34.612,0.1470484270060093,0.41590379719408477,0.2688127561957053,8.794716503615459e-17,-0.044863094372832125,0.2573026101346438
MPC,2021-06-24,11.0,0.0,6.66703142,51.986,0.12824667064209594,0.20926624482842546,0.2727272727272727,0.0,0.0,0.8285714285714286,0.7272727272727274,1.6458906567771263,0.5370370370370369,0.33992708328393445,30.227999999999998,0.8915133531157269,0.6533835372868947,0.0,1.4113191430502923e-16,-0.007676526702737481,0.20926624482842537
MPC,2021-06-25,9.0,0.0,2.6462494899999998,24.906999999999996,0.1062452117878508,0.31493247517671974,0.3333333333333333,0.0,0.0,0.6666666666666666,0.850010413633738,1.3697810742911836,0.2222222222222222,0.29345138545977534,13.312,0.6482029598308667,0.0,0.23861443891057565,,-0.08440673719356515,0.31493247517671974
MPC,2021-06-28,11.0,0.0,10.354174999999994,80.53699999999999,0.1285642003054496,0.37689456948108724,0.45454545454545453,0.0,0.0,0.9215686274509803,0.5697996918335902,5.8277305897834655,0.87037037037037,0.3320034687324854,26.624,0.9414126785596736,1.0,0.4956150511301585,1.806525820604343e-17,-0.21144819441663007,0.37689456948108724
MPC,2021-06-29,15.0,0.0,4.55051966,42.349999999999994,0.10745028713105079,0.516165885981949,0.6,0.0,0.0,0.7586206896551724,0.490390945128891,5.404952745543726,0.4074074074074072,0.3648728332639924,6.656,0.7015285314040499,0.46903652200489004,1.0,0.0,-0.09975203710553396,0.5161658859819489
MPC,2021-06-30,12.0,0.0,5.15481215,48.284000000000006,0.10676025494987985,0.45970503323411577,0.5833333333333334,0.0,0.0,0.84375,0.5998264754486388,4.914702715635841,0.4999999999999999,0.32702908326124697,16.78,0.7627566807313644,0.9283186200724136,0.12109435321974558,0.0,-0.2253520444465479,0.45970503323411577
MPC,2021-07-01,13.0,0.0,6.267142079999999,49.335,0.1270323721495895,0.4589985963681026,0.6153846153846154,0.0,0.0,0.84375,0.47968362507718965,5.0074171551621,0.4999999999999999,0.30371961459726055,25.148,0.9000780640124902,0.608671073230127,0.28440427788580525,1.4127221563545812e-16,-0.2042270659806972,0.45899859636810253
MPC,2021-07-02,10.0,0.0,2.46992627,22.865,0.1080221417012902,0.3282310426888387,0.2,0.0,0.0,0.6111111111111112,0.8,1.3365235075966024,0.2037037037037037,0.3162795104193113,19.968,0.5868798495179873,0.8710359408033826,1.204407707339072e-16,,-0.07691610360046072,0.32823104268883857
MPC,2021-07-05,1.0,0.0,0.0,0.0,,1.0,1.0,0.0,0.0,,,1.1944012441679628,0.0,0.06996267711656401,0.0,1.0,,,,,1.0
MPC,2021-07-06,14.0,0.0,3.96409443,37.40399999999999,0.10598049486685919,0.45008674174483226,0.42857142857142855,0.0,0.0,0.6333333333333333,0.7112735708973535,3.6623998085895444,0.35185185185185175,0.3612113749416797,27.668,0.5445246690734055,0.3303611772148086,0.6269781461944235,0.0,-0.2887073646713727,0.45008674174483226
MPC,2021-07-07,14.0,0.0,7.245829339999999,74.072,0.09782143509018251,0.2886993931013289,0.5714285714285714,0.0,0.0,0.8936170212765957,0.6399935572113274,3.5966024644096164,0.7777777777777776,0.3320460103471608,33.036,0.9450280967505497,0.36868522563554407,0.1099316538448837,1.5656238669136705e-16,-0.23835592170404907,0.28869939310132886
MPC,2021-07-08,12.0,0.0,5.46675671,51.208999999999996,0.10675382667109298,0.4239513144425571,0.5833333333333334,0.0,0.0,0.8285714285714286,0.5739260412622544,4.508673286278263,0.5370370370370369,0.35087500009467476,26.624,0.8295238095238096,0.6765069906027963,0.15449063018577733,1.1602592027434687e-16,-0.28104947381433915,0.42395131444255707
MPC,2021-07-09,10.0,0.0,6.15799344,40.683,0.15136527394734903,0.16545980430367807,0.2,0.0,0.0,0.7241379310344828,0.8934680939865588,0.9649479602823305,0.38888888888888873,0.3262378436375002,13.312,0.0,0.0,0.27272112523667846,1.605818874887227e-16,0.12311749308500228,0.165459804303678
MPC,2021-07-12,13.0,0.0,9.322660099999997,77.82199999999997,0.11979466089280666,0.4408535709153614,0.5384615384615384,0.0,0.0,0.9,0.5882821737414138,7.340351716712524,0.8333333333333328,0.36602257281022804,33.28,0.9293122706239031,0.6288869042786392,0.36082600695154377,1.0877874093081755e-16,-0.21234430824394326,0.4408535709153613
MPC,2021-07-13,15.0,0.0,17.068903479999992,119.35900000000001,0.14300474601831442,0.1326725622561166,0.3333333333333333,0.0,0.0,0.8024691358024691,0.7234248443451844,2.1842325637037923,1.2037037037037044,0.37088715619878104,34.612,0.5647162708556024,0.613645498392283,5.2023922665112034e-17,0.0,0.009876922978362521,0.1326725622561166
MPC,2021-07-14,15.0,0.0,7.289686420000001,56.599,0.12879532182547396,0.3073185656590382,0.4,0.0,0.0,0.7894736842105263,0.6641770401106502,3.0040674721856684,0.5555555555555551,0.31993880217366194,34.612,1.0,0.2694838343732276,0.0,0.0,-0.041217769768913906,0.30731856565903815
MPC,2021-07-15,18.0,0.0,3.1918418199999996,33.241,0.09602123341656386,0.7529799060697936,0.6111111111111112,0.0,0.0,0.75,0.5002047623804088,12.12190453403517,0.33333333333333326,0.39629904176763375,33.28,0.6643215573543133,5.925139557705972e-17,0.8561878325237102,1.0,-0.5087688143793313,0.7529799060697935
MPC,2021-07-16,14.0,0.0,9.03528998,85.23200000000001,0.10600818917777359,0.2852962139952203,0.5,0.0,0.0,0.7666666666666667,0.7083161297977177,4.07022371097021,0.8518518518518516,0.31300043762409285,34.612,0.7237104272747399,0.22450080949811124,0.2791217147473979,0.0,-0.15595218672628666,0.28529621399522026
MPC,2021-07-19,16.0,0.0,14.651525459999991,103.56299999999999,0.14147451754004803,0.2949718160281023,0.5625,0.0,0.0,0.8805970149253731,0.5866915477005347,5.183514774494557,1.0925925925925926,0.36803645828816417,32.168,0.6727616645649434,0.5471595810227973,0.7345437284917528,0.0,-0.06033352250792657,0.29497181602810224
MPC,2021-07-20,21.0,0.0,10.711813239999994,95.01099999999998,0.11274287440401634,0.36679595862657294,0.5714285714285714,0.0,0.0,0.7878787878787878,0.6058727631960853,6.584160784782869,0.9629629629629625,0.39679601043947815,34.612,0.8136582344814444,0.255743345815201,0.1681362116144725,0.17041497685469678,-0.21885575467853177,0.36679595862657294
MPC,2021-07-21,12.0,0.0,2.3481623799999998,21.816999999999997,0.10762993903836458,0.6373202560053196,0.5833333333333334,0.0,0.0,0.5294117647058824,0.614968507020658,4.5864337839454485,0.16666666666666666,0.3315920102977543,15.684000000000001,0.6314673785035724,0.7343409675928982,0.0,,-0.15000375645170572,0.6373202560053195
MPC,2021-07-22,17.0,0.0,16.32839433999999,127.54,0.12802567304375087,0.2393936141028852,0.5294117647058824,0.0,0.0,0.8588235294117647,0.6372155597072903,4.802249072855602,1.3518518518518532,0.36187456256205525,34.612,0.9205651864165281,0.14648872526461115,0.2382477776887961,0.0,-0.07098008353454044,0.23939361410288515
MPC,2021-07-23,13.0,0.0,3.74657626,29.712999999999997,0.12609215696833037,0.5251086817542514,0.46153846153846156,0.0,0.0,0.6363636363636364,0.612100483006915,3.930494078239024,0.25925925925925924,0.322498697945169,13.312,0.842199783139062,0.2488568140106387,0.0,,-0.0008078843400583846,0.5251086817542513
MPC,2021-07-26,14.0,0.0,2.44912271,26.624,0.09198928448016828,0.5067163211235247,0.5,0.0,0.0,0.65,0.5657486662782416,3.2718028472305303,0.24074074074074073,0.3801944477951717,13.312,0.9356996971617719,0.45017446141041656,5.2031541868782967e-17,,-0.3762825663279313,0.5067163211235246
MPC,2021-07-27,15.0,0.0,10.283956019999996,77.451,0.132780158035403,0.39428468643199577,0.6,0.0,0.0,0.8627450980392157,0.571751248787136,6.031343462136619,0.8148148148148144,0.3984105937888671,25.42,0.8231433506044905,0.41837211718263045,0.2399596221789603,0.0,-0.09317567270020592,0.39428468643199577
MPC,2021-07-28,12.0,0.0,9.084430999999993,74.531,0.12188795266399206,0.33952181773067247,0.4166666666666667,0.0,0.0,0.8571428571428571,0.7361727721219683,4.58344299557363,0.7777777777777776,0.2988763021676277,33.28,0.9187029638576605,9.939328779097194e-17,0.3216188999898168,0.0,-0.2500335759146441,0.33952181773067247
MPC,2021-07-29,13.0,0.0,5.060833560000001,51.245999999999995,0.09875567966280298,0.3563839139936199,0.5384615384615384,0.0,0.0,0.7714285714285715,0.6563424957445263,3.394664433544682,0.4999999999999998,0.34710677073235274,23.496,0.726854219948849,0.2540004776689755,0.6812975056203832,3.754876214171494e-17,-0.10277990273196456,0.35638391399361985
MPC,2021-07-30,16.0,0.0,6.076470539999999,57.023999999999994,0.1065598789983165,0.29757828089970695,0.375,0.0,0.0,0.7317073170731707,0.6971099897817742,2.8900586194520885,0.5555555555555555,0.34283203134085244,33.28,0.9003324769533022,0.9181533934154864,0.145968797181681,1.3838865997197339e-16,-0.18441357537826164,0.2975782808997069
MPC,2021-08-02,14.0,0.0,18.12731233999999,132.206,0.13711414262590194,0.20487159439465932,0.42857142857142855,0.0,0.0,0.8222222222222222,0.6953478085503927,4.075128603899985,1.3703703703703718,0.3549678749550367,34.612,0.49845277880925876,0.0,0.5459468536165567,0.0,-0.11408915469301634,0.2048715943946593
MPC,2021-08-03,19.0,0.0,10.96759769,106.66999999999999,0.10281801528077249,0.2858625283693403,0.5789473684210527,0.0,0.0,0.8450704225352113,0.6217350657241689,5.108146907524823,1.111111111111111,0.40703124993039336,34.612,1.0,0.30375194575155223,0.11989350959331671,0.0,-0.18022681244071348,0.28586252836934023
MPC,2021-08-04,19.0,0.0,9.101512179999997,76.717,0.11863748817080956,0.4320056467829082,0.47368421052631576,0.0,0.0,0.7884615384615384,0.7137475681494712,6.980438283420398,0.7592592592592591,0.479040364704512,22.284,0.6697053476967231,0.5933599442438066,0.29999162469041263,,-0.22075860066091368,0.4320056467829082
MPC,2021-08-05,12.0,0.0,6.8465855200000005,68.53000000000002,0.09990639894936523,0.2967026200470027,0.5833333333333334,0.0,0.0,0.8260869565217391,0.8073158561650327,3.458667304701517,0.7037037037037034,0.33736631257852423,26.624,0.808328706274292,0.2692556634304208,0.2544175785772009,1.593716884443074e-16,-0.2356458497870291,0.29670262004700265
MPC,2021-08-06,12.0,0.0,9.728822919999999,60.499,0.16080964842394085,0.32918269817157675,0.4166666666666667,0.0,0.0,0.85,0.7556752334518974,3.551621007297523,0.6296296296296292,0.3681788230096572,26.624,0.5632694248234107,0.7339426630706224,0.07733634949809122,0.0,-0.0802504971475069,0.3291826981715767
MPC,2021-08-09,11.0,0.0,7.04425812,57.354000000000006,0.12282069463332984,0.5724764077105415,0.45454545454545453,0.0,0.0,0.8648648648648649,0.6734174727855233,9.187701878215092,0.5925925925925923,0.32446007283700357,27.236,1.0,0.7800975121890237,0.4632145056104946,1.1688096061325506e-16,-0.2433810021233664,0.5724764077105415
MPC,2021-08-10,19.0,0.0,9.28518515,78.72800000000001,0.1179400613504725,0.2920462209433029,0.3684210526315789,0.0,0.0,0.8113207547169812,0.6817361719676273,3.8852733580571845,0.7962962962962958,0.37056770831137936,26.624,0.8433681404132415,0.08511726642625128,0.16693734283319367,0.0,-0.08539537338626985,0.29204622094330285
MPC,2021-08-11,18.0,0.0,8.479918452705551,73.3556188888889,0.11560012145150064,0.46702252341334854,0.4444444444444444,0.0,0.0,0.75,0.7063910880787222,7.689675798540497,0.722222222222222,0.38788497916660464,34.612,0.7081716206428206,0.747192677655833,0.0,0.1285885398554926,-0.07319773824530078,0.4670225234133485
MPC,2021-08-12,22.0,0.0,10.1935438,89.19399999999999,0.1142850841984887,0.34957559140098593,0.4090909090909091,0.0,0.0,0.7301587301587301,0.7110071902793005,5.734896518722335,0.8518518518518514,0.4069370728151019,34.612,0.7587827339220071,0.08606154641841228,0.15198828982678708,0.0,0.008747125776288426,0.3495755914009859
MPC,2021-08-13,16.0,0.0,6.9900478,66.136,0.1056920255231644,0.24753962204043561,0.3125,0.0,0.0,0.6875,0.8914869825014042,2.6028233042229934,0.611111111111111,0.37009461463336873,34.612,0.496383256255188,0.374233259499063,0.0,0.0,-0.08203472401102245,0.2475396220404356
MPC,2021-08-16,16.0,0.0,10.9779925,92.611,0.11853875349580502,0.27014161984096324,0.5,0.0,0.0,0.9,0.6377023583389625,4.100729752362719,0.9999999999999997,0.31331684370646445,26.624,0.4436719454100682,0.35118260388152445,0.25149297234276813,0.0,-0.13589448166256698,0.2701416198409632
MPC,2021-08-17,20.0,0.0,12.647659039999995,98.975,0.1277864010103561,0.2645201081948697,0.35,0.0,0.0,0.8059701492537313,0.7375959974720422,4.258523746859673,0.9999999999999994,0.39455165627562866,34.612,0.5925598822427407,0.38183217859892227,0.16489669182618477,0.0,-0.1087723455982475,0.26452010819486965
MPC,2021-08-18,20.0,0.0,12.26782274,108.818,0.11273707235935232,0.23375699750026396,0.35,0.0,0.0,0.7466666666666667,0.789073581114995,3.9714080631654487,1.0370370370370368,0.38816362499953055,34.612,0.920541443262723,0.15595126522961572,0.22997936873058403,3.558407130208835e-17,-0.1675219423079748,0.23375699750026394
MPC,2021-08-19,17.0,0.0,15.354579870017874,101.14777329749064,0.15180343935854893,0.20900916819474422,0.29411764705882354,0.0,0.0,0.782608695652174,0.76275764442714,3.1973920325397778,0.9999999999999996,0.367779083262576,34.612,0.9462529671074941,0.0,0.0,0.11431057578914841,-0.013308532529211938,0.2090091681947442
MPC,2021-08-20,13.0,0.0,7.53901411,66.85000000000001,0.11277508017950634,0.11658209113014065,0.3076923076923077,0.0,0.0,0.8222222222222222,0.866038147229241,1.0553894006460105,0.685185185185185,0.3080178021264146,26.624,0.42948180446084183,0.13697521275897534,0.0,0.0,-0.10845424646466609,0.11658209113014056
MPC,2021-08-23,14.0,0.0,12.82434439999999,95.876,0.13375969377112093,0.3461798729346087,0.42857142857142855,0.0,0.0,0.8548387096774194,0.7645347214328798,6.072941672980552,0.9814814814814811,0.32673393752702395,33.28,0.7447873227689741,0.7251265765132294,0.33363642889617373,0.10507206339684605,-0.23922799872770395,0.3461798729346087
MPC,2021-08-24,20.0,0.0,18.067070739999995,109.60900000000001,0.16483200047441354,0.4110019667479875,0.6,0.0,0.0,0.8266666666666667,0.5808834130073703,9.15001794473023,1.1481481481481475,0.39054557297883247,34.612,0.7662958137048544,0.8855947438956624,0.26948895294944536,0.0,-0.05181272297266647,0.4110019667479875
MPC,2021-08-25,17.0,0.0,12.834304969999998,91.496,0.14027176018623763,0.38492565005781276,0.5294117647058824,0.0,0.0,0.8666666666666667,0.5490113086786592,6.850101686804642,0.9629629629629625,0.3679960937006399,33.28,0.8394365184892371,0.7678706505295008,0.13858135007119404,1.3077473664296323e-16,-0.09970713365418568,0.3849256500578127
MPC,2021-08-26,16.0,0.0,3.2274017199999996,31.588,0.1021717652273015,0.5100964670120042,0.4375,0.0,0.0,0.625,0.5625,3.9346811819595646,0.2777777777777778,0.3122578124627277,33.28,0.823932584269663,1.0,0.0,8.679974783289766e-17,-0.17577058014182823,0.5100964670120042
MPC,2021-08-27,20.0,0.0,12.19747328,89.504,0.136278526993207,0.3484552892874821,0.45,0.0,0.0,0.7936507936507936,0.6727902752497422,5.726522311281251,0.9259259259259256,0.3632881874485368,34.612,0.68358741485566,0.4355500335266043,0.3002285191956122,0.0,-0.09284136999742433,0.34845528928748204
MPC,2021-08-30,17.0,0.0,29.010922119999975,195.514,0.1483828376484547,0.17932638224281816,0.35294117647058826,0.0,0.0,0.859375,0.8055606332645698,5.110898432826894,2.0370370370370376,0.44399783337212284,34.612,1.0,0.18513573653760587,0.20591463929519732,0.07436937983803214,-0.0311691012810711,0.17932638224281816
MPC,2021-08-31,19.0,0.0,9.667040839999999,75.20299999999999,0.12854594683722723,0.2812001185207842,0.3157894736842105,0.0,0.0,0.8076923076923077,0.6842105263157895,3.519559755951669,0.7777777777777775,0.3282139790220147,34.612,0.884753133793809,0.7308067030397506,1.217099581637719e-16,1.9978819950065798e-17,-0.08567062049070436,0.28120011852078414
MPC,2021-09-01,21.0,0.0,12.143886219999999,115.46499999999999,0.10517374286580349,0.21340545401284824,0.3333333333333333,0.0,0.0,0.7023809523809523,0.756714726236623,3.7475774614188304,1.0925925925925928,0.3972148438151635,34.612,0.7789799884447712,0.09787083872485594,8.51659270194198e-18,0.0,0.08937452094193994,0.21340545401284822
MPC,2021-09-02,16.0,0.0,12.974748719999997,118.512,0.10948046375050625,0.19895096859665007,0.25,0.0,0.0,0.7590361445783133,0.845453724568768,3.521234597439882,1.1666666666666672,0.37379209364492755,34.612,1.0,0.4901513331731923,0.24842108185389272,0.0,-0.07851719664226833,0.19895096859665004
MPC,2021-09-03,18.0,0.0,10.50270528,92.37,0.11370255797336798,0.17739780924392198,0.16666666666666666,0.0,0.0,0.7538461538461538,0.9250784864475624,2.38306017466204,0.9074074074074073,0.3796527812482964,34.612,0.5712527688899829,0.4580236718965043,0.0,0.19556087710206047,0.017077905820430058,0.17739780924392196
MPC,2021-09-06,4.0,0.0,3.4907186,22.871,0.1526264089895501,0.32328313163890293,0.75,0.0,0.0,0.9285714285714286,0.44505558472506035,1.307094150017945,0.24074074074074073,0.20346441669971682,13.312,1.0,,0.5200115381841783,0.0,-0.06804803115644695,0.32328313163890293
MPC,2021-09-07,25.0,0.0,17.8373463,131.055,0.13610580519629162,0.19185659316264614,0.32,0.0,0.0,0.6907216494845361,0.7452946270155075,3.7220959444909685,1.2407407407407411,0.41626128116452793,34.612,1.0,0.02076713572401276,0.045627524075799925,0.12932508471414803,0.27105399352067727,0.1918565931626461
MPC,2021-09-08,28.0,0.0,21.89410085999999,160.66199999999998,0.13627429547746198,0.1747761814997253,0.32142857142857145,0.0,0.0,0.7767857142857143,0.7823370978576458,4.070702237109703,1.611111111111113,0.4424565936460567,34.612,1.0,7.848872567162649e-17,0.17864382769821968,0.0,0.06158421591630365,0.17477618149972526
MPC,2021-09-09,27.0,0.0,24.548501499999993,158.34100000000004,0.15503566037855002,0.15422457722178898,0.37037037037037035,0.0,0.0,0.7589285714285714,0.7390257028859634,3.4541213063763614,1.574074074074074,0.4420711770762864,34.612,1.0,0.07736897432046846,0.010366745699440056,4.5175090520229353e-17,0.2586515350484868,0.15422457722178895
MPC,2021-09-10,30.0,0.0,16.150359029999997,131.96399999999997,0.1223845823861053,0.35320642264787205,0.4666666666666667,0.0,0.0,0.7340425531914894,0.6726342510483857,8.621126929058502,1.2777777777777786,0.44638715614079655,34.612,0.5704754621449857,0.48055375497731273,0.3806636194731623,0.11722850399802749,-0.1898898561279645,0.35320642264787205
MPC,2021-09-13,25.0,0.0,48.62888320999996,271.88,0.17886156837575387,0.22588507291850562,0.56,0.0,0.0,0.8397790055248618,0.6697210790765336,9.490848187582246,2.8148148148148144,0.4645503542330213,34.612,0.8563870571998159,0.5218066063523974,0.2686663834469697,5.153266820615455e-17,-0.04237709953578517,0.219846019805589
OPT,2021-01-01,3.0,0.0,0.9553730199999999,7.195,0.13278290757470465,0.0,0.0,0.0,0.0,0.8,1.0,,,,6.656,0.0,,,,0.0,0.0
OPT,2021-01-04,2.0,0.0,2.63053152,9.863999999999997,0.2666800000000001,1.800848377331965e-16,0.0,0.0,0.0,0.7142857142857143,1.0,,,,6.656,0.0,2.0051437401515413e-16,,,0.0,0.0
OPT,2021-01-05,5.0,0.0,5.1167175,29.895,0.17115629703963875,5.941986417127446e-17,0.0,0.0,0.0,0.85,1.0,,,,13.312,0.0,1.4124974868004537e-16,0.0,,0.0,0.0
OPT,2021-01-06,3.0,0.0,1.4788536,11.006999999999998,0.1343557372581085,8.069214315436768e-17,0.0,0.0,0.0,0.625,1.0,,,,6.656,0.0,,0.0,1.416326614096835e-16,0.0,0.0
OPT,2021-01-07,3.0,0.0,1.12000352,9.728,0.1151319407894737,9.13012355777267e-17,0.0,0.0,0.0,0.7142857142857143,1.0,,,,6.656,0.0,,0.0,1.3960679341404044e-16,0.0,0.0
OPT,2021-01-08,2.0,0.0,1.09356964,5.518,0.1981822471910112,0.0,0.0,0.0,0.0,0.6,1.0,,,,6.656,0.0,,0.0,,0.0,0.0
OPT,2021-01-11,6.0,0.0,2.8152899199999992,22.443999999999996,0.12543619319194438,1.1871926836127143e-16,0.0,0.0,0.0,0.6875,1.0000000000000002,,,,9.372,0.0,0.0,1.8490234614346315e-16,1.4210854715202004e-16,0.0,0.0
OPT,2021-01-12,2.0,0.0,1.0329475000000001,11.166999999999998,0.09250000000000003,1.590719834691726e-16,0.0,0.0,0.0,0.75,1.0,,,,6.656,,,1.590719834691726e-16,,0.0,0.0
OPT,2021-01-13,3.0,0.0,1.47234028,5.521000000000001,0.26668,0.0,0.0,0.0,0.0,0.4,1.0,,,,6.656,0.0,0.0,,,0.0,0.0
OPT,2021-01-14,5.0,0.0,3.877292039999999,19.502999999999997,0.19880490386094446,9.108121003949395e-17,0.0,0.0,0.0,0.7142857142857143,1.0,,,,6.656,0.0,1.4304693504592128e-16,0.0,,0.0,0.0
OPT,2021-01-15,3.0,0.0,1.6028379,9.504,0.16864876893939393,9.345311655093911e-17,0.0,0.0,0.0,0.625,1.0,,,,6.656,0.0,0.0,,1.660456944662788e-16,0.0,0.0
OPT,2021-01-18,3.0,0.0,2.2557718199999997,15.303,0.14740716330131343,0.0,0.0,0.0,0.0,0.9,1.0,,,,6.656,0.0,,,,0.0,0.0
OPT,2021-01-19,3.0,0.0,1.27381528,9.73,0.13091626721479957,9.12824686228289e-17,0.0,0.0,0.0,0.5714285714285714,1.0,,,,6.656,0.0,0.0,1.414972789071412e-16,,0.0,0.0
OPT,2021-01-20,3.0,0.0,1.64066102,8.059999999999999,0.2035559578163772,0.0,0.0,0.0,0.0,0.5,1.0,,,,6.656,0.0,0.0,,,0.0,0.0
OPT,2021-01-21,4.0,0.0,3.29854646,20.977999999999998,0.15723836686052056,4.233856514920989e-17,0.0,0.0,0.0,0.8571428571428571,1.0,,,,8.848,0.0,1.1391284079775878e-16,,0.0,0.0,0.0
OPT,2021-01-22,3.0,0.0,1.2617659999999997,5.731999999999999,0.22012665736217724,0.0,0.0,0.0,0.0,0.75,1.0,,,,6.656,0.0,,,,0.0,0.0
OPT,2021-01-25,3.0,0.0,2.15531712,17.822999999999997,0.12092897492004714,1.4949981816194667e-16,0.0,0.0,0.0,0.75,1.0,,,,13.312,0.0,,,1.7866000128070106e-16,0.0,0.0
OPT,2021-01-26,1.0,0.0,0.5432271599999999,2.037,0.26668,0.0,0.0,0.0,0.0,0.5,1.0,,,,6.656,,0.0,,,0.0,0.0
OPT,2021-01-27,3.0,0.0,2.60866006,23.368,0.11163386083533038,7.601663982370123e-17,0.0,0.0,0.0,0.8125,1.0000000000000002,,,,6.656,0.0,,0.0,1.9896469975361226e-16,0.0,0.0
OPT,2021-01-28,5.0,0.0,2.09103826,14.731,0.14194815423257076,6.029315183627217e-17,0.0,0.0,0.0,0.6363636363636364,1.0,,,,10.431999999999999,0.0,0.0,0.0,1.4842553805149152e-16,0.0,0.0
OPT,2021-01-29,3.0,0.0,2.25916596,18.168,0.12434863276089828,0.0,0.0,0.0,0.0,1.0,1.0,,,,13.312,0.0,,,0.0,0.0,0.0
OPT,2021-02-01,4.0,0.0,1.96766,21.272,0.0925,4.1753404461269524e-17,0.0,0.0,0.0,0.7333333333333333,1.0,,,,13.312,0.0,,8.469327926958379e-17,0.0,0.0,0.0
OPT,2021-02-02,2.0,0.0,1.1134225,12.036999999999997,0.09250000000000001,1.475747145800657e-16,0.0,0.0,0.0,0.875,1.0,,,,6.656,,,1.475747145800657e-16,,0.0,0.0
OPT,2021-02-03,5.0,0.0,5.11533606,34.791,0.14703044063119772,1.2764485351098346e-16,0.0,0.0,0.0,0.9090909090909091,1.0000000000000002,,,,13.312,0.0,1.3899505785604465e-16,1.486553277877945e-16,,0.0,0.0
OPT,2021-02-04,1.0,0.0,0.21395250000000002,2.313,0.0925,0.0,0.0,0.0,0.0,0.5,1.0,,,,6.656,,,0.0,,0.0,0.0
OPT,2021-02-05,5.0,0.0,1.8266850399999999,16.447,0.11106493828661762,0.0,0.0,0.0,0.0,0.6923076923076923,1.0,,,,6.656,0.0,0.0,,0.0,0.0,0.0
OPT,2021-02-08,5.0,0.0,2.52621818,23.212999999999997,0.1088277335975531,3.826211259639535e-17,0.0,0.0,0.0,0.8125,1.0,,,,12.431999999999999,0.0,0.0,,1.4477235854932767e-16,0.0,0.0
OPT,2021-02-09,5.0,0.0,4.00076446,28.851999999999993,0.13866506516012758,1.231357853459206e-16,0.0,0.0,0.0,0.8421052631578947,1.0000000000000002,,,,13.312,0.0,,1.5614951119903749e-16,1.8072610025437485e-16,0.0,0.0
OPT,2021-02-10,6.0,0.0,5.597955740000001,25.931,0.2158788993868343,0.0,0.0,0.0,0.0,0.7894736842105263,1.0,,,,13.312,0.0,0.0,0.0,,0.0,0.0
OPT,2021-02-11,4.0,0.0,2.1237075,22.958999999999996,0.09250000000000001,1.5474165594322493e-16,0.0,0.0,0.0,0.8666666666666667,1.0,,,,19.968,0.0,,,1.7870793152920026e-16,0.0,0.0
OPT,2021-02-12,4.0,0.0,1.6638830999999998,13.431000000000001,0.12388378378378376,6.612898665029597e-17,0.0,0.0,0.0,0.6363636363636364,1.0,,,,6.656,0.0,0.0,,1.1591991904204194e-16,0.0,0.0
OPT,2021-02-15,5.0,0.0,3.98530622,31.967,0.12466938467794914,8.335268430257377e-17,0.0,0.0,0.0,0.8571428571428571,1.0000000000000002,,,,11.788,1.1358506550292542e-16,,0.0,1.4154237764145422e-16,0.0,0.0
OPT,2021-02-16,7.0,0.0,3.93585474,38.232,0.10294660860012556,2.3231283210402942e-17,0.0,0.0,0.0,0.8076923076923077,1.0,,,,13.312,0.0,0.0,0.0,3.168783829962272e-17,0.0,0.0
OPT,2021-02-17,4.0,0.0,3.2693628199999996,25.177999999999997,0.12984998093573755,1.0582791560490807e-16,0.0,0.0,0.0,0.8235294117647058,1.0000000000000002,,,,13.312,0.0,1.645079495647574e-16,1.0114199393043616e-16,,0.0,0.0
OPT,2021-02-18,3.0,0.0,1.0323441,9.992999999999999,0.10330672470729511,0.0,0.0,0.0,0.0,0.625,1.0,,,,6.656,,0.0,0.0,,0.0,0.0
OPT,2021-02-19,7.0,0.0,4.665276939999999,42.184,0.1105935174473734,7.369202704699504e-17,0.0,0.0,0.0,0.7586206896551724,1.0,,,,13.312,1.1986213491229762e-16,1.1285621597206166e-16,1.0995709312288767e-16,0.0,0.0,0.0
OPT,2021-02-22,5.0,0.0,3.01990378,17.637999999999998,0.17121577162943646,5.035595984239285e-17,0.0,0.0,0.0,0.6428571428571429,1.0,,,,6.656,0.0,0.0,1.4176830322428176e-16,,0.0,0.0
OPT,2021-02-23,4.0,0.0,5.490728279999999,32.769,0.16755861576489972,1.0841690862707135e-16,0.0,0.0,0.0,0.8571428571428571,1.0,,,,6.656,0.0,1.2579539971675169e-16,1.7199427182419157e-16,,0.0,0.0
OPT,2021-02-24,3.0,0.0,3.1979106699999997,12.469000000000001,0.25646889646322873,0.0,0.0,0.0,0.0,0.7,1.0,,,,13.312,0.0,0.0,,,0.0,0.0
OPT,2021-02-25,2.0,0.0,1.1590250000000002,12.529999999999998,0.09250000000000003,1.4176830322428176e-16,0.0,0.0,0.0,0.875,1.0,,,,6.656,,,,1.4176830322428176e-16,0.0,0.0
OPT,2021-02-26,6.0,0.0,2.541793693249707,21.59439127837521,0.11770619789570448,1.028251280911949e-16,0.0,0.0,0.0,0.75,1.0000000000000002,,,,19.968,0.0,1.1870869014970933e-16,1.2678852461044577e-16,,0.0,0.0
OPT,2021-03-01,6.0,0.0,5.0959588799999995,38.06699999999999,0.13386815036645916,9.332791338430925e-17,0.0,0.0,0.0,0.7692307692307693,1.0000000000000002,,,,13.312,0.0,1.4127221563545812e-16,,5.450619329242867e-17,0.0,0.0
OPT,2021-03-02,5.0,0.0,13.682521699999988,86.36299999999999,0.15843036601322313,1.0284246954136904e-17,0.0,0.0,0.0,0.9090909090909091,1.0,,,,13.312,0.0,1.4240474903000245e-16,0.0,0.0,0.0,0.0
OPT,2021-03-03,4.0,0.0,2.09237178,19.662,0.10641703692401588,1.3551700025940266e-16,0.0,0.0,0.0,0.7692307692307693,1.0,,,,13.312,0.0,0.0,1.423362852083534e-16,1.8639631053517845e-16,0.0,0.0
OPT,2021-03-04,5.0,0.0,4.00525252,24.819999999999997,0.16137197904915393,1.0735436176875003e-16,0.0,0.0,0.0,0.8235294117647058,1.0,,,,6.656,0.0,1.8176167393842735e-16,1.038562230706414e-16,,0.0,0.0
OPT,2021-03-05,4.0,0.0,2.14025424,16.89,0.126717243339254,5.258605208408083e-17,0.0,0.0,0.0,0.75,1.0,,,,13.312,0.0,,0.0,1.4463091022636788e-16,0.0,0.0
OPT,2021-03-08,5.0,0.0,2.74766406,18.186,0.1510867733421313,0.0,0.0,0.0,0.0,0.6428571428571429,1.0,,,,6.656,0.0,0.0,,0.0,0.0,0.0
OPT,2021-03-09,5.0,0.0,3.09818108,28.162999999999997,0.11000891524340448,9.46112011895173e-17,0.0,0.0,0.0,0.75,1.0,,,,19.968,,1.5363750556999226e-16,1.0812982952278125e-16,0.0,0.0,0.0
OPT,2021-03-10,2.0,0.0,3.6801839999999997,13.8,0.26668,0.0,0.0,0.0,0.0,0.8,1.0,,,,13.312,0.0,0.0,,,0.0,0.0
OPT,2021-03-11,5.0,0.0,8.533777939999997,63.008,0.13543959401980696,2.81925603002833e-17,0.0,0.0,0.0,0.9,1.0,,,,26.624,0.0,0.0,0.0,1.873991812849721e-16,0.0,0.0
OPT,2021-03-12,4.0,0.0,2.6823927799999994,16.955,0.15820659274550278,5.238445412563405e-17,0.0,0.0,0.0,0.8333333333333334,1.0,,,,13.312,,1.3886466849595454e-16,0.0,0.0,0.0,0.0
OPT,2021-03-15,5.0,0.0,3.4613699799999993,21.534999999999997,0.16073229533317854,1.2373045085211868e-16,0.0,0.0,0.0,0.7333333333333333,1.0000000000000002,,,,13.312,0.0,1.4496138725316228e-16,1.5138544736664825e-16,1.5951480238867193e-16,0.0,0.0
OPT,2021-03-16,5.0,0.0,3.4328608,17.698,0.19396885523787996,5.018524238332722e-17,0.0,0.0,0.0,0.7692307692307693,1.0,,,,12.524000000000001,0.0,0.0,8.781673123394553e-17,,0.0,0.0
OPT,2021-03-17,4.0,0.0,2.95233016,15.418,0.19148593591905563,5.76065909780857e-17,0.0,0.0,0.0,0.7272727272727273,1.0,,,,6.656,0.0,1.277035829906722e-16,,,0.0,0.0
OPT,2021-03-18,8.0,0.0,6.645818780000001,51.848,0.128178884045672,1.7130427783137735e-17,0.0,0.0,0.0,0.8529411764705882,1.0,,,,19.968,0.0,1.3330007799791764e-16,0.0,0.0,0.0,0.0
OPT,2021-03-19,9.0,0.0,5.0443912200000005,38.709,0.13031572037510655,2.294501071327405e-17,0.0,0.0,0.0,0.8076923076923077,1.0,,,,16.988,0.0,3.9402795781026807e-17,0.0,0.0,0.0,0.0
OPT,2021-03-22,6.0,0.0,5.0102123800000005,34.645,0.14461574195410593,1.0254621673547411e-16,0.0,0.0,0.0,0.7916666666666666,1.0000000000000002,,,,19.968,0.0,0.0,1.2871218313167527e-16,,0.0,0.0
OPT,2021-03-23,5.0,0.0,5.139567480000001,27.437999999999995,0.18731567461185225,9.71111327028346e-17,0.0,0.0,0.0,0.7368421052631579,1.0,,,,19.968,1.0212468893872891e-16,0.0,1.1576127985664713e-16,,0.0,0.0
OPT,2021-03-24,7.0,0.0,8.36310248,51.695,0.16177778276429056,6.872451259890706e-17,0.0,0.0,0.0,0.8484848484848485,0.9999999999999999,,,,13.312,0.0,1.0680356177250184e-16,6.84372337571371e-17,1.4385785871398204e-16,0.0,0.0
OPT,2021-03-25,5.0,0.0,4.70649426,36.038999999999994,0.13059447431948726,1.232246205083556e-16,0.0,0.0,0.0,0.8333333333333334,0.9999999999999999,,,,13.312,0.0,1.7270775596968987e-16,2.0087717283730074e-16,,0.0,0.0
OPT,2021-03-26,7.0,0.0,14.703830459999992,76.86599999999999,0.19129173444695957,4.621957274738507e-17,0.0,0.0,0.0,0.8979591836734694,1.0,,,,19.968,9.358605128287499e-17,1.49550163276667e-16,0.0,1.640218688273546e-16,0.0,0.0
OPT,2021-03-29,7.0,0.0,13.053831819999994,79.411,0.1643831688305146,2.2369153384295004e-17,0.0,0.0,0.0,0.8823529411764706,1.0,,,,19.968,0.0,3.8780003479898936e-17,0.0,6.039975652500002e-17,0.0,0.0
OPT,2021-03-30,4.0,0.0,2.7118982799999998,14.215,0.19077722687302145,6.248177416110624e-17,0.0,0.0,0.0,0.7272727272727273,1.0,,,,12.375999999999998,0.0,1.3830246336034339e-16,0.0,0.0,0.0,0.0
OPT,2021-03-31,6.0,0.0,4.17338188,26.727999999999998,0.15614269230769232,0.0,0.0,0.0,0.0,0.8888888888888888,1.0,,,,6.656,0.0,,0.0,0.0,0.0,0.0
OPT,2021-04-01,5.0,0.0,3.7034600799999997,23.785,0.15570570023123817,1.1202586752576733e-16,0.0,0.0,0.0,0.8125,1.0,,,,6.656,0.0,1.3927840986359186e-16,,1.1722032726674478e-16,0.0,0.0
OPT,2021-04-02,4.0,0.0,3.12105608,16.406,0.19023869803730342,5.4137414342321425e-17,0.0,0.0,0.0,0.75,1.0,,,,11.235999999999997,0.0,1.447251783770776e-16,,0.0,0.0,0.0
OPT,2021-04-05,5.0,0.0,3.20042218,18.874,0.16956777471654128,0.0,0.0,0.0,0.0,0.8461538461538461,1.0,,,,13.312,0.0,0.0,,,0.0,0.0
OPT,2021-04-06,9.0,0.0,3.405277059999999,31.933,0.10663818181818178,5.562762156390725e-17,0.0,0.0,0.0,0.6666666666666666,1.0,,,,16.72,0.0,,1.0259655997460151e-16,1.62105935334938e-16,0.0,0.0
OPT,2021-04-07,9.0,0.0,5.39730268,33.25599999999999,0.16229560620639888,1.0682925423383753e-16,0.0,0.0,0.0,0.7391304347826086,1.0,,,,13.312,0.0,1.2761184191093755e-16,1.4140716760072046e-16,1.2700964102675893e-16,0.0,0.0
OPT,2021-04-08,5.0,0.0,3.28390618,19.447,0.1688644099346943,9.134348945339899e-17,0.0,0.0,0.0,0.6428571428571429,1.0,,,,13.312,0.0,8.69569629626126e-17,1.5053871520341105e-16,,0.0,0.0
OPT,2021-04-09,5.0,0.0,8.862703719999994,58.803999999999995,0.15071600095231608,7.552023839365735e-18,0.0,0.0,0.0,0.9459459459459459,1.0,,,,26.624,0.0,1.207092171378262e-16,0.0,,0.0,0.0
OPT,2021-04-12,5.0,0.0,3.4883574600000005,29.244,0.1192845527287649,9.111391256669319e-17,0.0,0.0,0.0,0.8,1.0,,,,6.656,0.0,1.0649621339330039e-16,,1.1401520150194162e-16,0.0,0.0
OPT,2021-04-13,6.0,0.0,4.9317188399999985,30.648,0.1609148668754894,5.795995952102097e-17,0.0,0.0,0.0,0.8,1.0,,,,13.312,0.0,1.447959601728277e-16,0.0,1.4498505055503185e-16,0.0,0.0
OPT,2021-04-14,4.0,0.0,4.41050862,30.105,0.14650418933731937,2.950268791563279e-17,0.0,0.0,0.0,0.8095238095238095,1.0,,,,6.656,0.0,1.5279174603477125e-16,0.0,0.0,0.0,0.0
OPT,2021-04-15,6.0,0.0,7.1072384,44.10799999999999,0.16113263807019138,1.409551314478298e-16,0.0,0.0,0.0,0.8275862068965517,0.9999999999999998,,,,19.968,0.0,1.321759640408937e-16,,1.882631380849187e-16,0.0,0.0
OPT,2021-04-16,6.0,0.0,4.8141351000000006,33.318,0.14449051863857376,5.3315230187893946e-17,0.0,0.0,0.0,0.782608695652174,1.0,,,,13.312,1.0634320159244794e-16,4.589357824110604e-17,0.0,0.0,0.0,0.0
OPT,2021-04-19,7.0,0.0,3.9676882999999994,20.42,0.19430403036238977,2.174775758325478e-17,0.0,0.0,0.0,0.6666666666666666,1.0,,,,13.312,0.0,3.1738794300318945e-17,0.0,,0.0,0.0
OPT,2021-04-20,6.0,0.0,3.0356600399999993,20.808,0.14588908304498266,0.0,0.0,0.0,0.0,0.7857142857142857,1.0,,,,13.312,0.0,0.0,0.0,0.0,0.0,0.0
OPT,2021-04-21,7.0,0.0,5.58977622,32.129999999999995,0.17397373856209153,5.528654962341272e-17,0.0,0.0,0.0,0.782608695652174,1.0,,,,13.312,0.0,1.3943146306124415e-16,4.489377374141353e-17,,0.0,0.0
OPT,2021-04-22,7.0,0.0,4.961066657916667,31.136629166666662,0.15933216891787824,8.557558510389093e-17,0.0,0.0,0.0,0.7727272727272727,1.0000000000000002,,,,13.312,0.0,8.198065531660746e-17,1.8074448915346465e-16,,0.0,0.0
OPT,2021-04-23,7.0,0.0,12.402592719999996,76.501,0.16212327577417282,3.483007096770468e-17,0.0,0.0,0.0,0.8979591836734694,1.0,,,,23.024,0.0,1.2461289648546126e-16,0.0,1.1970059564691714e-16,0.0,0.0
OPT,2021-04-26,4.0,0.0,3.5995257599999997,24.213,0.14866087473671166,1.4672752978980303e-16,0.0,0.0,0.0,0.8125,1.0,,,,13.312,0.0,1.5708850719846574e-16,,,0.0,0.0
OPT,2021-04-27,5.0,0.0,8.611532889999996,56.611000000000004,0.15211766070198363,4.706744730000133e-17,0.0,0.0,0.0,0.8918918918918919,1.0000000000000002,,,,13.312,0.0,0.0,4.1013988118497613e-17,1.400691404668231e-16,0.0,0.0
OPT,2021-04-28,8.0,0.0,6.9708208,60.28,0.11564069011280691,4.4202641989057326e-17,0.0,0.0,0.0,0.8717948717948718,1.0000000000000002,,,,13.312,0.0,1.9901819926954496e-17,1.1487046297208035e-16,1.417230604276568e-16,0.0,0.0
OPT,2021-04-29,7.0,0.0,7.696234359999999,54.105999999999995,0.14224363952241895,8.207762722250076e-17,0.0,0.0,0.0,0.8857142857142857,1.0,,,,19.968,0.0,7.99152798002632e-17,0.0,1.7921275619453697e-16,0.0,0.0
OPT,2021-04-30,8.0,0.0,9.316492239999999,66.50800000000001,0.14008077584651465,6.677229955043943e-17,0.0,0.0,0.0,0.9047619047619048,1.0000000000000002,,,,19.968,0.0,1.3699586159721209e-16,0.0,1.4040126773634607e-16,0.0,0.0
OPT,2021-05-03,6.0,0.0,2.9272796999999997,17.919,0.1633617780010045,9.913258772254313e-17,0.0,0.0,0.0,0.6923076923076923,1.0,,,,10.1,0.0,1.2092286176992854e-16,0.0,1.6311816707073006e-16,0.0,0.0
OPT,2021-05-04,11.0,0.0,14.903066419999998,83.73500000000001,0.17797893855615926,5.303507611513257e-17,0.0,0.0,0.0,0.8545454545454545,1.0000000000000002,,,,26.624,0.0,6.046143088496428e-17,6.659756455592735e-17,,0.0,0.0
OPT,2021-05-05,8.0,0.0,6.001815599999999,47.571,0.126165428517374,5.601175630321784e-17,0.0,0.0,0.0,0.8064516129032258,1.0,,,,24.479999999999997,0.0,1.0963812118258552e-16,0.0,3.9812560836439345e-17,0.0,0.0
OPT,2021-05-06,6.0,0.0,3.995855619999999,38.521,0.10373187663871651,9.222797120532958e-17,0.0,0.0,0.0,0.84,1.0000000000000002,,,,22.255999999999997,0.0,1.4404450530329633e-16,1.4678208886136592e-16,1.4397445610311643e-16,0.0,0.0
OPT,2021-05-07,6.0,0.0,7.129142259999998,71.692,0.099441252301512,3.716642385622351e-17,0.0,0.0,0.0,0.9130434782608695,1.0,,,,33.28,0.0,1.4022393743292157e-16,4.2017097698518124e-17,0.0,0.0,0.0
OPT,2021-05-10,5.0,0.0,10.293259619999994,70.494,0.14601610945612384,5.039739096661419e-17,0.0,0.0,0.0,0.9318181818181818,1.0000000000000002,,,,19.968,0.0,1.3641198275228464e-16,1.4675783537675567e-16,0.0,0.0,0.0
OPT,2021-05-11,8.0,0.0,3.6851440799999997,35.45099999999999,0.10395035626639589,7.516107469748035e-17,0.0,0.0,0.0,0.7307692307692307,1.0,,,,13.312,0.0,0.0,0.0,1.56231911996504e-16,0.0,0.0
OPT,2021-05-12,11.0,0.0,10.46090898,76.86900000000001,0.13608748624282868,6.932665337393162e-17,0.0,0.0,0.0,0.84,1.0,,,,26.624,0.0,1.3407815926636016e-16,4.9642479372893564e-17,8.756565313024995e-17,0.0,0.0
OPT,2021-05-13,5.0,0.0,3.26725846,25.770999999999994,0.12678042994063096,1.3785703615694003e-16,0.0,0.0,0.0,0.8235294117647058,1.0000000000000002,,,,6.656,0.0,0.0,1.6283406722891656e-16,1.8144605101126154e-16,0.0,0.0
OPT,2021-05-14,10.0,0.0,12.062279059999998,81.22399999999999,0.14850634122919334,7.654448116198262e-17,0.0,0.0,0.0,0.8679245283018868,1.0,,,,19.968,0.0,6.397750814205665e-17,0.0,1.488920698545954e-16,0.0,0.0
OPT,2021-05-17,3.0,0.0,4.51511908,30.960999999999995,0.14583246923548981,1.4343503434968595e-16,0.0,0.0,0.0,0.9,1.0,,,,6.656,,1.3830246336034339e-16,2.0317475001718523e-16,1.1245611796658967e-16,0.0,0.0
OPT,2021-05-18,6.0,0.0,9.412247659999993,62.894000000000005,0.14965255286672802,2.82436613890077e-17,0.0,0.0,0.0,0.9,1.0,,,,13.312,1.1503411730347433e-16,,0.0,0.0,0.0,0.0
OPT,2021-05-19,11.0,0.0,11.37427294,81.241,0.14000655998818332,5.466318851935139e-17,0.0,0.0,0.0,0.8518518518518519,1.0,,,,15.204,5.174055806245631e-17,5.093204230295756e-17,0.0,1.1272730291916807e-16,0.0,0.0
OPT,2021-05-20,8.0,0.0,5.08571079,46.131,0.11024497171099695,1.155203771477044e-16,0.0,0.0,0.0,0.8064516129032258,1.0000000000000002,,,,16.996,9.277952780738798e-17,1.200971428165946e-16,1.8079967831045808e-16,0.0,0.0,0.0
OPT,2021-05-21,7.0,0.0,4.96960693,42.748000000000005,0.1162535540844016,1.0388537705859048e-16,0.0,0.0,0.0,0.8928571428571429,1.0000000000000002,,,,19.968,0.0,1.4035689312580993e-16,1.3879956551025553e-16,1.1418131895356427e-16,0.0,0.0
OPT,2021-05-24,12.0,0.0,8.27675511,71.682,0.11546490206746463,6.195268126587743e-17,0.0,0.0,0.0,0.7755102040816326,1.0,,,,26.624,0.0,1.2919585236134484e-16,1.5739472261210797e-16,2.5137362230779307e-17,0.0,0.0
OPT,2021-05-25,11.0,0.0,23.856778439999992,140.91300000000004,0.16930147282365704,3.151513415015382e-17,0.0,0.0,0.0,0.9,1.0,,,,33.28,0.0,0.0,1.582641517640993e-17,4.8062903200850954e-17,0.0,0.0
OPT,2021-05-26,5.0,0.0,3.7394725600000003,26.884,0.13909658384169024,4.9556153457453793e-17,0.0,0.0,0.0,0.8333333333333334,1.0,,,,18.708,0.0,,5.731169360535955e-17,,0.0,0.0
OPT,2021-05-27,5.0,0.0,5.41466096,37.68799999999999,0.14367068987476125,2.356661058427418e-17,0.0,0.0,0.0,0.84,1.0,,,,13.312,0.0,,2.562324148804562e-17,,0.0,0.0
OPT,2021-05-28,6.0,0.0,4.638100059999999,44.131,0.10509845822664339,2.0125952724844785e-17,0.0,0.0,0.0,0.896551724137931,1.0,,,,20.788,0.0,0.0,4.203598938426453e-17,,0.0,0.0
OPT,2021-05-31,2.0,0.0,1.2965195,6.9079999999999995,0.18768377243775336,6.428622030255684e-17,0.0,0.0,0.0,0.8,1.0000000000000002,,,,6.656,6.428622030255684e-17,,,,0.0,0.0
OPT,2021-06-01,9.0,0.0,7.14026208,50.019,0.14275099622143586,7.102728320839083e-17,0.0,0.0,0.0,0.7714285714285715,1.0,,,,13.312,4.75852354513863e-17,1.4217679201218588e-16,7.075145733860082e-17,,0.0,0.0
OPT,2021-06-02,11.0,0.0,10.585157839999997,76.091,0.1391118245258966,4.66903270925668e-17,0.0,0.0,0.0,0.88,1.0,,,,26.624,9.133409632373132e-17,4.5601397530426925e-17,1.40113333286027e-16,0.0,0.0,0.0
OPT,2021-06-03,6.0,0.0,10.106687239999994,64.694,0.15622294555909347,2.7457829774016917e-17,0.0,0.0,0.0,0.9024390243902439,1.0,,,,13.312,0.0,1.3954099288297332e-16,,2.0298901147300312e-17,0.0,0.0
OPT,2021-06-04,6.0,0.0,7.22390902,34.009,0.21241168573024788,7.834794492929448e-17,0.0,0.0,0.0,0.75,1.0,,,,13.312,0.0,1.0229720348218127e-16,,0.0,0.0,0.0
OPT,2021-06-07,8.0,0.0,5.3478430800000005,37.137,0.14400309879634868,4.7832534652778915e-17,0.0,0.0,0.0,0.8076923076923077,1.0,,,,26.624,0.0,1.0950969973492698e-16,0.0,0.0,0.0,0.0
OPT,2021-06-08,5.0,0.0,2.39236618,21.25,0.11258193788235293,4.179663151530001e-17,0.0,0.0,0.0,0.7333333333333333,1.0,,,,6.656,0.0,6.009732862170142e-17,0.0,,0.0,0.0
OPT,2021-06-09,10.0,0.0,9.499225480000002,56.25699999999999,0.16885410668894543,4.7363621577765884e-17,0.0,0.0,0.0,0.8157894736842105,1.0,,,,19.968,0.0,1.2583104338033934e-16,1.3899505785604465e-16,0.0,0.0,0.0
OPT,2021-06-10,6.0,0.0,7.492280099999998,50.502,0.14835610668884394,1.758699496455834e-17,0.0,0.0,0.0,0.8787878787878788,1.0,,,,13.312,0.0,1.6000331826700148e-16,0.0,,0.0,0.0
OPT,2021-06-11,11.0,0.0,12.651703479999997,81.25599999999999,0.15570177562272322,7.651433663853595e-17,0.0,0.0,0.0,0.8490566037735849,1.0000000000000002,,,,19.968,0.0,7.56991749510036e-17,8.474176316192397e-17,1.5099939131250004e-16,0.0,0.0
OPT,2021-06-14,10.0,0.0,12.140528819999998,86.013,0.1411476035017962,3.6141332925841884e-17,0.0,0.0,0.0,0.8596491228070176,1.0,,,,26.624,2.897241713531202e-17,1.2662937264045127e-16,0.0,8.78818997378049e-17,0.0,0.0
OPT,2021-06-15,9.0,0.0,4.31717151,45.23099999999999,0.0954471824633548,1.374554826977267e-16,0.0,0.0,0.0,0.7419354838709677,1.0000000000000002,,,,19.968,1.7466635588989683e-16,,1.0447314235136449e-16,0.0,0.0,0.0
OPT,2021-06-16,10.0,0.0,6.053180000000002,48.803000000000004,0.12403294879413154,1.0919555187592466e-16,0.0,0.0,0.0,0.7575757575757576,1.0,,,,13.312,9.864812791693512e-17,1.4080190546926527e-16,1.3448079638127417e-16,7.874620265095534e-17,0.0,0.0
OPT,2021-06-17,11.0,0.0,9.446188590000002,68.382,0.13813852461173995,3.896544791173665e-17,0.0,0.0,0.0,0.8222222222222222,1.0,,,,13.312,0.0,6.872850109882575e-17,7.047916360102564e-17,1.4179093545659726e-16,0.0,0.0
OPT,2021-06-18,8.0,0.0,14.345892919999994,96.023,0.14940059069181336,2.774892743509759e-17,0.0,0.0,0.0,0.9016393442622951,1.0,,,,33.28,0.0,9.599853217684017e-17,0.0,,0.0,0.0
OPT,2021-06-21,8.0,0.0,8.767477119999999,42.843999999999994,0.20463722154794137,1.0365260242975973e-16,0.0,0.0,0.0,0.8275862068965517,1.0000000000000002,,,,13.312,4.684485335971124e-17,1.668253981405194e-16,0.0,1.5954345602660773e-16,0.0,0.0
OPT,2021-06-22,12.0,0.0,11.90488268,68.609,0.1735177991225641,7.767305336327234e-17,0.0,0.0,0.0,0.8085106382978723,1.0,,,,19.968,0.0,1.150192203703866e-16,8.868038736958967e-17,,0.0,0.0
OPT,2021-06-23,14.0,0.0,20.010107879999996,119.64899999999999,0.16724007622295212,4.453919813956449e-17,0.0,0.0,0.0,0.8461538461538461,1.0,,,,30.375999999999998,1.5697745134325295e-16,4.811106763989628e-17,2.2267644935006207e-17,8.794716503615459e-17,0.0,0.0
OPT,2021-06-24,11.0,0.0,8.49667406,65.74399999999999,0.12923877555366273,9.456754894592475e-17,0.0,0.0,0.0,0.8181818181818182,1.0,,,,30.227999999999998,0.0,9.289597528502512e-17,7.865206284703345e-17,1.4113191430502923e-16,0.0,0.0
OPT,2021-06-25,9.0,0.0,4.21885713,36.357,0.11603974832907006,2.4429364900847848e-17,0.0,0.0,0.0,0.7307692307692307,1.0,,,,13.312,0.0,0.0,3.985186071252861e-17,,0.0,0.0
OPT,2021-06-28,11.0,0.0,21.07287223999999,129.251,0.16303836906484276,2.7486933786202828e-17,0.0,0.0,0.0,0.9146341463414634,1.0,,,,26.624,5.846740963071063e-17,0.0,2.9393335529672876e-17,1.806525820604343e-17,0.0,0.0
OPT,2021-06-29,15.0,0.0,10.447258999999999,87.53,0.11935632354621271,5.580922321890424e-17,0.0,0.0,0.0,0.8275862068965517,1.0,,,,19.968,1.574951980175418e-17,8.482755383749668e-17,0.0,0.0,0.0,0.0
OPT,2021-06-30,12.0,0.0,12.316222969999998,89.36600000000001,0.13781777152384572,1.9877322912519866e-17,0.0,0.0,0.0,0.8793103448275862,1.0,,,,26.624,4.9967843583692e-17,3.613272119523718e-17,0.0,0.0,0.0,0.0
OPT,2021-07-01,13.0,0.0,14.557338639999998,91.192,0.15963394420563207,6.817756971994119e-17,0.0,0.0,0.0,0.847457627118644,1.0000000000000002,,,,31.803999999999995,5.3334439422333834e-17,1.544926804140068e-16,1.9625650072921274e-17,1.4127221563545812e-16,0.0,0.0
OPT,2021-07-02,10.0,0.0,3.9831153499999994,34.037,0.11702310279989422,9.133074210272463e-17,0.0,0.0,0.0,0.68,1.0,,,,19.968,0.0,1.2518370961242075e-16,1.204407707339072e-16,,0.0,0.0
OPT,2021-07-05,1.0,0.0,0.9235200000000001,9.984,0.09250000000000001,0.0,0.0,0.0,0.0,1.0,1.0,,,,6.656,0.0,,,,0.0,0.0
OPT,2021-07-06,14.0,0.0,10.13448044,68.01799999999999,0.14899703666676473,2.6115981643098158e-17,0.0,0.0,0.0,0.72,1.0,,,,27.019999999999996,0.0,5.3509559279460506e-17,0.0,0.0,0.0,0.0
OPT,2021-07-07,14.0,0.0,13.374663119999997,104.136,0.12843457709149572,3.4116095094880745e-17,0.0,0.0,0.0,0.8382352941176471,1.0,,,,33.036,0.0,1.2383395729424992e-16,0.0,1.5656238669136705e-16,0.0,0.0
OPT,2021-07-08,12.0,0.0,13.19992765,88.897,0.14848563674814672,2.997328660247675e-17,0.0,0.0,0.0,0.8333333333333334,1.0,,,,26.624,0.0,6.107117256704965e-17,0.0,0.0,0.0,0.0
OPT,2021-07-09,10.0,0.0,6.5700212,48.749,0.13477243020369647,9.109709119162703e-17,0.0,0.0,0.0,0.7647058823529411,1.0,,,,18.075999999999997,0.0,0.0,1.2012150658643835e-16,1.605818874887227e-16,0.0,0.0
OPT,2021-07-12,13.0,0.0,21.167905059999992,139.17999999999998,0.15209013550797526,8.934112570629223e-17,0.0,0.0,0.0,0.9101123595505618,1.0,,,,23.72,0.0,7.210996344078309e-17,1.0895666567574631e-16,1.0877874093081755e-16,0.0,0.0
OPT,2021-07-13,15.0,0.0,19.48740849999999,137.61700000000002,0.14160611334355486,0.0,0.0,0.0,0.0,0.8666666666666667,1.0,,,,32.144,0.0,0.0,0.0,0.0,0.0,0.0
OPT,2021-07-14,15.0,0.0,10.976283680000002,81.70999999999998,0.13433219532492968,5.434943211969927e-17,0.0,0.0,0.0,0.8148148148148148,1.0,,,,26.624,0.0,7.556821494896132e-17,0.0,9.539022872947323e-17,0.0,0.0
OPT,2021-07-15,18.0,0.0,26.304081899999986,134.56799999999998,0.19547055689316917,5.610187093106135e-17,0.0,0.0,0.0,0.8539325842696629,1.0,,,,33.28,2.2396510570646427e-17,5.925139557705972e-17,7.190896296438672e-17,0.0,0.0,0.0
OPT,2021-07-16,14.0,0.0,14.977832299999996,119.255,0.12559500482160074,4.468634873339274e-17,0.0,0.0,0.0,0.8354430379746836,1.0,,,,34.612,4.91575392793959e-17,0.0,1.4070598984524267e-17,1.528706402237737e-16,0.0,0.0
OPT,2021-07-19,16.0,0.0,22.115798879999993,146.892,0.15055822563516047,3.627883423331939e-17,0.0,0.0,0.0,0.875,1.0,,,,26.624,0.0,6.566938408134012e-17,1.05396750884078e-16,2.3470084816217672e-17,0.0,0.0
OPT,2021-07-20,21.0,0.0,21.656490359999992,150.048,0.1443304166666666,1.7757885870523937e-17,0.0,0.0,0.0,0.8571428571428571,1.0,,,,33.28,0.0,8.988750325879215e-17,0.0,0.0,0.0,0.0
OPT,2021-07-21,12.0,0.0,7.61706776,60.154999999999994,0.12662401728867095,5.905932472447013e-17,0.0,0.0,0.0,0.7560975609756098,1.0,,,,15.684000000000001,3.4866075987286063e-17,8.793265326052326e-17,0.0,,0.0,0.0
OPT,2021-07-22,17.0,0.0,23.10779405999999,167.682,0.13780724263785016,4.237441918393747e-17,0.0,0.0,0.0,0.8888888888888888,1.0,,,,34.5,3.515310772184458e-17,1.1444544754534518e-16,0.0,0.0,0.0,0.0
OPT,2021-07-23,13.0,0.0,7.895712900000001,62.56799999999999,0.12619410721135407,8.517246065402045e-17,0.0,0.0,0.0,0.7674418604651163,1.0,,,,13.312,6.019100160613481e-17,1.1051462589978848e-16,0.0,,0.0,0.0
OPT,2021-07-26,14.0,0.0,7.960235489999999,53.97299999999999,0.14748551108887778,7.405189425547151e-17,0.0,0.0,0.0,0.7368421052631579,1.0,,,,13.312,0.0,1.137268695797081e-16,5.2031541868782967e-17,,0.0,0.0
OPT,2021-07-27,15.0,0.0,18.72270069999999,127.867,0.14642324211876395,2.0838334043188433e-17,0.0,0.0,0.0,0.8795180722891566,1.0,,,,33.28,0.0,4.6134345506966826e-17,6.404055228928728e-17,0.0,0.0,0.0
OPT,2021-07-28,12.0,0.0,18.33991987999999,112.84400000000001,0.16252454609903927,1.5741703939954722e-17,0.0,0.0,0.0,0.8783783783783784,1.0,,,,26.624,8.252145495680807e-17,9.939328779097194e-17,0.0,0.0,0.0,0.0
OPT,2021-07-29,13.0,0.0,8.763874940000001,79.622,0.11006851046193264,7.808456127578907e-17,0.0,0.0,0.0,0.8301886792452831,1.0,,,,19.968,8.260203856778657e-17,1.060638189276481e-16,9.508386893267586e-17,3.754876214171494e-17,0.0,0.0
OPT,2021-07-30,16.0,0.0,10.60677794,81.18199999999999,0.1306543068660541,5.470291565249225e-17,0.0,0.0,0.0,0.7543859649122807,1.0,,,,31.375999999999998,0.0,1.6335817908775522e-16,3.575957401912935e-17,1.3838865997197339e-16,0.0,0.0
OPT,2021-08-02,14.0,0.0,25.73393091999999,166.27,0.15477194274373002,3.205070378421093e-17,0.0,0.0,0.0,0.9423076923076923,1.0,,,,33.28,1.0993667776954144e-16,1.6603017472663337e-16,1.864276100289923e-17,9.678203568666848e-18,0.0,0.0
OPT,2021-08-03,19.0,0.0,18.734235709999993,149.36900000000003,0.1254225154483192,5.351582843361826e-17,0.0,0.0,0.0,0.8571428571428571,1.0,,,,26.624,4.6278575432478386e-17,7.945630062980849e-17,0.0,1.344299106553845e-16,0.0,0.0
OPT,2021-08-04,19.0,0.0,20.563522889411104,135.06648361111112,0.15224741430759706,2.6303443932320164e-17,0.0,0.0,0.0,0.8426966292134831,1.0,,,,23.323999999999998,4.975164628476673e-17,1.125487448140563e-16,0.0,,0.0,0.0
OPT,2021-08-05,12.0,0.0,12.736215820000002,97.441,0.1307069490255642,6.380526613951905e-17,0.0,0.0,0.0,0.859375,1.0,,,,26.624,0.0,1.1976515907498992e-16,1.9399742692705267e-17,1.593716884443074e-16,0.0,0.0
OPT,2021-08-06,12.0,0.0,15.768358359999997,90.18699999999998,0.17484070165323162,3.9392747056676696e-17,0.0,0.0,0.0,0.864406779661017,1.0,,,,26.624,0.0,1.3308037454302147e-16,1.7939011930684598e-17,0.0,0.0,0.0
OPT,2021-08-09,11.0,0.0,21.77699411999999,134.15400000000002,0.16232832505926015,1.9861765277966933e-17,0.0,0.0,0.0,0.9285714285714286,1.0,,,,33.28,0.0,2.7759045496315955e-17,1.1160403851326606e-17,1.1688096061325506e-16,0.0,0.0
OPT,2021-08-10,19.0,0.0,14.340102970000002,111.20500000000001,0.12895196232183806,3.194742753293917e-17,0.0,0.0,0.0,0.8378378378378378,1.0,,,,26.624,3.288818853958843e-17,0.0,6.979608285573071e-17,0.0,0.0,0.0
OPT,2021-08-11,18.0,0.0,17.167052472705553,137.6336188888889,0.1247300812933245,6.775868775477057e-17,0.0,0.0,0.0,0.8260869565217391,1.0000000000000002,,,,33.28,2.813485198152697e-17,1.4113602584327598e-16,0.0,3.4317778281369545e-17,0.0,0.0
OPT,2021-08-12,22.0,0.0,15.536244680000001,137.132,0.11329408657352041,6.476813724733287e-17,0.0,0.0,0.0,0.8351648351648352,1.0,,,,26.735999999999997,3.3659696809039494e-17,9.187260612362298e-17,6.500451961698892e-17,1.1086985640995197e-16,0.0,0.0
OPT,2021-08-13,16.0,0.0,10.119760999999997,87.893,0.11513728055704091,3.031567086230275e-17,0.0,0.0,0.0,0.7704918032786885,1.0,,,,24.507999999999996,0.0,3.783346480235667e-17,5.401230963878164e-17,0.0,0.0,0.0
OPT,2021-08-16,16.0,0.0,17.406744399999994,126.889,0.1371808777750632,2.799859466778445e-17,0.0,0.0,0.0,0.8571428571428571,1.0,,,,33.28,0.0,5.4635279408244415e-17,2.301129398795583e-17,0.0,0.0,0.0
OPT,2021-08-17,20.0,0.0,19.29526251999999,134.572,0.14338244597687477,4.62001674783824e-17,0.0,0.0,0.0,0.8333333333333334,1.0,,,,33.28,7.131099315135491e-17,0.0,4.400771729566082e-17,3.2218900123340415e-17,0.0,0.0
OPT,2021-08-18,20.0,0.0,19.232164959999995,142.01500000000001,0.1354234761116783,2.501646782945816e-17,0.0,0.0,0.0,0.8105263157894737,1.0,,,,34.612,0.0,0.0,3.159353149351865e-17,3.558407130208835e-17,0.0,0.0
OPT,2021-08-19,17.0,0.0,19.673657910017873,127.87477329749065,0.15385096999741027,1.389137821005317e-17,0.0,0.0,0.0,0.8470588235294118,1.0,,,,26.624,0.0,0.0,4.575698278929184e-17,1.0169089198659569e-17,0.0,0.0
OPT,2021-08-20,13.0,0.0,9.572044770000002,75.672,0.12649387844909613,8.216049447485035e-17,0.0,0.0,0.0,0.803921568627451,1.0,,,,26.624,0.0,9.7155748288097e-17,0.0,7.962869102565225e-17,0.0,0.0
OPT,2021-08-23,14.0,0.0,25.78234206144443,146.63971944444444,0.1758209996522277,1.8170624365589126e-17,0.0,0.0,0.0,0.8723404255319149,1.0,,,,33.28,0.0,0.0,2.125286352803535e-17,2.8041688468281845e-17,0.0,0.0
OPT,2021-08-24,20.0,0.0,32.35040907999999,186.09400000000002,0.17383907638075374,2.3863703819041054e-17,0.0,0.0,0.0,0.8688524590163934,1.0,,,,33.28,2.9674197978688494e-17,8.709623963326171e-17,0.0,3.241645387423356e-17,0.0,0.0
OPT,2021-08-25,17.0,0.0,23.17719792999999,148.756,0.1558068106832665,4.1794945668752026e-17,0.0,0.0,0.0,0.875,1.0,,,,28.78,0.0,5.598704108044159e-17,2.580938656031515e-17,1.3077473664296323e-16,0.0,0.0
OPT,2021-08-26,16.0,0.0,7.9927152800000005,64.478,0.12396034740531656,4.132471942523614e-17,0.0,0.0,0.0,0.723404255319149,1.0,,,,26.624,0.0,8.155159486733314e-17,0.0,8.679974783289766e-17,0.0,0.0
OPT,2021-08-27,20.0,0.0,20.636802859999996,137.37199999999999,0.15022568543808051,5.172398565647295e-17,0.0,0.0,0.0,0.8461538461538461,1.0,,,,28.403999999999996,4.8014835101098775e-17,1.0509743458763758e-16,2.0296581803019315e-17,0.0,0.0,0.0
OPT,2021-08-30,17.0,0.0,36.48741359999998,238.236,0.15315659094343417,1.1184435849747208e-17,0.0,0.0,0.0,0.8717948717948718,1.0,,,,34.612,8.230733200816655e-17,1.9763649748556415e-16,0.0,0.0,0.0,0.0
OPT,2021-08-31,19.0,0.0,14.708990979999996,104.62299999999999,0.14059041491832577,6.366992102836794e-17,0.0,0.0,0.0,0.8169014084507042,1.0,,,,33.28,0.0,1.4422226872241574e-16,4.0569986054590626e-17,1.9978819950065798e-17,0.0,0.0
OPT,2021-09-01,21.0,0.0,14.171947839999998,146.791,0.09654507319931058,1.5126581665431213e-17,0.0,0.0,0.0,0.8367346938775511,1.0,,,,34.612,0.0,5.2239643553706935e-17,2.554977810582594e-17,0.0,0.0,0.0
OPT,2021-09-02,16.0,0.0,17.57731845999999,147.946,0.11880901450529241,2.4013583867090026e-17,0.0,0.0,0.0,0.8163265306122449,1.0,,,,34.612,0.0,1.0667528461447576e-16,1.2328448561277644e-17,2.954636215964888e-17,0.0,0.0
OPT,2021-09-03,18.0,0.0,12.553276559999997,112.28999999999999,0.11179336147475286,3.163873611898211e-17,0.0,0.0,0.0,0.7692307692307693,1.0,,,,34.612,0.0,0.0,4.707077321003367e-17,3.1745033497154073e-17,0.0,0.0
OPT,2021-09-06,4.0,0.0,5.53495772,33.797,0.16377068142142798,0.0,0.0,0.0,0.0,0.8181818181818182,1.0,,,,13.312,0.0,,0.0,0.0,0.0,0.0
OPT,2021-09-07,25.0,0.0,17.36512086,162.168,0.10708105705194614,3.286141851783799e-17,0.0,0.0,0.0,0.7606837606837606,1.0,,,,34.612,4.464554235951168e-17,3.359730744818146e-17,0.0,5.522295642740232e-17,0.0,0.0
OPT,2021-09-08,28.0,0.0,24.991993959999995,194.689,0.12836880337358555,4.105833291711975e-17,0.0,0.0,0.0,0.7835820895522388,1.0,,,,34.612,0.0,7.848872567162649e-17,2.8923591591703246e-17,7.173914326370082e-17,0.0,0.0
OPT,2021-09-09,27.0,0.0,23.060271499999992,187.214,0.1231759991239971,1.660465813961797e-17,0.0,0.0,0.0,0.7984496124031008,1.0,,,,34.612,0.0,0.0,1.120136230262984e-17,4.5175090520229353e-17,0.0,0.0
OPT,2021-09-10,30.0,0.0,30.822823,204.02799999999993,0.15107153429921388,2.611930969377121e-17,0.0,0.0,0.0,0.8129496402877698,1.0,,,,34.612,2.3421809016115744e-17,0.0,4.049553383411224e-17,1.5643002918386086e-17,0.0,0.0
OPT,2021-09-13,25.0,0.0,65.20241053,349.0930000000001,0.18677661978326687,0.006039053112916644,0.0,0.0,0.0,0.8242677824267782,0.9999077352869294,,,,34.612,0.0,0.0,0.014771532241776093,1.9324750577307957e-17,0.0,0.0
PPOLag,2021-01-01,3.0,0.0,1.2601787177035193,7.070480745126559,0.17820731587455446,0.01730635925968605,0.06666666666666667,0.0,0.0,0.42222222222222217,0.9994953405050577,0.014896429581701304,0.07037037037037037,0.14603368126699937,6.598312420654297,0.01730635925968605,,,,0.3420952977271845,0.01730635925968605
PPOLag,2021-01-04,2.0,0.0,2.5170190889047213,9.43834966590941,0.26668,0.04315189923870541,0.1,0.0,0.0,0.075,0.9967894461913105,0.05092120278628907,0.02222222222222222,0.1441728270947351,5.067708130598069,0.006130413426232896,0.04735176302034385,,,-4.163128185935039e-16,0.04315189923870523
PPOLag,2021-01-05,5.0,0.0,4.59936018770225,26.405447959960497,0.17404098867502066,0.11672694564440567,0.48,0.0,0.0,0.3254545454545455,0.8553089487085724,0.41746046654154434,0.25555555555555554,0.1440183167081462,12.068604510498046,0.557666839659214,0.05597970685057683,0.00013615503430330857,,0.016854136746799517,0.11672694564440561
PPOLag,2021-01-06,3.0,0.0,1.8286001665257685,10.952319743705527,0.16695659707679836,0.0049677710815367645,0.06666666666666667,0.0,0.0,0.10553170966964069,0.9997655490298436,0.006541482957215497,0.1,0.14539444164256562,6.6300409443458665,0.02041236593270186,,0.00018051859464245012,4.9766228844105e-05,0.24264583324834796,0.004967771081536684
PPOLag,2021-01-07,3.0,0.0,1.457249224484603,9.615905321643316,0.15149659188384362,0.011522890456073423,0.06666666666666667,0.0,0.0,0.0856859410430839,0.9915326853274685,0.013410058411029924,0.08888888888888888,0.14472638962009418,6.579687603759766,0.08583481654093289,,0.0013033155035095203,0.00013516206547721775,0.315851976827743,0.011522890456073331
PPOLag,2021-01-08,2.0,0.0,1.4588210182044845,5.471371294543704,0.2666277960429303,0.008450290948948214,0.0,0.0,0.0,0.1,0.9999253678862677,0.005578263602858792,0.04814814814814815,0.15170815831879736,6.589132043457032,0.013372122596116809,,0.0008566078361738115,,0.34536670071134157,0.008450290948948214
PPOLag,2021-01-11,6.0,0.0,3.0255727871549043,22.38580199820955,0.13515537618023893,0.0025930316249529843,0.03333333333333333,0.0,0.0,0.16411402312780893,0.99982354636713,0.0069623162295480824,0.20370370370370366,0.15034930626522205,6.649640092587464,0.010839947518047375,0.005936234794344279,0.00011104307359337724,0.00011270645427910609,0.07748308315943635,0.0025930316249528655
PPOLag,2021-01-12,2.0,0.0,1.9693746729811406,11.159596403045688,0.1764774845924367,0.0006629888917625054,0.0,0.0,0.0,0.038030560271646856,0.9999998805774564,0.0008857036649345705,0.025925925925925925,0.1470974812643059,5.506291675470476,,,0.0006629888917625054,,0.9078646982966124,0.0006629888917623464
PPOLag,2021-01-13,3.0,0.0,1.42958658293595,5.360681651927216,0.26668,0.029037918506209737,0.26666666666666666,0.0,0.0,0.16363636363636364,0.9961240498583335,0.019179130048185673,0.03333333333333333,0.1444546021048154,6.146329461669922,0.044561856827176435,0.005815173522448984,,,0.0,0.029037918506209737
PPOLag,2021-01-14,5.0,0.0,3.8555191406436244,18.052928713563155,0.21340857981994232,0.0743511914288492,0.2,0.0,0.0,0.16566949728553113,0.9776793025415801,0.17347425362476837,0.15555555555555553,0.14556788125143308,9.90470407442664,0.28310844898223886,0.002925019914716862,0.0002250414794820511,,0.07345732260816117,0.0743511914288491
PPOLag,2021-01-15,3.0,0.0,2.197349264859838,9.30032224331598,0.236246504302947,0.02143074039183711,0.13333333333333333,0.0,0.0,0.12355263157894736,0.9947452956937527,0.02436628262647094,0.08518518518518518,0.1458599813001153,6.605935485253961,0.09992622602099019,0.0009561727771878481,,8.938897271084372e-05,0.4008196193109786,0.021430740391837018
PPOLag,2021-01-18,3.0,0.0,2.1298852394766796,14.63544945774432,0.1455288632071559,0.04362220102304641,0.2,0.0,0.0,0.5176470588235295,0.9991923520897718,0.07986009597507826,0.16296296296296295,0.14377717085759895,6.517427093505859,0.04362220102304641,,,,-0.012742257920791143,0.04362220102304641
PPOLag,2021-01-19,3.0,0.0,1.2730394198954256,9.725121091542082,0.1309021615921409,0.0005014294406902532,0.0,0.0,0.0,0.1325396825396825,0.9999994438748818,0.0005836713070598166,0.07777777777777777,0.14563541665969143,6.626254983796775,0.0012941010709402137,0.0009717840752801185,0.00017557268323182594,,-0.0001077453777040362,0.000501429440690162
PPOLag,2021-01-20,3.0,0.0,1.6289180780709986,8.013606920965593,0.20326290309008535,0.005755965140745403,0.06666666666666667,0.0,0.0,0.14720496894409937,0.9999086155595135,0.005550075229247644,0.05555555555555556,0.14370781458031465,6.6359085483495095,0.005808160978287704,0.005654621397780058,,,-0.001439676487171181,0.005755965140745403
PPOLag,2021-01-21,4.0,0.0,3.1953285375550577,20.126138854712043,0.15876983787924445,0.04060735748345688,0.25,0.0,0.0,0.15598829382499269,0.9951217689160297,0.10190945628571442,0.17407407407407408,0.14407907916999346,12.665701477050783,0.14070694843928028,0.019153875359973763,,1.3346256851373192e-05,0.009739804917220951,0.04060735748345684
PPOLag,2021-01-22,3.0,0.0,1.0799206927191882,4.977264389895127,0.21634046807274393,0.1316705530538859,0.39999999999999997,0.0,0.0,0.39999999999999997,0.9723719118360397,0.09029017945984852,0.04444444444444444,0.14285937292394618,6.175176080513,0.1316705530538859,,,,-0.017200048984543657,0.1316705530538859
PPOLag,2021-01-25,3.0,0.0,2.1472917845365407,17.7902401054428,0.12069980371511393,0.0018380684821410254,0.0,0.0,0.0,0.1752357473035439,0.9999304890823296,0.003919116448700181,0.16296296296296295,0.1447860271279448,13.024150213623045,0.011013672292667953,,,4.835200870513758e-05,-0.0018950892876147122,0.001838068482140876
PPOLag,2021-01-26,1.0,0.0,0.541488497275847,2.030480340767388,0.26668,0.0032006181799763473,0.0,0.0,0.0,0.05714285714285714,1.0,0.0007799568408436112,0.014814814814814814,0.1451009541597159,5.268227650625954,,0.0032006181799763473,,,0.0,0.0032006181799763473
PPOLag,2021-01-27,3.0,0.0,2.593270542729622,23.237414735599753,0.11158961377792762,0.005588208849719588,0.06666666666666667,0.0,0.0,0.2006123770829653,0.9984968767032436,0.015622115552467475,0.23703703703703702,0.14269548746597138,7.069966816265054,0.03785978871338868,,0.0028092311567667594,5.061071761521407e-06,-0.0003963587487852687,0.005588208849719512
PPOLag,2021-01-28,5.0,0.0,2.4224771708719084,14.665202853356252,0.16518558855750526,0.0044665770581597125,0.0,0.0,0.0,0.09810941746425617,0.9998597262167115,0.007871413619387235,0.1259259259259259,0.14568385419503707,6.649119061279298,0.025535166263580315,0.005060684175580992,0.00033791922325049063,0.00019427558359353075,0.1637036737149946,0.004466577058159652
PPOLag,2021-01-29,3.0,0.0,2.0230879203249286,16.52771577685661,0.12200848613204343,0.09028424830159572,0.4666666666666667,0.0,0.0,0.2325,0.9778058361088859,0.1962297192340154,0.15925925925925927,0.141871093728696,6.5785676391601555,0.1642649114305916,,,0.0001524953466358465,-0.018819238916398518,0.09028424830159572
PPOLag,2021-02-01,4.0,0.0,2.7290645815055585,21.264854912693895,0.12833681655337253,0.00033589165598461374,0.0,0.0,0.0,0.14038637927080944,0.9999996901273583,0.0008547776938424625,0.19999999999999998,0.14030329581752693,11.30254897312054,0.0006239487879380293,,0.0005290880444665778,2.8502535719010134e-05,0.3874250438202436,0.000335891655984572
PPOLag,2021-02-02,2.0,0.0,1.4860017334141076,12.033712714197923,0.12348652658215468,0.00027309843001377247,0.0,0.0,0.0,0.17846153846153848,0.9999985509952752,0.00039326303817393247,0.1222222222222222,0.14141067710321903,6.6476320434570315,,,0.00027309843001377247,,0.33498947656383427,0.0002730984300136249
PPOLag,2021-02-03,5.0,0.0,5.018231825684092,34.37927070639746,0.14595052919990553,0.011834362151203828,0.16,0.0,0.0,0.26665710872162485,0.9800156350078637,0.04925580728770952,0.33333333333333326,0.13802482714406022,12.304539514160156,0.08106109120218401,0.0019504139744786907,0.0014364247756551002,,-0.007344815309375084,0.0118343621512037
PPOLag,2021-02-04,1.0,0.0,0.616209248314432,2.311212850489631,0.26661720351132695,0.0007726543494892931,0.0,0.0,0.0,0.04,1.0,0.00021379943897222872,0.014814814814814814,0.13976232921777412,5.087158826432694,,,0.0007726543494892931,,1.8823481460683995,0.0007726543494892931
PPOLag,2021-02-05,5.0,0.0,1.8081458710211855,16.335530676470576,0.11068499300967258,0.00677748668629091,0.08,0.0,0.0,0.15277573978967962,0.9997239630698805,0.01333524622157398,0.15185185185185185,0.13965468964064104,6.616741889013132,0.019328548853098492,0.009184949586196475,,1.0461584902418176e-05,-0.003420929078126747,0.00677748668629091
PPOLag,2021-02-08,5.0,0.0,2.506238209858827,23.058592754161026,0.1086902417962742,0.006651757456553364,0.04,0.0,0.0,0.295491759702286,0.9997939669519804,0.018471975778257804,0.2333333333333333,0.14020581872197607,10.79737213684064,0.014094465900157265,0.005083996858730735,,0.0008114113424186114,-0.0012633893653187804,0.006651757456553326
PPOLag,2021-02-09,5.0,0.0,4.036335650378945,27.332267539529937,0.14748642531758557,0.052673383490574835,0.12000000000000002,0.0,0.0,0.1931144701621792,0.985738912782981,0.18180792681091487,0.24074074074074076,0.14180564373115584,6.648863568115234,0.19828426773943664,,0.0002872231844838285,1.8843638203768623e-05,0.06361631278412674,0.05267338349057471
PPOLag,2021-02-10,6.0,0.0,5.803915367157882,25.17396848731763,0.23052550624554785,0.029194073220561022,0.16666666666666666,0.0,0.0,0.19678571428571429,0.9832190494612796,0.09056484178608767,0.21481481481481485,0.13865138747254,10.137260654274474,0.15279823688951594,0.0025573815412687486,0.0026830823073629773,,0.06784640323956921,0.029194073220561022
PPOLag,2021-02-11,4.0,0.0,2.12732321377659,22.93911191843808,0.09273786937176562,0.0008662433713104576,0.0,0.0,0.0,0.18489666136724958,0.9999782863512667,0.0023792416849361666,0.2333333333333333,0.14088532910439727,13.067891030564713,0.0052592595840263755,,,0.00018585620234907348,0.0025715607758443897,0.0008662433713103029
PPOLag,2021-02-12,4.0,0.0,1.8494103583249548,13.025079963509928,0.1418834987384368,0.03022262203038279,0.25,0.0,0.0,0.1288639145432291,0.9792433782168881,0.04856083695922174,0.1222222222222222,0.13931015416043618,6.921046381292216,0.11513769385245379,0.0018934774843865736,,8.877623192835531e-05,0.14529516620244848,0.030222622030382725
PPOLag,2021-02-15,5.0,0.0,6.494217930221501,30.743568702237592,0.21121406444804713,0.03827169574130847,0.28,0.0,0.0,0.2205045045045045,0.9750736677966936,0.14636096393355236,0.28148148148148144,0.13952925625441517,11.72595815336985,0.07776087150368607,,3.899610768251013e-05,0.0011054980790006484,0.6941935262908663,0.038271695741308384
PPOLag,2021-02-16,7.0,0.0,4.515506468318621,38.19472619218895,0.11822625829598939,0.000974937429667533,0.0,0.0,0.0,0.16575858250276854,0.9999786797484569,0.00445912277845774,0.3444444444444444,0.1420410583402069,13.146566289246664,0.010755223417676561,0.001403907053285423,0.0007550611336175432,0.00036394242925917163,0.14842305058551677,0.0009749374296675098
PPOLag,2021-02-17,4.0,0.0,5.454688822970215,24.878368054772622,0.21924504349846466,0.011900545922129437,0.05,0.0,0.0,0.20292265124233536,0.9986595068137143,0.035845429463591275,0.20370370370370366,0.1388056395323171,7.571169725504589,0.012049802155932068,0.05029872909516862,7.781957894517589e-05,,0.6884487923565312,0.011900545922129331
PPOLag,2021-02-18,3.0,0.0,1.3182780033427073,9.95513352591882,0.13242234387848745,0.0037892999180607415,0.0,0.0,0.0,0.11777777777777776,0.9999682572614648,0.004530024413170877,0.08888888888888888,0.14101684170479226,13.244769512939452,,0.009418054199491358,0.0008684050834651893,,0.28183663022603117,0.0037892999180607415
PPOLag,2021-02-19,7.0,0.0,5.495921208059626,41.713435962862256,0.13175887380911705,0.011155035964767367,0.11428571428571428,0.0,0.0,0.17295263105026765,0.9830236780282201,0.05629429793101156,0.385185185185185,0.14683298128754058,12.438180692947801,0.0603092039795252,0.0035437560126169152,0.0004376753997849588,0.0001809799548005547,0.19137971962791858,0.011155035964767294
PPOLag,2021-02-22,5.0,0.0,3.7670286717558055,17.36833515221802,0.21688672034143694,0.015288856320556665,0.12000000000000002,0.0,0.0,0.20026301582247816,0.9958224423677888,0.03226041960988251,0.17037037037037037,0.14669262088015483,6.649929895019531,0.04109773678997174,0.009202586239522692,0.000470003915890721,,0.26674498661750884,0.015288856320556614
PPOLag,2021-02-23,4.0,0.0,5.264457243519547,31.71624631713828,0.16589800357791148,0.032126512339763824,0.15,0.0,0.0,0.287719298245614,0.9930405750912688,0.12594253891547352,0.26666666666666666,0.14773185830563307,12.544279461669921,0.03637838602066042,0.053117284009620756,1.5824622357827148e-06,,-0.009910634433255459,0.03212651233976371
PPOLag,2021-02-24,3.0,0.0,3.1660862091460102,12.343169282681192,0.2565020772699662,0.010091484266485474,0.06666666666666667,0.0,0.0,0.12207792207792205,0.9995353050388995,0.015053321845944236,0.059259259259259255,0.14081163123288815,9.85220623168945,0.01360386610031128,0.009912371740401136,,,0.00012937555857668473,0.010091484266485474
PPOLag,2021-02-25,2.0,0.0,2.6081946611233446,12.52843162797191,0.2081821380741083,0.00012516935579321754,0.0,0.0,0.0,0.13795289855072462,0.999999800170308,0.00018762669864199203,0.12962962962962962,0.14063341877772473,6.650571166992188,,,,0.00012516935579321754,1.2506177089092783,0.00012516935579307578
PPOLag,2021-02-26,6.0,0.0,2.5138434498447046,21.383367643931063,0.11755364684485362,0.009772150171950898,0.16666666666666666,0.0,0.0,0.14752916224814422,0.9941654830595497,0.025245081233554633,0.2148148148148148,0.1436311667021073,13.189091204833986,0.05251006014462732,0.001126075837716899,0.0003579360133351835,,-0.0012960324399063194,0.009772150171950796
PPOLag,2021-03-01,6.0,0.0,5.341588656741857,37.89277001692904,0.14097658914756456,0.004576929704756381,0.03333333333333333,0.0,0.0,0.1787123572170301,0.9991140984284579,0.020843400239084563,0.31111111111111106,0.14277690828142414,12.646624468994142,0.03840600070085612,0.0027987712014111315,,0.0005917454066249599,0.05310029877641774,0.004576929704756288
PPOLag,2021-03-02,5.0,0.0,15.447868614993903,84.36394303594156,0.18294190496377616,0.02314714593122561,0.2,0.0,0.0,0.39038439472174413,0.9716077006694356,0.23915025290576092,0.6740740740740737,0.13988385211026372,16.481321646118168,0.2778186876613692,0.09536540768762415,7.305947698096223e-05,0.003927224392483214,0.15471490451841288,0.0231471459312256
PPOLag,2021-03-03,4.0,0.0,2.4339362339895234,19.418338812575165,0.1253000228459134,0.012392492494396785,0.15,0.0,0.0,0.16904423136405816,0.9844435689938887,0.029149561812214793,0.17407407407407405,0.14241970414635338,8.671667469201587,0.14784063664228025,0.004501724010089598,0.0001134250094294063,2.594688075024657e-05,0.17744325972335043,0.01239249249439665
PPOLag,2021-03-04,5.0,0.0,4.6760852476515105,24.759087864382103,0.18886335426932396,0.0024541553431868643,0.0,0.0,0.0,0.1774122807017544,0.9999136323377419,0.007287012243448292,0.17037037037037037,0.1417142354209015,11.50806615889373,0.005753760407122987,0.0006654167131123657,0.001992322759165928,,0.17036027804924023,0.0024541553431867568
PPOLag,2021-03-05,4.0,0.0,2.514288154834708,16.635506127532288,0.1511182331200973,0.015067724835270097,0.25,0.0,0.0,0.12990990990990992,0.9923566087088916,0.030445492547495994,0.16296296296296292,0.1399875020676215,12.95164609375,0.14062813983248904,,0.0007664435645818751,0.0006082379520388077,0.19256250481645754,0.015067724835270045
PPOLag,2021-03-08,5.0,0.0,2.7410464636197958,18.134611570612677,0.15115019223721754,0.002825713702151288,0.0,0.0,0.0,0.0884640522875817,0.9999779441012219,0.006147676629417249,0.12962962962962962,0.14244452916803615,11.20013105054888,0.005913698764156469,0.003242944667020271,,0.0013291713856390555,0.000419751469194638,0.002825713702151288
PPOLag,2021-03-09,5.0,0.0,3.0983457279918896,28.145980014697226,0.11008132783868481,0.0006043385045191469,0.0,0.0,0.0,0.1795454545454545,0.9999990907532961,0.0020361269370339327,0.26666666666666666,0.14061154788578278,13.091247794730375,,0.0010790431182097306,0.00032437560322306645,0.00022411679565488983,0.000658242971672919,0.0006043385045190522
PPOLag,2021-03-10,2.0,0.0,3.570021438502617,13.38691104883237,0.26668000000000003,0.029933981968668734,0.2,0.0,0.0,0.2,0.9514808327336626,0.04941846526709262,0.06296296296296297,0.14047925418102142,5.906369464040545,0.1958483583937718,0.0003883622638057538,,,2.0815640929675204e-16,0.029933981968668734
PPOLag,2021-03-11,5.0,0.0,8.687264931406771,62.82745834207886,0.1382695670902793,0.0028653767445582907,0.0,0.0,0.0,0.3336363636363636,0.9999551947591316,0.021598475615187435,0.6074074074074071,0.14218837086446,21.865440344942368,0.009918089707692519,0.007226354446253363,0.001229525896629681,5.540094439258469e-06,0.020894724994955868,0.0028653767445582625
PPOLag,2021-03-12,4.0,0.0,3.158688158111923,16.902129516068833,0.18688196394000944,0.0031182827443921287,0.0,0.0,0.0,0.07970219435736677,0.9999849582513649,0.006324977102374977,0.14074074074074075,0.13906536666278652,7.27249212307521,,0.007621523426370902,0.00023423872518146932,0.0004343956336988914,0.18125269432124724,0.003118282744392076
PPOLag,2021-03-15,5.0,0.0,4.444028212822024,21.367636486216973,0.20797812332790308,0.007771697877084855,0.04,0.0,0.0,0.1430546616129109,0.9991638171771531,0.020021953998174212,0.1814814814814815,0.14238376876771022,11.014486813970755,0.036093968246173634,0.002687056013574016,0.0012375824659244402,4.2688473101263964e-05,0.2939411018600193,0.007771697877084731
PPOLag,2021-03-16,5.0,0.0,3.5735285224194193,17.647403532807438,0.20250307939553883,0.002858880505851673,0.0,0.0,0.0,0.12489826119126897,0.9999789123501147,0.00605293296836793,0.14444444444444443,0.141441147934529,7.331366806764535,0.00784424645006455,0.005928178739885946,0.00017865733405387084,,0.04399790959838704,0.0028588805058516226
PPOLag,2021-03-17,4.0,0.0,2.928034202959033,15.317271484751217,0.19115770353814907,0.006533176498169907,0.1,0.0,0.0,0.21333333333333332,0.9995492727786728,0.012050306867783193,0.11481481481481481,0.139517706247716,6.648483978271484,0.01053865281300866,0.0016592230758147157,,,-0.0017141330998080055,0.00653317649816985
PPOLag,2021-03-18,8.0,0.0,6.499038404750022,50.869263793788136,0.12774160297607168,0.018877029127678226,0.075,0.0,0.0,0.22787332787332787,0.9912531090523095,0.11708771451862285,0.4962962962962961,0.14249609581990325,19.495624898519857,0.057089842460218906,0.007389951202948589,4.89023706400073e-05,5.541501488995923e-05,-0.0034114906901865348,0.01887702912767821
PPOLag,2021-03-19,9.0,0.0,5.009258492488455,38.32553547331995,0.13070323384554355,0.009906340300189964,0.08888888888888888,0.0,0.0,0.19026841804683037,0.9990881978519208,0.04587444984765286,0.32222222222222213,0.14094348959285222,17.17034666242599,0.03546876593848393,0.002616543810293315,0.00012091845040662615,0.0013363667767567517,0.0029736509864010646,0.009906340300189942
PPOLag,2021-03-22,6.0,0.0,6.369256784327949,34.2721916911157,0.1858172105765852,0.010760811340288867,0.06666666666666667,0.0,0.0,0.19416459862365137,0.9917873503051894,0.04459963014070191,0.3185185185185184,0.14149279371243512,13.04197852581066,0.05455245516724546,0.00304291925533474,0.0011375911703570725,,0.28490306840561413,0.010760811340288765
PPOLag,2021-03-23,5.0,0.0,6.687035406189186,26.936410866321076,0.24822453334605643,0.01828081980023775,0.08,0.0,0.0,0.1908788449466416,0.9983441967455802,0.060005877898070034,0.2074074074074074,0.14479782921625883,10.527006284157938,0.05693337265606947,0.0015959044219475047,6.646466420029368e-05,,0.32516690800391895,0.018280819800237654
PPOLag,2021-03-24,7.0,0.0,9.868757305471453,50.18353515491252,0.19664725372606043,0.029238124481816164,0.1714285714285714,0.0,0.0,0.2401664031949413,0.9732535861676584,0.18081885930964434,0.4629629629629627,0.14944904581473867,13.253567528143218,0.10554442770473627,0.03770159430447146,4.288299441463162e-05,0.001547788888548379,0.21553930562007098,0.029238124481816095
PPOLag,2021-03-25,5.0,0.0,4.978976768508298,33.87106435519469,0.1469949802581724,0.060155266372688074,0.36,0.0,0.0,0.26344564825412753,0.979794390015272,0.25935346866197456,0.2666666666666666,0.14739114791761193,12.153847741699217,0.18215054029459243,0.0015686813031194472,2.1086901958056428e-05,,0.1255834599752117,0.06015526637268795
PPOLag,2021-03-26,7.0,0.0,14.527779837202525,72.92234205397821,0.19918939366267524,0.05130562206985907,0.2571428571428571,0.0,0.0,0.3888211382113821,0.9666066138939102,0.47178585309269555,0.6703703703703698,0.1480971333573204,18.76097673950195,0.13679087983865001,0.22293020155183968,0.00032940816118266666,0.0014626219095114246,0.041285940757181505,0.05130562206985902
PPOLag,2021-03-29,7.0,0.0,13.527288204702625,74.33587735169377,0.18185253422299674,0.06390956729302302,0.34285714285714286,0.0,0.0,0.30513293284958065,0.9667350261945098,0.6071447120501616,0.6518518518518513,0.14692577915411675,11.17489343192727,0.25918990435968564,0.06463508031662787,0.0700448331952763,7.47865572819768e-05,0.10627222675390652,0.063909567293023
PPOLag,2021-03-30,4.0,0.0,3.0737665331543824,13.824402866009024,0.22226042220171674,0.027477814561447406,0.15,0.0,0.0,0.06831663406650433,0.9801981379875431,0.04672773459984382,0.08888888888888888,0.1516407125260836,8.75866937370348,0.16408660146299708,0.011107728272664878,4.290263679724569e-05,4.301206150662347e-06,0.16502596166601186,0.027477814561447343
PPOLag,2021-03-31,6.0,0.0,3.952827641930442,24.211038565423472,0.16287201167457582,0.09416946402935229,0.3,0.0,0.0,0.20043341604631926,0.9810096325393577,0.30110795958356684,0.22592592592592592,0.19312604166164724,13.230778167724608,0.1271459928851541,,3.352439031282944e-05,0.00014043505935782733,0.04309724180765896,0.09416946402935229
PPOLag,2021-04-01,5.0,0.0,4.036152520449953,23.68047746128492,0.1704404412606711,0.004394472933154534,0.0,0.0,0.0,0.15863112119493286,0.99991995877596,0.012504191664967917,0.19629629629629627,0.14916969997405732,8.383622967559832,0.007757298996989903,0.013484700582707069,,6.900166028391008e-05,0.09463199489517979,0.004394472933154422
PPOLag,2021-04-02,4.0,0.0,2.823010869180235,14.900500752553409,0.1889803386108993,0.09176516198016511,0.3,0.0,0.0,0.125,0.9608698481378404,0.1801051857004267,0.09629629629629628,0.15003767290788045,8.3292518510123,0.1302472302870519,0.07247330175970906,,5.992395098345624e-05,-0.006614634348251124,0.09176516198016506
PPOLag,2021-04-05,5.0,0.0,3.138656346180799,18.621244171625882,0.16854064878282818,0.013391746761371027,0.12000000000000002,0.0,0.0,0.30729411764705883,0.9984976963180395,0.030237567689013818,0.1814814814814815,0.1501145812350539,6.6512266479182625,0.025350513971842785,0.0019778545195859717,,,-0.006057317998246402,0.013391746761371027
PPOLag,2021-04-06,9.0,0.0,3.595526386977066,29.816655048349798,0.12061536354719937,0.06627454206151,0.22222222222222224,0.0,0.0,0.1580312407898615,0.9880820048646806,0.2531815948422206,0.22962962962962963,0.14919053958995693,12.059268139648434,0.11800725274033005,,0.00185179345649185,2.5351100145040435e-05,0.13107108064584877,0.06627454206150994
PPOLag,2021-04-07,9.0,0.0,5.733177779259697,32.39357310752247,0.17686045701823433,0.02593297126766695,0.13333333333333336,0.0,0.0,0.10253634085213033,0.983228323273471,0.10317345281468648,0.22962962962962968,0.15092187295522308,12.067666149499665,0.09884768233110673,0.018678397616958952,9.892324390093116e-05,0.0003700286662881146,0.08974273027029858,0.025932971267666843
PPOLag,2021-04-08,5.0,0.0,3.3962130244054736,19.280276735095292,0.17614752840192702,0.008573212572875463,0.08,0.0,0.0,0.18303287380699895,0.9993411758692554,0.01994536005464877,0.15185185185185185,0.14929678955013514,8.815400818981468,0.03531011185967062,0.004584830866736495,0.00037376264467464947,,0.04312997907640434,0.00857321257287537
PPOLag,2021-04-09,5.0,0.0,8.39213973314242,56.20806734127119,0.1491075194242349,0.0441455115082105,0.12000000000000002,0.0,0.0,0.3702970297029703,0.9987146909967185,0.31055540832419154,0.5407407407407406,0.14942578124343223,18.486161865234372,0.0034398039054181575,0.0002602628516553959,0.05132759704108468,,-0.01067226782768792,0.04414551150821049
PPOLag,2021-04-12,5.0,0.0,5.486686939187291,28.595716916988643,0.19185948878587475,0.022168071502234973,0.24000000000000005,0.0,0.0,0.2453640350877193,0.9906993802695883,0.07755510020930514,0.27037037037037037,0.15073090410927154,12.795514141845704,0.11788191891429016,0.0023372028819725584,,7.621788677970046e-05,0.6084185621430322,0.022168071502234883
PPOLag,2021-04-13,6.0,0.0,5.298268297044233,30.210640599303353,0.17534864250660023,0.01427040592197348,0.06666666666666667,0.0,0.0,0.17188405797101453,0.993799356609219,0.052321976362958364,0.25555555555555554,0.15082109375725852,6.651774382996419,0.04378887287078437,0.007157822572999695,3.891805630059429e-05,2.7644019628617743e-05,0.08969821068353627,0.014270405921973423
PPOLag,2021-04-14,4.0,0.0,4.682064579651176,29.722066909285406,0.1574954421309634,0.012719916648882019,0.05,0.0,0.0,0.24794871794871795,0.9979707495500689,0.04581087333860558,0.2703703703703703,0.15109661250486775,9.79755141083172,0.02332169195134287,0.05153951262888312,0.00020848009237432638,4.1449523649029793e-05,0.07502347095574959,0.01271991664888199
PPOLag,2021-04-15,6.0,0.0,7.026841220339439,43.782354647131434,0.1604881628077679,0.007382909061135491,0.1,0.0,0.0,0.2676568068424804,0.9965337518278055,0.03895745335722976,0.4037037037037036,0.14762474168795356,16.23304304608838,0.05771866685078867,0.0011955441264427818,,0.0004477234145143028,-0.0039996568674233205,0.007382909061135349
PPOLag,2021-04-16,6.0,0.0,5.0137238627843,32.382756742446915,0.15478593581974992,0.02807021002320343,0.1,0.0,0.0,0.222349157054126,0.9885078211372287,0.11188458630938876,0.28888888888888886,0.14946188960796764,12.987462188720704,0.036640820147930395,0.032495930180162946,2.309423664307731e-05,0.00011798660242390364,0.07125323708560385,0.02807021002320338
PPOLag,2021-04-19,7.0,0.0,3.95648465700011,20.347030861875634,0.19445024957540355,0.0035734151872853386,0.0,0.0,0.0,0.11487457689989336,0.9998458503434218,0.008729409972086277,0.15185185185185185,0.14829053752691837,9.78166820617869,0.020846444280957055,0.0025565155877395936,0.00022821812179247167,,0.0007525279467495751,0.003573415187285317
PPOLag,2021-04-20,6.0,0.0,3.479595469552316,20.360217261528515,0.17077356074623157,0.021519739449802282,0.06666666666666667,0.0,0.0,0.10927663734115348,0.9882427730190649,0.05356893621408794,0.15925925925925927,0.14738880208824412,9.709817837433278,0.10601179030107948,0.0011852705478280433,0.0005494195570135488,6.715466165053315e-05,0.17057121192252722,0.021519739449802282
PPOLag,2021-04-21,7.0,0.0,7.604988608108661,31.941806635262974,0.23808327975994564,0.005857247579739363,0.02857142857142857,0.0,0.0,0.13381634178598126,0.9998086312215614,0.022513860999795226,0.25925925925925924,0.1488634520683263,10.732506647873336,0.006218070383188631,0.019951210532095774,0.0012103197046927007,,0.368501256153516,0.005857247579739307
PPOLag,2021-04-22,7.0,0.0,5.226917577766957,30.600321994149493,0.17082704835912202,0.01722431704621757,0.1714285714285714,0.0,0.0,0.26401402135811525,0.9816856431158054,0.06415925017024479,0.25925925925925924,0.1483298583176899,11.216095249569847,0.047655808149367644,0.0034024192034416826,2.7314292292157247e-05,,0.07214412205214114,0.017224317046217484
PPOLag,2021-04-23,7.0,0.0,10.870241825090186,69.74616951342264,0.15539402859129653,0.08829728352018082,0.2857142857142857,0.0,0.0,0.3122811831902741,0.975215026858627,0.8080907388598175,0.5481481481481479,0.14825147915568473,19.119825140380858,0.13343628243215105,0.2677178010435449,0.046785272115466764,8.1483329696415e-05,-0.04150697764243115,0.08829728352018078
PPOLag,2021-04-26,4.0,0.0,3.588189598773701,24.148414820649975,0.14858888009937493,0.002667376176022148,0.0,0.0,0.0,0.2951878707976269,0.99999002099881,0.007726424126637629,0.2185185185185185,0.14904991248840813,12.700538366699217,0.0025512170113973233,0.0026755786073055696,,,-0.000484287728457391,0.0026673761760220016
PPOLag,2021-04-27,5.0,0.0,8.57233853343958,53.90735498122249,0.15882677320974273,0.04775829818900069,0.24,0.0,0.0,0.2703089804071571,0.9679055752165402,0.3234412033426401,0.4592592592592591,0.14821675628506153,12.03671143196244,0.28629513224543124,0.05684007650530228,0.04335760404836182,8.686210027445162e-07,0.0441047573095608,0.04775829818900064
PPOLag,2021-04-28,8.0,0.0,7.258195206197851,53.018569684093976,0.13697757379404912,0.12046168407276096,0.25,0.0,0.0,0.23653587840226226,0.979088646399288,0.8686960539981344,0.47037037037037005,0.14972812289973564,12.794405126953123,0.08068975954215632,0.1596167483025924,0.0005826024287516676,2.7001460929587173e-05,0.18451017250440302,0.12046168407276092
PPOLag,2021-04-29,7.0,0.0,7.280661926396482,50.12514935650248,0.14517395550886242,0.07357503129962505,0.4,0.0,0.0,0.3278269920465216,0.9810250471007418,0.4762352725043361,0.4703703703703702,0.1493928812730398,13.11763248195714,0.16650223571663234,0.07617816378182138,0.00025976041949712084,2.7059903825595543e-05,0.0206006820149004,0.07357503129962496
PPOLag,2021-04-30,8.0,0.0,9.01077487418515,62.212859406106745,0.14485039600460192,0.06458081123914802,0.125,0.0,0.0,0.30739130434782613,0.9977570815335796,0.513834261697914,0.5777777777777773,0.1479561645586121,13.002824151611327,0.004990746191698824,0.0039880781432325915,0.13216222210934286,2.1548288504742436e-05,0.03404907011161404,0.06458081123914795
PPOLag,2021-05-03,6.0,0.0,2.8458074720326314,16.974162692890417,0.1677749099979602,0.0527282385796967,0.23333333333333334,0.0,0.0,0.057058388765705834,0.9831920467294347,0.11303233721346281,0.09629629629629628,0.14827760417877775,6.270288555509578,0.22003806095660933,0.002880271368144241,0.000984465586061663,0.0001867546211994667,0.027014470893727438,0.0527282385796966
PPOLag,2021-05-04,11.0,0.0,11.71650039046687,70.17126111136746,0.16647392430267374,0.16198410328575316,0.3090909090909091,0.0,0.0,0.24112388024516734,0.9465759949992517,1.6226509018099509,0.5444444444444442,0.14861632080283016,17.342374101642825,0.24669259432200752,0.23491469010556446,0.0002256330464813165,,-0.06464256021987254,0.1619841032857531
PPOLag,2021-05-05,8.0,0.0,8.819784741621072,47.2269154720654,0.18675707734749855,0.007233073257543364,0.05,0.0,0.0,0.170284454334385,0.9990020962616202,0.041163360103860416,0.4148148148148147,0.14903072918362642,16.905205573223647,0.0002373520866859802,0.021120473250324796,0.00011707062548710378,1.9583157054191594e-05,0.4802555624164554,0.0072330732575433074
PPOLag,2021-05-06,6.0,0.0,3.8448774975692652,37.040107318757464,0.1038202461496995,0.03844377563517388,0.16666666666666666,0.0,0.0,0.2537472943722944,0.9924167884656908,0.17716146440085825,0.3370370370370369,0.1551997375221011,18.90306410522461,0.10320502867453829,0.0006799933342711018,0.005072116377299288,2.3436811580205903e-05,0.0008519031357232791,0.03844377563517379
PPOLag,2021-05-07,6.0,0.0,8.038987027866204,71.24795283552291,0.11285854101728357,0.006193817503725372,0.03333333333333333,0.0,0.0,0.27415038966163563,0.989117558191127,0.053122043764622304,0.5888888888888888,0.16391050212405386,23.927945180503176,0.13223896902296964,0.00822569529433258,0.00023513599596329567,0.00020757671493336263,0.13492678747738937,0.006193817503725335
PPOLag,2021-05-10,5.0,0.0,11.16300623548612,70.26296738141436,0.15887367287746978,0.003277337341981524,0.08,0.0,0.0,0.3897834255653481,0.9952686290612845,0.02763878674980886,0.6925925925925921,0.16924817919061752,18.671587139892573,0.09533998655887968,0.0009955790945865176,0.005227163328146685,1.666631040644631e-05,0.08805578692130198,0.0032773373419814735
PPOLag,2021-05-11,8.0,0.0,5.916403967035228,35.27013141628586,0.16773095454824447,0.005101931785115944,0.05,0.0,0.0,0.12194651198603768,0.9977652652181744,0.021637586171608186,0.2962962962962962,0.15906484792746295,12.480566872119065,0.0016004862013364054,0.04707735660119561,0.0001310494463379489,0.0002643450633472588,0.6135678661686991,0.005101931785115869
PPOLag,2021-05-12,11.0,0.0,14.250044189748067,73.7841695889896,0.19312341508781655,0.0401310074413665,0.18181818181818182,0.0,0.0,0.22558216358852995,0.9738828609887087,0.36904299679014735,0.6629629629629624,0.1627021708372922,13.275824105674761,0.2387590417038028,0.021910232346269976,0.00014019382368486418,0.00013104765246633028,0.41911222273012966,0.04013100744136643
PPOLag,2021-05-13,5.0,0.0,4.193891231352988,25.314283228601123,0.16522935173621187,0.017722120654956045,0.12000000000000002,0.0,0.0,0.08876244998101471,0.9778459921715917,0.05463772831242166,0.1481481481481481,0.17661970414337702,10.223111030578613,0.17980848488961973,0.0021908463551547457,0.0005506441707290417,5.383237689957029e-05,0.3032717416527603,0.017722120654955906
PPOLag,2021-05-14,10.0,0.0,9.555747942304771,67.58149313351771,0.1408837683181198,0.16796152450608534,0.45999999999999996,0.0,0.0,0.30069329118229654,0.934572454161805,1.632074035884687,0.5481481481481478,0.1612798624895125,18.352579248046872,0.23585535947491576,0.24209090514860548,0.010312146660304222,1.7167358598211946e-06,-0.05132826550018795,0.16796152450608526
PPOLag,2021-05-17,3.0,0.0,8.23104544917374,30.928649321333978,0.26612969994424224,0.0010448848120546354,0.0,0.0,0.0,0.26610964741087695,0.9999929967375586,0.0038701612989610807,0.31111111111111106,0.172646091596107,9.810629538467943,,0.0038649066051967247,0.0007921282139669867,3.828003752448972e-05,0.8249001840220975,0.001044884812054492
PPOLag,2021-05-18,6.0,0.0,9.830134175676724,62.430245787219405,0.1574760060513551,0.007373584328880201,0.1,0.0,0.0,0.39940305932098,0.993968784548613,0.05547962821713205,0.5925925925925922,0.18430581455201417,12.411318041992187,0.029945884415161744,,9.839404633713903e-05,9.69359089481757e-06,0.05227744555479912,0.007373584328880172
PPOLag,2021-05-19,11.0,0.0,13.503440803656437,76.58479537089018,0.17628696877989855,0.05731348246710209,0.12727272727272726,0.0,0.0,0.309949138875031,0.9901599998158976,0.5570289064012623,0.7222222222222217,0.487643835428268,12.869031456950315,0.028437450585448942,0.11922815912980475,0.0006861542768587088,3.204295652002463e-05,0.2591336348438054,0.05731348246710204
PPOLag,2021-05-20,8.0,0.0,7.596547556790702,44.09653780532868,0.17235032936152836,0.04410184463097096,0.2,0.0,0.0,0.2351081191350469,0.9874467609753669,0.24338583495228852,0.41851851851851835,0.3541102416723637,11.83518998741933,0.10552611964639605,0.0008831524355642656,5.3284895225133424e-05,0.0001996100259198116,0.563339594420127,0.04410184463097084
PPOLag,2021-05-21,7.0,0.0,5.966356615763592,42.440063176914876,0.1405668322680928,0.00720353754760739,0.02857142857142857,0.0,0.0,0.20302059496567507,0.9991859603564454,0.036838954734497185,0.4407407407407405,0.46427768960105215,12.92561398186827,0.005599950259777173,0.040749342864571325,0.0017894898916638203,5.09242430042085e-05,0.20914008500797693,0.007203537547607286
PPOLag,2021-05-24,12.0,0.0,10.062716403998099,71.1416212885661,0.14145588831660175,0.007538555166344378,0.06666666666666667,0.0,0.0,0.284471351997779,0.9979245090114011,0.06464633461107899,0.633333333333333,0.43341024162752245,14.069577561792368,0.046953061666719614,0.0028104501610256437,0.0005217010298675329,0.00017239579649322266,0.22509858652935877,0.0075385551663443165
PPOLag,2021-05-25,11.0,0.0,26.06964774753801,139.32460137418147,0.18710580374478114,0.011272193664307333,0.07272727272727272,0.0,0.0,0.3821805006587615,0.9858497869782742,0.19002256552047384,1.4407407407407407,0.24141336668132377,23.7085692221749,0.13912570734144827,0.06868345559779956,0.0074659300282925185,5.861693571788161e-05,0.10516347332470603,0.011272193664307302
PPOLag,2021-05-26,5.0,0.0,4.813177818043814,26.485730931994528,0.18173406037508102,0.014814353072662944,0.2,0.0,0.0,0.17470395565633662,0.971758043032294,0.047645539866928474,0.23333333333333334,0.26207187290007516,11.003926881880458,0.10697962419186487,,0.0003904841777280475,,0.30653144279889505,0.014814353072662894
PPOLag,2021-05-27,5.0,0.0,8.620579552492789,37.586820552045175,0.22935050101723423,0.0026846595190730856,0.0,0.0,0.0,0.2164906728847435,0.9999342424490225,0.012104252612555464,0.3555555555555555,0.2692373270595757,16.942674652879248,0.0062983052652925645,,0.0023693008258753264,,0.5963624954899337,0.002684659519073062
PPOLag,2021-05-28,6.0,0.0,6.220513625802988,43.81223144712464,0.14197722880898897,0.007223234299593329,0.06666666666666667,0.0,0.0,0.2147406082289803,0.9973859441290243,0.03813477118362128,0.42222222222222194,0.24460060622004676,19.17039390258789,0.0868487384471214,0.001582696463725627,0.0004824725640464279,,0.35089735096605335,0.007223234299593309
PPOLag,2021-05-31,2.0,0.0,1.2608989068640486,6.773968529949786,0.18612794084621512,0.019402355247570134,0.1,0.0,0.0,0.6333333333333333,0.9995607989072838,0.01603439048333706,0.07037037037037037,0.22641874793407624,6.650643688964844,0.019402355247570134,,,,-0.008289643645426219,0.019402355247570068
PPOLag,2021-06-01,9.0,0.0,7.489646768574903,49.38679827427359,0.1516545527524607,0.012639231606517781,0.11111111111111112,0.0,0.0,0.25138024429671024,0.9964199670250149,0.07563126278492775,0.4703703703703702,0.23667283124571745,14.2681527183004,0.03209006200526258,0.000653262613154266,0.0011614205940101265,,0.062371239197613816,0.01263923160651771
PPOLag,2021-06-02,11.0,0.0,10.344545872276072,74.13605755442732,0.13949569807052653,0.025692163929672034,0.16363636363636366,0.0,0.0,0.32976190476190476,0.9915500303873825,0.23387276531456122,0.6370370370370366,0.2926528646033451,26.125280303001404,0.05780512082516376,0.04252362155555357,0.0002538460707545584,2.7539848311001677e-05,0.0027594602107922942,0.02569216392967199
PPOLag,2021-06-03,6.0,0.0,10.854265684444155,61.647199540821134,0.1759779511567035,0.047095564645544694,0.26666666666666666,0.0,0.0,0.34689412852519647,0.9810247680019846,0.36449341534255575,0.5999999999999996,0.23889079787598652,12.970229965266205,0.2024838462823852,0.013670509262087271,,0.00020084772040228054,0.12645393112330888,0.047095564645544666
PPOLag,2021-06-04,6.0,0.0,5.334687466114628,25.612876569508764,0.2058939215682447,0.24687945633483005,0.3,0.0,0.0,0.11823762838468721,0.9386015322157905,1.0044411329112104,0.16666666666666666,0.2276007791503313,12.633709130859373,0.034457720459485426,0.32011782627899094,,3.5142330058868388e-06,-0.030684583758166684,0.24687945633482997
PPOLag,2021-06-07,8.0,0.0,4.989732776395519,35.75216508456386,0.13944888605468567,0.037289897284006196,0.1,0.0,0.0,0.18741200828157348,0.9876981586311814,0.16566992641580322,0.32222222222222213,0.2428863708397936,17.04260034365275,0.12373760800743092,0.0009874229096410879,0.0030590500701458473,4.177891915950624e-05,-0.03162579680388438,0.03728989728400615
PPOLag,2021-06-08,5.0,0.0,2.370187828513017,21.152648585771978,0.11205053413160418,0.004581243022495173,0.04,0.0,0.0,0.24351870873074102,0.9998167788655572,0.011646299067297305,0.19629629629629625,0.24179374789431068,6.650480950927734,0.012941926144948521,0.0012183731443274474,0.007425476826709418,,-0.004720151036164136,0.004581243022495131
PPOLag,2021-06-09,10.0,0.0,8.90537796142108,52.54155598410665,0.16935884647070493,0.06604411923659895,0.16,0.0,0.0,0.1949895258662548,0.9773224751785488,0.4444842702602914,0.43703703703703684,0.4067551208512062,10.979925428583968,0.1311588610998986,0.03241614907336888,0.0035501259784994797,2.144905773850318e-05,0.0029892064318536287,0.0660441192365989
PPOLag,2021-06-10,6.0,0.0,7.5016721032475235,49.59960197357162,0.1512471916721398,0.01786856018431703,0.1,0.0,0.0,0.27974603500136724,0.9954174537273554,0.10795526091682901,0.4925925925925923,0.2533746541606282,12.932174826784669,0.08611632484990298,0.008741337768436979,0.0005212708667487352,,0.019487468684787568,0.01786856018431701
PPOLag,2021-06-11,11.0,0.0,13.184586256844034,80.4580877281709,0.16386331819660094,0.00981973358064774,0.07272727272727272,0.0,0.0,0.25035365964816336,0.9986615239286994,0.09545546970300592,0.7666666666666659,0.23930859582227032,13.405954256939154,0.043198223908742284,0.015290308324577825,0.0001615478925685351,0.00017784687719197813,0.0524177874095266,0.009819733580647664
PPOLag,2021-06-14,10.0,0.0,11.293513895457579,78.97237860044177,0.142933728953009,0.08185531721435403,0.2,0.0,0.0,0.26341400938512827,0.9914955550078565,0.8422803444002194,0.7370370370370365,0.22117795415397268,15.687175642026915,0.05996491772882286,0.03670370011904077,0.13487204863240884,0.00013703549738593672,0.012654309438488335,0.08185531721435399
PPOLag,2021-06-15,9.0,0.0,4.609864495659645,44.28321323737888,0.10408149505804262,0.020954362331611524,0.15555555555555556,0.0,0.0,0.1641654351085749,0.9874076666587666,0.11338518504818793,0.3814814814814813,0.22269400833465625,13.008613692605095,0.03643009146382069,,0.0012641910011098381,2.0209618840255247e-05,0.0904616812340459,0.020954362331611385
PPOLag,2021-06-16,10.0,0.0,7.943701400561776,47.95375173849424,0.16559585978801006,0.01740155854160106,0.1,0.0,0.0,0.16377261614800906,0.9894875361636224,0.10159687290107511,0.4444444444444442,0.20310564374691847,16.02214397273097,0.03727075648563814,0.02751371875717875,0.00017388022616895505,0.00020041028824552992,0.33509572575642105,0.017401558541600953
PPOLag,2021-06-17,11.0,0.0,9.79593647063325,65.58239601117943,0.14931232221347454,0.04094065673452918,0.18181818181818182,0.0,0.0,0.2859604021116664,0.9824651877079849,0.3349209221615602,0.6148148148148145,0.20085321042036713,15.55995662938499,0.0568349871851475,0.05439604697751527,0.001336252844148279,6.661769170727579e-06,0.08088835198682126,0.04094065673452914
PPOLag,2021-06-18,8.0,0.0,13.957113836452441,89.75071912810648,0.15561903939375427,0.06532060935289995,0.25,0.0,0.0,0.3988083735909823,0.9859548120033932,0.7503625878210012,0.7629629629629624,0.19683237918191782,23.154838916015628,0.1396624519748573,0.0806233671657012,0.050390962620791666,,0.04162265137738615,0.06532060935289992
PPOLag,2021-06-21,8.0,0.0,8.37225013395791,39.637801826592884,0.21105545139617657,0.07483423987972906,0.25,0.0,0.0,0.19441284030881753,0.9688107680687628,0.383562408547261,0.31111111111111106,0.18994704584353408,16.78332912372509,0.15324505861364893,0.018814355063667146,4.2443171661081976e-05,1.2475979502741012e-05,0.031363941514088486,0.07483423987972897
PPOLag,2021-06-22,12.0,0.0,11.419491889039156,63.177393574640334,0.18032611664130838,0.0791675498164915,0.18333333333333332,0.0,0.0,0.1739534353927465,0.9694605221243668,0.6497914134174669,0.43703703703703684,0.18677196252004555,13.874129604871905,0.01136524298847255,0.1536370229564568,0.02421321510731107,,0.03923699789400412,0.07916754981649142
PPOLag,2021-06-23,14.0,0.0,20.719849957576383,116.03553480581354,0.17840407133301114,0.03020054655021324,0.08571428571428572,0.0,0.0,0.23580528886796098,0.9923389389817734,0.4322843873269657,0.9703703703703699,0.18612959996365439,19.900147314959476,0.0025482449301127393,0.03685071801577482,0.03638989860298138,0.00013830755643689537,0.06675430532078934,0.030200546550213196
PPOLag,2021-06-24,11.0,0.0,9.385781942023476,65.09295269938555,0.14416084515704022,0.00990276375965032,0.03636363636363636,0.0,0.0,0.18725883108542069,0.9943375830692496,0.07788578772692074,0.618518518518518,0.1883825520659836,13.988953906477587,0.046908990609344635,0.02463075652186099,0.0006229423497095693,0.00024928449755764245,0.11546124249050574,0.009902763759650225
PPOLag,2021-06-25,9.0,0.0,4.7734022704661445,36.303389035207594,0.13148802378748958,0.0014745706409331851,0.02222222222222222,0.0,0.0,0.1655186415651532,0.9997897116051908,0.006413561973558603,0.3148148148148147,0.185596614513391,12.978007196044922,0.0015464475257097698,0.005384205010635064,0.0006353652847025505,,0.13312917065806362,0.0014745706409331606
PPOLag,2021-06-28,11.0,0.0,18.30921150482854,117.6316631854152,0.1555368124391658,0.08989746164118487,0.16363636363636364,0.0,0.0,0.3046048300261498,0.9817744001400402,1.3900390972212127,1.0222222222222217,0.18536632081425825,22.99762148604072,0.1497575212603903,0.003367026850216789,0.15436092444506838,1.4276302778696497e-05,-0.04601098912301722,0.08989746164118484
PPOLag,2021-06-29,15.0,0.0,10.101582094600356,83.83939181166184,0.12051040620802991,0.04216392309309004,0.16,0.0,0.0,0.3045911590373491,0.9909107824589635,0.4415131221390367,0.7888888888888882,0.18836102502367186,16.043911373855558,0.051219305901127665,0.04245030540331139,0.028005558899572104,6.230074281866985e-05,0.009669220930471758,0.042163923093089986
PPOLag,2021-06-30,12.0,0.0,11.653847109155496,81.26375592250105,0.14325824766322653,0.0906636089508198,0.21666666666666665,0.0,0.0,0.2541173239519509,0.9652879810958759,0.9692838948289912,0.7370370370370364,0.18614071041156421,18.964732271663,0.18967948892575043,0.19142898603167186,0.0006313455084848956,7.907771120061908e-05,0.0394758678741187,0.09066360895081979
PPOLag,2021-07-01,13.0,0.0,13.836329543585284,87.678276693853,0.15777774413888906,0.038531047747028264,0.2,0.0,0.0,0.2510562788351981,0.9843557201922375,0.42035211213996587,0.7851851851851848,0.17866093961250346,17.734240596636905,0.08862922032582157,0.08469957013278893,0.001983558864744308,4.1616876827038456e-05,-0.011627853186111488,0.038531047747028195
PPOLag,2021-07-02,10.0,0.0,4.364343705306472,33.859159691237515,0.1288908270774185,0.005224911383567252,0.02,0.0,0.0,0.1271261557610242,0.999818822316979,0.021275309001145,0.30370370370370364,0.17557300416228827,15.602036175794558,0.0018988360672522533,0.02183245191363857,0.00036816895460865915,,0.10141351573815051,0.005224911383567161
PPOLag,2021-07-05,1.0,0.0,0.9209387626304626,9.956094731140137,0.0925,0.002794998884201081,0.0,0.0,0.0,1.0,1.0,0.0033383501447378236,0.11111111111111112,0.19249288125138267,6.646085198974609,0.002794998884201081,,,,-1.5003013846285896e-16,0.002794998884201081
PPOLag,2021-07-06,14.0,0.0,10.411331415688617,67.80475402877627,0.1535490201911179,0.0031351402749820708,0.0,0.0,0.0,0.16407844398437552,0.9999651925398958,0.025510942748266652,0.5555555555555551,0.19325703121163923,18.13347933959961,0.006918686887511534,0.0032481474650909274,0.0010946020629761107,0.0008617010612219962,0.03055083259497165,0.0031351402749820447
PPOLag,2021-07-07,14.0,0.0,14.109109260077298,100.86921983443597,0.13988774349347516,0.03137032501309862,0.11428571428571428,0.0,0.0,0.25533097028172047,0.9883495279144491,0.39080992516422186,0.8629629629629625,0.18740772708648973,20.974262501353508,0.18856685141353485,0.005090619146143771,0.0011553553015381736,7.814210945827934e-06,0.08917510113978339,0.03137032501309858
PPOLag,2021-07-08,12.0,0.0,12.279781969611241,81.2722988235673,0.15066772014757884,0.08577006171673619,0.19999999999999998,0.0,0.0,0.23651542495643105,0.9711963086007765,0.9121547046219677,0.718518518518518,0.18241180205222915,18.371531048583986,0.1195943402334126,0.1597969862208163,0.0009580105119327388,7.960912310538651e-05,0.014695585695829011,0.08577006171673617
PPOLag,2021-07-09,10.0,0.0,8.369092921999197,48.66407743740462,0.17197542902718382,0.0017420370181003785,0.0,0.0,0.0,0.16636137185965363,0.9999904583320888,0.010159416445917098,0.4444444444444443,0.17061432290574882,12.513807833469041,0.0037387514645876056,0.0014491683823390264,0.0015222780774776152,0.0008916757555708473,0.2760430955148493,0.0017420370181002874
PPOLag,2021-07-12,13.0,0.0,19.636640042616,128.1288905611147,0.15314901653521545,0.07940156228542378,0.23076923076923075,0.0,0.0,0.29623594807389964,0.979307308086945,1.3220611841023948,1.1148148148148143,0.16892118337636933,21.635599106346383,0.1780283774495539,0.10160767293297839,0.06895555894900414,0.0003840815120883261,0.006962193989133954,0.0794015622854237
PPOLag,2021-07-13,15.0,0.0,21.23055052908794,135.97046319156317,0.15615582090933872,0.011964632337842004,0.12,0.0,0.0,0.26752956511882725,0.9952979278297132,0.19697772552489773,1.2,0.16746128333882854,26.517939050710538,0.03583244290245977,0.05687976316605879,0.008895676808849663,7.943900723285621e-05,0.10274773611280733,0.011964632337842004
PPOLag,2021-07-14,15.0,0.0,12.430825944495336,80.3986966775077,0.1546063336686887,0.016048259974205212,0.05333333333333333,0.0,0.0,0.1891978584312436,0.9946679774306139,0.15687322898354977,0.7555555555555551,0.16514791665637557,18.45559197946247,0.03018920277728321,0.023095931078258646,0.001281033579331994,0.0005404670398687819,0.15092538534577568,0.016048259974205156
PPOLag,2021-07-15,18.0,0.0,24.268564878318205,121.16265656546393,0.19997391226538103,0.09961761662903565,0.2,0.0,0.0,0.2556939512398914,0.9505699510568549,1.6037018104876704,0.9925925925925924,0.16415165003612248,20.99676874997249,0.09273209214712132,0.0025395275640947837,0.11227725547136076,0.0014033358901034414,0.023038535541048698,0.0996176166290356
PPOLag,2021-07-16,14.0,0.0,15.27514767649335,108.64965617952089,0.14055594204892688,0.08892997208065999,0.14285714285714285,0.0,0.0,0.21915908158723788,0.9694135547145553,1.2687335589466595,0.9074074074074074,0.1670017333708529,28.86295434399657,0.2844928459912936,0.00037216043887015134,0.08648796588036338,9.909745973577851e-06,0.11912047974023443,0.08892997208065995
PPOLag,2021-07-19,16.0,0.0,21.628850195314673,140.3473722402545,0.15402558167647926,0.044554010836161936,0.1875,0.0,0.0,0.3360804728209079,0.9771466710413448,0.7829438639645976,1.3518518518518523,0.16350104172791663,17.890075268033115,0.11602761298738395,0.0915941031635201,0.029298134163205668,6.638649843381547e-05,0.023030000697013,0.0445540108361619
PPOLag,2021-07-20,21.0,0.0,20.276394083469008,137.5650536255137,0.14732523403737963,0.08319302072994171,0.2571428571428571,0.0,0.0,0.271413077116688,0.9310335316821094,1.4933540343779408,1.1703703703703705,0.16299774373086015,33.799038456421705,0.2571154844318503,0.023932405579544243,0.032774873508205384,0.00018693985821022913,0.02074973134477679,0.0831930207299417
PPOLag,2021-07-21,12.0,0.0,7.709079085380464,57.43215056443806,0.13425470987158422,0.04526389220450398,0.13333333333333333,0.0,0.0,0.22271731170074927,0.9956594942880883,0.32573865713337463,0.47407407407407376,0.1625960041261957,14.748034912374354,0.05924882102888525,0.039842955066740064,0.0014212706644799677,,0.060262600621153926,0.04526389220450392
PPOLag,2021-07-22,17.0,0.0,21.681447980181108,147.52670043194715,0.1468550453740735,0.12019954179967363,0.31764705882352945,0.0,0.0,0.3386882980960122,0.9551470117002829,2.411209423088027,1.2703703703703701,0.16138785003931846,32.25050808058487,0.23580555276773535,0.03541703471163378,0.3276108512744219,1.5326121324266357e-05,0.06565549504535463,0.12019954179967358
PPOLag,2021-07-23,13.0,0.0,7.978099837039338,57.78075859140783,0.1382022211027283,0.07651261681038501,0.23076923076923075,0.0,0.0,0.23045580545580546,0.9898224191966358,0.5727050374760345,0.46296296296296297,0.1797797750441532,12.703859053494853,0.1468721446801439,0.014052677991956909,0.0010992688496421748,,0.09515590035644574,0.07651261681038493
PPOLag,2021-07-26,14.0,0.0,7.636024562541285,52.16803855645253,0.1463332318504843,0.03344193288398755,0.09999999999999999,0.0,0.0,0.14488471522369828,0.9933416807339086,0.21593030781973993,0.41851851851851835,0.17892447916286375,11.519618933342969,0.11838638406996553,0.0035325845608685817,0.0015979809069766148,,-0.007812830086740457,0.033441932883987474
PPOLag,2021-07-27,15.0,0.0,17.13140031113094,117.45836376591808,0.1457144982571163,0.08140205239883576,0.21333333333333332,0.0,0.0,0.29523584905660377,0.962421029672158,1.2452011285131488,1.0740740740740735,0.16064748536640158,16.30859530351493,0.16930417386680136,0.10445526774389007,0.000979476136499302,3.5491345704118906e-05,-0.004840378148933428,0.08140205239883573
PPOLag,2021-07-28,12.0,0.0,16.193510112252735,100.09749313752826,0.1615782815001911,0.11295688616560681,0.23333333333333334,0.0,0.0,0.2842659701369751,0.9604451631661162,1.5248841801040165,0.8777777777777773,0.1606910583480688,25.877977829805396,0.3710745545066278,0.001424991966890735,0.09887245998468645,0.00030453782413744645,-0.005822287288663047,0.1129568861656068
PPOLag,2021-07-29,13.0,0.0,9.537768271887225,77.71335965455721,0.12275389277614654,0.023971268561990187,0.046153846153846156,0.0,0.0,0.24053919932762308,0.9939804859340384,0.228333573965728,0.7222222222222217,0.16024835416222533,19.193777893460386,0.08368479816469754,0.003526429108109284,0.0018111804538659764,0.0001475256716613873,0.1152498771989938,0.023971268561990108
PPOLag,2021-07-30,16.0,0.0,10.947608032945277,79.07322111061985,0.13845959407844066,0.02597594158040133,0.0625,0.0,0.0,0.15438941655359567,0.9948372678727175,0.2522764550588622,0.6703703703703701,0.1570434020322864,21.43882836888996,0.15438219428579486,0.0013632737979587214,0.0011719982072882708,4.1913069013111935e-06,0.05973999173550783,0.025975941580401275
PPOLag,2021-08-02,14.0,0.0,25.741274359611356,158.51940499159622,0.1623961296350809,0.04661451259038786,0.3,0.0,0.0,0.30063431702405613,0.9748474445343461,0.927215576981542,1.4740740740740748,0.159988022945375,32.5454532024409,0.057888326015886726,0.01863680453560223,0.1384459988224016,0.0002178900634822148,0.04926078174243084,0.046614512590387826
PPOLag,2021-08-03,19.0,0.0,19.74168409142316,139.86367682121298,0.14125317968457066,0.06363651881439268,0.1789473684210526,0.0,0.0,0.22652731532864717,0.9693288388617924,1.1371364011677425,1.137037037037037,0.15755572712805588,25.13002828957955,0.2870218147607301,0.0710130620900984,0.0005074799409115631,8.554646064877574e-06,0.1262186791555344,0.06363651881439263
PPOLag,2021-08-04,19.0,0.0,19.45783279477387,125.32232582553411,0.15521469762435308,0.07214341800466773,0.23157894736842105,0.0,0.0,0.2725235261958484,0.981692220480527,1.1657085517926316,1.0925925925925926,0.15488263746495554,15.550931777889494,0.06728888518690179,0.11886431839017757,0.06539450519938196,,0.019489876594954818,0.0721434180046677
PPOLag,2021-08-05,12.0,0.0,12.455198339688101,89.78278363332527,0.13860038093150967,0.07859336795265565,0.2,0.0,0.0,0.2943780573025856,0.9638702445516023,0.9161641782413958,0.7851851851851845,0.1554941833092016,20.627728765768445,0.3570085749756514,0.0012795887712181101,0.09589084977521975,0.001029288017822184,0.0603903003229127,0.07859336795265558
PPOLag,2021-08-06,12.0,0.0,15.47884780406576,86.71411238900667,0.178462817637423,0.038507629824623545,0.1,0.0,0.0,0.26008577810054945,0.9646097212760235,0.4154668752463012,0.8111111111111107,0.1533414041356688,19.5941249521684,0.13567750028231365,0.033377726760789886,0.002278795697656385,0.003171770271782836,0.02071666351108142,0.0385076298246235
PPOLag,2021-08-09,11.0,0.0,17.258419073692796,112.2965352912411,0.15338085255877948,0.16292816247565414,0.32727272727272727,0.0,0.0,0.2679503310478075,0.9659586218339209,2.614842051477304,0.9259259259259256,0.1549442708286127,28.1810806770944,0.2405726260609097,0.2112018801358805,0.14445565160688953,0.0001078539560470678,-0.05511960095204748,0.16292816247565411
PPOLag,2021-08-10,19.0,0.0,15.129081524452639,106.22080609382196,0.14237231155884827,0.04481987236345515,0.15789473684210525,0.0,0.0,0.18721821985344672,0.9709298112677415,0.5962667669730344,0.9074074074074069,0.1588736957880125,26.13575000529378,0.17449786350660074,0.004717091996897446,0.0022413865362892775,0.0002460791338382499,0.1040724700529623,0.04481987236345512
PPOLag,2021-08-11,18.0,0.0,16.662814365993057,126.87956774457203,0.13139090355264885,0.0781353511673522,0.19999999999999998,0.0,0.0,0.21946419502285427,0.9748612562766015,1.2865236443429449,0.9629629629629626,0.15951640419492225,23.757866266376716,0.14969479341889308,0.12724028390130765,0.0015563626816712983,0.0002289012170641068,0.05340189143034604,0.07813535116735212
PPOLag,2021-08-12,22.0,0.0,15.315040711426132,129.50708901260523,0.11836762569714028,0.055602711164387406,0.15454545454545454,0.0,0.0,0.17791991238761415,0.9866185237506866,0.9121798045617403,1.0111111111111106,0.15753168542384324,22.737935415426353,0.14240975491084812,0.001414449181343663,0.0015259408360923695,0.0008106308799138171,0.04478202946918569,0.05560271116438734
PPOLag,2021-08-13,16.0,0.0,10.876587980018467,83.44686211217405,0.1302925104668251,0.050585801916261205,0.1,0.0,0.0,0.16815580457934737,0.9904333525841814,0.5318982996434155,0.733333333333333,0.15640720418256632,19.199291648755697,0.022209628927347087,0.0898205190876901,0.0022313728642240523,0.0003049290025586537,0.1316274784019764,0.05058580191626118
PPOLag,2021-08-16,16.0,0.0,16.142624770868448,119.98429668187791,0.13447309732425736,0.05441530249369193,0.1125,0.0,0.0,0.2811068268731951,0.9917196437273933,0.8260202556763993,1.2000000000000004,0.15396787915354554,30.9802899230957,0.018765540649269673,0.041444242413856795,0.0700549494991847,0.0003805910036021363,-0.019738760202758027,0.054415302493691906
PPOLag,2021-08-17,20.0,0.0,19.352653880150235,132.9593346561932,0.14552926333099186,0.011983661859872841,0.06,0.0,0.0,0.22709269096277046,0.9886844276587498,0.1929256301188325,1.211111111111111,0.15605191035016713,29.871872847429835,0.03754380039397272,0.020215511523421114,0.0002461271529706976,0.00040335673350862694,0.01497266516476737,0.011983661859872794
PPOLag,2021-08-18,20.0,0.0,18.457773415682745,134.04805115383152,0.13764164629225634,0.056099347577146616,0.1,0.0,0.0,0.1780656637161055,0.9891607541366276,0.9530983185162658,1.0629629629629629,0.15594305623380933,34.39760810291925,0.0872076581373602,0.008910680272630525,0.08026000878786263,0.0006275954074934044,0.016379509995363053,0.05609934757714659
PPOLag,2021-08-19,17.0,0.0,19.923066452174282,123.92750483609689,0.16068451149212026,0.030868234285825552,0.1764705882352941,0.0,0.0,0.23765699950549374,0.9784204835434643,0.47221778442174883,1.2185185185185183,0.15412022503369371,32.44474899444323,0.16050817871404738,0.00421138192883736,0.0016025277109599154,0.012155684231838916,0.04441662925378385,0.030868234285825538
PPOLag,2021-08-20,13.0,0.0,10.584224144462084,72.17563362014,0.14686988145520147,0.04620422851067761,0.10769230769230771,0.0,0.0,0.16665407141507654,0.9925161166886497,0.41827567641665875,0.5444444444444442,0.15730495003178174,20.13858262282408,0.0091819177030379,0.07495412352304212,0.004607855124482634,0.0003469643899688248,0.16108291765522145,0.04620422851067753
PPOLag,2021-08-23,14.0,0.0,23.048701203140627,132.41735900917007,0.1739946182835274,0.09698845912387752,0.2857142857142857,0.0,0.0,0.2611610486526287,0.9633887918072256,1.701442808268436,1.096296296296296,0.15651493128340613,24.014312030272166,0.2213352991415553,0.26240035309204046,0.08292611579306075,0.00022795543715465631,-0.010387731683432844,0.0969884591238775
PPOLag,2021-08-24,20.0,0.0,31.822319712670957,168.085764936006,0.18932209224789046,0.09676956303800241,0.21000000000000002,0.0,0.0,0.28648789638948247,0.9686283930235746,2.154352800945021,1.3962962962962966,0.1531690082932376,27.59588937179165,0.1357153137584976,0.0314452809771824,0.13222299753505587,0.00013396970471618656,0.08906522163765296,0.09676956303800238
PPOLag,2021-08-25,17.0,0.0,22.343090586828357,140.45636064696615,0.1590535609793717,0.05579364431037302,0.15294117647058822,0.0,0.0,0.2884342142654163,0.9675270073626212,0.9928985946191469,1.240740740740741,0.15218333543695434,24.041462998967955,0.1745133672438829,0.08143823034625516,0.012438870708794857,0.00017011017957409904,0.02083830791392943,0.05579364431037298
PPOLag,2021-08-26,16.0,0.0,8.070071663780544,61.112759876627955,0.13193210852742457,0.052192067424114266,0.1625,0.0,0.0,0.1312476996687523,0.9689618419884077,0.40258884111825743,0.4481481481481479,0.15317794999039808,20.129344428345206,0.11613190845870894,0.023728818469513975,0.00044953757980898643,0.00015639751944788362,0.0643089608005254,0.052192067424114225
PPOLag,2021-08-27,20.0,0.0,19.693081416367527,123.26293788925027,0.15965211956306802,0.10270697165906983,0.22000000000000003,0.0,0.0,0.21277283610859446,0.9770513418179796,1.6878887557779862,1.0629629629629629,0.1542656270733763,24.28166666711968,0.174874494860982,0.028486764558045035,0.21527593186364724,0.0003813930997156751,0.06274848470485334,0.10270697165906978
PPOLag,2021-08-30,17.0,0.0,34.896863777856865,224.41907029691106,0.15547458014781204,0.05799681703474263,0.1411764705882353,0.0,0.0,0.2875570865052536,0.9764437869768784,1.65294050745768,1.9555555555555564,0.1540039916411236,34.612,0.09830207215130762,0.00095618818403942,0.11034508056774187,0.008819279733936446,0.015134766255237287,0.05799681703474262
PPOLag,2021-08-31,19.0,0.0,16.370720377138262,102.50870458760517,0.15959413860116806,0.020208705661229696,0.07368421052631578,0.0,0.0,0.16580603592097848,0.982456675279359,0.2529364051642597,0.8851851851851847,0.15409791461327887,22.78556461630422,0.1060995174672047,0.04086590765490582,0.00037226460682235346,0.0004573848531875038,0.13517083432666627,0.020208705661229634
PPOLag,2021-09-01,21.0,0.0,16.218331908338087,138.68484785034747,0.11704445313503993,0.05522240566283042,0.14285714285714285,0.0,0.0,0.2098581076655431,0.9767887434196029,0.9697514234159682,1.1592592592592594,0.15497473956808486,34.293114210122255,0.19759274908523455,0.006469849378355779,0.00893571967160033,0.00015848824268318253,0.21232963274479902,0.055222405662830404
PPOLag,2021-09-02,16.0,0.0,19.346764931290014,143.52221179926838,0.1348661040772682,0.029901370775361404,0.1,0.0,0.0,0.20758690959325143,0.9811102219219336,0.5292245722838249,1.2296296296296299,0.15442682291298598,33.44874423446053,0.16247453676802157,0.015611473170608481,0.04260721632644586,0.00021365651211096418,0.13515043146208847,0.02990137077536138
PPOLag,2021-09-03,18.0,0.0,15.323544265038006,111.76055834526476,0.13710471246313163,0.0047149492807484605,0.03333333333333333,0.0,0.0,0.14840789580307248,0.997073464912624,0.06333791754176175,0.9148148148148145,0.15280859164098123,31.30730552909531,0.07125452987948858,0.006316628207888921,0.0007870008931575648,0.0021166506247986927,0.22641193228718712,0.004714949280748429
PPOLag,2021-09-06,4.0,0.0,6.51199341652647,33.182339305871196,0.19616386604164218,0.018186841853679282,0.25,0.0,0.0,0.23429850746268657,0.9723451496670446,0.07353280224228961,0.26296296296296295,0.1485169270078283,15.069523034667966,0.16400159640789921,,0.0003529808908206189,3.0834255963215904e-05,0.19779599339186626,0.018186841853679282
PPOLag,2021-09-07,25.0,0.0,21.930495676258957,154.97368846349974,0.14172456423192498,0.04436332406208526,0.128,0.0,0.0,0.12812369659402223,0.9634430981963906,0.8606665312240029,1.0592592592592591,0.15469192712771473,33.58409749988836,0.22765214376100248,0.0006765080070806419,0.040805758179596155,0.008484718089373528,0.32352601042379436,0.04436332406208523
PPOLag,2021-09-08,28.0,0.0,29.543314720649096,188.69455683526226,0.15680403766963508,0.030789840025567682,0.12142857142857141,0.0,0.0,0.12764772645063507,0.9759883826644294,0.7171244362178836,1.251851851851852,0.15367222291994648,30.74620211791992,0.1758331693214417,0.0013335048984279782,0.031140980075397735,0.0003881735004858613,0.22151203056162974,0.03078984002556764
PPOLag,2021-09-09,27.0,0.0,28.118163122818448,182.46261251603212,0.1541371111799041,0.025379445361820595,0.11851851851851851,0.0,0.0,0.19418526573394962,0.9691072762976123,0.5684157772777765,1.5629629629629638,0.15330199582119047,34.35900772721608,0.17404210210025475,0.008299616287881732,0.00030993962408196017,0.0003408503415153612,0.2513566951037232,0.025379445361820577
PPOLag,2021-09-10,30.0,0.0,32.19356224786535,194.8227628027825,0.1653132812332984,0.04511751915039841,0.10666666666666666,0.0,0.0,0.1692002030373527,0.9709930326761981,1.1012366545603252,1.2925925925925932,0.15349878546354984,33.360045643433565,0.09278422712862947,0.0830338284942444,0.04420304590122013,0.00027166283585355357,0.09427154493497861,0.04511751915039838
PPOLag,2021-09-13,25.0,0.0,56.675103763264794,307.7378487222251,0.1841588444006633,0.12378820684191086,0.536,0.0,0.0,0.3111538567362728,0.9121405412832402,5.201118707625097,2.1592592592592594,0.17992187501173854,34.612,0.23778611308638925,0.3462737844892497,0.11710964568129897,0.0284646269604995,-0.014015541054556017,0.11774915372899422
