method,date,focal,s,gain_kwh,gain_pct,e_i
EDF,2019-11-01,7,0.5,0.0,0.0,8.995
LLF,2019-11-01,7,0.5,1.7763568394002505e-15,1.974826947637855e-14,8.995
MPC,2019-11-01,7,0.5,0.0,0.0,8.995
PPOLag,2019-11-01,7,0.5,0.004426789343689208,0.049213889312831674,8.995
EDF,2019-11-01,7,1.0,-1.7763568394002505e-15,-1.974826947637855e-14,8.995
LLF,2019-11-01,7,1.0,0.0,0.0,8.995
MPC,2019-11-01,7,1.0,0.0,0.0,8.995
PPOLag,2019-11-01,7,1.0,0.005800389399482952,0.0644845958808555,8.995
EDF,2019-11-01,7,2.0,0.0,0.0,8.995
LLF,2019-11-01,7,2.0,1.7763568394002505e-15,1.974826947637855e-14,8.995
MPC,2019-11-01,7,2.0,1.7763568394002505e-15,1.974826947637855e-14,8.995
PPOLag,2019-11-01,7,2.0,0.004478469912860916,0.04978843705237261,8.995
EDF,2019-11-01,11,0.5,0.0,0.0,6.514
LLF,2019-11-01,11,0.5,0.0,0.0,6.514
MPC,2019-11-01,11,0.5,8.881784197001252e-16,1.363491586889968e-14,6.514
PPOLag,2019-11-01,11,0.5,0.0019136388781870294,0.029377323889883778,6.514
EDF,2019-11-01,11,1.0,0.0,0.0,6.514
LLF,2019-11-01,11,1.0,0.0,0.0,6.514
MPC,2019-11-01,11,1.0,8.881784197001252e-16,1.363491586889968e-14,6.514
PPOLag,2019-11-01,11,1.0,0.000168807490495837,0.0025914567162394386,6.514
EDF,2019-11-01,11,2.0,0.0,0.0,6.514
LLF,2019-11-01,11,2.0,0.0,0.0,6.514
MPC,2019-11-01,11,2.0,8.881784197001252e-16,1.363491586889968e-14,6.514
PPOLag,2019-11-01,11,2.0,-0.0008830731823776361,-0.013556542560295304,6.514
EDF,2019-11-01,3,0.5,0.0,0.0,13.43
LLF,2019-11-01,3,0.5,0.0,0.0,13.43
MPC,2019-11-01,3,0.5,0.0,0.0,13.43
PPOLag,2019-11-01,3,0.5,0.0019159052289325017,0.014265861719527193,13.43
EDF,2019-11-01,3,1.0,0.0,0.0,13.43
LLF,2019-11-01,3,1.0,0.0,0.0,13.43
MPC,2019-11-01,3,1.0,0.0,0.0,13.43
PPOLag,2019-11-01,3,1.0,0.0013727347044650174,0.01022140509653773,13.43
EDF,2019-11-01,3,2.0,0.0,0.0,13.43
LLF,2019-11-01,3,2.0,0.0,0.0,13.43
MPC,2019-11-01,3,2.0,1.7763568394002505e-15,1.322678212509494e-14,13.43
PPOLag,2019-11-01,3,2.0,-0.000205337820390028,-0.001528948774311452,13.43
EDF,2019-11-01,35,0.5,0.0,0.0,17.85
LLF,2019-11-01,35,0.5,0.0,0.0,17.85
MPC,2019-11-01,35,0.5,0.0,0.0,17.85
PPOLag,2019-11-01,35,0.5,0.0023779654804563675,0.013321935464741553,17.85
EDF,2019-11-01,35,1.0,-3.552713678800501e-15,-1.9903157864428575e-14,17.85
LLF,2019-11-01,35,1.0,0.0,0.0,17.85
MPC,2019-11-01,35,1.0,0.0,0.0,17.85
PPOLag,2019-11-01,35,1.0,0.0012963304782715567,0.007262355620568946,17.85
EDF,2019-11-01,35,2.0,-3.552713678800501e-15,-1.9903157864428575e-14,17.85
LLF,2019-11-01,35,2.0,0.0,0.0,17.85
MPC,2019-11-01,35,2.0,0.0,0.0,17.85
PPOLag,2019-11-01,35,2.0,0.00336395558563396,0.018845689555372323,17.85
EDF,2019-11-01,21,0.5,0.0,0.0,5.03
LLF,2019-11-01,21,0.5,0.0,0.0,5.03
MPC,2019-11-01,21,0.5,-8.881784197001252e-16,-1.765762265805418e-14,5.03
PPOLag,2019-11-01,21,0.5,0.005698323176135922,0.11328674306433247,5.03
EDF,2019-11-01,21,1.0,0.0,0.0,5.03
LLF,2019-11-01,21,1.0,8.881784197001252e-16,1.765762265805418e-14,5.03
MPC,2019-11-01,21,1.0,0.0,0.0,5.03
PPOLag,2019-11-01,21,1.0,0.007816306555574037,0.15539376850047787,5.03
EDF,2019-11-01,21,2.0,0.0,0.0,5.03
LLF,2019-11-01,21,2.0,0.0,0.0,5.03
MPC,2019-11-01,21,2.0,-8.881784197001252e-16,-1.765762265805418e-14,5.03
PPOLag,2019-11-01,21,2.0,0.009953231449649458,0.19787736480416415,5.03
EDF,2019-11-04,2,0.5,0.0,0.0,3.204
LLF,2019-11-04,2,0.5,0.0,0.0,3.204
MPC,2019-11-04,2,0.5,0.0,0.0,3.204
PPOLag,2019-11-04,2,0.5,0.0008034632833743948,0.025076881503570375,3.204
EDF,2019-11-04,2,1.0,0.0,0.0,3.204
LLF,2019-11-04,2,1.0,0.0,0.0,3.204
MPC,2019-11-04,2,1.0,0.0,0.0,3.204
PPOLag,2019-11-04,2,1.0,0.0014043317637608688,0.04383057939328554,3.204
EDF,2019-11-04,2,2.0,0.0,0.0,3.204
LLF,2019-11-04,2,2.0,0.0,0.0,3.204
MPC,2019-11-04,2,2.0,0.0,0.0,3.204
PPOLag,2019-11-04,2,2.0,0.0035422963504646355,0.11055856274858411,3.204
EDF,2019-11-04,32,0.5,2.220446049250313e-16,1.5334572163330892e-14,1.448
LLF,2019-11-04,32,0.5,0.0,0.0,1.448
MPC,2019-11-04,32,0.5,0.0,0.0,1.448
PPOLag,2019-11-04,32,0.5,0.12111529710469557,8.36431609839058,1.448
EDF,2019-11-04,32,1.0,2.220446049250313e-16,1.5334572163330892e-14,1.448
LLF,2019-11-04,32,1.0,-2.220446049250313e-16,-1.5334572163330892e-14,1.448
MPC,2019-11-04,32,1.0,0.0,0.0,1.448
PPOLag,2019-11-04,32,1.0,0.13327615912779642,9.204154635897543,1.448
EDF,2019-11-04,32,2.0,2.220446049250313e-16,1.5334572163330892e-14,1.448
LLF,2019-11-04,32,2.0,0.0,0.0,1.448
MPC,2019-11-04,32,2.0,0.0,0.0,1.448
PPOLag,2019-11-04,32,2.0,0.16002162762639036,11.051217377513147,1.448
EDF,2019-11-04,4,0.5,0.0,0.0,4.664
LLF,2019-11-04,4,0.5,0.0,0.0,4.664
MPC,2019-11-04,4,0.5,0.0,0.0,4.664
PPOLag,2019-11-04,4,0.5,0.005324022862329514,0.11415143358339438,4.664
EDF,2019-11-04,4,1.0,0.0,0.0,4.664
LLF,2019-11-04,4,1.0,0.0,0.0,4.664
MPC,2019-11-04,4,1.0,0.0,0.0,4.664
PPOLag,2019-11-04,4,1.0,0.008456918391670242,0.1813232931318663,4.664
EDF,2019-11-04,4,2.0,0.0,0.0,4.664
LLF,2019-11-04,4,2.0,0.0,0.0,4.664
MPC,2019-11-04,4,2.0,0.0,0.0,4.664
PPOLag,2019-11-04,4,2.0,0.012829456136831929,0.2750741024192095,4.664
EDF,2019-11-04,3,0.5,1.9840000000000089,4.582303623807675,43.297
LLF,2019-11-04,3,0.5,0.0,0.0,43.297
MPC,2019-11-04,3,0.5,0.0,0.0,43.297
PPOLag,2019-11-04,3,0.5,0.0032297359040811104,0.007459491198191814,43.297
EDF,2019-11-04,3,1.0,1.9840000000000089,4.582303623807675,43.297
LLF,2019-11-04,3,1.0,7.105427357601002e-15,1.641089996443403e-14,43.297
MPC,2019-11-04,3,1.0,-7.105427357601002e-15,-1.641089996443403e-14,43.297
PPOLag,2019-11-04,3,1.0,0.00404697972724648,0.009347021103648014,43.297
EDF,2019-11-04,3,2.0,3.328000000000003,7.6864447883225235,43.297
LLF,2019-11-04,3,2.0,0.0,0.0,43.297
MPC,2019-11-04,3,2.0,-7.105427357601002e-15,-1.641089996443403e-14,43.297
PPOLag,2019-11-04,3,2.0,0.005012625985438035,0.011577305553359438,43.297
EDF,2019-11-04,28,0.5,0.0,0.0,11.664
LLF,2019-11-04,28,0.5,0.0,0.0,11.664
MPC,2019-11-04,28,0.5,0.0,0.0,11.664
PPOLag,2019-11-04,28,0.5,0.15446754671652094,1.3243102427685267,11.664
EDF,2019-11-04,28,1.0,0.0,0.0,11.664
LLF,2019-11-04,28,1.0,0.0,0.0,11.664
MPC,2019-11-04,28,1.0,0.0,0.0,11.664
PPOLag,2019-11-04,28,1.0,0.16442128747835164,1.4096475263919035,11.664
EDF,2019-11-04,28,2.0,0.0,0.0,11.664
LLF,2019-11-04,28,2.0,0.0,0.0,11.664
MPC,2019-11-04,28,2.0,1.7763568394002505e-15,1.522939677126415e-14,11.664
PPOLag,2019-11-04,28,2.0,0.1654278530739969,1.4182772039951723,11.664
EDF,2019-11-05,4,0.5,0.0,0.0,5.518
LLF,2019-11-05,4,0.5,0.0,0.0,5.518
MPC,2019-11-05,4,0.5,8.881784197001252e-16,1.6096020654224815e-14,5.518
PPOLag,2019-11-05,4,0.5,0.0015448519289979145,0.027996591681730965,5.518
EDF,2019-11-05,4,1.0,0.0,0.0,5.518
LLF,2019-11-05,4,1.0,0.0,0.0,5.518
MPC,2019-11-05,4,1.0,1.7763568394002505e-15,3.219204130844963e-14,5.518
PPOLag,2019-11-05,4,1.0,0.002356312435953534,0.042702291336599016,5.518
EDF,2019-11-05,4,2.0,0.0,0.0,5.518
LLF,2019-11-05,4,2.0,0.0,0.0,5.518
MPC,2019-11-05,4,2.0,8.881784197001252e-16,1.6096020654224815e-14,5.518
PPOLag,2019-11-05,4,2.0,0.0025820456630180288,0.046793143584958855,5.518
EDF,2019-11-05,13,0.5,0.0,0.0,6.652
LLF,2019-11-05,13,0.5,0.0,0.0,6.652
MPC,2019-11-05,13,0.5,0.0,0.0,6.652
PPOLag,2019-11-05,13,0.5,6.9867511589549736e-06,0.00010503233852908883,6.652
EDF,2019-11-05,13,1.0,0.0,0.0,6.652
LLF,2019-11-05,13,1.0,0.0,0.0,6.652
MPC,2019-11-05,13,1.0,0.0,0.0,6.652
PPOLag,2019-11-05,13,1.0,4.479631743947721e-05,0.0006734262994509508,6.652
EDF,2019-11-05,13,2.0,0.0,0.0,6.652
LLF,2019-11-05,13,2.0,0.0,0.0,6.652
MPC,2019-11-05,13,2.0,-8.881784197001252e-16,-1.335205080727789e-14,6.652
PPOLag,2019-11-05,13,2.0,0.0002460589855056483,0.003699022632375952,6.652
EDF,2019-11-05,7,0.5,0.0,0.0,17.383
LLF,2019-11-05,7,0.5,0.0,0.0,17.383
MPC,2019-11-05,7,0.5,0.0,0.0,17.383
PPOLag,2019-11-05,7,0.5,0.0034108217614267746,0.01962159443954884,17.383
EDF,2019-11-05,7,1.0,0.0,0.0,17.383
LLF,2019-11-05,7,1.0,0.0,0.0,17.383
MPC,2019-11-05,7,1.0,0.0,0.0,17.383
PPOLag,2019-11-05,7,1.0,0.0054897488536148845,0.03158113590067816,17.383
EDF,2019-11-05,7,2.0,0.0,0.0,17.383
LLF,2019-11-05,7,2.0,0.0,0.0,17.383
MPC,2019-11-05,7,2.0,0.0,0.0,17.383
PPOLag,2019-11-05,7,2.0,0.007628302677525056,0.043883694860064756,17.383
EDF,2019-11-05,26,0.5,0.0,0.0,6.564
LLF,2019-11-05,26,0.5,8.881784197001252e-16,1.353105453534621e-14,6.564
MPC,2019-11-05,26,0.5,0.0,0.0,6.564
PPOLag,2019-11-05,26,0.5,0.007878982149915004,0.12003324420955215,6.564
EDF,2019-11-05,26,1.0,0.0,0.0,6.564
LLF,2019-11-05,26,1.0,8.881784197001252e-16,1.353105453534621e-14,6.564
MPC,2019-11-05,26,1.0,8.881784197001252e-16,1.353105453534621e-14,6.564
PPOLag,2019-11-05,26,1.0,0.01053148626769751,0.16044311803317352,6.564
EDF,2019-11-05,26,2.0,0.0,0.0,6.564
LLF,2019-11-05,26,2.0,8.881784197001252e-16,1.353105453534621e-14,6.564
MPC,2019-11-05,26,2.0,-8.881784197001252e-16,-1.353105453534621e-14,6.564
PPOLag,2019-11-05,26,2.0,0.011708517641165983,0.17837473554488092,6.564
EDF,2019-11-05,18,0.5,0.0,0.0,11.609
LLF,2019-11-05,18,0.5,0.0,0.0,11.609
MPC,2019-11-05,18,0.5,1.7763568394002505e-15,1.530154913774012e-14,11.609
PPOLag,2019-11-05,18,0.5,0.0025300622931997197,0.021793972721162194,11.609
EDF,2019-11-05,18,1.0,0.0,0.0,11.609
LLF,2019-11-05,18,1.0,1.7763568394002505e-15,1.530154913774012e-14,11.609
MPC,2019-11-05,18,1.0,0.0,0.0,11.609
PPOLag,2019-11-05,18,1.0,0.0015632137933604185,0.013465533580501487,11.609
EDF,2019-11-05,18,2.0,1.7763568394002505e-15,1.530154913774012e-14,11.609
LLF,2019-11-05,18,2.0,0.0,0.0,11.609
MPC,2019-11-05,18,2.0,0.0,0.0,11.609
PPOLag,2019-11-05,18,2.0,0.003808882353953891,0.032809736876164106,11.609
EDF,2019-11-06,15,0.5,0.0,0.0,4.137
LLF,2019-11-06,15,0.5,0.0,0.0,4.137
MPC,2019-11-06,15,0.5,0.0,0.0,4.137
PPOLag,2019-11-06,15,0.5,0.000289661261538221,0.007001722541412162,4.137
EDF,2019-11-06,15,1.0,0.0,0.0,4.137
LLF,2019-11-06,15,1.0,0.0,0.0,4.137
MPC,2019-11-06,15,1.0,0.0,0.0,4.137
PPOLag,2019-11-06,15,1.0,0.00040668279821662876,0.009830379458946794,4.137
EDF,2019-11-06,15,2.0,0.0,0.0,4.137
LLF,2019-11-06,15,2.0,0.0,0.0,4.137
MPC,2019-11-06,15,2.0,0.0,0.0,4.137
PPOLag,2019-11-06,15,2.0,0.00025521941739548026,0.006169190654954804,4.137
EDF,2019-11-06,1,0.5,0.0,0.0,0.892
LLF,2019-11-06,1,0.5,0.0,0.0,0.892
MPC,2019-11-06,1,0.5,0.0,0.0,0.892
PPOLag,2019-11-06,1,0.5,0.0006105902146654075,0.0684518177876017,0.892
EDF,2019-11-06,1,1.0,0.0,0.0,0.892
LLF,2019-11-06,1,1.0,0.0,0.0,0.892
MPC,2019-11-06,1,1.0,0.0,0.0,0.892
PPOLag,2019-11-06,1,1.0,0.0004463233134887279,0.050036245906808066,0.892
EDF,2019-11-06,1,2.0,0.0,0.0,0.892
LLF,2019-11-06,1,2.0,0.0,0.0,0.892
MPC,2019-11-06,1,2.0,0.0,0.0,0.892
PPOLag,2019-11-06,1,2.0,-0.0007009585337400814,-0.07858279526234098,0.892
EDF,2019-11-06,20,0.5,0.0,0.0,11.841
LLF,2019-11-06,20,0.5,0.0,0.0,11.841
MPC,2019-11-06,20,0.5,0.0,0.0,11.841
PPOLag,2019-11-06,20,0.5,0.004747851827490379,0.04009671334760898,11.841
EDF,2019-11-06,20,1.0,-1.7763568394002505e-15,-1.5001746806859644e-14,11.841
LLF,2019-11-06,20,1.0,-1.7763568394002505e-15,-1.5001746806859644e-14,11.841
MPC,2019-11-06,20,1.0,-1.7763568394002505e-15,-1.5001746806859644e-14,11.841
PPOLag,2019-11-06,20,1.0,0.0068961553176531964,0.05823963615955744,11.841
EDF,2019-11-06,20,2.0,-1.7763568394002505e-15,-1.5001746806859644e-14,11.841
LLF,2019-11-06,20,2.0,-1.7763568394002505e-15,-1.5001746806859644e-14,11.841
MPC,2019-11-06,20,2.0,-3.552713678800501e-15,-3.000349361371929e-14,11.841
PPOLag,2019-11-06,20,2.0,0.01104291647497746,0.09325999894415557,11.841
EDF,2019-11-06,6,0.5,0.0,0.0,16.297
LLF,2019-11-06,6,0.5,0.0,0.0,16.297
MPC,2019-11-06,6,0.5,-3.552713678800501e-15,-2.179980167393079e-14,16.297
PPOLag,2019-11-06,6,0.5,0.0022255409520731463,0.013656138872633897,16.297
EDF,2019-11-06,6,1.0,0.0,0.0,16.297
LLF,2019-11-06,6,1.0,0.0,0.0,16.297
MPC,2019-11-06,6,1.0,-3.552713678800501e-15,-2.179980167393079e-14,16.297
PPOLag,2019-11-06,6,1.0,0.003879832615805867,0.023807035747719623,16.297
EDF,2019-11-06,6,2.0,3.552713678800501e-15,2.179980167393079e-14,16.297
LLF,2019-11-06,6,2.0,0.0,0.0,16.297
MPC,2019-11-06,6,2.0,-3.552713678800501e-15,-2.179980167393079e-14,16.297
PPOLag,2019-11-06,6,2.0,0.0027142157478621696,0.01665469563638811,16.297
EDF,2019-11-06,16,0.5,0.0,0.0,7.893
LLF,2019-11-06,16,0.5,0.0,0.0,7.893
MPC,2019-11-06,16,0.5,0.0,0.0,7.893
PPOLag,2019-11-06,16,0.5,0.00024301037317293607,0.0030788087314447743,7.893
EDF,2019-11-06,16,1.0,0.0,0.0,7.893
LLF,2019-11-06,16,1.0,0.0,0.0,7.893
MPC,2019-11-06,16,1.0,0.0,0.0,7.893
PPOLag,2019-11-06,16,1.0,0.00019209814963723205,0.002433778660043482,7.893
EDF,2019-11-06,16,2.0,0.0,0.0,7.893
LLF,2019-11-06,16,2.0,0.0,0.0,7.893
MPC,2019-11-06,16,2.0,0.0,0.0,7.893
PPOLag,2019-11-06,16,2.0,0.001795814093060777,0.022751983948571856,7.893
EDF,2019-11-07,19,0.5,0.0,0.0,0.839
LLF,2019-11-07,19,0.5,0.0,0.0,0.839
MPC,2019-11-07,19,0.5,1.1102230246251565e-16,1.3232693976461938e-14,0.839
PPOLag,2019-11-07,19,0.5,0.0027440551434058102,0.327062591585913,0.839
EDF,2019-11-07,19,1.0,0.0,0.0,0.839
LLF,2019-11-07,19,1.0,0.0,0.0,0.839
MPC,2019-11-07,19,1.0,1.1102230246251565e-16,1.3232693976461938e-14,0.839
PPOLag,2019-11-07,19,1.0,0.004897063728417139,0.5836786327076448,0.839
EDF,2019-11-07,19,2.0,0.0,0.0,0.839
LLF,2019-11-07,19,2.0,0.0,0.0,0.839
MPC,2019-11-07,19,2.0,1.1102230246251565e-16,1.3232693976461938e-14,0.839
PPOLag,2019-11-07,19,2.0,0.006496688435844655,0.774337119886133,0.839
EDF,2019-11-07,15,0.5,8.881784197001252e-16,1.9584970665934403e-14,4.535
LLF,2019-11-07,15,0.5,0.0,0.0,4.535
MPC,2019-11-07,15,0.5,0.0,0.0,4.535
PPOLag,2019-11-07,15,0.5,-0.0011620212632777794,-0.025623401615827553,4.535
EDF,2019-11-07,15,1.0,8.881784197001252e-16,1.9584970665934403e-14,4.535
LLF,2019-11-07,15,1.0,0.0,0.0,4.535
MPC,2019-11-07,15,1.0,0.0,0.0,4.535
PPOLag,2019-11-07,15,1.0,-0.00028392861196682164,-0.00626082937082297,4.535
EDF,2019-11-07,15,2.0,8.881784197001252e-16,1.9584970665934403e-14,4.535
LLF,2019-11-07,15,2.0,0.0,0.0,4.535
MPC,2019-11-07,15,2.0,0.0,0.0,4.535
PPOLag,2019-11-07,15,2.0,0.0015967073043954727,0.035208540339481204,4.535
EDF,2019-11-07,5,0.5,0.0,0.0,10.459
LLF,2019-11-07,5,0.5,0.0,0.0,10.459
MPC,2019-11-07,5,0.5,1.7763568394002505e-15,1.6984002671385894e-14,10.459
PPOLag,2019-11-07,5,0.5,0.0026053176062188045,0.024909815529389086,10.459
EDF,2019-11-07,5,1.0,0.0,0.0,10.459
LLF,2019-11-07,5,1.0,0.0,0.0,10.459
MPC,2019-11-07,5,1.0,0.0,0.0,10.459
PPOLag,2019-11-07,5,1.0,0.004225855267963397,0.04040400868116834,10.459
EDF,2019-11-07,5,2.0,0.0,0.0,10.459
LLF,2019-11-07,5,2.0,0.0,0.0,10.459
MPC,2019-11-07,5,2.0,0.0,0.0,10.459
PPOLag,2019-11-07,5,2.0,0.006472775364425943,0.06188713418516054,10.459
EDF,2019-11-07,41,0.5,0.0,0.0,18.304
LLF,2019-11-07,41,0.5,0.0,0.0,18.304
MPC,2019-11-07,41,0.5,0.0,0.0,18.304
PPOLag,2019-11-07,41,0.5,0.03639795714385201,0.19885247565478592,18.304
EDF,2019-11-07,41,1.0,0.0,0.0,18.304
LLF,2019-11-07,41,1.0,0.0,0.0,18.304
MPC,2019-11-07,41,1.0,0.0,0.0,18.304
PPOLag,2019-11-07,41,1.0,0.05490225045021972,0.2999467354142249,18.304
EDF,2019-11-07,41,2.0,0.0,0.0,18.304
LLF,2019-11-07,41,2.0,0.0,0.0,18.304
MPC,2019-11-07,41,2.0,0.0,0.0,18.304
PPOLag,2019-11-07,41,2.0,0.06937888090014965,0.379036718204489,18.304
EDF,2019-11-07,24,0.5,0.0,0.0,0.991
LLF,2019-11-07,24,0.5,0.0,0.0,0.991
MPC,2019-11-07,24,0.5,0.0,0.0,0.991
PPOLag,2019-11-07,24,0.5,0.002866897210510033,0.28929336130272787,0.991
EDF,2019-11-07,24,1.0,0.0,0.0,0.991
LLF,2019-11-07,24,1.0,0.0,0.0,0.991
MPC,2019-11-07,24,1.0,0.0,0.0,0.991
PPOLag,2019-11-07,24,1.0,0.004493556700400414,0.453436599434956,0.991
EDF,2019-11-07,24,2.0,1.1102230246251565e-16,1.1203057766146887e-14,0.991
LLF,2019-11-07,24,2.0,-1.1102230246251565e-16,-1.1203057766146887e-14,0.991
MPC,2019-11-07,24,2.0,-1.1102230246251565e-16,-1.1203057766146887e-14,0.991
PPOLag,2019-11-07,24,2.0,0.0062598350674800685,0.6316685234591392,0.991
EDF,2019-11-08,9,0.5,0.0,0.0,42.376
LLF,2019-11-08,9,0.5,0.0,0.0,42.376
MPC,2019-11-08,9,0.5,1.0929999999999822,2.57929016424387,42.376
PPOLag,2019-11-08,9,0.5,0.3289594861116285,0.7762872524816606,42.376
EDF,2019-11-08,9,1.0,-1.4210854715202004e-14,-3.353514894091468e-14,42.376
LLF,2019-11-08,9,1.0,0.0,0.0,42.376
MPC,2019-11-08,9,1.0,1.0929999999999822,2.57929016424387,42.376
PPOLag,2019-11-08,9,1.0,0.4381695227137016,1.0340039709120767,42.376
EDF,2019-11-08,9,2.0,-1.4210854715202004e-14,-3.353514894091468e-14,42.376
LLF,2019-11-08,9,2.0,0.0,0.0,42.376
MPC,2019-11-08,9,2.0,1.0929999999999822,2.57929016424387,42.376
PPOLag,2019-11-08,9,2.0,0.5112048304838709,1.2063546122424742,42.376
EDF,2019-11-08,28,0.5,0.0,0.0,8.059
LLF,2019-11-08,28,0.5,0.0,0.0,8.059
MPC,2019-11-08,28,0.5,0.0,0.0,8.059
PPOLag,2019-11-08,28,0.5,0.0027429505004590736,0.03403586673854168,8.059
EDF,2019-11-08,28,1.0,0.0,0.0,8.059
LLF,2019-11-08,28,1.0,0.0,0.0,8.059
MPC,2019-11-08,28,1.0,0.0,0.0,8.059
PPOLag,2019-11-08,28,1.0,-0.0026998004310302194,-0.03350043964549224,8.059
EDF,2019-11-08,28,2.0,0.0,0.0,8.059
LLF,2019-11-08,28,2.0,0.0,0.0,8.059
MPC,2019-11-08,28,2.0,0.0,0.0,8.059
PPOLag,2019-11-08,28,2.0,-0.008527308532003453,-0.10581100052119934,8.059
EDF,2019-11-08,29,0.5,10.104626944444433,23.3557390542817,43.263999999999996
LLF,2019-11-08,29,0.5,1.3309999999999746,3.07646079881651,43.263999999999996
MPC,2019-11-08,29,0.5,1.470000000000006,3.397744082840251,43.263999999999996
PPOLag,2019-11-08,29,0.5,0.12378841796317915,0.2861233773187388,43.263999999999996
EDF,2019-11-08,29,1.0,15.775626944444433,36.46363476434087,43.263999999999996
LLF,2019-11-08,29,1.0,1.3309999999999746,3.07646079881651,43.263999999999996
MPC,2019-11-08,29,1.0,-0.519999999999996,-1.2019230769230678,43.263999999999996
PPOLag,2019-11-08,29,1.0,0.200757407648355,0.4640287713765603,43.263999999999996
EDF,2019-11-08,29,2.0,20.753626944444406,47.96973683534672,43.263999999999996
LLF,2019-11-08,29,2.0,1.3309999999999746,3.07646079881651,43.263999999999996
MPC,2019-11-08,29,2.0,-0.35899999999999466,-0.8297892011834197,43.263999999999996
PPOLag,2019-11-08,29,2.0,0.27698279529047765,0.6402154107120878,43.263999999999996
EDF,2019-11-08,8,0.5,0.0,0.0,31.896
LLF,2019-11-08,8,0.5,0.0,0.0,31.896
MPC,2019-11-08,8,0.5,0.3330000000000055,1.0440180586907621,31.896
PPOLag,2019-11-08,8,0.5,0.09121368754082156,0.28597218316033846,31.896
EDF,2019-11-08,8,1.0,0.0,0.0,31.896
LLF,2019-11-08,8,1.0,0.0,0.0,31.896
MPC,2019-11-08,8,1.0,0.3330000000000055,1.0440180586907621,31.896
PPOLag,2019-11-08,8,1.0,0.14792918527986174,0.4637860085272815,31.896
EDF,2019-11-08,8,2.0,0.0,0.0,31.896
LLF,2019-11-08,8,2.0,0.0,0.0,31.896
MPC,2019-11-08,8,2.0,0.3330000000000055,1.0440180586907621,31.896
PPOLag,2019-11-08,8,2.0,0.20546797231915762,0.644181001753065,31.896
EDF,2019-11-08,23,0.5,0.0,0.0,4.123
LLF,2019-11-08,23,0.5,0.0,0.0,4.123
MPC,2019-11-08,23,0.5,0.0,0.0,4.123
PPOLag,2019-11-08,23,0.5,0.006552861988041414,0.15893431938009736,4.123
EDF,2019-11-08,23,1.0,0.0,0.0,4.123
LLF,2019-11-08,23,1.0,0.0,0.0,4.123
MPC,2019-11-08,23,1.0,0.0,0.0,4.123
PPOLag,2019-11-08,23,1.0,0.012520077543118013,0.303664262505894,4.123
EDF,2019-11-08,23,2.0,0.0,0.0,4.123
LLF,2019-11-08,23,2.0,0.0,0.0,4.123
MPC,2019-11-08,23,2.0,0.0,0.0,4.123
PPOLag,2019-11-08,23,2.0,0.023790478759454725,0.5770186456331488,4.123
EDF,2019-11-11,6,0.5,0.0,0.0,5.08
LLF,2019-11-11,6,0.5,0.0,0.0,5.08
MPC,2019-11-11,6,0.5,0.0,0.0,5.08
PPOLag,2019-11-11,6,0.5,0.01286124127433208,0.25317404083330863,5.08
EDF,2019-11-11,6,1.0,0.0,0.0,5.08
LLF,2019-11-11,6,1.0,0.0,0.0,5.08
MPC,2019-11-11,6,1.0,0.0,0.0,5.08
PPOLag,2019-11-11,6,1.0,0.013211620125151669,0.26007126230613525,5.08
EDF,2019-11-11,6,2.0,0.0,0.0,5.08
LLF,2019-11-11,6,2.0,0.0,0.0,5.08
MPC,2019-11-11,6,2.0,0.0,0.0,5.08
PPOLag,2019-11-11,6,2.0,0.0124427063150927,0.24493516368292717,5.08
EDF,2019-11-11,1,0.5,0.0,0.0,3.923
LLF,2019-11-11,1,0.5,0.0,0.0,3.923
MPC,2019-11-11,1,0.5,-4.440892098500626e-16,-1.1320142998981968e-14,3.923
PPOLag,2019-11-11,1,0.5,0.004694911053236694,0.11967654991681606,3.923
EDF,2019-11-11,1,1.0,0.0,0.0,3.923
LLF,2019-11-11,1,1.0,0.0,0.0,3.923
MPC,2019-11-11,1,1.0,-4.440892098500626e-16,-1.1320142998981968e-14,3.923
PPOLag,2019-11-11,1,1.0,0.004097349122938266,0.1044442804725533,3.923
EDF,2019-11-11,1,2.0,0.0,0.0,3.923
LLF,2019-11-11,1,2.0,0.0,0.0,3.923
MPC,2019-11-11,1,2.0,-4.440892098500626e-16,-1.1320142998981968e-14,3.923
PPOLag,2019-11-11,1,2.0,0.021044469176916623,0.5364381640814841,3.923
EDF,2019-11-11,8,0.5,0.0,0.0,16.748
LLF,2019-11-11,8,0.5,0.0,0.0,16.748
MPC,2019-11-11,8,0.5,0.0,0.0,16.748
PPOLag,2019-11-11,8,0.5,-0.0023940441613554244,-0.014294507770213901,16.748
EDF,2019-11-11,8,1.0,0.0,0.0,16.748
LLF,2019-11-11,8,1.0,3.552713678800501e-15,2.121276378552962e-14,16.748
MPC,2019-11-11,8,1.0,0.0,0.0,16.748
PPOLag,2019-11-11,8,1.0,0.001653279360097315,0.009871503224846638,16.748
EDF,2019-11-11,8,2.0,0.0,0.0,16.748
LLF,2019-11-11,8,2.0,7.105427357601002e-15,4.242552757105924e-14,16.748
MPC,2019-11-11,8,2.0,0.0,0.0,16.748
PPOLag,2019-11-11,8,2.0,0.003842151889084988,0.022940959452382302,16.748
EDF,2019-11-11,9,0.5,0.0,0.0,2.351
LLF,2019-11-11,9,0.5,0.0,0.0,2.351
MPC,2019-11-11,9,0.5,0.0,0.0,2.351
PPOLag,2019-11-11,9,0.5,0.0045396752873502425,0.1930955035027751,2.351
EDF,2019-11-11,9,1.0,0.0,0.0,2.351
LLF,2019-11-11,9,1.0,0.0,0.0,2.351
MPC,2019-11-11,9,1.0,0.0,0.0,2.351
PPOLag,2019-11-11,9,1.0,0.002644789442822937,0.11249636081764938,2.351
EDF,2019-11-11,9,2.0,0.0,0.0,2.351
LLF,2019-11-11,9,2.0,0.0,0.0,2.351
MPC,2019-11-11,9,2.0,0.0,0.0,2.351
PPOLag,2019-11-11,9,2.0,0.0012875386883571594,0.05476557585525986,2.351
EDF,2019-11-11,14,0.5,0.0,0.0,44.298
LLF,2019-11-11,14,0.5,0.0,0.0,44.298
MPC,2019-11-11,14,0.5,0.0,0.0,44.298
PPOLag,2019-11-11,14,0.5,0.0034822981335054237,0.007861073036040958,44.298
EDF,2019-11-11,14,1.0,1.063999999999993,2.4019143076436698,44.298
LLF,2019-11-11,14,1.0,0.0,0.0,44.298
MPC,2019-11-11,14,1.0,0.0,0.0,44.298
PPOLag,2019-11-11,14,1.0,0.008232822769325309,0.01858508909956501,44.298
EDF,2019-11-11,14,2.0,23.04399999999996,52.02040724186184,44.298
LLF,2019-11-11,14,2.0,0.0,0.0,44.298
MPC,2019-11-11,14,2.0,0.0,0.0,44.298
PPOLag,2019-11-11,14,2.0,0.007750228610514398,0.01749566258186464,44.298
EDF,2019-11-12,29,0.5,0.0,0.0,1.94
LLF,2019-11-12,29,0.5,0.0,0.0,1.94
MPC,2019-11-12,29,0.5,0.0,0.0,1.94
PPOLag,2019-11-12,29,0.5,0.008548541087054985,0.4406464477863393,1.94
EDF,2019-11-12,29,1.0,0.0,0.0,1.94
LLF,2019-11-12,29,1.0,0.0,0.0,1.94
MPC,2019-11-12,29,1.0,0.0,0.0,1.94
PPOLag,2019-11-12,29,1.0,0.00716073958753376,0.3691102880172041,1.94
EDF,2019-11-12,29,2.0,-4.440892098500626e-16,-2.2891196384023847e-14,1.94
LLF,2019-11-12,29,2.0,0.0,0.0,1.94
MPC,2019-11-12,29,2.0,0.0,0.0,1.94
PPOLag,2019-11-12,29,2.0,0.007555084976385684,0.3894373699167879,1.94
EDF,2019-11-12,8,0.5,0.0,0.0,10.911
LLF,2019-11-12,8,0.5,0.0,0.0,10.911
MPC,2019-11-12,8,0.5,0.5940000000000012,5.444047291723959,10.911
PPOLag,2019-11-12,8,0.5,0.1942544218836293,1.7803539719881705,10.911
EDF,2019-11-12,8,1.0,0.0,0.0,10.911
LLF,2019-11-12,8,1.0,1.7763568394002505e-15,1.628042195399368e-14,10.911
MPC,2019-11-12,8,1.0,0.5939999999999994,5.444047291723943,10.911
PPOLag,2019-11-12,8,1.0,0.25138451207922935,2.3039548352967585,10.911
EDF,2019-11-12,8,2.0,0.0,0.0,10.911
LLF,2019-11-12,8,2.0,0.0,0.0,10.911
MPC,2019-11-12,8,2.0,0.5939999999999994,5.444047291723943,10.911
PPOLag,2019-11-12,8,2.0,0.33552172825973975,3.075077703782786,10.911
EDF,2019-11-12,10,0.5,0.0,0.0,16.15
LLF,2019-11-12,10,0.5,2.9599999999999973,18.328173374612987,16.15
MPC,2019-11-12,10,0.5,0.6109999999999989,3.7832817337461235,16.15
PPOLag,2019-11-12,10,0.5,1.7647527966068768,10.927261898494596,16.15
EDF,2019-11-12,10,1.0,3.552713678800501e-15,2.1998227113315797e-14,16.15
LLF,2019-11-12,10,1.0,2.9599999999999937,18.328173374612966,16.15
MPC,2019-11-12,10,1.0,-1.1550000000000011,-7.151702786377717,16.15
PPOLag,2019-11-12,10,1.0,2.124078145331787,13.152186658401158,16.15
EDF,2019-11-12,10,2.0,3.552713678800501e-15,2.1998227113315797e-14,16.15
LLF,2019-11-12,10,2.0,2.9599999999999973,18.328173374612987,16.15
MPC,2019-11-12,10,2.0,4.501999999999999,27.87616099071207,16.15
PPOLag,2019-11-12,10,2.0,2.5572479600182185,15.834352693611262,16.15
EDF,2019-11-12,21,0.5,0.0,0.0,16.551
LLF,2019-11-12,21,0.5,1.8439999999999994,11.141320766116849,16.551
MPC,2019-11-12,21,0.5,1.0089999999999986,6.096308380158291,16.551
PPOLag,2019-11-12,21,0.5,2.6017073869043394,15.719336516852996,16.551
EDF,2019-11-12,21,1.0,0.0,0.0,16.551
LLF,2019-11-12,21,1.0,3.102000000000002,18.742069965561008,16.551
MPC,2019-11-12,21,1.0,1.0089999999999986,6.096308380158291,16.551
PPOLag,2019-11-12,21,1.0,3.051342640515945,18.436001694857985,16.551
EDF,2019-11-12,21,2.0,0.0,0.0,16.551
LLF,2019-11-12,21,2.0,3.817999999999996,23.068092562382915,16.551
MPC,2019-11-12,21,2.0,1.0089999999999986,6.096308380158291,16.551
PPOLag,2019-11-12,21,2.0,3.6160416422602273,21.847874099814078,16.551
EDF,2019-11-12,12,0.5,0.0,0.0,1.856
LLF,2019-11-12,12,0.5,1.6639999999999997,89.65517241379308,1.856
MPC,2019-11-12,12,0.5,1.4500000000000526,78.12500000000283,1.856
PPOLag,2019-11-12,12,0.5,0.2776069598762288,14.95727154505543,1.856
EDF,2019-11-12,12,1.0,-2.220446049250313e-16,-1.1963610179150392e-14,1.856
LLF,2019-11-12,12,1.0,1.8559999999999999,99.99999999999999,1.856
MPC,2019-11-12,12,1.0,1.856,100.00000000000001,1.856
PPOLag,2019-11-12,12,1.0,0.521622328568666,28.10465132374278,1.856
EDF,2019-11-12,12,2.0,-2.220446049250313e-16,-1.1963610179150392e-14,1.856
LLF,2019-11-12,12,2.0,1.856,100.00000000000001,1.856
MPC,2019-11-12,12,2.0,1.856,100.00000000000001,1.856
PPOLag,2019-11-12,12,2.0,1.0623452510118412,57.23842947262076,1.856
EDF,2019-11-13,29,0.5,0.0,0.0,4.142
LLF,2019-11-13,29,0.5,0.0,0.0,4.142
MPC,2019-11-13,29,0.5,0.0,0.0,4.142
PPOLag,2019-11-13,29,0.5,0.0031766547553873535,0.07669374107646917,4.142
EDF,2019-11-13,29,1.0,0.0,0.0,4.142
LLF,2019-11-13,29,1.0,0.0,0.0,4.142
MPC,2019-11-13,29,1.0,0.0,0.0,4.142
PPOLag,2019-11-13,29,1.0,0.0037793474883514476,0.09124450720307696,4.142
EDF,2019-11-13,29,2.0,0.0,0.0,4.142
LLF,2019-11-13,29,2.0,0.0,0.0,4.142
MPC,2019-11-13,29,2.0,0.0,0.0,4.142
PPOLag,2019-11-13,29,2.0,0.004012793063444775,0.09688056647621378,4.142
EDF,2019-11-13,12,0.5,1.7763568394002505e-15,3.9457059960023334e-14,4.502
LLF,2019-11-13,12,0.5,0.0,0.0,4.502
MPC,2019-11-13,12,0.5,0.0,0.0,4.502
PPOLag,2019-11-13,12,0.5,0.0041898599760545,0.09306663651831408,4.502
EDF,2019-11-13,12,1.0,1.7763568394002505e-15,3.9457059960023334e-14,4.502
LLF,2019-11-13,12,1.0,8.881784197001252e-16,1.9728529980011667e-14,4.502
MPC,2019-11-13,12,1.0,0.0,0.0,4.502
PPOLag,2019-11-13,12,1.0,0.006679803836580867,0.14837414119459943,4.502
EDF,2019-11-13,12,2.0,8.881784197001252e-16,1.9728529980011667e-14,4.502
LLF,2019-11-13,12,2.0,8.881784197001252e-16,1.9728529980011667e-14,4.502
MPC,2019-11-13,12,2.0,0.0,0.0,4.502
PPOLag,2019-11-13,12,2.0,0.008945953052468347,0.19871064088112725,4.502
EDF,2019-11-13,32,0.5,0.0,0.0,9.873
LLF,2019-11-13,32,0.5,0.0,0.0,9.873
MPC,2019-11-13,32,0.5,1.7763568394002505e-15,1.7992067653198123e-14,9.873
PPOLag,2019-11-13,32,0.5,0.002974184977194838,0.03012443003337221,9.873
EDF,2019-11-13,32,1.0,0.0,0.0,9.873
LLF,2019-11-13,32,1.0,0.0,0.0,9.873
MPC,2019-11-13,32,1.0,0.0,0.0,9.873
PPOLag,2019-11-13,32,1.0,0.004390825729213077,0.04447306522043023,9.873
EDF,2019-11-13,32,2.0,0.0,0.0,9.873
LLF,2019-11-13,32,2.0,0.0,0.0,9.873
MPC,2019-11-13,32,2.0,3.552713678800501e-15,3.598413530639625e-14,9.873
PPOLag,2019-11-13,32,2.0,0.004672410624067425,0.047325135461029316,9.873
EDF,2019-11-13,11,0.5,0.0,0.0,7.897
LLF,2019-11-13,11,0.5,8.881784197001252e-16,1.1247035832596242e-14,7.897
MPC,2019-11-13,11,0.5,0.0,0.0,7.897
PPOLag,2019-11-13,11,0.5,0.0035820244898017604,0.04535930720275751,7.897
EDF,2019-11-13,11,1.0,0.0,0.0,7.897
LLF,2019-11-13,11,1.0,0.0,0.0,7.897
MPC,2019-11-13,11,1.0,-8.881784197001252e-16,-1.1247035832596242e-14,7.897
PPOLag,2019-11-13,11,1.0,0.00509621099012243,0.06453350626975345,7.897
EDF,2019-11-13,11,2.0,0.0,0.0,7.897
LLF,2019-11-13,11,2.0,0.0,0.0,7.897
MPC,2019-11-13,11,2.0,8.881784197001252e-16,1.1247035832596242e-14,7.897
PPOLag,2019-11-13,11,2.0,0.007447545227963559,0.09430853777337671,7.897
EDF,2019-11-13,6,0.5,0.0,0.0,0.589
LLF,2019-11-13,6,0.5,0.0,0.0,0.589
MPC,2019-11-13,6,0.5,0.0,0.0,0.589
PPOLag,2019-11-13,6,0.5,0.0008053622184480469,0.13673382316605212,0.589
EDF,2019-11-13,6,1.0,0.0,0.0,0.589
LLF,2019-11-13,6,1.0,0.0,0.0,0.589
MPC,2019-11-13,6,1.0,0.0,0.0,0.589
PPOLag,2019-11-13,6,1.0,0.0012689936165125148,0.21544883132640322,0.589
EDF,2019-11-13,6,2.0,0.0,0.0,0.589
LLF,2019-11-13,6,2.0,0.0,0.0,0.589
MPC,2019-11-13,6,2.0,0.0,0.0,0.589
PPOLag,2019-11-13,6,2.0,0.0016634573959341426,0.28242061051513456,0.589
EDF,2019-11-14,16,0.5,0.0,0.0,25.039
LLF,2019-11-14,16,0.5,3.552713678800501e-15,1.4188720311516038e-14,25.039
MPC,2019-11-14,16,0.5,3.552713678800501e-15,1.4188720311516038e-14,25.039
PPOLag,2019-11-14,16,0.5,0.00089869490266139,0.0035891804890825904,25.039
EDF,2019-11-14,16,1.0,0.0,0.0,25.039
LLF,2019-11-14,16,1.0,3.552713678800501e-15,1.4188720311516038e-14,25.039
MPC,2019-11-14,16,1.0,3.552713678800501e-15,1.4188720311516038e-14,25.039
PPOLag,2019-11-14,16,1.0,0.0006213170351678343,0.002481397161100021,25.039
EDF,2019-11-14,16,2.0,3.552713678800501e-15,1.4188720311516038e-14,25.039
LLF,2019-11-14,16,2.0,3.552713678800501e-15,1.4188720311516038e-14,25.039
MPC,2019-11-14,16,2.0,0.0,0.0,25.039
PPOLag,2019-11-14,16,2.0,0.0019229367111790908,0.007679766409118138,25.039
EDF,2019-11-14,6,0.5,0.0,0.0,8.49
LLF,2019-11-14,6,0.5,0.0,0.0,8.49
MPC,2019-11-14,6,0.5,-1.7763568394002505e-15,-2.0922930970556543e-14,8.49
PPOLag,2019-11-14,6,0.5,0.0011704706358880656,0.013786462142380043,8.49
EDF,2019-11-14,6,1.0,0.0,0.0,8.49
LLF,2019-11-14,6,1.0,-1.7763568394002505e-15,-2.0922930970556543e-14,8.49
MPC,2019-11-14,6,1.0,-1.7763568394002505e-15,-2.0922930970556543e-14,8.49
PPOLag,2019-11-14,6,1.0,0.0028316932654998796,0.03335327756772531,8.49
EDF,2019-11-14,6,2.0,0.0,0.0,8.49
LLF,2019-11-14,6,2.0,0.0,0.0,8.49
MPC,2019-11-14,6,2.0,-1.7763568394002505e-15,-2.0922930970556543e-14,8.49
PPOLag,2019-11-14,6,2.0,0.005391803868799272,0.06350770163485597,8.49
EDF,2019-11-14,29,0.5,0.0,0.0,0.6184274193545374
LLF,2019-11-14,29,0.5,0.0,0.0,0.6184274193545374
MPC,2019-11-14,29,0.5,0.0,0.0,0.6184274193545374
PPOLag,2019-11-14,29,0.5,0.003213993930492265,0.5197043064239878,0.6184274193545374
EDF,2019-11-14,29,1.0,0.0,0.0,0.6184274193545374
LLF,2019-11-14,29,1.0,0.0,0.0,0.6184274193545374
MPC,2019-11-14,29,1.0,0.0,0.0,0.6184274193545374
PPOLag,2019-11-14,29,1.0,0.004523780441636593,0.7314973916192357,0.6184274193545374
EDF,2019-11-14,29,2.0,0.0,0.0,0.6184274193545374
LLF,2019-11-14,29,2.0,0.0,0.0,0.6184274193545374
MPC,2019-11-14,29,2.0,0.0,0.0,0.6184274193545374
PPOLag,2019-11-14,29,2.0,0.008769608467723743,1.418049748970821,0.6184274193545374
EDF,2019-11-14,5,0.5,0.0,0.0,13.122
LLF,2019-11-14,5,0.5,0.0,0.0,13.122
MPC,2019-11-14,5,0.5,1.7763568394002505e-15,1.3537241574457023e-14,13.122
PPOLag,2019-11-14,5,0.5,0.0004625488363718233,0.0035249873218398354,13.122
EDF,2019-11-14,5,1.0,0.0,0.0,13.122
LLF,2019-11-14,5,1.0,0.0,0.0,13.122
MPC,2019-11-14,5,1.0,5.329070518200751e-15,4.061172472337107e-14,13.122
PPOLag,2019-11-14,5,1.0,0.00028141130672594273,0.0021445763353600267,13.122
EDF,2019-11-14,5,2.0,0.0,0.0,13.122
LLF,2019-11-14,5,2.0,0.0,0.0,13.122
MPC,2019-11-14,5,2.0,1.7763568394002505e-15,1.3537241574457023e-14,13.122
PPOLag,2019-11-14,5,2.0,0.0005222352221167625,0.003979844704441111,13.122
EDF,2019-11-14,28,0.5,0.0,0.0,1.645
LLF,2019-11-14,28,0.5,0.0,0.0,1.645
MPC,2019-11-14,28,0.5,0.0,0.0,1.645
PPOLag,2019-11-14,28,0.5,0.005476702123071542,0.3329302202475101,1.645
EDF,2019-11-14,28,1.0,0.0,0.0,1.645
LLF,2019-11-14,28,1.0,0.0,0.0,1.645
MPC,2019-11-14,28,1.0,0.0,0.0,1.645
PPOLag,2019-11-14,28,1.0,0.0068668859667765595,0.41743987639979085,1.645
EDF,2019-11-14,28,2.0,0.0,0.0,1.645
LLF,2019-11-14,28,2.0,0.0,0.0,1.645
MPC,2019-11-14,28,2.0,0.0,0.0,1.645
PPOLag,2019-11-14,28,2.0,0.007183842062132096,0.4367077241417686,1.645
EDF,2019-11-15,21,0.5,1.7763568394002505e-15,1.492235248152092e-14,11.904
LLF,2019-11-15,21,0.5,1.7763568394002505e-15,1.492235248152092e-14,11.904
MPC,2019-11-15,21,0.5,1.7763568394002505e-15,1.492235248152092e-14,11.904
PPOLag,2019-11-15,21,0.5,0.002591589041546172,0.021770741276429535,11.904
EDF,2019-11-15,21,1.0,1.7763568394002505e-15,1.492235248152092e-14,11.904
LLF,2019-11-15,21,1.0,0.0,0.0,11.904
MPC,2019-11-15,21,1.0,0.0,0.0,11.904
PPOLag,2019-11-15,21,1.0,0.004374887846667263,0.036751410002245154,11.904
EDF,2019-11-15,21,2.0,1.7763568394002505e-15,1.492235248152092e-14,11.904
LLF,2019-11-15,21,2.0,1.7763568394002505e-15,1.492235248152092e-14,11.904
MPC,2019-11-15,21,2.0,0.0,0.0,11.904
PPOLag,2019-11-15,21,2.0,0.006625234490592291,0.055655531675002444,11.904
EDF,2019-11-15,2,0.5,0.0,0.0,4.904
LLF,2019-11-15,2,0.5,0.0,0.0,4.904
MPC,2019-11-15,2,0.5,0.0,0.0,4.904
PPOLag,2019-11-15,2,0.5,0.0023303764151423323,0.047519910586099764,4.904
EDF,2019-11-15,2,1.0,0.0,0.0,4.904
LLF,2019-11-15,2,1.0,0.0,0.0,4.904
MPC,2019-11-15,2,1.0,0.0,0.0,4.904
PPOLag,2019-11-15,2,1.0,0.003580688744821181,0.07301567587318887,4.904
EDF,2019-11-15,2,2.0,0.0,0.0,4.904
LLF,2019-11-15,2,2.0,0.0,0.0,4.904
MPC,2019-11-15,2,2.0,0.0,0.0,4.904
PPOLag,2019-11-15,2,2.0,0.00438298918000406,0.08937579893972389,4.904
EDF,2019-11-15,12,0.5,8.881784197001252e-16,2.1187462302006804e-14,4.192
LLF,2019-11-15,12,0.5,0.0,0.0,4.192
MPC,2019-11-15,12,0.5,0.0,0.0,4.192
PPOLag,2019-11-15,12,0.5,-0.001540070942929006,-0.036738333562237734,4.192
EDF,2019-11-15,12,1.0,0.0,0.0,4.192
LLF,2019-11-15,12,1.0,0.0,0.0,4.192
MPC,2019-11-15,12,1.0,0.0,0.0,4.192
PPOLag,2019-11-15,12,1.0,0.0012586086534318141,0.0300240613891177,4.192
EDF,2019-11-15,12,2.0,0.0,0.0,4.192
LLF,2019-11-15,12,2.0,0.0,0.0,4.192
MPC,2019-11-15,12,2.0,0.0,0.0,4.192
PPOLag,2019-11-15,12,2.0,0.001561907335191215,0.03725923986620265,4.192
EDF,2019-11-15,1,0.5,0.0,0.0,11.014
LLF,2019-11-15,1,0.5,0.0,0.0,11.014
MPC,2019-11-15,1,0.5,0.0,0.0,11.014
PPOLag,2019-11-15,1,0.5,0.0028258864122079784,0.025657221828654247,11.014
EDF,2019-11-15,1,1.0,0.0,0.0,11.014
LLF,2019-11-15,1,1.0,0.0,0.0,11.014
MPC,2019-11-15,1,1.0,1.7763568394002505e-15,1.612817177592383e-14,11.014
PPOLag,2019-11-15,1,1.0,0.004260469776761866,0.0386823113924266,11.014
EDF,2019-11-15,1,2.0,0.0,0.0,11.014
LLF,2019-11-15,1,2.0,0.0,0.0,11.014
MPC,2019-11-15,1,2.0,0.0,0.0,11.014
PPOLag,2019-11-15,1,2.0,0.006498804567364047,0.05900494431962999,11.014
EDF,2019-11-15,9,0.5,0.0,0.0,1.7
LLF,2019-11-15,9,0.5,4.440892098500626e-16,2.612289469706251e-14,1.7
MPC,2019-11-15,9,0.5,0.0,0.0,1.7
PPOLag,2019-11-15,9,0.5,0.002999432481397424,0.17643720478808378,1.7
EDF,2019-11-15,9,1.0,0.0,0.0,1.7
LLF,2019-11-15,9,1.0,2.220446049250313e-16,1.3061447348531254e-14,1.7
MPC,2019-11-15,9,1.0,0.0,0.0,1.7
PPOLag,2019-11-15,9,1.0,0.005096885136742069,0.29981677274953344,1.7
EDF,2019-11-15,9,2.0,-2.220446049250313e-16,-1.3061447348531254e-14,1.7
LLF,2019-11-15,9,2.0,0.0,0.0,1.7
MPC,2019-11-15,9,2.0,0.0,0.0,1.7
PPOLag,2019-11-15,9,2.0,0.006977993202330701,0.41047018837239424,1.7
EDF,2019-11-18,10,0.5,0.0,0.0,3.923
LLF,2019-11-18,10,0.5,0.0,0.0,3.923
MPC,2019-11-18,10,0.5,0.0,0.0,3.923
PPOLag,2019-11-18,10,0.5,0.0036558717814252793,0.09319071581507213,3.923
EDF,2019-11-18,10,1.0,0.0,0.0,3.923
LLF,2019-11-18,10,1.0,0.0,0.0,3.923
MPC,2019-11-18,10,1.0,0.0,0.0,3.923
PPOLag,2019-11-18,10,1.0,0.005043349558866606,0.1285584899022841,3.923
EDF,2019-11-18,10,2.0,0.0,0.0,3.923
LLF,2019-11-18,10,2.0,0.0,0.0,3.923
MPC,2019-11-18,10,2.0,0.0,0.0,3.923
PPOLag,2019-11-18,10,2.0,0.006003993312581457,0.15304596769261933,3.923
EDF,2019-11-18,1,0.5,0.0,0.0,1.435
LLF,2019-11-18,1,0.5,0.0,0.0,1.435
MPC,2019-11-18,1,0.5,0.0,0.0,1.435
PPOLag,2019-11-18,1,0.5,0.0023612667747451967,0.16454820729931682,1.435
EDF,2019-11-18,1,1.0,0.0,0.0,1.435
LLF,2019-11-18,1,1.0,0.0,0.0,1.435
MPC,2019-11-18,1,1.0,0.0,0.0,1.435
PPOLag,2019-11-18,1,1.0,0.0031192097385131846,0.21736653230057032,1.435
EDF,2019-11-18,1,2.0,0.0,0.0,1.435
LLF,2019-11-18,1,2.0,0.0,0.0,1.435
MPC,2019-11-18,1,2.0,0.0,0.0,1.435
PPOLag,2019-11-18,1,2.0,0.0034717408536745877,0.24193316053481442,1.435
EDF,2019-11-18,19,0.5,0.0,0.0,22.191
LLF,2019-11-18,19,0.5,0.0,0.0,22.191
MPC,2019-11-18,19,0.5,3.552713678800501e-15,1.600970519039476e-14,22.191
PPOLag,2019-11-18,19,0.5,0.004010778849227137,0.018073898649124134,22.191
EDF,2019-11-18,19,1.0,0.0,0.0,22.191
LLF,2019-11-18,19,1.0,0.0,0.0,22.191
MPC,2019-11-18,19,1.0,0.0,0.0,22.191
PPOLag,2019-11-18,19,1.0,0.006071556632095109,0.027360446271439364,22.191
EDF,2019-11-18,19,2.0,0.0,0.0,22.191
LLF,2019-11-18,19,2.0,0.0,0.0,22.191
MPC,2019-11-18,19,2.0,0.0,0.0,22.191
PPOLag,2019-11-18,19,2.0,0.007991161989001938,0.036010824158451346,22.191
EDF,2019-11-18,5,0.5,-3.552713678800501e-15,-1.3841022591555638e-14,25.668
LLF,2019-11-18,5,0.5,-1.0658141036401503e-14,-4.152306777466691e-14,25.668
MPC,2019-11-18,5,0.5,0.0,0.0,25.668
PPOLag,2019-11-18,5,0.5,0.002051235918465011,0.007991413115416126,25.668
EDF,2019-11-18,5,1.0,-3.552713678800501e-15,-1.3841022591555638e-14,25.668
LLF,2019-11-18,5,1.0,-7.105427357601002e-15,-2.7682045183111276e-14,25.668
MPC,2019-11-18,5,1.0,0.0,0.0,25.668
PPOLag,2019-11-18,5,1.0,0.0040147574569672885,0.015641099645345522,25.668
EDF,2019-11-18,5,2.0,-3.552713678800501e-15,-1.3841022591555638e-14,25.668
LLF,2019-11-18,5,2.0,-7.105427357601002e-15,-2.7682045183111276e-14,25.668
MPC,2019-11-18,5,2.0,-3.552713678800501e-15,-1.3841022591555638e-14,25.668
PPOLag,2019-11-18,5,2.0,0.006147468006023615,0.0239499298972402,25.668
EDF,2019-11-18,15,0.5,0.0,0.0,8.486
LLF,2019-11-18,15,0.5,0.0,0.0,8.486
MPC,2019-11-18,15,0.5,0.0,0.0,8.486
PPOLag,2019-11-18,15,0.5,-0.0006965374891656495,-0.008208077883168154,8.486
EDF,2019-11-18,15,1.0,0.0,0.0,8.486
LLF,2019-11-18,15,1.0,-1.7763568394002505e-15,-2.0932793299555153e-14,8.486
MPC,2019-11-18,15,1.0,0.0,0.0,8.486
PPOLag,2019-11-18,15,1.0,0.0005682564535625545,0.00669639940563934,8.486
EDF,2019-11-18,15,2.0,0.0,0.0,8.486
LLF,2019-11-18,15,2.0,-3.552713678800501e-15,-4.1865586599110305e-14,8.486
MPC,2019-11-18,15,2.0,0.0,0.0,8.486
PPOLag,2019-11-18,15,2.0,0.002315943040886026,0.027291339157271104,8.486
EDF,2019-11-19,21,0.5,0.0,0.0,0.899
LLF,2019-11-19,21,0.5,0.0,0.0,0.899
MPC,2019-11-19,21,0.5,0.0,0.0,0.899
PPOLag,2019-11-19,21,0.5,0.0009456259453180405,0.10518642328343053,0.899
EDF,2019-11-19,21,1.0,0.0,0.0,0.899
LLF,2019-11-19,21,1.0,0.0,0.0,0.899
MPC,2019-11-19,21,1.0,0.0,0.0,0.899
PPOLag,2019-11-19,21,1.0,0.0016192673583937279,0.18011872729629896,0.899
EDF,2019-11-19,21,2.0,0.0,0.0,0.899
LLF,2019-11-19,21,2.0,0.0,0.0,0.899
MPC,2019-11-19,21,2.0,0.0,0.0,0.899
PPOLag,2019-11-19,21,2.0,0.0019767468705621295,0.21988285545741149,0.899
EDF,2019-11-19,19,0.5,0.0,0.0,3.029
LLF,2019-11-19,19,0.5,0.0,0.0,3.029
MPC,2019-11-19,19,0.5,0.0,0.0,3.029
PPOLag,2019-11-19,19,0.5,0.004053056951800205,0.1338084170287291,3.029
EDF,2019-11-19,19,1.0,0.0,0.0,3.029
LLF,2019-11-19,19,1.0,0.0,0.0,3.029
MPC,2019-11-19,19,1.0,0.0,0.0,3.029
PPOLag,2019-11-19,19,1.0,0.004660962112376854,0.15387791721283772,3.029
EDF,2019-11-19,19,2.0,0.0,0.0,3.029
LLF,2019-11-19,19,2.0,0.0,0.0,3.029
MPC,2019-11-19,19,2.0,0.0,0.0,3.029
PPOLag,2019-11-19,19,2.0,0.006997148399500564,0.23100522943217444,3.029
EDF,2019-11-19,32,0.5,0.0,0.0,5.24
LLF,2019-11-19,32,0.5,0.0,0.0,5.24
MPC,2019-11-19,32,0.5,0.0,0.0,5.24
PPOLag,2019-11-19,32,0.5,0.002208534525285266,0.042147605444375305,5.24
EDF,2019-11-19,32,1.0,0.0,0.0,5.24
LLF,2019-11-19,32,1.0,0.0,0.0,5.24
MPC,2019-11-19,32,1.0,0.0,0.0,5.24
PPOLag,2019-11-19,32,1.0,0.0033079602732845716,0.06312901284894219,5.24
EDF,2019-11-19,32,2.0,0.0,0.0,5.24
LLF,2019-11-19,32,2.0,0.0,0.0,5.24
MPC,2019-11-19,32,2.0,0.0,0.0,5.24
PPOLag,2019-11-19,32,2.0,0.004735465246569604,0.09037147417117564,5.24
EDF,2019-11-19,22,0.5,0.0,0.0,0.986
LLF,2019-11-19,22,0.5,0.0,0.0,0.986
MPC,2019-11-19,22,0.5,0.0,0.0,0.986
PPOLag,2019-11-19,22,0.5,0.0012831288947144249,0.13013477634020537,0.986
EDF,2019-11-19,22,1.0,0.0,0.0,0.986
LLF,2019-11-19,22,1.0,0.0,0.0,0.986
MPC,2019-11-19,22,1.0,0.0,0.0,0.986
PPOLag,2019-11-19,22,1.0,0.001904806812743054,0.1931852751260704,0.986
EDF,2019-11-19,22,2.0,0.0,0.0,0.986
LLF,2019-11-19,22,2.0,0.0,0.0,0.986
MPC,2019-11-19,22,2.0,0.0,0.0,0.986
PPOLag,2019-11-19,22,2.0,0.002513591741755206,0.2549281685350107,0.986
EDF,2019-11-19,9,0.5,0.0,0.0,6.171
LLF,2019-11-19,9,0.5,0.0,0.0,6.171
MPC,2019-11-19,9,0.5,0.0,0.0,6.171
PPOLag,2019-11-19,9,0.5,0.0038765571080080718,0.06281894519539899,6.171
EDF,2019-11-19,9,1.0,0.0,0.0,6.171
LLF,2019-11-19,9,1.0,0.0,0.0,6.171
MPC,2019-11-19,9,1.0,8.881784197001252e-16,1.439277944741736e-14,6.171
PPOLag,2019-11-19,9,1.0,0.005278968575484377,0.08554478326826086,6.171
EDF,2019-11-19,9,2.0,-8.881784197001252e-16,-1.439277944741736e-14,6.171
LLF,2019-11-19,9,2.0,0.0,0.0,6.171
MPC,2019-11-19,9,2.0,0.0,0.0,6.171
PPOLag,2019-11-19,9,2.0,0.006943132544835251,0.11251227588454467,6.171
EDF,2019-11-20,17,0.5,0.0,0.0,43.077
LLF,2019-11-20,17,0.5,0.0,0.0,43.077
MPC,2019-11-20,17,0.5,0.0,0.0,43.077
PPOLag,2019-11-20,17,0.5,0.0055524196280345,0.012889522548075539,43.077
EDF,2019-11-20,17,1.0,6.95799999999997,16.152471156301438,43.077
LLF,2019-11-20,17,1.0,0.0,0.0,43.077
MPC,2019-11-20,17,1.0,7.105427357601002e-15,1.649471262530121e-14,43.077
PPOLag,2019-11-20,17,1.0,0.00393001988969246,0.009123244166707197,43.077
EDF,2019-11-20,17,2.0,6.957999999999963,16.15247115630142,43.077
LLF,2019-11-20,17,2.0,7.105427357601002e-15,1.649471262530121e-14,43.077
MPC,2019-11-20,17,2.0,0.0,0.0,43.077
PPOLag,2019-11-20,17,2.0,0.004399748239305268,0.010213683031096103,43.077
EDF,2019-11-20,5,0.5,0.0,0.0,1.655
LLF,2019-11-20,5,0.5,0.0,0.0,1.655
MPC,2019-11-20,5,0.5,0.0,0.0,1.655
PPOLag,2019-11-20,5,0.5,0.002872500564116187,0.17356498876834967,1.655
EDF,2019-11-20,5,1.0,0.0,0.0,1.655
LLF,2019-11-20,5,1.0,0.0,0.0,1.655
MPC,2019-11-20,5,1.0,0.0,0.0,1.655
PPOLag,2019-11-20,5,1.0,0.004407069218021276,0.26628817027318885,1.655
EDF,2019-11-20,5,2.0,0.0,0.0,1.655
LLF,2019-11-20,5,2.0,0.0,0.0,1.655
MPC,2019-11-20,5,2.0,0.0,0.0,1.655
PPOLag,2019-11-20,5,2.0,0.006013134746099835,0.36333140459817737,1.655
EDF,2019-11-20,27,0.5,0.0,0.0,15.573
LLF,2019-11-20,27,0.5,0.0,0.0,15.573
MPC,2019-11-20,27,0.5,0.0,0.0,15.573
PPOLag,2019-11-20,27,0.5,-0.0007496649514099118,-0.004813876269247492,15.573
EDF,2019-11-20,27,1.0,0.0,0.0,15.573
LLF,2019-11-20,27,1.0,0.0,0.0,15.573
MPC,2019-11-20,27,1.0,1.7763568394002505e-15,1.1406645087011177e-14,15.573
PPOLag,2019-11-20,27,1.0,0.0024516090236211597,0.015742689421570408,15.573
EDF,2019-11-20,27,2.0,1.7763568394002505e-15,1.1406645087011177e-14,15.573
LLF,2019-11-20,27,2.0,0.0,0.0,15.573
MPC,2019-11-20,27,2.0,0.0,0.0,15.573
PPOLag,2019-11-20,27,2.0,0.0016495449772282456,0.010592339158981862,15.573
EDF,2019-11-20,25,0.5,0.0,0.0,15.128
LLF,2019-11-20,25,0.5,0.0,0.0,15.128
MPC,2019-11-20,25,0.5,-1.7763568394002505e-15,-1.1742179001852527e-14,15.128
PPOLag,2019-11-20,25,0.5,0.015413614432091905,0.10188798540515535,15.128
EDF,2019-11-20,25,1.0,0.0,0.0,15.128
LLF,2019-11-20,25,1.0,0.0,0.0,15.128
MPC,2019-11-20,25,1.0,0.0,0.0,15.128
PPOLag,2019-11-20,25,1.0,0.023608214761209466,0.15605641698314032,15.128
EDF,2019-11-20,25,2.0,0.0,0.0,15.128
LLF,2019-11-20,25,2.0,0.0,0.0,15.128
MPC,2019-11-20,25,2.0,0.0,0.0,15.128
PPOLag,2019-11-20,25,2.0,0.02427046912975328,0.16043408996399575,15.128
EDF,2019-11-20,14,0.5,0.0,0.0,8.899
LLF,2019-11-20,14,0.5,0.0,0.0,8.899
MPC,2019-11-20,14,0.5,1.7763568394002505e-15,1.9961308454885388e-14,8.899
PPOLag,2019-11-20,14,0.5,0.0006631989409036976,0.007452510854070093,8.899
EDF,2019-11-20,14,1.0,0.0,0.0,8.899
LLF,2019-11-20,14,1.0,0.0,0.0,8.899
MPC,2019-11-20,14,1.0,0.0,0.0,8.899
PPOLag,2019-11-20,14,1.0,0.00028982218573680996,0.0032567949852433985,8.899
EDF,2019-11-20,14,2.0,0.0,0.0,8.899
LLF,2019-11-20,14,2.0,0.0,0.0,8.899
MPC,2019-11-20,14,2.0,1.7763568394002505e-15,1.9961308454885388e-14,8.899
PPOLag,2019-11-20,14,2.0,0.00024838167013996326,0.0027911188913356936,8.899
EDF,2019-11-21,1,0.5,0.0,0.0,0.885
LLF,2019-11-21,1,0.5,0.0,0.0,0.885
MPC,2019-11-21,1,0.5,0.0,0.0,0.885
PPOLag,2019-11-21,1,0.5,0.0009307541888179838,0.10516996483819026,0.885
EDF,2019-11-21,1,1.0,0.0,0.0,0.885
LLF,2019-11-21,1,1.0,0.0,0.0,0.885
MPC,2019-11-21,1,1.0,0.0,0.0,0.885
PPOLag,2019-11-21,1,1.0,0.0014265798152525155,0.16119545935056673,0.885
EDF,2019-11-21,1,2.0,0.0,0.0,0.885
LLF,2019-11-21,1,2.0,0.0,0.0,0.885
MPC,2019-11-21,1,2.0,0.0,0.0,0.885
PPOLag,2019-11-21,1,2.0,0.0017523301402704527,0.19800340568027713,0.885
EDF,2019-11-21,27,0.5,0.0,0.0,28.035
LLF,2019-11-21,27,0.5,0.0,0.0,28.035
MPC,2019-11-21,27,0.5,0.0,0.0,28.035
PPOLag,2019-11-21,27,0.5,0.00742028739419851,0.026467941481000574,28.035
EDF,2019-11-21,27,1.0,0.0,0.0,28.035
LLF,2019-11-21,27,1.0,0.0,0.0,28.035
MPC,2019-11-21,27,1.0,-3.552713678800501e-15,-1.2672422610310329e-14,28.035
PPOLag,2019-11-21,27,1.0,0.00893931536350152,0.03188626846264142,28.035
EDF,2019-11-21,27,2.0,0.0,0.0,28.035
LLF,2019-11-21,27,2.0,0.0,0.0,28.035
MPC,2019-11-21,27,2.0,-3.552713678800501e-15,-1.2672422610310329e-14,28.035
PPOLag,2019-11-21,27,2.0,0.008834749896885086,0.03151328659491738,28.035
EDF,2019-11-21,9,0.5,0.0,0.0,5.089
LLF,2019-11-21,9,0.5,0.0,0.0,5.089
MPC,2019-11-21,9,0.5,0.0,0.0,5.089
PPOLag,2019-11-21,9,0.5,-0.0002343148956786223,-0.0046043406500024,5.089
EDF,2019-11-21,9,1.0,0.0,0.0,5.089
LLF,2019-11-21,9,1.0,0.0,0.0,5.089
MPC,2019-11-21,9,1.0,0.0,0.0,5.089
PPOLag,2019-11-21,9,1.0,-0.00028080780539845306,-0.005517936832353176,5.089
EDF,2019-11-21,9,2.0,0.0,0.0,5.089
LLF,2019-11-21,9,2.0,0.0,0.0,5.089
MPC,2019-11-21,9,2.0,0.0,0.0,5.089
PPOLag,2019-11-21,9,2.0,0.001698051850470428,0.03336710258342361,5.089
EDF,2019-11-21,15,0.5,0.0,0.0,0.899
LLF,2019-11-21,15,0.5,0.0,0.0,0.899
MPC,2019-11-21,15,0.5,0.0,0.0,0.899
PPOLag,2019-11-21,15,0.5,0.0024222016352728913,0.2694328849024351,0.899
EDF,2019-11-21,15,1.0,0.0,0.0,0.899
LLF,2019-11-21,15,1.0,0.0,0.0,0.899
MPC,2019-11-21,15,1.0,0.0,0.0,0.899
PPOLag,2019-11-21,15,1.0,0.0027375313455720194,0.30450849227719906,0.899
EDF,2019-11-21,15,2.0,0.0,0.0,0.899
LLF,2019-11-21,15,2.0,0.0,0.0,0.899
MPC,2019-11-21,15,2.0,0.0,0.0,0.899
PPOLag,2019-11-21,15,2.0,0.0026284827730734374,0.2923785064597817,0.899
EDF,2019-11-21,28,0.5,0.0,0.0,0.942
LLF,2019-11-21,28,0.5,-1.1102230246251565e-16,-1.1785807055468753e-14,0.942
MPC,2019-11-21,28,0.5,0.0,0.0,0.942
PPOLag,2019-11-21,28,0.5,0.004669727944402191,0.4957248348622284,0.942
EDF,2019-11-21,28,1.0,0.0,0.0,0.942
LLF,2019-11-21,28,1.0,-1.1102230246251565e-16,-1.1785807055468753e-14,0.942
MPC,2019-11-21,28,1.0,0.0,0.0,0.942
PPOLag,2019-11-21,28,1.0,0.00649555607920429,0.689549477622536,0.942
EDF,2019-11-21,28,2.0,0.0,0.0,0.942
LLF,2019-11-21,28,2.0,-1.1102230246251565e-16,-1.1785807055468753e-14,0.942
MPC,2019-11-21,28,2.0,0.0,0.0,0.942
PPOLag,2019-11-21,28,2.0,0.008264957624845626,0.8773840366078158,0.942
EDF,2019-11-22,1,0.5,0.0,0.0,14.034
LLF,2019-11-22,1,0.5,0.0,0.0,14.034
MPC,2019-11-22,1,0.5,0.0,0.0,14.034
PPOLag,2019-11-22,1,0.5,0.004343519816863406,0.03094997731839394,14.034
EDF,2019-11-22,1,1.0,0.0,0.0,14.034
LLF,2019-11-22,1,1.0,0.0,0.0,14.034
MPC,2019-11-22,1,1.0,0.0,0.0,14.034
PPOLag,2019-11-22,1,1.0,0.00892137878144048,0.06356975047342511,14.034
EDF,2019-11-22,1,2.0,0.0,0.0,14.034
LLF,2019-11-22,1,2.0,0.0,0.0,14.034
MPC,2019-11-22,1,2.0,-1.7763568394002505e-15,-1.265752343879329e-14,14.034
PPOLag,2019-11-22,1,2.0,0.012136203913570398,0.08647715486369104,14.034
EDF,2019-11-22,33,0.5,0.0,0.0,13.312
LLF,2019-11-22,33,0.5,0.0,0.0,13.312
MPC,2019-11-22,33,0.5,0.0,0.0,13.312
PPOLag,2019-11-22,33,0.5,0.027514299526067987,0.2066879471609675,13.312
EDF,2019-11-22,33,1.0,0.0,0.0,13.312
LLF,2019-11-22,33,1.0,0.0,0.0,13.312
MPC,2019-11-22,33,1.0,0.0,0.0,13.312
PPOLag,2019-11-22,33,1.0,0.04103079148412263,0.3082240946824116,13.312
EDF,2019-11-22,33,2.0,0.0,0.0,13.312
LLF,2019-11-22,33,2.0,0.0,0.0,13.312
MPC,2019-11-22,33,2.0,0.0,0.0,13.312
PPOLag,2019-11-22,33,2.0,0.04794761791230755,0.36018342782682955,13.312
EDF,2019-11-22,0,0.5,0.0,0.0,4.417
LLF,2019-11-22,0,0.5,0.0,0.0,4.417
MPC,2019-11-22,0,0.5,0.0,0.0,4.417
PPOLag,2019-11-22,0,0.5,0.0004933520628709331,0.011169392412744695,4.417
EDF,2019-11-22,0,1.0,0.0,0.0,4.417
LLF,2019-11-22,0,1.0,0.0,0.0,4.417
MPC,2019-11-22,0,1.0,0.0,0.0,4.417
PPOLag,2019-11-22,0,1.0,0.00043619626605586605,0.00987539656001508,4.417
EDF,2019-11-22,0,2.0,0.0,0.0,4.417
LLF,2019-11-22,0,2.0,0.0,0.0,4.417
MPC,2019-11-22,0,2.0,0.0,0.0,4.417
PPOLag,2019-11-22,0,2.0,0.0002844838912043457,0.00644065861907054,4.417
EDF,2019-11-22,16,0.5,1.7763568394002505e-15,1.1177679583439784e-14,15.892
LLF,2019-11-22,16,0.5,-1.7763568394002505e-15,-1.1177679583439784e-14,15.892
MPC,2019-11-22,16,0.5,1.7763568394002505e-15,1.1177679583439784e-14,15.892
PPOLag,2019-11-22,16,0.5,0.0036602742103934104,0.023032181036958286,15.892
EDF,2019-11-22,16,1.0,1.7763568394002505e-15,1.1177679583439784e-14,15.892
LLF,2019-11-22,16,1.0,-1.7763568394002505e-15,-1.1177679583439784e-14,15.892
MPC,2019-11-22,16,1.0,3.552713678800501e-15,2.235535916687957e-14,15.892
PPOLag,2019-11-22,16,1.0,0.005485183512275426,0.034515375737952596,15.892
EDF,2019-11-22,16,2.0,1.7763568394002505e-15,1.1177679583439784e-14,15.892
LLF,2019-11-22,16,2.0,-1.7763568394002505e-15,-1.1177679583439784e-14,15.892
MPC,2019-11-22,16,2.0,1.7763568394002505e-15,1.1177679583439784e-14,15.892
PPOLag,2019-11-22,16,2.0,0.00780080942223158,0.04908639203518488,15.892
EDF,2019-11-22,7,0.5,0.0,0.0,2.065
LLF,2019-11-22,7,0.5,0.0,0.0,2.065
MPC,2019-11-22,7,0.5,0.0,0.0,2.065
PPOLag,2019-11-22,7,0.5,0.003989618264403383,0.19320185299774253,2.065
EDF,2019-11-22,7,1.0,0.0,0.0,2.065
LLF,2019-11-22,7,1.0,-4.440892098500626e-16,-2.1505530743344437e-14,2.065
MPC,2019-11-22,7,1.0,0.0,0.0,2.065
PPOLag,2019-11-22,7,1.0,0.005872855708533109,0.28439979218078004,2.065
EDF,2019-11-22,7,2.0,-4.440892098500626e-16,-2.1505530743344437e-14,2.065
LLF,2019-11-22,7,2.0,-4.440892098500626e-16,-2.1505530743344437e-14,2.065
MPC,2019-11-22,7,2.0,0.0,0.0,2.065
PPOLag,2019-11-22,7,2.0,0.00733764620447257,0.3553339566330542,2.065
EDF,2019-11-25,10,0.5,0.0,0.0,3.938
LLF,2019-11-25,10,0.5,4.440892098500626e-16,1.1277024120113321e-14,3.938
MPC,2019-11-25,10,0.5,-8.881784197001252e-16,-2.2554048240226642e-14,3.938
PPOLag,2019-11-25,10,0.5,0.005993302001559187,0.15219151857692195,3.938
EDF,2019-11-25,10,1.0,0.0,0.0,3.938
LLF,2019-11-25,10,1.0,0.0,0.0,3.938
MPC,2019-11-25,10,1.0,-8.881784197001252e-16,-2.2554048240226642e-14,3.938
PPOLag,2019-11-25,10,1.0,0.00814264159572593,0.20677099024189766,3.938
EDF,2019-11-25,10,2.0,0.0,0.0,3.938
LLF,2019-11-25,10,2.0,0.0,0.0,3.938
MPC,2019-11-25,10,2.0,-8.881784197001252e-16,-2.2554048240226642e-14,3.938
PPOLag,2019-11-25,10,2.0,0.010343481301887359,0.2626582351926704,3.938
EDF,2019-11-25,3,0.5,0.0,0.0,1.493
LLF,2019-11-25,3,0.5,0.0,0.0,1.493
MPC,2019-11-25,3,0.5,0.0,0.0,1.493
PPOLag,2019-11-25,3,0.5,0.003212833721945607,0.21519314949401253,1.493
EDF,2019-11-25,3,1.0,0.0,0.0,1.493
LLF,2019-11-25,3,1.0,0.0,0.0,1.493
MPC,2019-11-25,3,1.0,0.0,0.0,1.493
PPOLag,2019-11-25,3,1.0,0.004544326997456105,0.30437555240831243,1.493
EDF,2019-11-25,3,2.0,0.0,0.0,1.493
LLF,2019-11-25,3,2.0,0.0,0.0,1.493
MPC,2019-11-25,3,2.0,0.0,0.0,1.493
PPOLag,2019-11-25,3,2.0,0.005015984339145918,0.33596680101446197,1.493
EDF,2019-11-25,0,0.5,-3.552713678800501e-15,-1.6804056753384262e-14,21.142
LLF,2019-11-25,0,0.5,7.105427357601002e-15,3.3608113506768525e-14,21.142
MPC,2019-11-25,0,0.5,0.0,0.0,21.142
PPOLag,2019-11-25,0,0.5,0.0048492333275291346,0.022936492893430773,21.142
EDF,2019-11-25,0,1.0,-3.552713678800501e-15,-1.6804056753384262e-14,21.142
LLF,2019-11-25,0,1.0,7.105427357601002e-15,3.3608113506768525e-14,21.142
MPC,2019-11-25,0,1.0,0.0,0.0,21.142
PPOLag,2019-11-25,0,1.0,0.006646195681464917,0.03143598373599905,21.142
EDF,2019-11-25,0,2.0,-3.552713678800501e-15,-1.6804056753384262e-14,21.142
LLF,2019-11-25,0,2.0,7.105427357601002e-15,3.3608113506768525e-14,21.142
MPC,2019-11-25,0,2.0,0.0,0.0,21.142
PPOLag,2019-11-25,0,2.0,0.008790028048294119,0.041576142504465605,21.142
EDF,2019-11-25,5,0.5,3.552713678800501e-15,2.186823635849133e-14,16.246
LLF,2019-11-25,5,0.5,0.0,0.0,16.246
MPC,2019-11-25,5,0.5,0.0,0.0,16.246
PPOLag,2019-11-25,5,0.5,0.012212393998213144,0.07517169763765325,16.246
EDF,2019-11-25,5,1.0,0.0,0.0,16.246
LLF,2019-11-25,5,1.0,0.0,0.0,16.246
MPC,2019-11-25,5,1.0,0.0,0.0,16.246
PPOLag,2019-11-25,5,1.0,0.014151505800889908,0.0871076314224419,16.246
EDF,2019-11-25,5,2.0,0.0,0.0,16.246
LLF,2019-11-25,5,2.0,0.0,0.0,16.246
MPC,2019-11-25,5,2.0,0.0,0.0,16.246
PPOLag,2019-11-25,5,2.0,0.015802815376832768,0.09727203851306641,16.246
EDF,2019-11-25,1,0.5,0.0,0.0,0.891
LLF,2019-11-25,1,0.5,0.0,0.0,0.891
MPC,2019-11-25,1,0.5,0.0,0.0,0.891
PPOLag,2019-11-25,1,0.5,0.0002669516750678058,0.029960906292683026,0.891
EDF,2019-11-25,1,1.0,0.0,0.0,0.891
LLF,2019-11-25,1,1.0,0.0,0.0,0.891
MPC,2019-11-25,1,1.0,0.0,0.0,0.891
PPOLag,2019-11-25,1,1.0,0.00030010527861914495,0.033681849452204815,0.891
EDF,2019-11-25,1,2.0,0.0,0.0,0.891
LLF,2019-11-25,1,2.0,0.0,0.0,0.891
MPC,2019-11-25,1,2.0,0.0,0.0,0.891
PPOLag,2019-11-25,1,2.0,0.0003680586280235598,0.04130848799366552,0.891
EDF,2019-11-26,19,0.5,0.0,0.0,0.888
LLF,2019-11-26,19,0.5,0.0,0.0,0.888
MPC,2019-11-26,19,0.5,0.0,0.0,0.888
PPOLag,2019-11-26,19,0.5,0.003366672800982218,0.37912981993042993,0.888
EDF,2019-11-26,19,1.0,0.0,0.0,0.888
LLF,2019-11-26,19,1.0,0.0,0.0,0.888
MPC,2019-11-26,19,1.0,0.0,0.0,0.888
PPOLag,2019-11-26,19,1.0,0.005264823156151621,0.592885490557615,0.888
EDF,2019-11-26,19,2.0,0.0,0.0,0.888
LLF,2019-11-26,19,2.0,0.0,0.0,0.888
MPC,2019-11-26,19,2.0,0.0,0.0,0.888
PPOLag,2019-11-26,19,2.0,0.006509949559461381,0.7331024278672726,0.888
EDF,2019-11-26,10,0.5,0.0,0.0,1.064
LLF,2019-11-26,10,0.5,0.0,0.0,1.064
MPC,2019-11-26,10,0.5,0.0,0.0,1.064
PPOLag,2019-11-26,10,0.5,0.003128009898418549,0.2939858927085102,1.064
EDF,2019-11-26,10,1.0,0.0,0.0,1.064
LLF,2019-11-26,10,1.0,0.0,0.0,1.064
MPC,2019-11-26,10,1.0,0.0,0.0,1.064
PPOLag,2019-11-26,10,1.0,0.005014682362745893,0.4713047333407793,1.064
EDF,2019-11-26,10,2.0,0.0,0.0,1.064
LLF,2019-11-26,10,2.0,0.0,0.0,1.064
MPC,2019-11-26,10,2.0,0.0,0.0,1.064
PPOLag,2019-11-26,10,2.0,0.007130675966474121,0.6701763126385452,1.064
EDF,2019-11-26,13,0.5,0.0,0.0,6.696
LLF,2019-11-26,13,0.5,0.0,0.0,6.696
MPC,2019-11-26,13,0.5,0.0,0.0,6.696
PPOLag,2019-11-26,13,0.5,0.0006791070926631448,0.010141981670596548,6.696
EDF,2019-11-26,13,1.0,0.0,0.0,6.696
LLF,2019-11-26,13,1.0,0.0,0.0,6.696
MPC,2019-11-26,13,1.0,0.0,0.0,6.696
PPOLag,2019-11-26,13,1.0,0.0027509420831108855,0.041083364443113585,6.696
EDF,2019-11-26,13,2.0,0.0,0.0,6.696
LLF,2019-11-26,13,2.0,0.0,0.0,6.696
MPC,2019-11-26,13,2.0,0.0,0.0,6.696
PPOLag,2019-11-26,13,2.0,0.005982456570719741,0.08934373612185993,6.696
EDF,2019-11-26,20,0.5,1.7763568394002505e-15,1.4574637671482198e-14,12.188
LLF,2019-11-26,20,0.5,0.0,0.0,12.188
MPC,2019-11-26,20,0.5,0.0,0.0,12.188
PPOLag,2019-11-26,20,0.5,0.0019383160780620302,0.015903479472120362,12.188
EDF,2019-11-26,20,1.0,1.7763568394002505e-15,1.4574637671482198e-14,12.188
LLF,2019-11-26,20,1.0,1.7763568394002505e-15,1.4574637671482198e-14,12.188
MPC,2019-11-26,20,1.0,-1.7763568394002505e-15,-1.4574637671482198e-14,12.188
PPOLag,2019-11-26,20,1.0,0.000620815460625579,0.005093661475431399,12.188
EDF,2019-11-26,20,2.0,1.7763568394002505e-15,1.4574637671482198e-14,12.188
LLF,2019-11-26,20,2.0,0.0,0.0,12.188
MPC,2019-11-26,20,2.0,0.0,0.0,12.188
PPOLag,2019-11-26,20,2.0,0.0027996182013371395,0.02297028389676025,12.188
EDF,2019-11-26,21,0.5,0.0,0.0,4.941
LLF,2019-11-26,21,0.5,0.0,0.0,4.941
MPC,2019-11-26,21,0.5,0.0,0.0,4.941
PPOLag,2019-11-26,21,0.5,-0.0004083846070418673,-0.008265221757576754,4.941
EDF,2019-11-26,21,1.0,0.0,0.0,4.941
LLF,2019-11-26,21,1.0,0.0,0.0,4.941
MPC,2019-11-26,21,1.0,0.0,0.0,4.941
PPOLag,2019-11-26,21,1.0,0.001937669681637999,0.039216144133535705,4.941
EDF,2019-11-26,21,2.0,0.0,0.0,4.941
LLF,2019-11-26,21,2.0,0.0,0.0,4.941
MPC,2019-11-26,21,2.0,0.0,0.0,4.941
PPOLag,2019-11-26,21,2.0,0.003904919326231848,0.0790309517553501,4.941
EDF,2019-11-27,4,0.5,0.0,0.0,5.83
LLF,2019-11-27,4,0.5,0.0,0.0,5.83
MPC,2019-11-27,4,0.5,0.0,0.0,5.83
PPOLag,2019-11-27,4,0.5,0.003147791403261735,0.0539929914796181,5.83
EDF,2019-11-27,4,1.0,0.0,0.0,5.83
LLF,2019-11-27,4,1.0,0.0,0.0,5.83
MPC,2019-11-27,4,1.0,0.0,0.0,5.83
PPOLag,2019-11-27,4,1.0,0.004649057756078001,0.07974370079036022,5.83
EDF,2019-11-27,4,2.0,0.0,0.0,5.83
LLF,2019-11-27,4,2.0,0.0,0.0,5.83
MPC,2019-11-27,4,2.0,0.0,0.0,5.83
PPOLag,2019-11-27,4,2.0,0.006216820472656615,0.10663499953098823,5.83
EDF,2019-11-27,7,0.5,0.0,0.0,35.72
LLF,2019-11-27,7,0.5,0.0,0.0,35.72
MPC,2019-11-27,7,0.5,0.0,0.0,35.72
PPOLag,2019-11-27,7,0.5,-0.002633721281287649,-0.007373239869226339,35.72
EDF,2019-11-27,7,1.0,0.0,0.0,35.72
LLF,2019-11-27,7,1.0,0.0,0.0,35.72
MPC,2019-11-27,7,1.0,0.0,0.0,35.72
PPOLag,2019-11-27,7,1.0,0.0012683976302696465,0.0035509452135208466,35.72
EDF,2019-11-27,7,2.0,0.0,0.0,35.72
LLF,2019-11-27,7,2.0,0.0,0.0,35.72
MPC,2019-11-27,7,2.0,0.0,0.0,35.72
PPOLag,2019-11-27,7,2.0,0.005334783082159333,0.014935003029561406,35.72
EDF,2019-11-27,3,0.5,0.0,0.0,6.739
LLF,2019-11-27,3,0.5,0.0,0.0,6.739
MPC,2019-11-27,3,0.5,0.0,0.0,6.739
PPOLag,2019-11-27,3,0.5,0.001455548507046167,0.021598879760293323,6.739
EDF,2019-11-27,3,1.0,0.0,0.0,6.739
LLF,2019-11-27,3,1.0,0.0,0.0,6.739
MPC,2019-11-27,3,1.0,0.0,0.0,6.739
PPOLag,2019-11-27,3,1.0,0.002343798025240851,0.03477961159283055,6.739
EDF,2019-11-27,3,2.0,0.0,0.0,6.739
LLF,2019-11-27,3,2.0,0.0,0.0,6.739
MPC,2019-11-27,3,2.0,0.0,0.0,6.739
PPOLag,2019-11-27,3,2.0,0.0021733202380461946,0.03224989223989011,6.739
EDF,2019-11-27,2,0.5,0.0,0.0,0.878
LLF,2019-11-27,2,0.5,0.0,0.0,0.878
MPC,2019-11-27,2,0.5,0.0,0.0,0.878
PPOLag,2019-11-27,2,0.5,0.0008944699859918081,0.10187585261865698,0.878
EDF,2019-11-27,2,1.0,0.0,0.0,0.878
LLF,2019-11-27,2,1.0,0.0,0.0,0.878
MPC,2019-11-27,2,1.0,0.0,0.0,0.878
PPOLag,2019-11-27,2,1.0,0.0009334651443146047,0.1063172146144197,0.878
EDF,2019-11-27,2,2.0,0.0,0.0,0.878
LLF,2019-11-27,2,2.0,0.0,0.0,0.878
MPC,2019-11-27,2,2.0,0.0,0.0,0.878
PPOLag,2019-11-27,2,2.0,0.0006704089446478712,0.07635637182777577,0.878
EDF,2019-11-27,5,0.5,0.0,0.0,12.263
LLF,2019-11-27,5,0.5,0.0,0.0,12.263
MPC,2019-11-27,5,0.5,0.0,0.0,12.263
PPOLag,2019-11-27,5,0.5,0.0010028460595695066,0.008177819942669057,12.263
EDF,2019-11-27,5,1.0,0.0,0.0,12.263
LLF,2019-11-27,5,1.0,0.0,0.0,12.263
MPC,2019-11-27,5,1.0,0.0,0.0,12.263
PPOLag,2019-11-27,5,1.0,0.0015472057792567996,0.012616861936367931,12.263
EDF,2019-11-27,5,2.0,0.0,0.0,12.263
LLF,2019-11-27,5,2.0,0.0,0.0,12.263
MPC,2019-11-27,5,2.0,0.0,0.0,12.263
PPOLag,2019-11-27,5,2.0,0.002012393255945355,0.016410285052151634,12.263
EDF,2019-11-28,0,0.5,0.0,0.0,22.616
LLF,2019-11-28,0,0.5,0.0,0.0,22.616
MPC,2019-11-28,0,0.5,0.0,0.0,22.616
PPOLag,2019-11-28,0,0.5,0.010508738158295472,0.04646594516402314,22.616
EDF,2019-11-28,0,1.0,0.0,0.0,22.616
LLF,2019-11-28,0,1.0,0.0,0.0,22.616
MPC,2019-11-28,0,1.0,0.0,0.0,22.616
PPOLag,2019-11-28,0,1.0,0.009962163325361928,0.044049183433683796,22.616
EDF,2019-11-28,0,2.0,0.0,0.0,22.616
LLF,2019-11-28,0,2.0,0.0,0.0,22.616
MPC,2019-11-28,0,2.0,0.0,0.0,22.616
PPOLag,2019-11-28,0,2.0,0.007307202938279289,0.03230988211124554,22.616
EDF,2019-11-29,2,0.5,0.0,0.0,13.312
LLF,2019-11-29,2,0.5,0.0,0.0,13.312
MPC,2019-11-29,2,0.5,0.0,0.0,13.312
PPOLag,2019-11-29,2,0.5,0.21193203582763687,1.5920375287532817,13.312
EDF,2019-11-29,2,1.0,0.0,0.0,13.312
LLF,2019-11-29,2,1.0,0.0,0.0,13.312
MPC,2019-11-29,2,1.0,0.0,0.0,13.312
PPOLag,2019-11-29,2,1.0,0.23411417846679647,1.758670210838315,13.312
EDF,2019-11-29,2,2.0,0.0,0.0,13.312
LLF,2019-11-29,2,2.0,0.0,0.0,13.312
MPC,2019-11-29,2,2.0,0.0,0.0,13.312
PPOLag,2019-11-29,2,2.0,0.23815114898681636,1.7889960110187526,13.312
EDF,2019-11-29,0,0.5,0.0,0.0,8.255
LLF,2019-11-29,0,0.5,0.0,0.0,8.255
MPC,2019-11-29,0,0.5,0.0,0.0,8.255
PPOLag,2019-11-29,0,0.5,0.0641085806011743,0.7766030357501429,8.255
EDF,2019-11-29,0,1.0,0.0,0.0,8.255
LLF,2019-11-29,0,1.0,0.0,0.0,8.255
MPC,2019-11-29,0,1.0,0.0,0.0,8.255
PPOLag,2019-11-29,0,1.0,0.06682476442013137,0.8095065344655525,8.255
EDF,2019-11-29,0,2.0,0.0,0.0,8.255
LLF,2019-11-29,0,2.0,0.0,0.0,8.255
MPC,2019-11-29,0,2.0,0.0,0.0,8.255
PPOLag,2019-11-29,0,2.0,0.0704988893043181,0.8540144070783535,8.255
EDF,2019-11-29,4,0.5,0.0,0.0,10.627
LLF,2019-11-29,4,0.5,0.0,0.0,10.627
MPC,2019-11-29,4,0.5,0.0,0.0,10.627
PPOLag,2019-11-29,4,0.5,0.010839386000698425,0.10199855086758658,10.627
EDF,2019-11-29,4,1.0,0.0,0.0,10.627
LLF,2019-11-29,4,1.0,0.0,0.0,10.627
MPC,2019-11-29,4,1.0,0.0,0.0,10.627
PPOLag,2019-11-29,4,1.0,0.011603954086563917,0.10919313151937438,10.627
EDF,2019-11-29,4,2.0,0.0,0.0,10.627
LLF,2019-11-29,4,2.0,0.0,0.0,10.627
MPC,2019-11-29,4,2.0,3.552713678800501e-15,3.343101231580409e-14,10.627
PPOLag,2019-11-29,4,2.0,0.012946257278008489,0.12182419570912288,10.627
EDF,2019-11-29,3,0.5,0.0,0.0,14.975999999999999
LLF,2019-11-29,3,0.5,0.0,0.0,14.975999999999999
MPC,2019-11-29,3,0.5,0.0,0.0,14.975999999999999
PPOLag,2019-11-29,3,0.5,0.19353018035888744,1.2922688325246225,14.975999999999999
EDF,2019-11-29,3,1.0,0.0,0.0,14.975999999999999
LLF,2019-11-29,3,1.0,0.0,0.0,14.975999999999999
MPC,2019-11-29,3,1.0,0.0,0.0,14.975999999999999
PPOLag,2019-11-29,3,1.0,0.22566114349365202,1.5068185329437234,14.975999999999999
EDF,2019-11-29,3,2.0,0.0,0.0,14.975999999999999
LLF,2019-11-29,3,2.0,0.0,0.0,14.975999999999999
MPC,2019-11-29,3,2.0,0.0,0.0,14.975999999999999
PPOLag,2019-11-29,3,2.0,0.23370899963378947,1.560556888580325,14.975999999999999
EDF,2019-12-02,31,0.5,0.0,0.0,2.128
LLF,2019-12-02,31,0.5,0.0,0.0,2.128
MPC,2019-12-02,31,0.5,0.4640000000000002,21.8045112781955,2.128
PPOLag,2019-12-02,31,0.5,0.0051568947176863665,0.24233527808676536,2.128
EDF,2019-12-02,31,1.0,0.0,0.0,2.128
LLF,2019-12-02,31,1.0,0.0,0.0,2.128
MPC,2019-12-02,31,1.0,0.4640000000000002,21.8045112781955,2.128
PPOLag,2019-12-02,31,1.0,0.005457217482074661,0.25644818994711754,2.128
EDF,2019-12-02,31,2.0,0.0,0.0,2.128
LLF,2019-12-02,31,2.0,0.0,0.0,2.128
MPC,2019-12-02,31,2.0,0.4640000000000002,21.8045112781955,2.128
PPOLag,2019-12-02,31,2.0,0.006834673520291368,0.32117826693098533,2.128
EDF,2019-12-02,12,0.5,0.0,0.0,5.944
LLF,2019-12-02,12,0.5,0.0,0.0,5.944
MPC,2019-12-02,12,0.5,8.881784197001252e-16,1.4942436401415296e-14,5.944
PPOLag,2019-12-02,12,0.5,0.002415193221863454,0.04063245662623577,5.944
EDF,2019-12-02,12,1.0,0.0,0.0,5.944
LLF,2019-12-02,12,1.0,0.0,0.0,5.944
MPC,2019-12-02,12,1.0,0.0,0.0,5.944
PPOLag,2019-12-02,12,1.0,0.0032905363351876105,0.05535895584097594,5.944
EDF,2019-12-02,12,2.0,0.0,0.0,5.944
LLF,2019-12-02,12,2.0,0.0,0.0,5.944
MPC,2019-12-02,12,2.0,8.881784197001252e-16,1.4942436401415296e-14,5.944
PPOLag,2019-12-02,12,2.0,0.003716184905379194,0.06251993447811563,5.944
EDF,2019-12-02,9,0.5,-1.7763568394002505e-15,-1.1143321243336368e-14,15.941
LLF,2019-12-02,9,0.5,0.0,0.0,15.941
MPC,2019-12-02,9,0.5,1.7763568394002505e-15,1.1143321243336368e-14,15.941
PPOLag,2019-12-02,9,0.5,0.007446139013660513,0.046710614225334124,15.941
EDF,2019-12-02,9,1.0,-1.7763568394002505e-15,-1.1143321243336368e-14,15.941
LLF,2019-12-02,9,1.0,0.0,0.0,15.941
MPC,2019-12-02,9,1.0,1.7763568394002505e-15,1.1143321243336368e-14,15.941
PPOLag,2019-12-02,9,1.0,0.005692834958318471,0.035711906143394215,15.941
EDF,2019-12-02,9,2.0,-1.7763568394002505e-15,-1.1143321243336368e-14,15.941
LLF,2019-12-02,9,2.0,0.0,0.0,15.941
MPC,2019-12-02,9,2.0,1.7763568394002505e-15,1.1143321243336368e-14,15.941
PPOLag,2019-12-02,9,2.0,0.008115133292493937,0.0509073037607047,15.941
EDF,2019-12-02,7,0.5,-3.552713678800501e-15,-1.74649182912226e-14,20.342
LLF,2019-12-02,7,0.5,0.0,0.0,20.342
MPC,2019-12-02,7,0.5,0.0,0.0,20.342
PPOLag,2019-12-02,7,0.5,0.011387374404567652,0.05597962051208166,20.342
EDF,2019-12-02,7,1.0,-7.105427357601002e-15,-3.49298365824452e-14,20.342
LLF,2019-12-02,7,1.0,3.552713678800501e-15,1.74649182912226e-14,20.342
MPC,2019-12-02,7,1.0,3.552713678800501e-15,1.74649182912226e-14,20.342
PPOLag,2019-12-02,7,1.0,0.014708710515924395,0.07230710114995771,20.342
EDF,2019-12-02,7,2.0,-7.105427357601002e-15,-3.49298365824452e-14,20.342
LLF,2019-12-02,7,2.0,7.105427357601002e-15,3.49298365824452e-14,20.342
MPC,2019-12-02,7,2.0,0.0,0.0,20.342
PPOLag,2019-12-02,7,2.0,0.017066343222867174,0.08389707611280689,20.342
EDF,2019-12-02,3,0.5,0.0,0.0,27.068
LLF,2019-12-02,3,0.5,-3.552713678800501e-15,-1.3125142894933134e-14,27.068
MPC,2019-12-02,3,0.5,0.0,0.0,27.068
PPOLag,2019-12-02,3,0.5,0.011397408933744657,0.04210657948036299,27.068
EDF,2019-12-02,3,1.0,-7.105427357601002e-15,-2.6250285789866268e-14,27.068
LLF,2019-12-02,3,1.0,-3.552713678800501e-15,-1.3125142894933134e-14,27.068
MPC,2019-12-02,3,1.0,0.0,0.0,27.068
PPOLag,2019-12-02,3,1.0,0.014775945500004184,0.05458824257427288,27.068
EDF,2019-12-02,3,2.0,-3.552713678800501e-15,-1.3125142894933134e-14,27.068
LLF,2019-12-02,3,2.0,0.0,0.0,27.068
MPC,2019-12-02,3,2.0,3.552713678800501e-15,1.3125142894933134e-14,27.068
PPOLag,2019-12-02,3,2.0,0.017037179060877605,0.06294214223761492,27.068
EDF,2019-12-03,26,0.5,0.0,0.0,4.867
LLF,2019-12-03,26,0.5,0.0,0.0,4.867
MPC,2019-12-03,26,0.5,0.0,0.0,4.867
PPOLag,2019-12-03,26,0.5,0.002742909534993032,0.05635729473994313,4.867
EDF,2019-12-03,26,1.0,0.0,0.0,4.867
LLF,2019-12-03,26,1.0,0.0,0.0,4.867
MPC,2019-12-03,26,1.0,0.0,0.0,4.867
PPOLag,2019-12-03,26,1.0,0.005829610244819605,0.11977830788616406,4.867
EDF,2019-12-03,26,2.0,0.0,0.0,4.867
LLF,2019-12-03,26,2.0,0.0,0.0,4.867
MPC,2019-12-03,26,2.0,0.0,0.0,4.867
PPOLag,2019-12-03,26,2.0,0.008190684053790776,0.16829020040663192,4.867
EDF,2019-12-03,32,0.5,0.0,0.0,6.882
LLF,2019-12-03,32,0.5,0.0,0.0,6.882
MPC,2019-12-03,32,0.5,0.0,0.0,6.882
PPOLag,2019-12-03,32,0.5,0.001369790900508505,0.01990396542441885,6.882
EDF,2019-12-03,32,1.0,0.0,0.0,6.882
LLF,2019-12-03,32,1.0,0.0,0.0,6.882
MPC,2019-12-03,32,1.0,0.0,0.0,6.882
PPOLag,2019-12-03,32,1.0,0.003042686119517235,0.044212236552124896,6.882
EDF,2019-12-03,32,2.0,0.0,0.0,6.882
LLF,2019-12-03,32,2.0,0.0,0.0,6.882
MPC,2019-12-03,32,2.0,0.0,0.0,6.882
PPOLag,2019-12-03,32,2.0,0.003162017118544114,0.04594619468968488,6.882
EDF,2019-12-03,22,0.5,0.0,0.0,7.856
LLF,2019-12-03,22,0.5,0.0,0.0,7.856
MPC,2019-12-03,22,0.5,0.0,0.0,7.856
PPOLag,2019-12-03,22,0.5,0.00322974081810834,0.04111177212459699,7.856
EDF,2019-12-03,22,1.0,8.881784197001252e-16,1.1305733448321349e-14,7.856
LLF,2019-12-03,22,1.0,0.0,0.0,7.856
MPC,2019-12-03,22,1.0,-8.881784197001252e-16,-1.1305733448321349e-14,7.856
PPOLag,2019-12-03,22,1.0,0.005006944084247777,0.0637340132923597,7.856
EDF,2019-12-03,22,2.0,8.881784197001252e-16,1.1305733448321349e-14,7.856
LLF,2019-12-03,22,2.0,8.881784197001252e-16,1.1305733448321349e-14,7.856
MPC,2019-12-03,22,2.0,0.0,0.0,7.856
PPOLag,2019-12-03,22,2.0,0.00882368829026614,0.11231782446876451,7.856
EDF,2019-12-03,17,0.5,0.0,0.0,0.833
LLF,2019-12-03,17,0.5,-1.1102230246251565e-16,-1.332800749850128e-14,0.833
MPC,2019-12-03,17,0.5,0.0,0.0,0.833
PPOLag,2019-12-03,17,0.5,0.0030590239661643093,0.36722976784685585,0.833
EDF,2019-12-03,17,1.0,0.0,0.0,0.833
LLF,2019-12-03,17,1.0,0.0,0.0,0.833
MPC,2019-12-03,17,1.0,0.0,0.0,0.833
PPOLag,2019-12-03,17,1.0,0.005075231512566369,0.6092714901040059,0.833
EDF,2019-12-03,17,2.0,0.0,0.0,0.833
LLF,2019-12-03,17,2.0,0.0,0.0,0.833
MPC,2019-12-03,17,2.0,0.0,0.0,0.833
PPOLag,2019-12-03,17,2.0,0.008498453446404963,1.0202225025696234,0.833
EDF,2019-12-03,6,0.5,0.0,0.0,19.772
LLF,2019-12-03,6,0.5,0.0,0.0,19.772
MPC,2019-12-03,6,0.5,3.552713678800501e-15,1.796840824803005e-14,19.772
PPOLag,2019-12-03,6,0.5,-0.00041241865993697503,-0.0020858722432580165,19.772
EDF,2019-12-03,6,1.0,0.0,0.0,19.772
LLF,2019-12-03,6,1.0,0.0,0.0,19.772
MPC,2019-12-03,6,1.0,3.552713678800501e-15,1.796840824803005e-14,19.772
PPOLag,2019-12-03,6,1.0,-0.0007614032486991107,-0.003850916693804931,19.772
EDF,2019-12-03,6,2.0,0.0,0.0,19.772
LLF,2019-12-03,6,2.0,0.0,0.0,19.772
MPC,2019-12-03,6,2.0,3.552713678800501e-15,1.796840824803005e-14,19.772
PPOLag,2019-12-03,6,2.0,-0.00012744948513159214,-0.0006445958179829666,19.772
EDF,2019-12-04,4,0.5,0.0,0.0,5.869
LLF,2019-12-04,4,0.5,0.0,0.0,5.869
MPC,2019-12-04,4,0.5,8.881784197001252e-16,1.513338592094267e-14,5.869
PPOLag,2019-12-04,4,0.5,0.0013673538727134726,0.023297902073836644,5.869
EDF,2019-12-04,4,1.0,0.0,0.0,5.869
LLF,2019-12-04,4,1.0,0.0,0.0,5.869
MPC,2019-12-04,4,1.0,0.0,0.0,5.869
PPOLag,2019-12-04,4,1.0,0.0018881653132558184,0.03217184040306387,5.869
EDF,2019-12-04,4,2.0,0.0,0.0,5.869
LLF,2019-12-04,4,2.0,0.0,0.0,5.869
MPC,2019-12-04,4,2.0,0.0,0.0,5.869
PPOLag,2019-12-04,4,2.0,0.0021625634252480097,0.036847221421843754,5.869
EDF,2019-12-04,22,0.5,0.0,0.0,7.926
LLF,2019-12-04,22,0.5,0.0,0.0,7.926
MPC,2019-12-04,22,0.5,-1.7763568394002505e-15,-2.241176935907457e-14,7.926
PPOLag,2019-12-04,22,0.5,0.0012783010520328376,0.016127946656987604,7.926
EDF,2019-12-04,22,1.0,0.0,0.0,7.926
LLF,2019-12-04,22,1.0,0.0,0.0,7.926
MPC,2019-12-04,22,1.0,-1.7763568394002505e-15,-2.241176935907457e-14,7.926
PPOLag,2019-12-04,22,1.0,0.005033370224629507,0.06350454484771016,7.926
EDF,2019-12-04,22,2.0,0.0,0.0,7.926
LLF,2019-12-04,22,2.0,0.0,0.0,7.926
MPC,2019-12-04,22,2.0,-8.881784197001252e-16,-1.1205884679537285e-14,7.926
PPOLag,2019-12-04,22,2.0,0.0047362450611247555,0.05975580445527069,7.926
EDF,2019-12-04,26,0.5,7.105427357601002e-15,2.504644984878213e-14,28.369
LLF,2019-12-04,26,0.5,0.0,0.0,28.369
MPC,2019-12-04,26,0.5,0.0,0.0,28.369
PPOLag,2019-12-04,26,0.5,0.01098547551532505,0.03872352044599757,28.369
EDF,2019-12-04,26,1.0,1.0658141036401503e-14,3.7569674773173194e-14,28.369
LLF,2019-12-04,26,1.0,0.0,0.0,28.369
MPC,2019-12-04,26,1.0,0.0,0.0,28.369
PPOLag,2019-12-04,26,1.0,0.01389369564210341,0.04897492207022951,28.369
EDF,2019-12-04,26,2.0,1.0658141036401503e-14,3.7569674773173194e-14,28.369
LLF,2019-12-04,26,2.0,0.0,0.0,28.369
MPC,2019-12-04,26,2.0,0.0,0.0,28.369
PPOLag,2019-12-04,26,2.0,0.017781818411864946,0.06268045546852179,28.369
EDF,2019-12-04,21,0.5,-1.7763568394002505e-15,-3.0082249608810335e-14,5.905
LLF,2019-12-04,21,0.5,0.0,0.0,5.905
MPC,2019-12-04,21,0.5,8.881784197001252e-16,1.5041124804405167e-14,5.905
PPOLag,2019-12-04,21,0.5,0.0003481693995778912,0.005896179501742446,5.905
EDF,2019-12-04,21,1.0,0.0,0.0,5.905
LLF,2019-12-04,21,1.0,0.0,0.0,5.905
MPC,2019-12-04,21,1.0,8.881784197001252e-16,1.5041124804405167e-14,5.905
PPOLag,2019-12-04,21,1.0,0.00399167093070858,0.06759815293325282,5.905
EDF,2019-12-04,21,2.0,-8.881784197001252e-16,-1.5041124804405167e-14,5.905
LLF,2019-12-04,21,2.0,0.0,0.0,5.905
MPC,2019-12-04,21,2.0,-8.881784197001252e-16,-1.5041124804405167e-14,5.905
PPOLag,2019-12-04,21,2.0,0.003596998402643159,0.0609144522039485,5.905
EDF,2019-12-04,37,0.5,0.0,0.0,0.89
LLF,2019-12-04,37,0.5,0.0,0.0,0.89
MPC,2019-12-04,37,0.5,0.0,0.0,0.89
PPOLag,2019-12-04,37,0.5,0.003973844120830394,0.44649933941914544,0.89
EDF,2019-12-04,37,1.0,0.0,0.0,0.89
LLF,2019-12-04,37,1.0,0.0,0.0,0.89
MPC,2019-12-04,37,1.0,0.0,0.0,0.89
PPOLag,2019-12-04,37,1.0,0.00622633316328951,0.6995879958752259,0.89
EDF,2019-12-04,37,2.0,0.0,0.0,0.89
LLF,2019-12-04,37,2.0,0.0,0.0,0.89
MPC,2019-12-04,37,2.0,0.0,0.0,0.89
PPOLag,2019-12-04,37,2.0,0.00798426273937678,0.8971081729636831,0.89
EDF,2019-12-05,24,0.5,0.0,0.0,13.301
LLF,2019-12-05,24,0.5,0.0,0.0,13.301
MPC,2019-12-05,24,0.5,0.0,0.0,13.301
PPOLag,2019-12-05,24,0.5,0.002918312263800971,0.02194054780693911,13.301
EDF,2019-12-05,24,1.0,0.0,0.0,13.301
LLF,2019-12-05,24,1.0,0.0,0.0,13.301
MPC,2019-12-05,24,1.0,0.0,0.0,13.301
PPOLag,2019-12-05,24,1.0,0.005983574809078717,0.044985901880149747,13.301
EDF,2019-12-05,24,2.0,0.0,0.0,13.301
LLF,2019-12-05,24,2.0,0.0,0.0,13.301
MPC,2019-12-05,24,2.0,3.552713678800501e-15,2.6710124643263672e-14,13.301
PPOLag,2019-12-05,24,2.0,0.008538358810627145,0.06419335997764938,13.301
EDF,2019-12-05,11,0.5,0.0,0.0,1.588
LLF,2019-12-05,11,0.5,0.0,0.0,1.588
MPC,2019-12-05,11,0.5,0.0,0.0,1.588
PPOLag,2019-12-05,11,0.5,0.000625322443426768,0.039377987621332995,1.588
EDF,2019-12-05,11,1.0,0.0,0.0,1.588
LLF,2019-12-05,11,1.0,0.0,0.0,1.588
MPC,2019-12-05,11,1.0,0.0,0.0,1.588
PPOLag,2019-12-05,11,1.0,0.002685537378697811,0.16911444450238103,1.588
EDF,2019-12-05,11,2.0,0.0,0.0,1.588
LLF,2019-12-05,11,2.0,0.0,0.0,1.588
MPC,2019-12-05,11,2.0,0.0,0.0,1.588
PPOLag,2019-12-05,11,2.0,0.004860840434786562,0.30609826415532504,1.588
EDF,2019-12-05,14,0.5,0.0,0.0,7.743
LLF,2019-12-05,14,0.5,0.0,0.0,7.743
MPC,2019-12-05,14,0.5,0.0,0.0,7.743
PPOLag,2019-12-05,14,0.5,0.0029483154188854497,0.03807717188280318,7.743
EDF,2019-12-05,14,1.0,0.0,0.0,7.743
LLF,2019-12-05,14,1.0,0.0,0.0,7.743
MPC,2019-12-05,14,1.0,0.0,0.0,7.743
PPOLag,2019-12-05,14,1.0,0.005004550872205726,0.06463322836375728,7.743
EDF,2019-12-05,14,2.0,0.0,0.0,7.743
LLF,2019-12-05,14,2.0,8.881784197001252e-16,1.1470727362780901e-14,7.743
MPC,2019-12-05,14,2.0,0.0,0.0,7.743
PPOLag,2019-12-05,14,2.0,0.008960768623847138,0.11572734888088773,7.743
EDF,2019-12-05,5,0.5,0.0,0.0,12.944
LLF,2019-12-05,5,0.5,0.0,0.0,12.944
MPC,2019-12-05,5,0.5,-1.7763568394002505e-15,-1.3723399562733702e-14,12.944
PPOLag,2019-12-05,5,0.5,0.0016423437255237872,0.012688069572958798,12.944
EDF,2019-12-05,5,1.0,0.0,0.0,12.944
LLF,2019-12-05,5,1.0,0.0,0.0,12.944
MPC,2019-12-05,5,1.0,-1.7763568394002505e-15,-1.3723399562733702e-14,12.944
PPOLag,2019-12-05,5,1.0,0.003801483755201929,0.029368694029681154,12.944
EDF,2019-12-05,5,2.0,0.0,0.0,12.944
LLF,2019-12-05,5,2.0,0.0,0.0,12.944
MPC,2019-12-05,5,2.0,-1.7763568394002505e-15,-1.3723399562733702e-14,12.944
PPOLag,2019-12-05,5,2.0,0.006268303481849813,0.04842632479797444,12.944
EDF,2019-12-05,7,0.5,-1.7763568394002505e-15,-1.4667301126250933e-14,12.111
LLF,2019-12-05,7,0.5,1.7763568394002505e-15,1.4667301126250933e-14,12.111
MPC,2019-12-05,7,0.5,1.7763568394002505e-15,1.4667301126250933e-14,12.111
PPOLag,2019-12-05,7,0.5,0.0009328887448152301,0.007702821772068616,12.111
EDF,2019-12-05,7,1.0,-1.7763568394002505e-15,-1.4667301126250933e-14,12.111
LLF,2019-12-05,7,1.0,1.7763568394002505e-15,1.4667301126250933e-14,12.111
MPC,2019-12-05,7,1.0,0.0,0.0,12.111
PPOLag,2019-12-05,7,1.0,0.0023797559794605403,0.01964954156932161,12.111
EDF,2019-12-05,7,2.0,-1.7763568394002505e-15,-1.4667301126250933e-14,12.111
LLF,2019-12-05,7,2.0,1.7763568394002505e-15,1.4667301126250933e-14,12.111
MPC,2019-12-05,7,2.0,1.7763568394002505e-15,1.4667301126250933e-14,12.111
PPOLag,2019-12-05,7,2.0,0.0027843330382250286,0.02299011673870885,12.111
EDF,2019-12-06,6,0.5,0.0,0.0,3.776
LLF,2019-12-06,6,0.5,0.0,0.0,3.776
MPC,2019-12-06,6,0.5,0.0,0.0,3.776
PPOLag,2019-12-06,6,0.5,0.0029094113790364418,0.0770500894871939,3.776
EDF,2019-12-06,6,1.0,0.0,0.0,3.776
LLF,2019-12-06,6,1.0,0.0,0.0,3.776
MPC,2019-12-06,6,1.0,0.0,0.0,3.776
PPOLag,2019-12-06,6,1.0,0.0048183171961576395,0.12760373930502225,3.776
EDF,2019-12-06,6,2.0,0.0,0.0,3.776
LLF,2019-12-06,6,2.0,0.0,0.0,3.776
MPC,2019-12-06,6,2.0,0.0,0.0,3.776
PPOLag,2019-12-06,6,2.0,0.007686721198733792,0.20356782835629747,3.776
EDF,2019-12-06,0,0.5,0.0,0.0,2.875
LLF,2019-12-06,0,0.5,0.0,0.0,2.875
MPC,2019-12-06,0,0.5,0.0,0.0,2.875
PPOLag,2019-12-06,0,0.5,0.0010389901156393933,0.036138786630935414,2.875
EDF,2019-12-06,0,1.0,0.0,0.0,2.875
LLF,2019-12-06,0,1.0,0.0,0.0,2.875
MPC,2019-12-06,0,1.0,0.0,0.0,2.875
PPOLag,2019-12-06,0,1.0,0.001787543178790507,0.06217541491445242,2.875
EDF,2019-12-06,0,2.0,0.0,0.0,2.875
LLF,2019-12-06,0,2.0,0.0,0.0,2.875
MPC,2019-12-06,0,2.0,0.0,0.0,2.875
PPOLag,2019-12-06,0,2.0,0.0027982987459610697,0.09733213029429807,2.875
EDF,2019-12-06,27,0.5,0.0,0.0,1.514
LLF,2019-12-06,27,0.5,0.0,0.0,1.514
MPC,2019-12-06,27,0.5,0.0,0.0,1.514
PPOLag,2019-12-06,27,0.5,0.003442520397681825,0.2273791544043478,1.514
EDF,2019-12-06,27,1.0,0.0,0.0,1.514
LLF,2019-12-06,27,1.0,0.0,0.0,1.514
MPC,2019-12-06,27,1.0,0.0,0.0,1.514
PPOLag,2019-12-06,27,1.0,0.005383575257762363,0.35558621253384165,1.514
EDF,2019-12-06,27,2.0,0.0,0.0,1.514
LLF,2019-12-06,27,2.0,0.0,0.0,1.514
MPC,2019-12-06,27,2.0,0.0,0.0,1.514
PPOLag,2019-12-06,27,2.0,0.009361841101322276,0.6183514597967158,1.514
EDF,2019-12-06,16,0.5,0.0,0.0,2.335
LLF,2019-12-06,16,0.5,0.0,0.0,2.335
MPC,2019-12-06,16,0.5,0.0,0.0,2.335
PPOLag,2019-12-06,16,0.5,0.0030596696729213056,0.13103510376536645,2.335
EDF,2019-12-06,16,1.0,0.0,0.0,2.335
LLF,2019-12-06,16,1.0,0.0,0.0,2.335
MPC,2019-12-06,16,1.0,0.0,0.0,2.335
PPOLag,2019-12-06,16,1.0,0.00506309930771538,0.21683508812485566,2.335
EDF,2019-12-06,16,2.0,0.0,0.0,2.335
LLF,2019-12-06,16,2.0,0.0,0.0,2.335
MPC,2019-12-06,16,2.0,0.0,0.0,2.335
PPOLag,2019-12-06,16,2.0,0.00781588421727486,0.33472737547215675,2.335
EDF,2019-12-06,24,0.5,0.0,0.0,7.766
LLF,2019-12-06,24,0.5,0.0,0.0,7.766
MPC,2019-12-06,24,0.5,-1.7763568394002505e-15,-2.287351067988991e-14,7.766
PPOLag,2019-12-06,24,0.5,0.00522697878728362,0.0673059333927842,7.766
EDF,2019-12-06,24,1.0,0.0,0.0,7.766
LLF,2019-12-06,24,1.0,0.0,0.0,7.766
MPC,2019-12-06,24,1.0,-1.7763568394002505e-15,-2.287351067988991e-14,7.766
PPOLag,2019-12-06,24,1.0,0.007590306257386636,0.09773765461481634,7.766
EDF,2019-12-06,24,2.0,0.0,0.0,7.766
LLF,2019-12-06,24,2.0,0.0,0.0,7.766
MPC,2019-12-06,24,2.0,-1.7763568394002505e-15,-2.287351067988991e-14,7.766
PPOLag,2019-12-06,24,2.0,0.007774755833109026,0.10011274572635884,7.766
EDF,2019-12-09,21,0.5,0.0,0.0,2.176
LLF,2019-12-09,21,0.5,0.0,0.0,2.176
MPC,2019-12-09,21,0.5,0.0,0.0,2.176
PPOLag,2019-12-09,21,0.5,0.0032904044440802416,0.1512134395257464,2.176
EDF,2019-12-09,21,1.0,0.0,0.0,2.176
LLF,2019-12-09,21,1.0,0.0,0.0,2.176
MPC,2019-12-09,21,1.0,0.0,0.0,2.176
PPOLag,2019-12-09,21,1.0,0.007508857307696726,0.3450761630375333,2.176
EDF,2019-12-09,21,2.0,0.0,0.0,2.176
LLF,2019-12-09,21,2.0,0.0,0.0,2.176
MPC,2019-12-09,21,2.0,0.0,0.0,2.176
PPOLag,2019-12-09,21,2.0,0.011703974769341841,0.5378664875616653,2.176
EDF,2019-12-09,26,0.5,0.0,0.0,1.178
LLF,2019-12-09,26,0.5,0.0,0.0,1.178
MPC,2019-12-09,26,0.5,0.0,0.0,1.178
PPOLag,2019-12-09,26,0.5,-0.002787377313593975,-0.2366194663492339,1.178
EDF,2019-12-09,26,1.0,0.0,0.0,1.178
LLF,2019-12-09,26,1.0,0.0,0.0,1.178
MPC,2019-12-09,26,1.0,0.0,0.0,1.178
PPOLag,2019-12-09,26,1.0,-0.0003870023945807599,-0.03285249529548047,1.178
EDF,2019-12-09,26,2.0,0.0,0.0,1.178
LLF,2019-12-09,26,2.0,0.0,0.0,1.178
MPC,2019-12-09,26,2.0,0.0,0.0,1.178
PPOLag,2019-12-09,26,2.0,0.0027717330592236245,0.23529143117348256,1.178
EDF,2019-12-09,0,0.5,0.0,0.0,3.432
LLF,2019-12-09,0,0.5,0.0,0.0,3.432
MPC,2019-12-09,0,0.5,4.440892098500626e-16,1.2939662291668492e-14,3.432
PPOLag,2019-12-09,0,0.5,0.0027474081203083143,0.08005268415816767,3.432
EDF,2019-12-09,0,1.0,0.0,0.0,3.432
LLF,2019-12-09,0,1.0,0.0,0.0,3.432
MPC,2019-12-09,0,1.0,4.440892098500626e-16,1.2939662291668492e-14,3.432
PPOLag,2019-12-09,0,1.0,0.0038989667617749467,0.11360625762747514,3.432
EDF,2019-12-09,0,2.0,0.0,0.0,3.432
LLF,2019-12-09,0,2.0,0.0,0.0,3.432
MPC,2019-12-09,0,2.0,4.440892098500626e-16,1.2939662291668492e-14,3.432
PPOLag,2019-12-09,0,2.0,0.00457680263389344,0.1333567201017902,3.432
EDF,2019-12-09,29,0.5,0.0,0.0,0.849
LLF,2019-12-09,29,0.5,0.0,0.0,0.849
MPC,2019-12-09,29,0.5,0.0,0.0,0.849
PPOLag,2019-12-09,29,0.5,-0.0055964499484858045,-0.6591813838028039,0.849
EDF,2019-12-09,29,1.0,0.0,0.0,0.849
LLF,2019-12-09,29,1.0,0.0,0.0,0.849
MPC,2019-12-09,29,1.0,0.0,0.0,0.849
PPOLag,2019-12-09,29,1.0,0.00046857035641172383,0.05519085470102756,0.849
EDF,2019-12-09,29,2.0,0.0,0.0,0.849
LLF,2019-12-09,29,2.0,0.0,0.0,0.849
MPC,2019-12-09,29,2.0,0.0,0.0,0.849
PPOLag,2019-12-09,29,2.0,0.002862700225502679,0.33718495000031556,0.849
EDF,2019-12-09,10,0.5,-8.881784197001252e-16,-2.2110490906151982e-14,4.017
LLF,2019-12-09,10,0.5,0.0,0.0,4.017
MPC,2019-12-09,10,0.5,0.0,0.0,4.017
PPOLag,2019-12-09,10,0.5,0.0006980500507237864,0.017377397329444516,4.017
EDF,2019-12-09,10,1.0,0.0,0.0,4.017
LLF,2019-12-09,10,1.0,0.0,0.0,4.017
MPC,2019-12-09,10,1.0,0.0,0.0,4.017
PPOLag,2019-12-09,10,1.0,0.0025091536354405974,0.062463371556898115,4.017
EDF,2019-12-09,10,2.0,0.0,0.0,4.017
LLF,2019-12-09,10,2.0,0.0,0.0,4.017
MPC,2019-12-09,10,2.0,0.0,0.0,4.017
PPOLag,2019-12-09,10,2.0,0.002152363159493653,0.05358135821492788,4.017
EDF,2019-12-10,11,0.5,1.7763568394002505e-15,1.128777301518873e-14,15.737
LLF,2019-12-10,11,0.5,-1.7763568394002505e-15,-1.128777301518873e-14,15.737
MPC,2019-12-10,11,0.5,0.0,0.0,15.737
PPOLag,2019-12-10,11,0.5,0.00268851501572982,0.01708403771830603,15.737
EDF,2019-12-10,11,1.0,0.0,0.0,15.737
LLF,2019-12-10,11,1.0,-1.7763568394002505e-15,-1.128777301518873e-14,15.737
MPC,2019-12-10,11,1.0,-1.7763568394002505e-15,-1.128777301518873e-14,15.737
PPOLag,2019-12-10,11,1.0,0.0043537781591563626,0.02766587125345595,15.737
EDF,2019-12-10,11,2.0,1.7763568394002505e-15,1.128777301518873e-14,15.737
LLF,2019-12-10,11,2.0,-1.7763568394002505e-15,-1.128777301518873e-14,15.737
MPC,2019-12-10,11,2.0,0.0,0.0,15.737
PPOLag,2019-12-10,11,2.0,0.006839428854143037,0.04346081752648558,15.737
EDF,2019-12-10,26,0.5,0.0,0.0,5.761
LLF,2019-12-10,26,0.5,0.0,0.0,5.761
MPC,2019-12-10,26,0.5,0.0,0.0,5.761
PPOLag,2019-12-10,26,0.5,0.0029204504483830718,0.050693463780299805,5.761
EDF,2019-12-10,26,1.0,0.0,0.0,5.761
LLF,2019-12-10,26,1.0,0.0,0.0,5.761
MPC,2019-12-10,26,1.0,-8.881784197001252e-16,-1.5417087653187384e-14,5.761
PPOLag,2019-12-10,26,1.0,0.006087648959144864,0.10567000449826183,5.761
EDF,2019-12-10,26,2.0,0.0,0.0,5.761
LLF,2019-12-10,26,2.0,0.0,0.0,5.761
MPC,2019-12-10,26,2.0,-8.881784197001252e-16,-1.5417087653187384e-14,5.761
PPOLag,2019-12-10,26,2.0,0.007438516533467343,0.12911849563387162,5.761
EDF,2019-12-10,15,0.5,0.0,0.0,13.433
LLF,2019-12-10,15,0.5,0.0,0.0,13.433
MPC,2019-12-10,15,0.5,-1.7763568394002505e-15,-1.3223828179857445e-14,13.433
PPOLag,2019-12-10,15,0.5,0.0029092370715339657,0.02165738905333109,13.433
EDF,2019-12-10,15,1.0,0.0,0.0,13.433
LLF,2019-12-10,15,1.0,0.0,0.0,13.433
MPC,2019-12-10,15,1.0,-1.7763568394002505e-15,-1.3223828179857445e-14,13.433
PPOLag,2019-12-10,15,1.0,0.004427023809115837,0.03295633000160677,13.433
EDF,2019-12-10,15,2.0,0.0,0.0,13.433
LLF,2019-12-10,15,2.0,0.0,0.0,13.433
MPC,2019-12-10,15,2.0,0.0,0.0,13.433
PPOLag,2019-12-10,15,2.0,0.006293440682982876,0.046850596910465836,13.433
EDF,2019-12-10,17,0.5,0.0,0.0,4.233
LLF,2019-12-10,17,0.5,0.0,0.0,4.233
MPC,2019-12-10,17,0.5,0.0,0.0,4.233
PPOLag,2019-12-10,17,0.5,0.0027695920792607963,0.06542858680039679,4.233
EDF,2019-12-10,17,1.0,0.0,0.0,4.233
LLF,2019-12-10,17,1.0,0.0,0.0,4.233
MPC,2019-12-10,17,1.0,0.0,0.0,4.233
PPOLag,2019-12-10,17,1.0,0.003958833058904076,0.09352310557297606,4.233
EDF,2019-12-10,17,2.0,0.0,0.0,4.233
LLF,2019-12-10,17,2.0,0.0,0.0,4.233
MPC,2019-12-10,17,2.0,0.0,0.0,4.233
PPOLag,2019-12-10,17,2.0,0.004753975998825766,0.11230748875090399,4.233
EDF,2019-12-10,24,0.5,0.0,0.0,4.218
LLF,2019-12-10,24,0.5,0.0,0.0,4.218
MPC,2019-12-10,24,0.5,0.0,0.0,4.218
PPOLag,2019-12-10,24,0.5,0.004895355180941507,0.11605868138789728,4.218
EDF,2019-12-10,24,1.0,0.0,0.0,4.218
LLF,2019-12-10,24,1.0,0.0,0.0,4.218
MPC,2019-12-10,24,1.0,0.0,0.0,4.218
PPOLag,2019-12-10,24,1.0,0.005877320540353992,0.13933903604442843,4.218
EDF,2019-12-10,24,2.0,0.0,0.0,4.218
LLF,2019-12-10,24,2.0,0.0,0.0,4.218
MPC,2019-12-10,24,2.0,0.0,0.0,4.218
PPOLag,2019-12-10,24,2.0,0.0065266828597888345,0.15473406495469025,4.218
EDF,2019-12-11,5,0.5,1.7763568394002505e-15,1.8331855927763164e-14,9.69
LLF,2019-12-11,5,0.5,1.7763568394002505e-15,1.8331855927763164e-14,9.69
MPC,2019-12-11,5,0.5,0.0,0.0,9.69
PPOLag,2019-12-11,5,0.5,0.014606604753833352,0.15073895514791902,9.69
EDF,2019-12-11,5,1.0,1.7763568394002505e-15,1.8331855927763164e-14,9.69
LLF,2019-12-11,5,1.0,1.7763568394002505e-15,1.8331855927763164e-14,9.69
MPC,2019-12-11,5,1.0,0.0,0.0,9.69
PPOLag,2019-12-11,5,1.0,0.017967827987907727,0.18542650142319636,9.69
EDF,2019-12-11,5,2.0,1.7763568394002505e-15,1.8331855927763164e-14,9.69
LLF,2019-12-11,5,2.0,1.7763568394002505e-15,1.8331855927763164e-14,9.69
MPC,2019-12-11,5,2.0,0.0,0.0,9.69
PPOLag,2019-12-11,5,2.0,0.020652827020044028,0.21313546976309622,9.69
EDF,2019-12-11,24,0.5,0.0,0.0,4.098
LLF,2019-12-11,24,0.5,0.0,0.0,4.098
MPC,2019-12-11,24,0.5,0.0,0.0,4.098
PPOLag,2019-12-11,24,0.5,0.036051080687969694,0.8797237844794947,4.098
EDF,2019-12-11,24,1.0,0.0,0.0,4.098
LLF,2019-12-11,24,1.0,0.0,0.0,4.098
MPC,2019-12-11,24,1.0,0.0,0.0,4.098
PPOLag,2019-12-11,24,1.0,0.039859584759260436,0.9726594621586246,4.098
EDF,2019-12-11,24,2.0,0.0,0.0,4.098
LLF,2019-12-11,24,2.0,0.0,0.0,4.098
MPC,2019-12-11,24,2.0,0.0,0.0,4.098
PPOLag,2019-12-11,24,2.0,0.04290185591478313,1.0468974112929021,4.098
EDF,2019-12-11,11,0.5,0.0,0.0,10.308
LLF,2019-12-11,11,0.5,0.0,0.0,10.308
MPC,2019-12-11,11,0.5,1.7763568394002505e-15,1.7232798209160367e-14,10.308
PPOLag,2019-12-11,11,0.5,-0.0032358984062845764,-0.03139210716224851,10.308
EDF,2019-12-11,11,1.0,0.0,0.0,10.308
LLF,2019-12-11,11,1.0,0.0,0.0,10.308
MPC,2019-12-11,11,1.0,1.7763568394002505e-15,1.7232798209160367e-14,10.308
PPOLag,2019-12-11,11,1.0,-0.003001170379856788,-0.029114962940015403,10.308
EDF,2019-12-11,11,2.0,0.0,0.0,10.308
LLF,2019-12-11,11,2.0,0.0,0.0,10.308
MPC,2019-12-11,11,2.0,1.7763568394002505e-15,1.7232798209160367e-14,10.308
PPOLag,2019-12-11,11,2.0,-0.0028927893979613373,-0.02806353703881779,10.308
EDF,2019-12-11,23,0.5,8.881784197001252e-16,2.2193363810597833e-14,4.002
LLF,2019-12-11,23,0.5,0.0,0.0,4.002
MPC,2019-12-11,23,0.5,0.0,0.0,4.002
PPOLag,2019-12-11,23,0.5,0.03362761813436821,0.8402703182001053,4.002
EDF,2019-12-11,23,1.0,1.7763568394002505e-15,4.4386727621195667e-14,4.002
LLF,2019-12-11,23,1.0,0.0,0.0,4.002
MPC,2019-12-11,23,1.0,8.881784197001252e-16,2.2193363810597833e-14,4.002
PPOLag,2019-12-11,23,1.0,0.03269275845713908,0.8169105061753894,4.002
EDF,2019-12-11,23,2.0,8.881784197001252e-16,2.2193363810597833e-14,4.002
LLF,2019-12-11,23,2.0,0.0,0.0,4.002
MPC,2019-12-11,23,2.0,0.0,0.0,4.002
PPOLag,2019-12-11,23,2.0,0.03855677617774269,0.9634376856007669,4.002
EDF,2019-12-11,31,0.5,0.0,0.0,13.765
LLF,2019-12-11,31,0.5,0.0,0.0,13.765
MPC,2019-12-11,31,0.5,0.0,0.0,13.765
PPOLag,2019-12-11,31,0.5,0.1590494120057137,1.1554624918686067,13.765
EDF,2019-12-11,31,1.0,0.0,0.0,13.765
LLF,2019-12-11,31,1.0,0.0,0.0,13.765
MPC,2019-12-11,31,1.0,-1.7763568394002505e-15,-1.2904880780241558e-14,13.765
PPOLag,2019-12-11,31,1.0,0.17703892455302253,1.2861527392155652,13.765
EDF,2019-12-11,31,2.0,0.0,0.0,13.765
LLF,2019-12-11,31,2.0,0.0,0.0,13.765
MPC,2019-12-11,31,2.0,-1.7763568394002505e-15,-1.2904880780241558e-14,13.765
PPOLag,2019-12-11,31,2.0,0.18425716022514216,1.3385917924093147,13.765
EDF,2019-12-12,15,0.5,0.0,0.0,17.854
LLF,2019-12-12,15,0.5,0.0,0.0,17.854
MPC,2019-12-12,15,0.5,0.0,0.0,17.854
PPOLag,2019-12-12,15,0.5,0.003120701884226662,0.017479006856876117,17.854
EDF,2019-12-12,15,1.0,0.0,0.0,17.854
LLF,2019-12-12,15,1.0,0.0,0.0,17.854
MPC,2019-12-12,15,1.0,0.0,0.0,17.854
PPOLag,2019-12-12,15,1.0,0.006287559282994693,0.035216530094066834,17.854
EDF,2019-12-12,15,2.0,0.0,0.0,17.854
LLF,2019-12-12,15,2.0,0.0,0.0,17.854
MPC,2019-12-12,15,2.0,3.552713678800501e-15,1.9898698772266724e-14,17.854
PPOLag,2019-12-12,15,2.0,0.007413865018568088,0.04152495249562053,17.854
EDF,2019-12-12,24,0.5,0.0,0.0,3.974
LLF,2019-12-12,24,0.5,0.0,0.0,3.974
MPC,2019-12-12,24,0.5,0.0,0.0,3.974
PPOLag,2019-12-12,24,0.5,0.00020955219384806157,0.0052730798653261605,3.974
EDF,2019-12-12,24,1.0,0.0,0.0,3.974
LLF,2019-12-12,24,1.0,0.0,0.0,3.974
MPC,2019-12-12,24,1.0,0.0,0.0,3.974
PPOLag,2019-12-12,24,1.0,0.0010758811668019953,0.027073003694061275,3.974
EDF,2019-12-12,24,2.0,0.0,0.0,3.974
LLF,2019-12-12,24,2.0,0.0,0.0,3.974
MPC,2019-12-12,24,2.0,0.0,0.0,3.974
PPOLag,2019-12-12,24,2.0,0.0050083763238142785,0.1260285939560714,3.974
EDF,2019-12-12,28,0.5,0.0,0.0,9.773
LLF,2019-12-12,28,0.5,0.0,0.0,9.773
MPC,2019-12-12,28,0.5,0.0,0.0,9.773
PPOLag,2019-12-12,28,0.5,0.0008794114752554094,0.008998377931601447,9.773
EDF,2019-12-12,28,1.0,0.0,0.0,9.773
LLF,2019-12-12,28,1.0,0.0,0.0,9.773
MPC,2019-12-12,28,1.0,3.552713678800501e-15,3.635233478768547e-14,9.773
PPOLag,2019-12-12,28,1.0,0.002861424077543262,0.029278871150550112,9.773
EDF,2019-12-12,28,2.0,0.0,0.0,9.773
LLF,2019-12-12,28,2.0,0.0,0.0,9.773
MPC,2019-12-12,28,2.0,3.552713678800501e-15,3.635233478768547e-14,9.773
PPOLag,2019-12-12,28,2.0,0.0028632210422287587,0.02929725818304265,9.773
EDF,2019-12-12,5,0.5,0.0,0.0,2.386
LLF,2019-12-12,5,0.5,0.0,0.0,2.386
MPC,2019-12-12,5,0.5,0.0,0.0,2.386
PPOLag,2019-12-12,5,0.5,0.00317996190722889,0.1332758552903977,2.386
EDF,2019-12-12,5,1.0,0.0,0.0,2.386
LLF,2019-12-12,5,1.0,0.0,0.0,2.386
MPC,2019-12-12,5,1.0,0.0,0.0,2.386
PPOLag,2019-12-12,5,1.0,0.00516658778350374,0.21653762713762528,2.386
EDF,2019-12-12,5,2.0,0.0,0.0,2.386
LLF,2019-12-12,5,2.0,0.0,0.0,2.386
MPC,2019-12-12,5,2.0,0.0,0.0,2.386
PPOLag,2019-12-12,5,2.0,0.007667610872476605,0.32135837688502117,2.386
EDF,2019-12-12,23,0.5,0.0,0.0,2.671
LLF,2019-12-12,23,0.5,0.0,0.0,2.671
MPC,2019-12-12,23,0.5,4.440892098500626e-16,1.6626327587048396e-14,2.671
PPOLag,2019-12-12,23,0.5,0.002755173536197919,0.10315138660419017,2.671
EDF,2019-12-12,23,1.0,0.0,0.0,2.671
LLF,2019-12-12,23,1.0,0.0,0.0,2.671
MPC,2019-12-12,23,1.0,4.440892098500626e-16,1.6626327587048396e-14,2.671
PPOLag,2019-12-12,23,1.0,0.0063269970352752836,0.23687746294553663,2.671
EDF,2019-12-12,23,2.0,0.0,0.0,2.671
LLF,2019-12-12,23,2.0,0.0,0.0,2.671
MPC,2019-12-12,23,2.0,4.440892098500626e-16,1.6626327587048396e-14,2.671
PPOLag,2019-12-12,23,2.0,0.007894520267576154,0.295564218179564,2.671
EDF,2019-12-13,30,0.5,0.0,0.0,5.79
LLF,2019-12-13,30,0.5,8.881784197001252e-16,1.5339869079449485e-14,5.79
MPC,2019-12-13,30,0.5,8.881784197001252e-16,1.5339869079449485e-14,5.79
PPOLag,2019-12-13,30,0.5,0.001720100199034924,0.029708120881432192,5.79
EDF,2019-12-13,30,1.0,0.0,0.0,5.79
LLF,2019-12-13,30,1.0,8.881784197001252e-16,1.5339869079449485e-14,5.79
MPC,2019-12-13,30,1.0,0.0,0.0,5.79
PPOLag,2019-12-13,30,1.0,0.002397127951870992,0.041401173607443734,5.79
EDF,2019-12-13,30,2.0,0.0,0.0,5.79
LLF,2019-12-13,30,2.0,8.881784197001252e-16,1.5339869079449485e-14,5.79
MPC,2019-12-13,30,2.0,-8.881784197001252e-16,-1.5339869079449485e-14,5.79
PPOLag,2019-12-13,30,2.0,0.006832262651716192,0.11800108206763715,5.79
EDF,2019-12-13,36,0.5,0.0,0.0,6.873
LLF,2019-12-13,36,0.5,0.0,0.0,6.873
MPC,2019-12-13,36,0.5,0.0,0.0,6.873
PPOLag,2019-12-13,36,0.5,0.0023509082249095316,0.03420497926537948,6.873
EDF,2019-12-13,36,1.0,0.0,0.0,6.873
LLF,2019-12-13,36,1.0,0.0,0.0,6.873
MPC,2019-12-13,36,1.0,8.881784197001252e-16,1.2922718168196206e-14,6.873
PPOLag,2019-12-13,36,1.0,0.004271872395466758,0.06215440703429009,6.873
EDF,2019-12-13,36,2.0,0.0,0.0,6.873
LLF,2019-12-13,36,2.0,0.0,0.0,6.873
MPC,2019-12-13,36,2.0,8.881784197001252e-16,1.2922718168196206e-14,6.873
PPOLag,2019-12-13,36,2.0,0.004556020219876089,0.06628866899281376,6.873
EDF,2019-12-13,6,0.5,-1.7763568394002505e-15,-1.831673375335379e-14,9.698
LLF,2019-12-13,6,0.5,-1.7763568394002505e-15,-1.831673375335379e-14,9.698
MPC,2019-12-13,6,0.5,0.0,0.0,9.698
PPOLag,2019-12-13,6,0.5,0.005863837896087886,0.060464403960485524,9.698
EDF,2019-12-13,6,1.0,-1.7763568394002505e-15,-1.831673375335379e-14,9.698
LLF,2019-12-13,6,1.0,-1.7763568394002505e-15,-1.831673375335379e-14,9.698
MPC,2019-12-13,6,1.0,0.0,0.0,9.698
PPOLag,2019-12-13,6,1.0,0.004137608589009645,0.04266455546514379,9.698
EDF,2019-12-13,6,2.0,0.0,0.0,9.698
LLF,2019-12-13,6,2.0,0.0,0.0,9.698
MPC,2019-12-13,6,2.0,-1.7763568394002505e-15,-1.831673375335379e-14,9.698
PPOLag,2019-12-13,6,2.0,0.006368700147981343,0.06567024281275873,9.698
EDF,2019-12-13,9,0.5,0.0,0.0,13.312
LLF,2019-12-13,9,0.5,0.0,0.0,13.312
MPC,2019-12-13,9,0.5,0.0,0.0,13.312
PPOLag,2019-12-13,9,0.5,0.07088911561485745,0.5325203997510325,13.312
EDF,2019-12-13,9,1.0,0.0,0.0,13.312
LLF,2019-12-13,9,1.0,0.0,0.0,13.312
MPC,2019-12-13,9,1.0,0.0,0.0,13.312
PPOLag,2019-12-13,9,1.0,0.1008795614807255,0.757809205834777,13.312
EDF,2019-12-13,9,2.0,0.0,0.0,13.312
LLF,2019-12-13,9,2.0,0.0,0.0,13.312
MPC,2019-12-13,9,2.0,0.0,0.0,13.312
PPOLag,2019-12-13,9,2.0,0.11601105163107946,0.8714772508344311,13.312
EDF,2019-12-13,3,0.5,0.0,0.0,10.552
LLF,2019-12-13,3,0.5,0.0,0.0,10.552
MPC,2019-12-13,3,0.5,-1.7763568394002505e-15,-1.6834314247538385e-14,10.552
PPOLag,2019-12-13,3,0.5,0.00722518940879695,0.06847222714932667,10.552
EDF,2019-12-13,3,1.0,0.0,0.0,10.552
LLF,2019-12-13,3,1.0,0.0,0.0,10.552
MPC,2019-12-13,3,1.0,-1.7763568394002505e-15,-1.6834314247538385e-14,10.552
PPOLag,2019-12-13,3,1.0,0.006622019375540944,0.06275605928298847,10.552
EDF,2019-12-13,3,2.0,0.0,0.0,10.552
LLF,2019-12-13,3,2.0,0.0,0.0,10.552
MPC,2019-12-13,3,2.0,1.7763568394002505e-15,1.6834314247538385e-14,10.552
PPOLag,2019-12-13,3,2.0,0.0064777541883909604,0.06138887593243897,10.552
EDF,2019-12-16,12,0.5,4.440892098500626e-16,1.1422047578448113e-14,3.888
LLF,2019-12-16,12,0.5,0.0,0.0,3.888
MPC,2019-12-16,12,0.5,0.0,0.0,3.888
PPOLag,2019-12-16,12,0.5,0.0016480314210596703,0.042387639430547075,3.888
EDF,2019-12-16,12,1.0,0.0,0.0,3.888
LLF,2019-12-16,12,1.0,0.0,0.0,3.888
MPC,2019-12-16,12,1.0,0.0,0.0,3.888
PPOLag,2019-12-16,12,1.0,0.002093119122975473,0.05383536838928686,3.888
EDF,2019-12-16,12,2.0,0.0,0.0,3.888
LLF,2019-12-16,12,2.0,0.0,0.0,3.888
MPC,2019-12-16,12,2.0,0.0,0.0,3.888
PPOLag,2019-12-16,12,2.0,0.0009882420950957816,0.025417749359459407,3.888
EDF,2019-12-16,2,0.5,0.0,0.0,12.102
LLF,2019-12-16,2,0.5,0.0,0.0,12.102
MPC,2019-12-16,2,0.5,-1.7763568394002505e-15,-1.467820888613659e-14,12.102
PPOLag,2019-12-16,2,0.5,0.004664294926974222,0.038541521459049925,12.102
EDF,2019-12-16,2,1.0,0.0,0.0,12.102
LLF,2019-12-16,2,1.0,0.0,0.0,12.102
MPC,2019-12-16,2,1.0,-1.7763568394002505e-15,-1.467820888613659e-14,12.102
PPOLag,2019-12-16,2,1.0,0.007885499415513308,0.06515864663289794,12.102
EDF,2019-12-16,2,2.0,0.0,0.0,12.102
LLF,2019-12-16,2,2.0,0.0,0.0,12.102
MPC,2019-12-16,2,2.0,-1.7763568394002505e-15,-1.467820888613659e-14,12.102
PPOLag,2019-12-16,2,2.0,0.010926619036931484,0.09028771307991641,12.102
EDF,2019-12-16,18,0.5,0.0,0.0,29.429
LLF,2019-12-16,18,0.5,0.0,0.0,29.429
MPC,2019-12-16,18,0.5,0.0,0.0,29.429
PPOLag,2019-12-16,18,0.5,0.05145541746417095,0.17484595964582877,29.429
EDF,2019-12-16,18,1.0,0.0,0.0,29.429
LLF,2019-12-16,18,1.0,0.0,0.0,29.429
MPC,2019-12-16,18,1.0,0.0,0.0,29.429
PPOLag,2019-12-16,18,1.0,0.07264431918487375,0.24684603345296735,29.429
EDF,2019-12-16,18,2.0,0.0,0.0,29.429
LLF,2019-12-16,18,2.0,0.0,0.0,29.429
MPC,2019-12-16,18,2.0,0.0,0.0,29.429
PPOLag,2019-12-16,18,2.0,0.09039879644275714,0.30717590282631807,29.429
EDF,2019-12-16,8,0.5,0.0,0.0,39.149
LLF,2019-12-16,8,0.5,0.0,0.0,39.149
MPC,2019-12-16,8,0.5,0.0,0.0,39.149
PPOLag,2019-12-16,8,0.5,0.019816221703727877,0.05061744030173919,39.149
EDF,2019-12-16,8,1.0,0.0,0.0,39.149
LLF,2019-12-16,8,1.0,0.0,0.0,39.149
MPC,2019-12-16,8,1.0,0.0,0.0,39.149
PPOLag,2019-12-16,8,1.0,0.023567211855130665,0.06019875821893449,39.149
EDF,2019-12-16,8,2.0,0.0,0.0,39.149
LLF,2019-12-16,8,2.0,0.0,0.0,39.149
MPC,2019-12-16,8,2.0,0.0,0.0,39.149
PPOLag,2019-12-16,8,2.0,0.027480299697302257,0.07019412934507205,39.149
EDF,2019-12-16,1,0.5,0.0,0.0,3.786
LLF,2019-12-16,1,0.5,0.0,0.0,3.786
MPC,2019-12-16,1,0.5,-4.440892098500626e-16,-1.1729773107502975e-14,3.786
PPOLag,2019-12-16,1,0.5,0.0023293339695419136,0.06152493316275524,3.786
EDF,2019-12-16,1,1.0,0.0,0.0,3.786
LLF,2019-12-16,1,1.0,0.0,0.0,3.786
MPC,2019-12-16,1,1.0,-4.440892098500626e-16,-1.1729773107502975e-14,3.786
PPOLag,2019-12-16,1,1.0,0.0030733382961050993,0.081176394508851,3.786
EDF,2019-12-16,1,2.0,0.0,0.0,3.786
LLF,2019-12-16,1,2.0,0.0,0.0,3.786
MPC,2019-12-16,1,2.0,-4.440892098500626e-16,-1.1729773107502975e-14,3.786
PPOLag,2019-12-16,1,2.0,0.004231642481141229,0.1117707998188386,3.786
EDF,2019-12-17,28,0.5,0.0,0.0,6.385
LLF,2019-12-17,28,0.5,0.0,0.0,6.385
MPC,2019-12-17,28,0.5,0.0,0.0,6.385
PPOLag,2019-12-17,28,0.5,0.044271135366390976,0.6933615562473137,6.385
EDF,2019-12-17,28,1.0,0.0,0.0,6.385
LLF,2019-12-17,28,1.0,0.0,0.0,6.385
MPC,2019-12-17,28,1.0,8.881784197001252e-16,1.3910390285045032e-14,6.385
PPOLag,2019-12-17,28,1.0,0.05164909594205884,0.8089130139711642,6.385
EDF,2019-12-17,28,2.0,0.0,0.0,6.385
LLF,2019-12-17,28,2.0,0.0,0.0,6.385
MPC,2019-12-17,28,2.0,8.881784197001252e-16,1.3910390285045032e-14,6.385
PPOLag,2019-12-17,28,2.0,0.05693116968627319,0.891639305971389,6.385
EDF,2019-12-17,6,0.5,0.0,0.0,5.477
LLF,2019-12-17,6,0.5,0.0,0.0,5.477
MPC,2019-12-17,6,0.5,0.0,0.0,5.477
PPOLag,2019-12-17,6,0.5,0.023872153704624567,0.43586185328874494,5.477
EDF,2019-12-17,6,1.0,0.0,0.0,5.477
LLF,2019-12-17,6,1.0,0.0,0.0,5.477
MPC,2019-12-17,6,1.0,0.0,0.0,5.477
PPOLag,2019-12-17,6,1.0,0.0354601802358749,0.6474380178176903,5.477
EDF,2019-12-17,6,2.0,0.0,0.0,5.477
LLF,2019-12-17,6,2.0,0.0,0.0,5.477
MPC,2019-12-17,6,2.0,0.0,0.0,5.477
PPOLag,2019-12-17,6,2.0,0.05082460782301386,0.9279643568196796,5.477
EDF,2019-12-17,9,0.5,-1.7763568394002505e-15,-1.1261296053000194e-14,15.774
LLF,2019-12-17,9,0.5,0.0,0.0,15.774
MPC,2019-12-17,9,0.5,0.0,0.0,15.774
PPOLag,2019-12-17,9,0.5,0.0040962411624580145,0.02596830963901366,15.774
EDF,2019-12-17,9,1.0,-1.7763568394002505e-15,-1.1261296053000194e-14,15.774
LLF,2019-12-17,9,1.0,-3.552713678800501e-15,-2.2522592106000387e-14,15.774
MPC,2019-12-17,9,1.0,1.7763568394002505e-15,1.1261296053000194e-14,15.774
PPOLag,2019-12-17,9,1.0,0.004972770055194786,0.03152510495242035,15.774
EDF,2019-12-17,9,2.0,0.0,0.0,15.774
LLF,2019-12-17,9,2.0,3.552713678800501e-15,2.2522592106000387e-14,15.774
MPC,2019-12-17,9,2.0,-1.7763568394002505e-15,-1.1261296053000194e-14,15.774
PPOLag,2019-12-17,9,2.0,0.004065596448413089,0.02577403606195695,15.774
EDF,2019-12-17,4,0.5,0.0,0.0,4.651
LLF,2019-12-17,4,0.5,0.0,0.0,4.651
MPC,2019-12-17,4,0.5,0.0,0.0,4.651
PPOLag,2019-12-17,4,0.5,0.027693028323314196,0.5954209486844592,4.651
EDF,2019-12-17,4,1.0,0.0,0.0,4.651
LLF,2019-12-17,4,1.0,0.0,0.0,4.651
MPC,2019-12-17,4,1.0,0.0,0.0,4.651
PPOLag,2019-12-17,4,1.0,0.08044082355800697,1.7295382403355617,4.651
EDF,2019-12-17,4,2.0,0.0,0.0,4.651
LLF,2019-12-17,4,2.0,0.0,0.0,4.651
MPC,2019-12-17,4,2.0,0.0,0.0,4.651
PPOLag,2019-12-17,4,2.0,0.09034537828572553,1.9424936204198135,4.651
EDF,2019-12-17,24,0.5,0.0,0.0,7.752
LLF,2019-12-17,24,0.5,0.0,0.0,7.752
MPC,2019-12-17,24,0.5,1.7763568394002505e-15,2.2914819909703955e-14,7.752
PPOLag,2019-12-17,24,0.5,0.004450518273175419,0.05741122643415143,7.752
EDF,2019-12-17,24,1.0,0.0,0.0,7.752
LLF,2019-12-17,24,1.0,0.0,0.0,7.752
MPC,2019-12-17,24,1.0,1.7763568394002505e-15,2.2914819909703955e-14,7.752
PPOLag,2019-12-17,24,1.0,0.006208623466163488,0.08009060198869308,7.752
EDF,2019-12-17,24,2.0,0.0,0.0,7.752
LLF,2019-12-17,24,2.0,0.0,0.0,7.752
MPC,2019-12-17,24,2.0,0.0,0.0,7.752
PPOLag,2019-12-17,24,2.0,0.008686202250322062,0.11205111262025362,7.752
EDF,2019-12-18,29,0.5,0.0,0.0,5.488
LLF,2019-12-18,29,0.5,0.0,0.0,5.488
MPC,2019-12-18,29,0.5,-1.7763568394002505e-15,-3.236801821064596e-14,5.488
PPOLag,2019-12-18,29,0.5,0.006008689086691632,0.10948777490327317,5.488
EDF,2019-12-18,29,1.0,0.0,0.0,5.488
LLF,2019-12-18,29,1.0,0.0,0.0,5.488
MPC,2019-12-18,29,1.0,0.0,0.0,5.488
PPOLag,2019-12-18,29,1.0,0.009653603444589187,0.1759038528533015,5.488
EDF,2019-12-18,29,2.0,0.0,0.0,5.488
LLF,2019-12-18,29,2.0,0.0,0.0,5.488
MPC,2019-12-18,29,2.0,-8.881784197001252e-16,-1.618400910532298e-14,5.488
PPOLag,2019-12-18,29,2.0,0.011436394787734372,0.20838911785230269,5.488
EDF,2019-12-18,4,0.5,1.7763568394002505e-15,1.9055533570052034e-14,9.322
LLF,2019-12-18,4,0.5,0.0,0.0,9.322
MPC,2019-12-18,4,0.5,0.0,0.0,9.322
PPOLag,2019-12-18,4,0.5,0.004763478846797753,0.05109932253591239,9.322
EDF,2019-12-18,4,1.0,1.7763568394002505e-15,1.9055533570052034e-14,9.322
LLF,2019-12-18,4,1.0,0.0,0.0,9.322
MPC,2019-12-18,4,1.0,0.0,0.0,9.322
PPOLag,2019-12-18,4,1.0,0.0037162298576767228,0.039865156164736355,9.322
EDF,2019-12-18,4,2.0,1.7763568394002505e-15,1.9055533570052034e-14,9.322
LLF,2019-12-18,4,2.0,1.7763568394002505e-15,1.9055533570052034e-14,9.322
MPC,2019-12-18,4,2.0,0.0,0.0,9.322
PPOLag,2019-12-18,4,2.0,0.006366929845909297,0.06830004125626794,9.322
EDF,2019-12-18,33,0.5,0.0,0.0,7.822
LLF,2019-12-18,33,0.5,0.0,0.0,7.822
MPC,2019-12-18,33,0.5,0.0,0.0,7.822
PPOLag,2019-12-18,33,0.5,0.016923352314221242,0.21635582094376424,7.822
EDF,2019-12-18,33,1.0,0.0,0.0,7.822
LLF,2019-12-18,33,1.0,0.0,0.0,7.822
MPC,2019-12-18,33,1.0,0.0,0.0,7.822
PPOLag,2019-12-18,33,1.0,0.019261588301174727,0.2462488916028474,7.822
EDF,2019-12-18,33,2.0,0.0,0.0,7.822
LLF,2019-12-18,33,2.0,0.0,0.0,7.822
MPC,2019-12-18,33,2.0,1.7763568394002505e-15,2.270975248530108e-14,7.822
PPOLag,2019-12-18,33,2.0,0.022086861246185484,0.28236846389907294,7.822
EDF,2019-12-18,15,0.5,4.440892098500626e-16,1.3693777670368876e-14,3.243
LLF,2019-12-18,15,0.5,4.440892098500626e-16,1.3693777670368876e-14,3.243
MPC,2019-12-18,15,0.5,0.0,0.0,3.243
PPOLag,2019-12-18,15,0.5,0.0004048157085284387,0.012482753886168341,3.243
EDF,2019-12-18,15,1.0,-4.440892098500626e-16,-1.3693777670368876e-14,3.243
LLF,2019-12-18,15,1.0,0.0,0.0,3.243
MPC,2019-12-18,15,1.0,0.0,0.0,3.243
PPOLag,2019-12-18,15,1.0,0.003474863317531618,0.1071496551813635,3.243
EDF,2019-12-18,15,2.0,0.0,0.0,3.243
LLF,2019-12-18,15,2.0,4.440892098500626e-16,1.3693777670368876e-14,3.243
MPC,2019-12-18,15,2.0,-4.440892098500626e-16,-1.3693777670368876e-14,3.243
PPOLag,2019-12-18,15,2.0,0.005497843402673919,0.16952955296558492,3.243
EDF,2019-12-18,6,0.5,0.0,0.0,4.9
LLF,2019-12-18,6,0.5,0.0,0.0,4.9
MPC,2019-12-18,6,0.5,0.0,0.0,4.9
PPOLag,2019-12-18,6,0.5,0.008188987170393602,0.16712218715088983,4.9
EDF,2019-12-18,6,1.0,0.0,0.0,4.9
LLF,2019-12-18,6,1.0,0.0,0.0,4.9
MPC,2019-12-18,6,1.0,0.0,0.0,4.9
PPOLag,2019-12-18,6,1.0,0.01050351204771669,0.21435738872891202,4.9
EDF,2019-12-18,6,2.0,0.0,0.0,4.9
LLF,2019-12-18,6,2.0,0.0,0.0,4.9
MPC,2019-12-18,6,2.0,8.881784197001252e-16,1.812609019796174e-14,4.9
PPOLag,2019-12-18,6,2.0,0.012817723662232971,0.26158619718842796,4.9
EDF,2019-12-19,31,0.5,0.0,0.0,1.669
LLF,2019-12-19,31,0.5,0.0,0.0,1.669
MPC,2019-12-19,31,0.5,0.0,0.0,1.669
PPOLag,2019-12-19,31,0.5,-0.0011947687283665686,-0.07158590343718205,1.669
EDF,2019-12-19,31,1.0,0.0,0.0,1.669
LLF,2019-12-19,31,1.0,0.0,0.0,1.669
MPC,2019-12-19,31,1.0,0.0,0.0,1.669
PPOLag,2019-12-19,31,1.0,0.004401650490805898,0.2637298077175493,1.669
EDF,2019-12-19,31,2.0,0.0,0.0,1.669
LLF,2019-12-19,31,2.0,0.0,0.0,1.669
MPC,2019-12-19,31,2.0,0.0,0.0,1.669
PPOLag,2019-12-19,31,2.0,0.0038264572538888597,0.22926646218627078,1.669
EDF,2019-12-19,27,0.5,0.0,0.0,3.388
LLF,2019-12-19,27,0.5,0.0,0.0,3.388
MPC,2019-12-19,27,0.5,0.0,0.0,3.388
PPOLag,2019-12-19,27,0.5,0.0038595896952390517,0.11391941249229787,3.388
EDF,2019-12-19,27,1.0,0.0,0.0,3.388
LLF,2019-12-19,27,1.0,0.0,0.0,3.388
MPC,2019-12-19,27,1.0,0.0,0.0,3.388
PPOLag,2019-12-19,27,1.0,0.005692482711776048,0.16801897024132373,3.388
EDF,2019-12-19,27,2.0,0.0,0.0,3.388
LLF,2019-12-19,27,2.0,0.0,0.0,3.388
MPC,2019-12-19,27,2.0,0.0,0.0,3.388
PPOLag,2019-12-19,27,2.0,0.007932505836548564,0.2341353552700285,3.388
EDF,2019-12-19,19,0.5,-8.881784197001252e-16,-1.767871058320313e-14,5.024
LLF,2019-12-19,19,0.5,1.7763568394002505e-15,3.535742116640626e-14,5.024
MPC,2019-12-19,19,0.5,0.0,0.0,5.024
PPOLag,2019-12-19,19,0.5,0.0038290075264237446,0.07621432178391212,5.024
EDF,2019-12-19,19,1.0,-8.881784197001252e-16,-1.767871058320313e-14,5.024
LLF,2019-12-19,19,1.0,8.881784197001252e-16,1.767871058320313e-14,5.024
MPC,2019-12-19,19,1.0,0.0,0.0,5.024
PPOLag,2019-12-19,19,1.0,0.005711757700543707,0.11368944467642728,5.024
EDF,2019-12-19,19,2.0,-8.881784197001252e-16,-1.767871058320313e-14,5.024
LLF,2019-12-19,19,2.0,8.881784197001252e-16,1.767871058320313e-14,5.024
MPC,2019-12-19,19,2.0,0.0,0.0,5.024
PPOLag,2019-12-19,19,2.0,0.007705743030607515,0.15337864312514954,5.024
EDF,2019-12-19,24,0.5,0.0,0.0,4.121
LLF,2019-12-19,24,0.5,0.0,0.0,4.121
MPC,2019-12-19,24,0.5,0.0,0.0,4.121
PPOLag,2019-12-19,24,0.5,0.006425698324022377,0.15592570550891477,4.121
EDF,2019-12-19,24,1.0,0.0,0.0,4.121
LLF,2019-12-19,24,1.0,0.0,0.0,4.121
MPC,2019-12-19,24,1.0,0.0,0.0,4.121
PPOLag,2019-12-19,24,1.0,0.008495155176700565,0.20614305209173897,4.121
EDF,2019-12-19,24,2.0,0.0,0.0,4.121
LLF,2019-12-19,24,2.0,0.0,0.0,4.121
MPC,2019-12-19,24,2.0,0.0,0.0,4.121
PPOLag,2019-12-19,24,2.0,0.011190574103235384,0.2715499661061728,4.121
EDF,2019-12-19,0,0.5,0.0,0.0,9.135
LLF,2019-12-19,0,0.5,0.0,0.0,9.135
MPC,2019-12-19,0,0.5,-1.7763568394002505e-15,-1.9445614005476196e-14,9.135
PPOLag,2019-12-19,0,0.5,0.0024190401776291283,0.02648100905997951,9.135
EDF,2019-12-19,0,1.0,0.0,0.0,9.135
LLF,2019-12-19,0,1.0,0.0,0.0,9.135
MPC,2019-12-19,0,1.0,0.0,0.0,9.135
PPOLag,2019-12-19,0,1.0,0.0034766636796220497,0.038058715704674874,9.135
EDF,2019-12-19,0,2.0,0.0,0.0,9.135
LLF,2019-12-19,0,2.0,0.0,0.0,9.135
MPC,2019-12-19,0,2.0,0.0,0.0,9.135
PPOLag,2019-12-19,0,2.0,0.003922167769362517,0.04293560776532586,9.135
EDF,2019-12-20,5,0.5,0.0,0.0,7.883
LLF,2019-12-20,5,0.5,0.0,0.0,7.883
MPC,2019-12-20,5,0.5,0.0,0.0,7.883
PPOLag,2019-12-20,5,0.5,0.0006284058155236139,0.007971658195149231,7.883
EDF,2019-12-20,5,1.0,0.0,0.0,7.883
LLF,2019-12-20,5,1.0,0.0,0.0,7.883
MPC,2019-12-20,5,1.0,0.0,0.0,7.883
PPOLag,2019-12-20,5,1.0,0.0010330582010121604,0.01310488647738374,7.883
EDF,2019-12-20,5,2.0,0.0,0.0,7.883
LLF,2019-12-20,5,2.0,0.0,0.0,7.883
MPC,2019-12-20,5,2.0,8.881784197001252e-16,1.1267010271471842e-14,7.883
PPOLag,2019-12-20,5,2.0,0.0014923754651436027,0.018931567488819013,7.883
EDF,2019-12-20,16,0.5,0.0,0.0,6.623
LLF,2019-12-20,16,0.5,0.0,0.0,6.623
MPC,2019-12-20,16,0.5,0.0,0.0,6.623
PPOLag,2019-12-20,16,0.5,0.004655787408073842,0.07029725816206918,6.623
EDF,2019-12-20,16,1.0,0.0,0.0,6.623
LLF,2019-12-20,16,1.0,0.0,0.0,6.623
MPC,2019-12-20,16,1.0,0.0,0.0,6.623
PPOLag,2019-12-20,16,1.0,0.007663117712241707,0.11570463101678555,6.623
EDF,2019-12-20,16,2.0,0.0,0.0,6.623
LLF,2019-12-20,16,2.0,0.0,0.0,6.623
MPC,2019-12-20,16,2.0,0.0,0.0,6.623
PPOLag,2019-12-20,16,2.0,0.01168174391291803,0.17638145723868381,6.623
EDF,2019-12-20,3,0.5,-8.881784197001252e-16,-1.1269869555895511e-14,7.881
LLF,2019-12-20,3,0.5,0.0,0.0,7.881
MPC,2019-12-20,3,0.5,0.0,0.0,7.881
PPOLag,2019-12-20,3,0.5,0.0017237274052618544,0.021871937638140524,7.881
EDF,2019-12-20,3,1.0,0.0,0.0,7.881
LLF,2019-12-20,3,1.0,0.0,0.0,7.881
MPC,2019-12-20,3,1.0,0.0,0.0,7.881
PPOLag,2019-12-20,3,1.0,0.003333763845943594,0.042301279608470924,7.881
EDF,2019-12-20,3,2.0,0.0,0.0,7.881
LLF,2019-12-20,3,2.0,0.0,0.0,7.881
MPC,2019-12-20,3,2.0,-8.881784197001252e-16,-1.1269869555895511e-14,7.881
PPOLag,2019-12-20,3,2.0,0.005532141213207354,0.0701959296181621,7.881
EDF,2019-12-20,10,0.5,0.0,0.0,6.326
LLF,2019-12-20,10,0.5,0.0,0.0,6.326
MPC,2019-12-20,10,0.5,8.881784197001252e-16,1.4040126773634607e-14,6.326
PPOLag,2019-12-20,10,0.5,0.0016725968431213546,0.0264400386203186,6.326
EDF,2019-12-20,10,1.0,0.0,0.0,6.326
LLF,2019-12-20,10,1.0,0.0,0.0,6.326
MPC,2019-12-20,10,1.0,0.0,0.0,6.326
PPOLag,2019-12-20,10,1.0,0.0025085107335350186,0.03965397934769237,6.326
EDF,2019-12-20,10,2.0,0.0,0.0,6.326
LLF,2019-12-20,10,2.0,0.0,0.0,6.326
MPC,2019-12-20,10,2.0,0.0,0.0,6.326
PPOLag,2019-12-20,10,2.0,0.002866738122954793,0.045316758187714086,6.326
EDF,2019-12-20,18,0.5,0.0,0.0,11.293
LLF,2019-12-20,18,0.5,0.0,0.0,11.293
MPC,2019-12-20,18,0.5,0.0,0.0,11.293
PPOLag,2019-12-20,18,0.5,-0.0019136945921346183,-0.016945847800713877,11.293
EDF,2019-12-20,18,1.0,0.0,0.0,11.293
LLF,2019-12-20,18,1.0,0.0,0.0,11.293
MPC,2019-12-20,18,1.0,0.0,0.0,11.293
PPOLag,2019-12-20,18,1.0,0.0020002444117746877,0.017712250170678186,11.293
EDF,2019-12-20,18,2.0,0.0,0.0,11.293
LLF,2019-12-20,18,2.0,0.0,0.0,11.293
MPC,2019-12-20,18,2.0,0.0,0.0,11.293
PPOLag,2019-12-20,18,2.0,0.001503549112846514,0.013313991967116922,11.293
EDF,2019-12-23,1,0.5,0.0,0.0,3.64
LLF,2019-12-23,1,0.5,0.0,0.0,3.64
MPC,2019-12-23,1,0.5,0.0,0.0,3.64
PPOLag,2019-12-23,1,0.5,0.0008720531635692197,0.02395750449365988,3.64
EDF,2019-12-23,1,1.0,0.0,0.0,3.64
LLF,2019-12-23,1,1.0,0.0,0.0,3.64
MPC,2019-12-23,1,1.0,0.0,0.0,3.64
PPOLag,2019-12-23,1,1.0,0.0012488726798883577,0.03430968900792191,3.64
EDF,2019-12-23,1,2.0,0.0,0.0,3.64
LLF,2019-12-23,1,2.0,0.0,0.0,3.64
MPC,2019-12-23,1,2.0,0.0,0.0,3.64
PPOLag,2019-12-23,1,2.0,0.0015241502465629607,0.041872259520960464,3.64
EDF,2019-12-23,6,0.5,0.0,0.0,2.895
LLF,2019-12-23,6,0.5,0.0,0.0,2.895
MPC,2019-12-23,6,0.5,0.0,0.0,2.895
PPOLag,2019-12-23,6,0.5,0.0021792485823662667,0.07527628954633045,2.895
EDF,2019-12-23,6,1.0,0.0,0.0,2.895
LLF,2019-12-23,6,1.0,0.0,0.0,2.895
MPC,2019-12-23,6,1.0,0.0,0.0,2.895
PPOLag,2019-12-23,6,1.0,0.003457312590877404,0.11942357826864954,2.895
EDF,2019-12-23,6,2.0,0.0,0.0,2.895
LLF,2019-12-23,6,2.0,0.0,0.0,2.895
MPC,2019-12-23,6,2.0,0.0,0.0,2.895
PPOLag,2019-12-23,6,2.0,0.005043623030506606,0.17421841210730937,2.895
EDF,2019-12-23,7,0.5,0.0,0.0,21.631999999999998
LLF,2019-12-23,7,0.5,0.0,0.0,21.631999999999998
MPC,2019-12-23,7,0.5,0.0,0.0,21.631999999999998
PPOLag,2019-12-23,7,0.5,0.024355778503418433,0.11259143169109853,21.631999999999998
EDF,2019-12-23,7,1.0,0.0,0.0,21.631999999999998
LLF,2019-12-23,7,1.0,0.0,0.0,21.631999999999998
MPC,2019-12-23,7,1.0,0.0,0.0,21.631999999999998
PPOLag,2019-12-23,7,1.0,0.035067448425292726,0.16210913658141976,21.631999999999998
EDF,2019-12-23,7,2.0,0.0,0.0,21.631999999999998
LLF,2019-12-23,7,2.0,0.0,0.0,21.631999999999998
MPC,2019-12-23,7,2.0,0.0,0.0,21.631999999999998
PPOLag,2019-12-23,7,2.0,0.04378821563720479,0.20242333412169375,21.631999999999998
EDF,2019-12-23,3,0.5,0.0,0.0,0.871
LLF,2019-12-23,3,0.5,0.0,0.0,0.871
MPC,2019-12-23,3,0.5,0.0,0.0,0.871
PPOLag,2019-12-23,3,0.5,0.0008478069037276548,0.09733718756919114,0.871
EDF,2019-12-23,3,1.0,0.0,0.0,0.871
LLF,2019-12-23,3,1.0,0.0,0.0,0.871
MPC,2019-12-23,3,1.0,0.0,0.0,0.871
PPOLag,2019-12-23,3,1.0,0.0011993508372972529,0.13769814435100491,0.871
EDF,2019-12-23,3,2.0,0.0,0.0,0.871
LLF,2019-12-23,3,2.0,0.0,0.0,0.871
MPC,2019-12-23,3,2.0,0.0,0.0,0.871
PPOLag,2019-12-23,3,2.0,0.0012323614600291632,0.14148811251769958,0.871
EDF,2019-12-23,10,0.5,0.0,0.0,13.312
LLF,2019-12-23,10,0.5,0.0,0.0,13.312
MPC,2019-12-23,10,0.5,0.0,0.0,13.312
PPOLag,2019-12-23,10,0.5,0.02409421539306571,0.18099620938300565,13.312
EDF,2019-12-23,10,1.0,0.0,0.0,13.312
LLF,2019-12-23,10,1.0,0.0,0.0,13.312
MPC,2019-12-23,10,1.0,0.0,0.0,13.312
PPOLag,2019-12-23,10,1.0,0.028770652770995043,0.2161256968974988,13.312
EDF,2019-12-23,10,2.0,0.0,0.0,13.312
LLF,2019-12-23,10,2.0,0.0,0.0,13.312
MPC,2019-12-23,10,2.0,0.0,0.0,13.312
PPOLag,2019-12-23,10,2.0,0.03019679260253909,0.2268388867378237,13.312
EDF,2019-12-24,5,0.5,0.0,0.0,1.71
LLF,2019-12-24,5,0.5,0.0,0.0,1.71
MPC,2019-12-24,5,0.5,0.0,0.0,1.71
PPOLag,2019-12-24,5,0.5,0.00026933119359244805,0.015750362198388775,1.71
EDF,2019-12-24,5,1.0,0.0,0.0,1.71
LLF,2019-12-24,5,1.0,0.0,0.0,1.71
MPC,2019-12-24,5,1.0,0.0,0.0,1.71
PPOLag,2019-12-24,5,1.0,0.0017238461429924356,0.10080971596446993,1.71
EDF,2019-12-24,5,2.0,0.0,0.0,1.71
LLF,2019-12-24,5,2.0,0.0,0.0,1.71
MPC,2019-12-24,5,2.0,0.0,0.0,1.71
PPOLag,2019-12-24,5,2.0,0.004132026449225679,0.24163897363892853,1.71
EDF,2019-12-24,4,0.5,0.0,0.0,4.021
LLF,2019-12-24,4,0.5,0.0,0.0,4.021
MPC,2019-12-24,4,0.5,0.0,0.0,4.021
PPOLag,2019-12-24,4,0.5,0.0025984358492729064,0.06462163266035578,4.021
EDF,2019-12-24,4,1.0,0.0,0.0,4.021
LLF,2019-12-24,4,1.0,0.0,0.0,4.021
MPC,2019-12-24,4,1.0,0.0,0.0,4.021
PPOLag,2019-12-24,4,1.0,0.004335597192754737,0.10782385458231128,4.021
EDF,2019-12-24,4,2.0,0.0,0.0,4.021
LLF,2019-12-24,4,2.0,0.0,0.0,4.021
MPC,2019-12-24,4,2.0,0.0,0.0,4.021
PPOLag,2019-12-24,4,2.0,0.0071717911043641,0.17835839602994533,4.021
EDF,2019-12-24,0,0.5,0.0,0.0,9.797
LLF,2019-12-24,0,0.5,0.0,0.0,9.797
MPC,2019-12-24,0,0.5,0.0,0.0,9.797
PPOLag,2019-12-24,0,0.5,0.0026053020521075608,0.026592855487471277,9.797
EDF,2019-12-24,0,1.0,0.0,0.0,9.797
LLF,2019-12-24,0,1.0,0.0,0.0,9.797
MPC,2019-12-24,0,1.0,0.0,0.0,9.797
PPOLag,2019-12-24,0,1.0,0.0037861512281530453,0.03864602662195617,9.797
EDF,2019-12-24,0,2.0,0.0,0.0,9.797
LLF,2019-12-24,0,2.0,0.0,0.0,9.797
MPC,2019-12-24,0,2.0,0.0,0.0,9.797
PPOLag,2019-12-24,0,2.0,0.004934884532480766,0.050371384428710475,9.797
EDF,2019-12-24,6,0.5,0.0,0.0,8.729
LLF,2019-12-24,6,0.5,0.0,0.0,8.729
MPC,2019-12-24,6,0.5,0.0,0.0,8.729
PPOLag,2019-12-24,6,0.5,0.0047238912093284565,0.054117209409193,8.729
EDF,2019-12-24,6,1.0,0.0,0.0,8.729
LLF,2019-12-24,6,1.0,0.0,0.0,8.729
MPC,2019-12-24,6,1.0,0.0,0.0,8.729
PPOLag,2019-12-24,6,1.0,0.005581583269668044,0.06394298624891792,8.729
EDF,2019-12-24,6,2.0,0.0,0.0,8.729
LLF,2019-12-24,6,2.0,0.0,0.0,8.729
MPC,2019-12-24,6,2.0,0.0,0.0,8.729
PPOLag,2019-12-24,6,2.0,0.006135444710600524,0.07028805946386212,8.729
EDF,2019-12-24,1,0.5,0.0,0.0,2.085
LLF,2019-12-24,1,0.5,0.0,0.0,2.085
MPC,2019-12-24,1,0.5,0.0,0.0,2.085
PPOLag,2019-12-24,1,0.5,0.0016709689347933043,0.08014239495411532,2.085
EDF,2019-12-24,1,1.0,0.0,0.0,2.085
LLF,2019-12-24,1,1.0,0.0,0.0,2.085
MPC,2019-12-24,1,1.0,0.0,0.0,2.085
PPOLag,2019-12-24,1,1.0,0.0022459109120732458,0.107717549739724,2.085
EDF,2019-12-24,1,2.0,0.0,0.0,2.085
LLF,2019-12-24,1,2.0,0.0,0.0,2.085
MPC,2019-12-24,1,2.0,0.0,0.0,2.085
PPOLag,2019-12-24,1,2.0,0.0026788542756401414,0.12848221945516264,2.085
EDF,2019-12-26,0,0.5,0.0,0.0,17.791
LLF,2019-12-26,0,0.5,0.0,0.0,17.791
MPC,2019-12-26,0,0.5,0.0,0.0,17.791
PPOLag,2019-12-26,0,0.5,0.001658327731002629,0.009321160873490128,17.791
EDF,2019-12-26,0,1.0,0.0,0.0,17.791
LLF,2019-12-26,0,1.0,0.0,0.0,17.791
MPC,2019-12-26,0,1.0,0.0,0.0,17.791
PPOLag,2019-12-26,0,1.0,0.005630069270340243,0.03164560322826284,17.791
EDF,2019-12-26,0,2.0,0.0,0.0,17.791
LLF,2019-12-26,0,2.0,0.0,0.0,17.791
MPC,2019-12-26,0,2.0,0.0,0.0,17.791
PPOLag,2019-12-26,0,2.0,0.007076085798271947,0.03977340114817575,17.791
EDF,2019-12-27,5,0.5,0.0,0.0,2.336
LLF,2019-12-27,5,0.5,0.0,0.0,2.336
MPC,2019-12-27,5,0.5,0.0,0.0,2.336
PPOLag,2019-12-27,5,0.5,0.001074031832620914,0.04597739009507339,2.336
EDF,2019-12-27,5,1.0,0.0,0.0,2.336
LLF,2019-12-27,5,1.0,0.0,0.0,2.336
MPC,2019-12-27,5,1.0,0.0,0.0,2.336
PPOLag,2019-12-27,5,1.0,0.001513249118417459,0.06477949993225424,2.336
EDF,2019-12-27,5,2.0,0.0,0.0,2.336
LLF,2019-12-27,5,2.0,0.0,0.0,2.336
MPC,2019-12-27,5,2.0,0.0,0.0,2.336
PPOLag,2019-12-27,5,2.0,0.001992671775161359,0.08530273010108558,2.336
EDF,2019-12-27,3,0.5,0.0,0.0,1.701
LLF,2019-12-27,3,0.5,0.0,0.0,1.701
MPC,2019-12-27,3,0.5,0.0,0.0,1.701
PPOLag,2019-12-27,3,0.5,0.0030163156170795345,0.17732602099233008,1.701
EDF,2019-12-27,3,1.0,0.0,0.0,1.701
LLF,2019-12-27,3,1.0,0.0,0.0,1.701
MPC,2019-12-27,3,1.0,0.0,0.0,1.701
PPOLag,2019-12-27,3,1.0,0.0047561166434119785,0.2796070924992345,1.701
EDF,2019-12-27,3,2.0,0.0,0.0,1.701
LLF,2019-12-27,3,2.0,0.0,0.0,1.701
MPC,2019-12-27,3,2.0,0.0,0.0,1.701
PPOLag,2019-12-27,3,2.0,0.006949583329688069,0.4085586907517971,1.701
EDF,2019-12-27,4,0.5,0.0,0.0,11.091
LLF,2019-12-27,4,0.5,0.0,0.0,11.091
MPC,2019-12-27,4,0.5,0.0,0.0,11.091
PPOLag,2019-12-27,4,0.5,0.00345429994705313,0.03114507210398639,11.091
EDF,2019-12-27,4,1.0,0.0,0.0,11.091
LLF,2019-12-27,4,1.0,0.0,0.0,11.091
MPC,2019-12-27,4,1.0,0.0,0.0,11.091
PPOLag,2019-12-27,4,1.0,0.00795436582930833,0.07171910404209116,11.091
EDF,2019-12-27,4,2.0,0.0,0.0,11.091
LLF,2019-12-27,4,2.0,0.0,0.0,11.091
MPC,2019-12-27,4,2.0,0.0,0.0,11.091
PPOLag,2019-12-27,4,2.0,0.009548535096245203,0.08609264355103421,11.091
EDF,2019-12-27,1,0.5,0.0,0.0,0.836
LLF,2019-12-27,1,0.5,0.0,0.0,0.836
MPC,2019-12-27,1,0.5,0.0,0.0,0.836
PPOLag,2019-12-27,1,0.5,0.0021393733453563433,0.25590590255458656,0.836
EDF,2019-12-27,1,1.0,0.0,0.0,0.836
LLF,2019-12-27,1,1.0,0.0,0.0,0.836
MPC,2019-12-27,1,1.0,0.0,0.0,0.836
PPOLag,2019-12-27,1,1.0,0.0029537857007705835,0.35332364841753394,0.836
EDF,2019-12-27,1,2.0,0.0,0.0,0.836
LLF,2019-12-27,1,2.0,0.0,0.0,0.836
MPC,2019-12-27,1,2.0,0.0,0.0,0.836
PPOLag,2019-12-27,1,2.0,0.0036730699306283254,0.4393624318933404,0.836
EDF,2019-12-27,0,0.5,0.0,0.0,4.045
LLF,2019-12-27,0,0.5,0.0,0.0,4.045
MPC,2019-12-27,0,0.5,0.0,0.0,4.045
PPOLag,2019-12-27,0,0.5,0.0011578258335807946,0.028623630001997392,4.045
EDF,2019-12-27,0,1.0,0.0,0.0,4.045
LLF,2019-12-27,0,1.0,0.0,0.0,4.045
MPC,2019-12-27,0,1.0,0.0,0.0,4.045
PPOLag,2019-12-27,0,1.0,0.0017659923155878942,0.043658648098588236,4.045
EDF,2019-12-27,0,2.0,0.0,0.0,4.045
LLF,2019-12-27,0,2.0,0.0,0.0,4.045
MPC,2019-12-27,0,2.0,0.0,0.0,4.045
PPOLag,2019-12-27,0,2.0,0.002748803241908071,0.0679555807641056,4.045
EDF,2019-12-30,6,0.5,0.0,0.0,1.418
LLF,2019-12-30,6,0.5,0.0,0.0,1.418
MPC,2019-12-30,6,0.5,0.0,0.0,1.418
PPOLag,2019-12-30,6,0.5,0.005182726623641809,0.3654955305812277,1.418
EDF,2019-12-30,6,1.0,0.0,0.0,1.418
LLF,2019-12-30,6,1.0,0.0,0.0,1.418
MPC,2019-12-30,6,1.0,0.0,0.0,1.418
PPOLag,2019-12-30,6,1.0,0.005573521879675658,0.3930551396104132,1.418
EDF,2019-12-30,6,2.0,0.0,0.0,1.418
LLF,2019-12-30,6,2.0,0.0,0.0,1.418
MPC,2019-12-30,6,2.0,0.0,0.0,1.418
PPOLag,2019-12-30,6,2.0,0.008033080631624001,0.566507801948096,1.418
EDF,2019-12-30,1,0.5,0.0,0.0,2.011
LLF,2019-12-30,1,0.5,0.0,0.0,2.011
MPC,2019-12-30,1,0.5,0.0,0.0,2.011
PPOLag,2019-12-30,1,0.5,0.0019805813246781766,0.09848738561303713,2.011
EDF,2019-12-30,1,1.0,0.0,0.0,2.011
LLF,2019-12-30,1,1.0,0.0,0.0,2.011
MPC,2019-12-30,1,1.0,0.0,0.0,2.011
PPOLag,2019-12-30,1,1.0,0.0028586005844177366,0.14214821404364678,2.011
EDF,2019-12-30,1,2.0,0.0,0.0,2.011
LLF,2019-12-30,1,2.0,0.0,0.0,2.011
MPC,2019-12-30,1,2.0,0.0,0.0,2.011
PPOLag,2019-12-30,1,2.0,0.003544209123246045,0.1762411299475905,2.011
EDF,2019-12-30,3,0.5,0.0,0.0,13.312
LLF,2019-12-30,3,0.5,0.0,0.0,13.312
MPC,2019-12-30,3,0.5,0.0,0.0,13.312
PPOLag,2019-12-30,3,0.5,0.009774696350098111,0.07342770695686682,13.312
EDF,2019-12-30,3,1.0,0.0,0.0,13.312
LLF,2019-12-30,3,1.0,0.0,0.0,13.312
MPC,2019-12-30,3,1.0,0.0,0.0,13.312
PPOLag,2019-12-30,3,1.0,0.013261642456053834,0.0996217131614621,13.312
EDF,2019-12-30,3,2.0,0.0,0.0,13.312
LLF,2019-12-30,3,2.0,0.0,0.0,13.312
MPC,2019-12-30,3,2.0,0.0,0.0,13.312
PPOLag,2019-12-30,3,2.0,0.01513896179199179,0.11372417211532296,13.312
EDF,2019-12-30,0,0.5,0.0,0.0,5.814
LLF,2019-12-30,0,0.5,0.0,0.0,5.814
MPC,2019-12-30,0,0.5,0.0,0.0,5.814
PPOLag,2019-12-30,0,0.5,0.0012543933903348403,0.02157539371060957,5.814
EDF,2019-12-30,0,1.0,0.0,0.0,5.814
LLF,2019-12-30,0,1.0,0.0,0.0,5.814
MPC,2019-12-30,0,1.0,0.0,0.0,5.814
PPOLag,2019-12-30,0,1.0,0.0014490699242443838,0.024923803306576946,5.814
EDF,2019-12-30,0,2.0,0.0,0.0,5.814
LLF,2019-12-30,0,2.0,0.0,0.0,5.814
MPC,2019-12-30,0,2.0,1.7763568394002505e-15,3.0553093212938605e-14,5.814
PPOLag,2019-12-30,0,2.0,0.0016920810115884422,0.02910356057083664,5.814
EDF,2019-12-30,5,0.5,0.0,0.0,6.509
LLF,2019-12-30,5,0.5,0.0,0.0,6.509
MPC,2019-12-30,5,0.5,0.0,0.0,6.509
PPOLag,2019-12-30,5,0.5,0.003230640456470546,0.04963343764741966,6.509
EDF,2019-12-30,5,1.0,0.0,0.0,6.509
LLF,2019-12-30,5,1.0,0.0,0.0,6.509
MPC,2019-12-30,5,1.0,0.0,0.0,6.509
PPOLag,2019-12-30,5,1.0,0.0033576170844796136,0.051584223144563124,6.509
EDF,2019-12-30,5,2.0,0.0,0.0,6.509
LLF,2019-12-30,5,2.0,0.0,0.0,6.509
MPC,2019-12-30,5,2.0,0.0,0.0,6.509
PPOLag,2019-12-30,5,2.0,0.007449097418561123,0.11444303915441885,6.509
EDF,2019-12-31,2,0.5,0.0,0.0,13.312
LLF,2019-12-31,2,0.5,0.0,0.0,13.312
MPC,2019-12-31,2,0.5,0.0,0.0,13.312
PPOLag,2019-12-31,2,0.5,0.022782293701172664,0.17114102840424178,13.312
EDF,2019-12-31,2,1.0,0.0,0.0,13.312
LLF,2019-12-31,2,1.0,0.0,0.0,13.312
MPC,2019-12-31,2,1.0,0.0,0.0,13.312
PPOLag,2019-12-31,2,1.0,0.028664646911621718,0.21532937884331216,13.312
EDF,2019-12-31,2,2.0,0.0,0.0,13.312
LLF,2019-12-31,2,2.0,0.0,0.0,13.312
MPC,2019-12-31,2,2.0,0.0,0.0,13.312
PPOLag,2019-12-31,2,2.0,0.030987551879882603,0.2327790856361373,13.312
EDF,2019-12-31,1,0.5,0.0,0.0,25.159
LLF,2019-12-31,1,0.5,0.0,0.0,25.159
MPC,2019-12-31,1,0.5,3.552713678800501e-15,1.4121044869829886e-14,25.159
PPOLag,2019-12-31,1,0.5,0.0016628358552978283,0.00660930822090635,25.159
EDF,2019-12-31,1,1.0,0.0,0.0,25.159
LLF,2019-12-31,1,1.0,0.0,0.0,25.159
MPC,2019-12-31,1,1.0,3.552713678800501e-15,1.4121044869829886e-14,25.159
PPOLag,2019-12-31,1,1.0,0.0019679716467045695,0.007822137790470883,25.159
EDF,2019-12-31,1,2.0,0.0,0.0,25.159
LLF,2019-12-31,1,2.0,0.0,0.0,25.159
MPC,2019-12-31,1,2.0,3.552713678800501e-15,1.4121044869829886e-14,25.159
PPOLag,2019-12-31,1,2.0,0.0021934995774856247,0.0087185483424843,25.159
EDF,2019-12-31,3,0.5,0.0,0.0,6.618
LLF,2019-12-31,3,0.5,0.0,0.0,6.618
MPC,2019-12-31,3,0.5,1.7763568394002505e-15,2.684129403747734e-14,6.618
PPOLag,2019-12-31,3,0.5,0.005528473750364071,0.08353692581390255,6.618
EDF,2019-12-31,3,1.0,0.0,0.0,6.618
LLF,2019-12-31,3,1.0,0.0,0.0,6.618
MPC,2019-12-31,3,1.0,1.7763568394002505e-15,2.684129403747734e-14,6.618
PPOLag,2019-12-31,3,1.0,0.004342739863852784,0.06562012486933794,6.618
EDF,2019-12-31,3,2.0,0.0,0.0,6.618
LLF,2019-12-31,3,2.0,0.0,0.0,6.618
MPC,2019-12-31,3,2.0,1.7763568394002505e-15,2.684129403747734e-14,6.618
PPOLag,2019-12-31,3,2.0,0.010868277679751692,0.16422299304550758,6.618
EDF,2020-01-01,3,0.5,0.0,0.0,8.336
LLF,2020-01-01,3,0.5,0.0,0.0,8.336
MPC,2020-01-01,3,0.5,0.0,0.0,8.336
PPOLag,2020-01-01,3,0.5,-0.00230723101713366,-0.027677915272716642,8.336
EDF,2020-01-01,3,1.0,0.0,0.0,8.336
LLF,2020-01-01,3,1.0,0.0,0.0,8.336
MPC,2020-01-01,3,1.0,0.0,0.0,8.336
PPOLag,2020-01-01,3,1.0,0.0011476997940032875,0.013767991770672833,8.336
EDF,2020-01-01,3,2.0,0.0,0.0,8.336
LLF,2020-01-01,3,2.0,0.0,0.0,8.336
MPC,2020-01-01,3,2.0,1.7763568394002505e-15,2.1309463044628725e-14,8.336
PPOLag,2020-01-01,3,2.0,-0.002616920365903397,-0.03139299863127876,8.336
EDF,2020-01-01,2,0.5,0.0,0.0,19.868
LLF,2020-01-01,2,0.5,0.0,0.0,19.868
MPC,2020-01-01,2,0.5,0.0,0.0,19.868
PPOLag,2020-01-01,2,0.5,0.0028022111239558002,0.014104142963337025,19.868
EDF,2020-01-01,2,1.0,0.0,0.0,19.868
LLF,2020-01-01,2,1.0,0.0,0.0,19.868
MPC,2020-01-01,2,1.0,0.0,0.0,19.868
PPOLag,2020-01-01,2,1.0,0.0065328303630352025,0.032881167520813395,19.868
EDF,2020-01-01,2,2.0,0.0,0.0,19.868
LLF,2020-01-01,2,2.0,0.0,0.0,19.868
MPC,2020-01-01,2,2.0,0.0,0.0,19.868
PPOLag,2020-01-01,2,2.0,0.007329111305101321,0.036889024084464074,19.868
EDF,2020-01-01,1,0.5,0.0,0.0,2.328
LLF,2020-01-01,1,0.5,0.0,0.0,2.328
MPC,2020-01-01,1,0.5,0.0,0.0,2.328
PPOLag,2020-01-01,1,0.5,0.0003115109451564457,0.013381054345208152,2.328
EDF,2020-01-01,1,1.0,0.0,0.0,2.328
LLF,2020-01-01,1,1.0,0.0,0.0,2.328
MPC,2020-01-01,1,1.0,0.0,0.0,2.328
PPOLag,2020-01-01,1,1.0,0.00038395741351209266,0.01649301604433388,2.328
EDF,2020-01-01,1,2.0,0.0,0.0,2.328
LLF,2020-01-01,1,2.0,0.0,0.0,2.328
MPC,2020-01-01,1,2.0,0.0,0.0,2.328
PPOLag,2020-01-01,1,2.0,0.0006686064416814297,0.02872020797600643,2.328
EDF,2020-01-01,0,0.5,0.0,0.0,32.02
LLF,2020-01-01,0,0.5,0.0,0.0,32.02
MPC,2020-01-01,0,0.5,0.0,0.0,32.02
PPOLag,2020-01-01,0,0.5,0.0001822932929229637,0.0005693107211835218,32.02
EDF,2020-01-01,0,1.0,0.0,0.0,32.02
LLF,2020-01-01,0,1.0,0.0,0.0,32.02
MPC,2020-01-01,0,1.0,0.0,0.0,32.02
PPOLag,2020-01-01,0,1.0,0.0002644038600891463,0.0008257459715463655,32.02
EDF,2020-01-01,0,2.0,0.0,0.0,32.02
LLF,2020-01-01,0,2.0,0.0,0.0,32.02
MPC,2020-01-01,0,2.0,0.0,0.0,32.02
PPOLag,2020-01-01,0,2.0,0.0003320552391485876,0.0010370244820380623,32.02
EDF,2020-01-02,12,0.5,0.0,0.0,14.975999999999999
LLF,2020-01-02,12,0.5,0.0,0.0,14.975999999999999
MPC,2020-01-02,12,0.5,0.0,0.0,14.975999999999999
PPOLag,2020-01-02,12,0.5,0.01993917846679629,0.13314088185627865,14.975999999999999
EDF,2020-01-02,12,1.0,0.0,0.0,14.975999999999999
LLF,2020-01-02,12,1.0,0.0,0.0,14.975999999999999
MPC,2020-01-02,12,1.0,0.0,0.0,14.975999999999999
PPOLag,2020-01-02,12,1.0,0.028799971008299962,0.1923074987199517,14.975999999999999
EDF,2020-01-02,12,2.0,0.0,0.0,14.975999999999999
LLF,2020-01-02,12,2.0,0.0,0.0,14.975999999999999
MPC,2020-01-02,12,2.0,0.0,0.0,14.975999999999999
PPOLag,2020-01-02,12,2.0,0.0343712890624996,0.2295091417100668,14.975999999999999
EDF,2020-01-02,2,0.5,0.0,0.0,49.919999999999995
LLF,2020-01-02,2,0.5,0.0,0.0,49.919999999999995
MPC,2020-01-02,2,0.5,0.0,0.0,49.919999999999995
PPOLag,2020-01-02,2,0.5,0.05002551908857953,0.10021137637936606,49.919999999999995
EDF,2020-01-02,2,1.0,0.0,0.0,49.919999999999995
LLF,2020-01-02,2,1.0,0.0,0.0,49.919999999999995
MPC,2020-01-02,2,1.0,0.0,0.0,49.919999999999995
PPOLag,2020-01-02,2,1.0,0.08098002366979387,0.16221959869750374,49.919999999999995
EDF,2020-01-02,2,2.0,0.0,0.0,49.919999999999995
LLF,2020-01-02,2,2.0,0.0,0.0,49.919999999999995
MPC,2020-01-02,2,2.0,0.0,0.0,49.919999999999995
PPOLag,2020-01-02,2,2.0,0.11412996632040233,0.22862573381490853,49.919999999999995
EDF,2020-01-02,13,0.5,0.0,0.0,2.35
LLF,2020-01-02,13,0.5,0.0,0.0,2.35
MPC,2020-01-02,13,0.5,0.0,0.0,2.35
PPOLag,2020-01-02,13,0.5,0.004527627839451398,0.19266501444474032,2.35
EDF,2020-01-02,13,1.0,0.0,0.0,2.35
LLF,2020-01-02,13,1.0,0.0,0.0,2.35
MPC,2020-01-02,13,1.0,0.0,0.0,2.35
PPOLag,2020-01-02,13,1.0,0.007834167734951958,0.3333688397851897,2.35
EDF,2020-01-02,13,2.0,0.0,0.0,2.35
LLF,2020-01-02,13,2.0,0.0,0.0,2.35
MPC,2020-01-02,13,2.0,0.0,0.0,2.35
PPOLag,2020-01-02,13,2.0,0.010500902466279527,0.4468469134587033,2.35
EDF,2020-01-02,3,0.5,0.0,0.0,4.187
LLF,2020-01-02,3,0.5,0.0,0.0,4.187
MPC,2020-01-02,3,0.5,0.0,0.0,4.187
PPOLag,2020-01-02,3,0.5,0.0036362468267430613,0.08684611480160166,4.187
EDF,2020-01-02,3,1.0,0.0,0.0,4.187
LLF,2020-01-02,3,1.0,0.0,0.0,4.187
MPC,2020-01-02,3,1.0,0.0,0.0,4.187
PPOLag,2020-01-02,3,1.0,0.005576152683848612,0.13317775695840967,4.187
EDF,2020-01-02,3,2.0,0.0,0.0,4.187
LLF,2020-01-02,3,2.0,0.0,0.0,4.187
MPC,2020-01-02,3,2.0,0.0,0.0,4.187
PPOLag,2020-01-02,3,2.0,0.007549950812768458,0.18031886345279335,4.187
EDF,2020-01-02,9,0.5,0.0,0.0,8.379
LLF,2020-01-02,9,0.5,0.0,0.0,8.379
MPC,2020-01-02,9,0.5,0.0,0.0,8.379
PPOLag,2020-01-02,9,0.5,0.002324205637460608,0.027738460883883615,8.379
EDF,2020-01-02,9,1.0,0.0,0.0,8.379
LLF,2020-01-02,9,1.0,0.0,0.0,8.379
MPC,2020-01-02,9,1.0,0.0,0.0,8.379
PPOLag,2020-01-02,9,1.0,0.003640046837045219,0.04344249716010525,8.379
EDF,2020-01-02,9,2.0,0.0,0.0,8.379
LLF,2020-01-02,9,2.0,0.0,0.0,8.379
MPC,2020-01-02,9,2.0,0.0,0.0,8.379
PPOLag,2020-01-02,9,2.0,0.004831618378523217,0.05766342497342425,8.379
EDF,2020-01-03,6,0.5,0.0,0.0,4.008
LLF,2020-01-03,6,0.5,0.0,0.0,4.008
MPC,2020-01-03,6,0.5,0.0,0.0,4.008
PPOLag,2020-01-03,6,0.5,0.0019461033133733707,0.04855547189055317,4.008
EDF,2020-01-03,6,1.0,0.0,0.0,4.008
LLF,2020-01-03,6,1.0,0.0,0.0,4.008
MPC,2020-01-03,6,1.0,0.0,0.0,4.008
PPOLag,2020-01-03,6,1.0,0.0030105134858513516,0.07511261192243891,4.008
EDF,2020-01-03,6,2.0,0.0,0.0,4.008
LLF,2020-01-03,6,2.0,0.0,0.0,4.008
MPC,2020-01-03,6,2.0,0.0,0.0,4.008
PPOLag,2020-01-03,6,2.0,0.004041148489717284,0.10082705812667872,4.008
EDF,2020-01-03,11,0.5,0.0,0.0,3.695
LLF,2020-01-03,11,0.5,0.0,0.0,3.695
MPC,2020-01-03,11,0.5,0.0,0.0,3.695
PPOLag,2020-01-03,11,0.5,0.0005724885047852623,0.015493599588234435,3.695
EDF,2020-01-03,11,1.0,0.0,0.0,3.695
LLF,2020-01-03,11,1.0,0.0,0.0,3.695
MPC,2020-01-03,11,1.0,0.0,0.0,3.695
PPOLag,2020-01-03,11,1.0,0.0017057805400034986,0.046164561299147464,3.695
EDF,2020-01-03,11,2.0,0.0,0.0,3.695
LLF,2020-01-03,11,2.0,0.0,0.0,3.695
MPC,2020-01-03,11,2.0,0.0,0.0,3.695
PPOLag,2020-01-03,11,2.0,0.0028168471666647045,0.07623402345506644,3.695
EDF,2020-01-03,0,0.5,0.0,0.0,10.325
LLF,2020-01-03,0,0.5,0.0,0.0,10.325
MPC,2020-01-03,0,0.5,0.0,0.0,10.325
PPOLag,2020-01-03,0,0.5,0.0007316502706999018,0.007086201169006312,10.325
EDF,2020-01-03,0,1.0,0.0,0.0,10.325
LLF,2020-01-03,0,1.0,0.0,0.0,10.325
MPC,2020-01-03,0,1.0,0.0,0.0,10.325
PPOLag,2020-01-03,0,1.0,0.0010769879803227411,0.010430876322738415,10.325
EDF,2020-01-03,0,2.0,0.0,0.0,10.325
LLF,2020-01-03,0,2.0,0.0,0.0,10.325
MPC,2020-01-03,0,2.0,0.0,0.0,10.325
PPOLag,2020-01-03,0,2.0,0.0013627437462691461,0.013198486646674537,10.325
EDF,2020-01-03,5,0.5,0.0,0.0,0.914
LLF,2020-01-03,5,0.5,0.0,0.0,0.914
MPC,2020-01-03,5,0.5,0.0,0.0,0.914
PPOLag,2020-01-03,5,0.5,0.00012312177529429924,0.013470653752111511,0.914
EDF,2020-01-03,5,1.0,0.0,0.0,0.914
LLF,2020-01-03,5,1.0,0.0,0.0,0.914
MPC,2020-01-03,5,1.0,0.0,0.0,0.914
PPOLag,2020-01-03,5,1.0,0.0003028146951472799,0.033130710628805224,0.914
EDF,2020-01-03,5,2.0,0.0,0.0,0.914
LLF,2020-01-03,5,2.0,0.0,0.0,0.914
MPC,2020-01-03,5,2.0,0.0,0.0,0.914
PPOLag,2020-01-03,5,2.0,0.000790105954417819,0.08644485278094301,0.914
EDF,2020-01-03,9,0.5,0.0,0.0,9.566
LLF,2020-01-03,9,0.5,0.0,0.0,9.566
MPC,2020-01-03,9,0.5,0.0,0.0,9.566
PPOLag,2020-01-03,9,0.5,0.0006967100612630617,0.007283191106659645,9.566
EDF,2020-01-03,9,1.0,0.0,0.0,9.566
LLF,2020-01-03,9,1.0,0.0,0.0,9.566
MPC,2020-01-03,9,1.0,1.7763568394002505e-15,1.856948399958447e-14,9.566
PPOLag,2020-01-03,9,1.0,0.0013175429950827322,0.013773186233354925,9.566
EDF,2020-01-03,9,2.0,0.0,0.0,9.566
LLF,2020-01-03,9,2.0,0.0,0.0,9.566
MPC,2020-01-03,9,2.0,3.552713678800501e-15,3.713896799916894e-14,9.566
PPOLag,2020-01-03,9,2.0,0.0015607496038750669,0.0163155927647404,9.566
EDF,2020-01-06,15,0.5,0.0,0.0,5.961
LLF,2020-01-06,15,0.5,8.881784197001252e-16,1.489982250797056e-14,5.961
MPC,2020-01-06,15,0.5,8.881784197001252e-16,1.489982250797056e-14,5.961
PPOLag,2020-01-06,15,0.5,0.0022010360360050995,0.036923939540431126,5.961
EDF,2020-01-06,15,1.0,8.881784197001252e-16,1.489982250797056e-14,5.961
LLF,2020-01-06,15,1.0,8.881784197001252e-16,1.489982250797056e-14,5.961
MPC,2020-01-06,15,1.0,0.0,0.0,5.961
PPOLag,2020-01-06,15,1.0,0.003839383371644978,0.06440837731328598,5.961
EDF,2020-01-06,15,2.0,8.881784197001252e-16,1.489982250797056e-14,5.961
LLF,2020-01-06,15,2.0,8.881784197001252e-16,1.489982250797056e-14,5.961
MPC,2020-01-06,15,2.0,0.0,0.0,5.961
PPOLag,2020-01-06,15,2.0,0.007020451238337522,0.11777304543428153,5.961
EDF,2020-01-06,4,0.5,0.0,0.0,0.964
LLF,2020-01-06,4,0.5,0.0,0.0,0.964
MPC,2020-01-06,4,0.5,0.0,0.0,0.964
PPOLag,2020-01-06,4,0.5,0.0037871797811586338,0.3928609731492359,0.964
EDF,2020-01-06,4,1.0,0.0,0.0,0.964
LLF,2020-01-06,4,1.0,0.0,0.0,0.964
MPC,2020-01-06,4,1.0,0.0,0.0,0.964
PPOLag,2020-01-06,4,1.0,0.006399105436491781,0.6638076178933383,0.964
EDF,2020-01-06,4,2.0,0.0,0.0,0.964
LLF,2020-01-06,4,2.0,0.0,0.0,0.964
MPC,2020-01-06,4,2.0,0.0,0.0,0.964
PPOLag,2020-01-06,4,2.0,0.009642433066868895,1.0002523928287235,0.964
EDF,2020-01-06,1,0.5,0.0,0.0,24.261
LLF,2020-01-06,1,0.5,0.0,0.0,24.261
MPC,2020-01-06,1,0.5,0.0,0.0,24.261
PPOLag,2020-01-06,1,0.5,0.00380983973747675,0.015703556067255063,24.261
EDF,2020-01-06,1,1.0,0.0,0.0,24.261
LLF,2020-01-06,1,1.0,0.0,0.0,24.261
MPC,2020-01-06,1,1.0,0.0,0.0,24.261
PPOLag,2020-01-06,1,1.0,0.0064277591668471246,0.026494205378373208,24.261
EDF,2020-01-06,1,2.0,0.0,0.0,24.261
LLF,2020-01-06,1,2.0,0.0,0.0,24.261
MPC,2020-01-06,1,2.0,0.0,0.0,24.261
PPOLag,2020-01-06,1,2.0,0.010457303783251604,0.043103350163849814,24.261
EDF,2020-01-06,7,0.5,-3.552713678800501e-15,-1.664970324679211e-14,21.338
LLF,2020-01-06,7,0.5,0.0,0.0,21.338
MPC,2020-01-06,7,0.5,0.0,0.0,21.338
PPOLag,2020-01-06,7,0.5,0.003499135112314633,0.01639860864333411,21.338
EDF,2020-01-06,7,1.0,-3.552713678800501e-15,-1.664970324679211e-14,21.338
LLF,2020-01-06,7,1.0,0.0,0.0,21.338
MPC,2020-01-06,7,1.0,0.0,0.0,21.338
PPOLag,2020-01-06,7,1.0,0.005933118087391165,0.0278054086015145,21.338
EDF,2020-01-06,7,2.0,-3.552713678800501e-15,-1.664970324679211e-14,21.338
LLF,2020-01-06,7,2.0,0.0,0.0,21.338
MPC,2020-01-06,7,2.0,0.0,0.0,21.338
PPOLag,2020-01-06,7,2.0,0.009340436221661719,0.043773719287945066,21.338
EDF,2020-01-06,17,0.5,0.0,0.0,5.884
LLF,2020-01-06,17,0.5,8.881784197001252e-16,1.509480658905719e-14,5.884
MPC,2020-01-06,17,0.5,0.0,0.0,5.884
PPOLag,2020-01-06,17,0.5,0.004183423718598966,0.07109829569338828,5.884
EDF,2020-01-06,17,1.0,0.0,0.0,5.884
LLF,2020-01-06,17,1.0,0.0,0.0,5.884
MPC,2020-01-06,17,1.0,0.0,0.0,5.884
PPOLag,2020-01-06,17,1.0,0.005985597119609132,0.10172666756643664,5.884
EDF,2020-01-06,17,2.0,0.0,0.0,5.884
LLF,2020-01-06,17,2.0,0.0,0.0,5.884
MPC,2020-01-06,17,2.0,8.881784197001252e-16,1.509480658905719e-14,5.884
PPOLag,2020-01-06,17,2.0,0.008784514946491484,0.14929495150393413,5.884
EDF,2020-01-07,22,0.5,0.0,0.0,2.328
LLF,2020-01-07,22,0.5,0.0,0.0,2.328
MPC,2020-01-07,22,0.5,0.0,0.0,2.328
PPOLag,2020-01-07,22,0.5,0.005428548409385936,0.23318506913169829,2.328
EDF,2020-01-07,22,1.0,0.0,0.0,2.328
LLF,2020-01-07,22,1.0,0.0,0.0,2.328
MPC,2020-01-07,22,1.0,0.0,0.0,2.328
PPOLag,2020-01-07,22,1.0,0.004902487858562577,0.21058796643310038,2.328
EDF,2020-01-07,22,2.0,0.0,0.0,2.328
LLF,2020-01-07,22,2.0,0.0,0.0,2.328
MPC,2020-01-07,22,2.0,0.0,0.0,2.328
PPOLag,2020-01-07,22,2.0,0.009305311393330929,0.3997126887169643,2.328
EDF,2020-01-07,28,0.5,0.0,0.0,15.307
LLF,2020-01-07,28,0.5,0.0,0.0,15.307
MPC,2020-01-07,28,0.5,0.0,0.0,15.307
PPOLag,2020-01-07,28,0.5,0.003077969039108552,0.02010824484947117,15.307
EDF,2020-01-07,28,1.0,0.0,0.0,15.307
LLF,2020-01-07,28,1.0,0.0,0.0,15.307
MPC,2020-01-07,28,1.0,0.0,0.0,15.307
PPOLag,2020-01-07,28,1.0,0.006322046139928261,0.0413016668186337,15.307
EDF,2020-01-07,28,2.0,0.0,0.0,15.307
LLF,2020-01-07,28,2.0,0.0,0.0,15.307
MPC,2020-01-07,28,2.0,0.0,0.0,15.307
PPOLag,2020-01-07,28,2.0,0.007500093926140749,0.048997804443331475,15.307
EDF,2020-01-07,26,0.5,0.0,0.0,6.083
LLF,2020-01-07,26,0.5,0.0,0.0,6.083
MPC,2020-01-07,26,0.5,8.881784197001252e-16,1.4600993254974934e-14,6.083
PPOLag,2020-01-07,26,0.5,0.006037743769254788,0.09925602119439073,6.083
EDF,2020-01-07,26,1.0,0.0,0.0,6.083
LLF,2020-01-07,26,1.0,0.0,0.0,6.083
MPC,2020-01-07,26,1.0,0.0,0.0,6.083
PPOLag,2020-01-07,26,1.0,0.007859666549450495,0.12920707791304448,6.083
EDF,2020-01-07,26,2.0,0.0,0.0,6.083
LLF,2020-01-07,26,2.0,0.0,0.0,6.083
MPC,2020-01-07,26,2.0,8.881784197001252e-16,1.4600993254974934e-14,6.083
PPOLag,2020-01-07,26,2.0,0.008105249269408078,0.13324427534782307,6.083
EDF,2020-01-07,17,0.5,0.0,0.0,15.039
LLF,2020-01-07,17,0.5,0.0,0.0,15.039
MPC,2020-01-07,17,0.5,0.0,0.0,15.039
PPOLag,2020-01-07,17,0.5,0.002981551188005227,0.019825461719563984,15.039
EDF,2020-01-07,17,1.0,0.0,0.0,15.039
LLF,2020-01-07,17,1.0,0.0,0.0,15.039
MPC,2020-01-07,17,1.0,0.0,0.0,15.039
PPOLag,2020-01-07,17,1.0,0.003896045542375859,0.025906280619561534,15.039
EDF,2020-01-07,17,2.0,0.0,0.0,15.039
LLF,2020-01-07,17,2.0,0.0,0.0,15.039
MPC,2020-01-07,17,2.0,0.0,0.0,15.039
PPOLag,2020-01-07,17,2.0,0.005531891428864099,0.036783638731724855,15.039
EDF,2020-01-07,32,0.5,0.0,0.0,14.975999999999999
LLF,2020-01-07,32,0.5,0.0,0.0,14.975999999999999
MPC,2020-01-07,32,0.5,0.0,0.0,14.975999999999999
PPOLag,2020-01-07,32,0.5,0.019768823242188205,0.13200336032444046,14.975999999999999
EDF,2020-01-07,32,1.0,0.0,0.0,14.975999999999999
LLF,2020-01-07,32,1.0,0.0,0.0,14.975999999999999
MPC,2020-01-07,32,1.0,0.0,0.0,14.975999999999999
PPOLag,2020-01-07,32,1.0,0.02506374053955085,0.16735937860277011,14.975999999999999
EDF,2020-01-07,32,2.0,0.0,0.0,14.975999999999999
LLF,2020-01-07,32,2.0,0.0,0.0,14.975999999999999
MPC,2020-01-07,32,2.0,0.0,0.0,14.975999999999999
PPOLag,2020-01-07,32,2.0,0.028309416198730376,0.18903189235263337,14.975999999999999
EDF,2020-01-08,12,0.5,0.0,0.0,12.886
LLF,2020-01-08,12,0.5,0.0,0.0,12.886
MPC,2020-01-08,12,0.5,0.0,0.0,12.886
PPOLag,2020-01-08,12,0.5,0.005062757961644948,0.03928882478383477,12.886
EDF,2020-01-08,12,1.0,0.0,0.0,12.886
LLF,2020-01-08,12,1.0,0.0,0.0,12.886
MPC,2020-01-08,12,1.0,0.0,0.0,12.886
PPOLag,2020-01-08,12,1.0,0.0069251466141761146,0.05374163133770073,12.886
EDF,2020-01-08,12,2.0,0.0,0.0,12.886
LLF,2020-01-08,12,2.0,0.0,0.0,12.886
MPC,2020-01-08,12,2.0,0.0,0.0,12.886
PPOLag,2020-01-08,12,2.0,0.00786491374749616,0.06103456268427876,12.886
EDF,2020-01-08,18,0.5,0.0,0.0,22.388
LLF,2020-01-08,18,0.5,0.0,0.0,22.388
MPC,2020-01-08,18,0.5,0.0,0.0,22.388
PPOLag,2020-01-08,18,0.5,0.0034787955192321363,0.015538661422334,22.388
EDF,2020-01-08,18,1.0,0.0,0.0,22.388
LLF,2020-01-08,18,1.0,0.0,0.0,22.388
MPC,2020-01-08,18,1.0,0.0,0.0,22.388
PPOLag,2020-01-08,18,1.0,0.005386394365314828,0.02405929232318576,22.388
EDF,2020-01-08,18,2.0,0.0,0.0,22.388
LLF,2020-01-08,18,2.0,0.0,0.0,22.388
MPC,2020-01-08,18,2.0,0.0,0.0,22.388
PPOLag,2020-01-08,18,2.0,0.006252601024223736,0.027928359050490154,22.388
EDF,2020-01-08,1,0.5,0.0,0.0,15.141
LLF,2020-01-08,1,0.5,1.7763568394002505e-15,1.1732097215509217e-14,15.141
MPC,2020-01-08,1,0.5,0.0,0.0,15.141
PPOLag,2020-01-08,1,0.5,0.004959757925418274,0.03275713575997803,15.141
EDF,2020-01-08,1,1.0,0.0,0.0,15.141
LLF,2020-01-08,1,1.0,1.7763568394002505e-15,1.1732097215509217e-14,15.141
MPC,2020-01-08,1,1.0,0.0,0.0,15.141
PPOLag,2020-01-08,1,1.0,0.004930540172923515,0.032564164671577266,15.141
EDF,2020-01-08,1,2.0,0.0,0.0,15.141
LLF,2020-01-08,1,2.0,1.7763568394002505e-15,1.1732097215509217e-14,15.141
MPC,2020-01-08,1,2.0,0.0,0.0,15.141
PPOLag,2020-01-08,1,2.0,0.007684843448346967,0.050755190861547894,15.141
EDF,2020-01-08,3,0.5,0.0,0.0,2.616
LLF,2020-01-08,3,0.5,0.0,0.0,2.616
MPC,2020-01-08,3,0.5,0.0,0.0,2.616
PPOLag,2020-01-08,3,0.5,0.0012731942319047286,0.04866950427770368,2.616
EDF,2020-01-08,3,1.0,0.0,0.0,2.616
LLF,2020-01-08,3,1.0,0.0,0.0,2.616
MPC,2020-01-08,3,1.0,0.0,0.0,2.616
PPOLag,2020-01-08,3,1.0,0.001813439590186139,0.06932108525176371,2.616
EDF,2020-01-08,3,2.0,0.0,0.0,2.616
LLF,2020-01-08,3,2.0,0.0,0.0,2.616
MPC,2020-01-08,3,2.0,0.0,0.0,2.616
PPOLag,2020-01-08,3,2.0,0.002081284542769524,0.07955980668079218,2.616
EDF,2020-01-08,7,0.5,0.0,0.0,10.929
LLF,2020-01-08,7,0.5,0.0,0.0,10.929
MPC,2020-01-08,7,0.5,0.0,0.0,10.929
PPOLag,2020-01-08,7,0.5,-0.0023563459529697185,-0.021560490007957896,10.929
EDF,2020-01-08,7,1.0,0.0,0.0,10.929
LLF,2020-01-08,7,1.0,0.0,0.0,10.929
MPC,2020-01-08,7,1.0,0.0,0.0,10.929
PPOLag,2020-01-08,7,1.0,0.000543729237926982,0.004975105114163986,10.929
EDF,2020-01-08,7,2.0,0.0,0.0,10.929
LLF,2020-01-08,7,2.0,0.0,0.0,10.929
MPC,2020-01-08,7,2.0,0.0,0.0,10.929
PPOLag,2020-01-08,7,2.0,0.002863912277991787,0.026204705627155156,10.929
EDF,2020-01-09,30,0.5,0.0,0.0,0.923
LLF,2020-01-09,30,0.5,0.0,0.0,0.923
MPC,2020-01-09,30,0.5,0.0,0.0,0.923
PPOLag,2020-01-09,30,0.5,0.0018581143025849123,0.20131249215437838,0.923
EDF,2020-01-09,30,1.0,0.0,0.0,0.923
LLF,2020-01-09,30,1.0,0.0,0.0,0.923
MPC,2020-01-09,30,1.0,0.0,0.0,0.923
PPOLag,2020-01-09,30,1.0,0.0035092568848680726,0.38020117929231556,0.923
EDF,2020-01-09,30,2.0,0.0,0.0,0.923
LLF,2020-01-09,30,2.0,0.0,0.0,0.923
MPC,2020-01-09,30,2.0,0.0,0.0,0.923
PPOLag,2020-01-09,30,2.0,0.004849309108188616,0.5253856021872823,0.923
EDF,2020-01-09,5,0.5,0.0,0.0,27.671
LLF,2020-01-09,5,0.5,-3.552713678800501e-15,-1.2839122831847424e-14,27.671
MPC,2020-01-09,5,0.5,0.0,0.0,27.671
PPOLag,2020-01-09,5,0.5,0.0029771954815281275,0.010759262337928255,27.671
EDF,2020-01-09,5,1.0,-3.552713678800501e-15,-1.2839122831847424e-14,27.671
LLF,2020-01-09,5,1.0,-3.552713678800501e-15,-1.2839122831847424e-14,27.671
MPC,2020-01-09,5,1.0,0.0,0.0,27.671
PPOLag,2020-01-09,5,1.0,0.004614516066845198,0.016676361775306993,27.671
EDF,2020-01-09,5,2.0,-3.552713678800501e-15,-1.2839122831847424e-14,27.671
LLF,2020-01-09,5,2.0,-3.552713678800501e-15,-1.2839122831847424e-14,27.671
MPC,2020-01-09,5,2.0,0.0,0.0,27.671
PPOLag,2020-01-09,5,2.0,0.006519392847410188,0.02356038035275266,27.671
EDF,2020-01-09,19,0.5,0.0,0.0,8.502
LLF,2020-01-09,19,0.5,0.0,0.0,8.502
MPC,2020-01-09,19,0.5,0.0,0.0,8.502
PPOLag,2020-01-09,19,0.5,0.0030372713800307593,0.0357241987771202,8.502
EDF,2020-01-09,19,1.0,0.0,0.0,8.502
LLF,2020-01-09,19,1.0,0.0,0.0,8.502
MPC,2020-01-09,19,1.0,0.0,0.0,8.502
PPOLag,2020-01-09,19,1.0,0.004691230239159338,0.05517796094047681,8.502
EDF,2020-01-09,19,2.0,1.7763568394002505e-15,2.0893399663611506e-14,8.502
LLF,2020-01-09,19,2.0,0.0,0.0,8.502
MPC,2020-01-09,19,2.0,0.0,0.0,8.502
PPOLag,2020-01-09,19,2.0,0.006663604314972815,0.07837690325773719,8.502
EDF,2020-01-09,21,0.5,0.0,0.0,4.39
LLF,2020-01-09,21,0.5,8.881784197001252e-16,2.0231854662873012e-14,4.39
MPC,2020-01-09,21,0.5,0.0,0.0,4.39
PPOLag,2020-01-09,21,0.5,0.0016507688658464303,0.03760293544069317,4.39
EDF,2020-01-09,21,1.0,0.0,0.0,4.39
LLF,2020-01-09,21,1.0,0.0,0.0,4.39
MPC,2020-01-09,21,1.0,0.0,0.0,4.39
PPOLag,2020-01-09,21,1.0,0.003430871228174226,0.07815196419531267,4.39
EDF,2020-01-09,21,2.0,0.0,0.0,4.39
LLF,2020-01-09,21,2.0,0.0,0.0,4.39
MPC,2020-01-09,21,2.0,0.0,0.0,4.39
PPOLag,2020-01-09,21,2.0,0.004562355635789573,0.10392609648723401,4.39
EDF,2020-01-09,0,0.5,0.0,0.0,0.843
LLF,2020-01-09,0,0.5,0.0,0.0,0.843
MPC,2020-01-09,0,0.5,0.0,0.0,0.843
PPOLag,2020-01-09,0,0.5,0.00044172357336678123,0.05239900039938093,0.843
EDF,2020-01-09,0,1.0,0.0,0.0,0.843
LLF,2020-01-09,0,1.0,0.0,0.0,0.843
MPC,2020-01-09,0,1.0,0.0,0.0,0.843
PPOLag,2020-01-09,0,1.0,0.0006603793483616949,0.07833681475227698,0.843
EDF,2020-01-09,0,2.0,0.0,0.0,0.843
LLF,2020-01-09,0,2.0,0.0,0.0,0.843
MPC,2020-01-09,0,2.0,0.0,0.0,0.843
PPOLag,2020-01-09,0,2.0,0.0006751472336727904,0.08008863981883635,0.843
EDF,2020-01-10,29,0.5,0.0,0.0,0.85
LLF,2020-01-10,29,0.5,0.0,0.0,0.85
MPC,2020-01-10,29,0.5,0.0,0.0,0.85
PPOLag,2020-01-10,29,0.5,0.004526607338588007,0.5325420398338833,0.85
EDF,2020-01-10,29,1.0,0.0,0.0,0.85
LLF,2020-01-10,29,1.0,0.0,0.0,0.85
MPC,2020-01-10,29,1.0,0.0,0.0,0.85
PPOLag,2020-01-10,29,1.0,0.006573585857606523,0.7733630420713558,0.85
EDF,2020-01-10,29,2.0,0.0,0.0,0.85
LLF,2020-01-10,29,2.0,0.0,0.0,0.85
MPC,2020-01-10,29,2.0,0.0,0.0,0.85
PPOLag,2020-01-10,29,2.0,0.007643671248943473,0.8992554410521734,0.85
EDF,2020-01-10,12,0.5,0.0,0.0,15.847
LLF,2020-01-10,12,0.5,0.0,0.0,15.847
MPC,2020-01-10,12,0.5,0.0,0.0,15.847
PPOLag,2020-01-10,12,0.5,0.002159540918850311,0.013627443168109493,15.847
EDF,2020-01-10,12,1.0,0.0,0.0,15.847
LLF,2020-01-10,12,1.0,0.0,0.0,15.847
MPC,2020-01-10,12,1.0,0.0,0.0,15.847
PPOLag,2020-01-10,12,1.0,0.003750845800848168,0.023669122236689395,15.847
EDF,2020-01-10,12,2.0,0.0,0.0,15.847
LLF,2020-01-10,12,2.0,0.0,0.0,15.847
MPC,2020-01-10,12,2.0,0.0,0.0,15.847
PPOLag,2020-01-10,12,2.0,0.005264348362361204,0.033219842003920017,15.847
EDF,2020-01-10,25,0.5,-1.7763568394002505e-15,-1.2084060131974494e-14,14.7
LLF,2020-01-10,25,0.5,0.0,0.0,14.7
MPC,2020-01-10,25,0.5,0.0,0.0,14.7
PPOLag,2020-01-10,25,0.5,0.00028955046885883464,0.001969731080672345,14.7
EDF,2020-01-10,25,1.0,-1.7763568394002505e-15,-1.2084060131974494e-14,14.7
LLF,2020-01-10,25,1.0,0.0,0.0,14.7
MPC,2020-01-10,25,1.0,0.0,0.0,14.7
PPOLag,2020-01-10,25,1.0,0.0014843079646933433,0.010097333093151997,14.7
EDF,2020-01-10,25,2.0,-1.7763568394002505e-15,-1.2084060131974494e-14,14.7
LLF,2020-01-10,25,2.0,0.0,0.0,14.7
MPC,2020-01-10,25,2.0,0.0,0.0,14.7
PPOLag,2020-01-10,25,2.0,9.32807128119606e-05,0.0006345626721902073,14.7
EDF,2020-01-10,8,0.5,0.0,0.0,9.525
LLF,2020-01-10,8,0.5,0.0,0.0,9.525
MPC,2020-01-10,8,0.5,-1.7763568394002505e-15,-1.8649415636748037e-14,9.525
PPOLag,2020-01-10,8,0.5,0.0009863146963354553,0.010355009935280369,9.525
EDF,2020-01-10,8,1.0,0.0,0.0,9.525
LLF,2020-01-10,8,1.0,0.0,0.0,9.525
MPC,2020-01-10,8,1.0,-1.7763568394002505e-15,-1.8649415636748037e-14,9.525
PPOLag,2020-01-10,8,1.0,0.0018544331399667157,0.01946911433035922,9.525
EDF,2020-01-10,8,2.0,0.0,0.0,9.525
LLF,2020-01-10,8,2.0,0.0,0.0,9.525
MPC,2020-01-10,8,2.0,-1.7763568394002505e-15,-1.8649415636748037e-14,9.525
PPOLag,2020-01-10,8,2.0,0.0027767178356121747,0.029151893287266927,9.525
EDF,2020-01-10,3,0.5,0.0,0.0,9.301
LLF,2020-01-10,3,0.5,1.7763568394002505e-15,1.9098557568006133e-14,9.301
MPC,2020-01-10,3,0.5,1.7763568394002505e-15,1.9098557568006133e-14,9.301
PPOLag,2020-01-10,3,0.5,0.002347077480002824,0.025234678851766734,9.301
EDF,2020-01-10,3,1.0,0.0,0.0,9.301
LLF,2020-01-10,3,1.0,1.7763568394002505e-15,1.9098557568006133e-14,9.301
MPC,2020-01-10,3,1.0,1.7763568394002505e-15,1.9098557568006133e-14,9.301
PPOLag,2020-01-10,3,1.0,0.0016830776097002341,0.018095662936245933,9.301
EDF,2020-01-10,3,2.0,0.0,0.0,9.301
LLF,2020-01-10,3,2.0,1.7763568394002505e-15,1.9098557568006133e-14,9.301
MPC,2020-01-10,3,2.0,1.7763568394002505e-15,1.9098557568006133e-14,9.301
PPOLag,2020-01-10,3,2.0,0.0029699746573257357,0.031931777844594514,9.301
EDF,2020-01-13,18,0.5,1.6639999999999997,13.991423526444125,11.893
LLF,2020-01-13,18,0.5,2.9949999999999974,25.182880686117866,11.893
MPC,2020-01-13,18,0.5,-0.9750000000000014,-8.198099722525868,11.893
PPOLag,2020-01-13,18,0.5,1.570929544940387,13.208858529726623,11.893
EDF,2020-01-13,18,1.0,5.237000000000002,44.0343058942235,11.893
LLF,2020-01-13,18,1.0,4.904,41.234339527453116,11.893
MPC,2020-01-13,18,1.0,1.5990000000000002,13.444883544942405,11.893
PPOLag,2020-01-13,18,1.0,2.56101911211093,21.53383597167182,11.893
EDF,2020-01-13,18,2.0,5.237000000000002,44.0343058942235,11.893
LLF,2020-01-13,18,2.0,4.904,41.234339527453116,11.893
MPC,2020-01-13,18,2.0,1.599000000000002,13.444883544942419,11.893
PPOLag,2020-01-13,18,2.0,2.5955067476269313,21.823818612855725,11.893
EDF,2020-01-13,33,0.5,8.881784197001252e-16,2.0135534339154962e-14,4.411
LLF,2020-01-13,33,0.5,1.664,37.72387213783723,4.411
MPC,2020-01-13,33,0.5,0.6660000000000001,15.098617093629565,4.411
PPOLag,2020-01-13,33,0.5,1.420308781084711,32.199246907384065,4.411
EDF,2020-01-13,33,1.0,8.881784197001252e-16,2.0135534339154962e-14,4.411
LLF,2020-01-13,33,1.0,3.6610000000000014,82.99705282248927,4.411
MPC,2020-01-13,33,1.0,2.747,62.27612786216278,4.411
PPOLag,2020-01-13,33,1.0,1.9921652594939416,45.163574234730035,4.411
EDF,2020-01-13,33,2.0,8.881784197001252e-16,2.0135534339154962e-14,4.411
LLF,2020-01-13,33,2.0,4.411,100.0,4.411
MPC,2020-01-13,33,2.0,2.747,62.27612786216278,4.411
PPOLag,2020-01-13,33,2.0,2.648825124695322,60.05044490354393,4.411
EDF,2020-01-13,21,0.5,0.0,0.0,4.816
LLF,2020-01-13,21,0.5,0.0,0.0,4.816
MPC,2020-01-13,21,0.5,0.0,0.0,4.816
PPOLag,2020-01-13,21,0.5,0.004975047076684369,0.10330247252251597,4.816
EDF,2020-01-13,21,1.0,0.0,0.0,4.816
LLF,2020-01-13,21,1.0,0.0,0.0,4.816
MPC,2020-01-13,21,1.0,-8.881784197001252e-16,-1.84422429339727e-14,4.816
PPOLag,2020-01-13,21,1.0,0.009693592216240887,0.2012789081445367,4.816
EDF,2020-01-13,21,2.0,0.0,0.0,4.816
LLF,2020-01-13,21,2.0,0.0,0.0,4.816
MPC,2020-01-13,21,2.0,0.0,0.0,4.816
PPOLag,2020-01-13,21,2.0,0.009704266597685595,0.20150055227752484,4.816
EDF,2020-01-13,4,0.5,3.552713678800501e-15,1.444721108861169e-14,24.591
LLF,2020-01-13,4,0.5,1.9969999999999999,8.12085722418771,24.591
MPC,2020-01-13,4,0.5,-0.6289999999999942,-2.5578463665568467,24.591
PPOLag,2020-01-13,4,0.5,2.4077613136377662,9.791229773647945,24.591
EDF,2020-01-13,4,1.0,-3.552713678800501e-15,-1.444721108861169e-14,24.591
LLF,2020-01-13,4,1.0,3.4950000000000045,14.212516774429687,24.591
MPC,2020-01-13,4,1.0,1.3680000000000057,5.5630108576308634,24.591
PPOLag,2020-01-13,4,1.0,3.156909381873337,12.837661672454706,24.591
EDF,2020-01-13,4,2.0,-7.105427357601002e-15,-2.889442217722338e-14,24.591
LLF,2020-01-13,4,2.0,4.289999999999996,17.445406856166873,24.591
MPC,2020-01-13,4,2.0,5.114000000000022,20.796226261640527,24.591
PPOLag,2020-01-13,4,2.0,3.819662236243724,15.532764980048489,24.591
EDF,2020-01-13,20,0.5,-1.1102230246251565e-16,-1.2093932730121531e-14,0.918
LLF,2020-01-13,20,0.5,0.0,0.0,0.918
MPC,2020-01-13,20,0.5,0.3330000000000002,36.27450980392159,0.918
PPOLag,2020-01-13,20,0.5,0.03495433094088625,3.807661322536628,0.918
EDF,2020-01-13,20,1.0,-1.1102230246251565e-16,-1.2093932730121531e-14,0.918
LLF,2020-01-13,20,1.0,0.0,0.0,0.918
MPC,2020-01-13,20,1.0,0.918,99.99999999999999,0.918
PPOLag,2020-01-13,20,1.0,0.1627103780352574,17.724442051770957,0.918
EDF,2020-01-13,20,2.0,0.0,0.0,0.918
LLF,2020-01-13,20,2.0,0.918,99.99999999999999,0.918
MPC,2020-01-13,20,2.0,0.918,99.99999999999999,0.918
PPOLag,2020-01-13,20,2.0,0.6208039698415202,67.62570477576473,0.918
EDF,2020-01-14,15,0.5,0.0,0.0,3.912
LLF,2020-01-14,15,0.5,0.0,0.0,3.912
MPC,2020-01-14,15,0.5,0.0,0.0,3.912
PPOLag,2020-01-14,15,0.5,0.3764026287397021,9.621744088438195,3.912
EDF,2020-01-14,15,1.0,0.0,0.0,3.912
LLF,2020-01-14,15,1.0,0.0,0.0,3.912
MPC,2020-01-14,15,1.0,0.0,0.0,3.912
PPOLag,2020-01-14,15,1.0,0.3888828496385427,9.940768140044547,3.912
EDF,2020-01-14,15,2.0,0.0,0.0,3.912
LLF,2020-01-14,15,2.0,-4.440892098500626e-16,-1.1351973666923892e-14,3.912
MPC,2020-01-14,15,2.0,0.0,0.0,3.912
PPOLag,2020-01-14,15,2.0,0.4492622441801023,11.484208695810386,3.912
EDF,2020-01-14,5,0.5,0.0,0.0,5.686
LLF,2020-01-14,5,0.5,0.0,0.0,5.686
MPC,2020-01-14,5,0.5,-8.881784197001252e-16,-1.5620443540276562e-14,5.686
PPOLag,2020-01-14,5,0.5,0.11297571024129702,1.986910134387918,5.686
EDF,2020-01-14,5,1.0,0.0,0.0,5.686
LLF,2020-01-14,5,1.0,0.0,0.0,5.686
MPC,2020-01-14,5,1.0,-8.881784197001252e-16,-1.5620443540276562e-14,5.686
PPOLag,2020-01-14,5,1.0,0.1208166727791852,2.124809581061998,5.686
EDF,2020-01-14,5,2.0,0.0,0.0,5.686
LLF,2020-01-14,5,2.0,0.0,0.0,5.686
MPC,2020-01-14,5,2.0,-8.881784197001252e-16,-1.5620443540276562e-14,5.686
PPOLag,2020-01-14,5,2.0,0.12539866729120047,2.2053933748012744,5.686
EDF,2020-01-14,19,0.5,0.0,0.0,11.77
LLF,2020-01-14,19,0.5,-3.552713678800501e-15,-3.0184483252340704e-14,11.77
MPC,2020-01-14,19,0.5,1.7763568394002505e-15,1.5092241626170352e-14,11.77
PPOLag,2020-01-14,19,0.5,1.7543890292425837,14.905599228908951,11.77
EDF,2020-01-14,19,1.0,1.7763568394002505e-15,1.5092241626170352e-14,11.77
LLF,2020-01-14,19,1.0,-1.7763568394002505e-15,-1.5092241626170352e-14,11.77
MPC,2020-01-14,19,1.0,1.7763568394002505e-15,1.5092241626170352e-14,11.77
PPOLag,2020-01-14,19,1.0,1.8586119511446753,15.791095591713468,11.77
EDF,2020-01-14,19,2.0,0.0,0.0,11.77
LLF,2020-01-14,19,2.0,-1.7763568394002505e-15,-1.5092241626170352e-14,11.77
MPC,2020-01-14,19,2.0,0.0,0.0,11.77
PPOLag,2020-01-14,19,2.0,1.8600820460435439,15.803585777770127,11.77
EDF,2020-01-14,22,0.5,0.0,0.0,5.78
LLF,2020-01-14,22,0.5,-1.7763568394002505e-15,-3.0732817290661773e-14,5.78
MPC,2020-01-14,22,0.5,0.0,0.0,5.78
PPOLag,2020-01-14,22,0.5,0.8331781100821077,14.414846195192174,5.78
EDF,2020-01-14,22,1.0,0.0,0.0,5.78
LLF,2020-01-14,22,1.0,-8.881784197001252e-16,-1.5366408645330887e-14,5.78
MPC,2020-01-14,22,1.0,-8.881784197001252e-16,-1.5366408645330887e-14,5.78
PPOLag,2020-01-14,22,1.0,1.038627043746106,17.96932601636862,5.78
EDF,2020-01-14,22,2.0,8.881784197001252e-16,1.5366408645330887e-14,5.78
LLF,2020-01-14,22,2.0,-8.881784197001252e-16,-1.5366408645330887e-14,5.78
MPC,2020-01-14,22,2.0,0.0,0.0,5.78
PPOLag,2020-01-14,22,2.0,1.0525562147838066,18.21031513466793,5.78
EDF,2020-01-14,21,0.5,0.0,0.0,0.808
LLF,2020-01-14,21,0.5,-1.1102230246251565e-16,-1.3740383968133125e-14,0.808
MPC,2020-01-14,21,0.5,0.0,0.0,0.808
PPOLag,2020-01-14,21,0.5,0.1383413338845823,17.12145221343841,0.808
EDF,2020-01-14,21,1.0,0.0,0.0,0.808
LLF,2020-01-14,21,1.0,-1.1102230246251565e-16,-1.3740383968133125e-14,0.808
MPC,2020-01-14,21,1.0,-1.1102230246251565e-16,-1.3740383968133125e-14,0.808
PPOLag,2020-01-14,21,1.0,0.2135214137271128,26.425917540484257,0.808
EDF,2020-01-14,21,2.0,0.0,0.0,0.808
LLF,2020-01-14,21,2.0,-1.1102230246251565e-16,-1.3740383968133125e-14,0.808
MPC,2020-01-14,21,2.0,0.0,0.0,0.808
PPOLag,2020-01-14,21,2.0,0.22582370055265333,27.94847779116996,0.808
EDF,2020-01-15,19,0.5,0.0,0.0,12.305
LLF,2020-01-15,19,0.5,-1.7763568394002505e-15,-1.4436057207641206e-14,12.305
MPC,2020-01-15,19,0.5,0.9860000000000166,8.013002844372343,12.305
PPOLag,2020-01-15,19,0.5,1.7457668805072644,14.18745941086765,12.305
EDF,2020-01-15,19,1.0,-1.7763568394002505e-15,-1.4436057207641206e-14,12.305
LLF,2020-01-15,19,1.0,-1.7763568394002505e-15,-1.4436057207641206e-14,12.305
MPC,2020-01-15,19,1.0,0.9860000000000149,8.013002844372327,12.305
PPOLag,2020-01-15,19,1.0,2.12128241637372,17.239190706003413,12.305
EDF,2020-01-15,19,2.0,-1.7763568394002505e-15,-1.4436057207641206e-14,12.305
LLF,2020-01-15,19,2.0,0.0,0.0,12.305
MPC,2020-01-15,19,2.0,0.9860000000000131,8.013002844372313,12.305
PPOLag,2020-01-15,19,2.0,2.632056438571949,21.390137656009337,12.305
EDF,2020-01-15,6,0.5,1.7763568394002505e-15,2.0378075477804868e-14,8.717
LLF,2020-01-15,6,0.5,0.0,0.0,8.717
MPC,2020-01-15,6,0.5,1.982000000000001,22.73718022255364,8.717
PPOLag,2020-01-15,6,0.5,1.2566998285628856,14.416655140104229,8.717
EDF,2020-01-15,6,1.0,1.7763568394002505e-15,2.0378075477804868e-14,8.717
LLF,2020-01-15,6,1.0,0.0,0.0,8.717
MPC,2020-01-15,6,1.0,1.982000000000001,22.73718022255364,8.717
PPOLag,2020-01-15,6,1.0,1.5333137662020904,17.589925045337736,8.717
EDF,2020-01-15,6,2.0,1.7763568394002505e-15,2.0378075477804868e-14,8.717
LLF,2020-01-15,6,2.0,0.0,0.0,8.717
MPC,2020-01-15,6,2.0,1.982000000000001,22.73718022255364,8.717
PPOLag,2020-01-15,6,2.0,2.0462343005794814,23.4740656255533,8.717
EDF,2020-01-15,31,0.5,0.0,0.0,6.679
LLF,2020-01-15,31,0.5,0.023000000000000576,0.3443629285821317,6.679
MPC,2020-01-15,31,0.5,0.5269999999999948,7.89040275490335,6.679
PPOLag,2020-01-15,31,0.5,1.453165465848396,21.75723111017212,6.679
EDF,2020-01-15,31,1.0,0.0,0.0,6.679
LLF,2020-01-15,31,1.0,0.023000000000000576,0.3443629285821317,6.679
MPC,2020-01-15,31,1.0,0.5269999999999939,7.890402754903337,6.679
PPOLag,2020-01-15,31,1.0,1.6050829353125535,24.031785227018325,6.679
EDF,2020-01-15,31,2.0,0.0,0.0,6.679
LLF,2020-01-15,31,2.0,0.023000000000000576,0.3443629285821317,6.679
MPC,2020-01-15,31,2.0,0.5269999999999939,7.890402754903337,6.679
PPOLag,2020-01-15,31,2.0,1.634659104394047,24.474608540111497,6.679
EDF,2020-01-15,23,0.5,0.0,0.0,4.243
LLF,2020-01-15,23,0.5,0.0,0.0,4.243
MPC,2020-01-15,23,0.5,0.0,0.0,4.243
PPOLag,2020-01-15,23,0.5,0.851021048525061,20.057059828542567,4.243
EDF,2020-01-15,23,1.0,0.0,0.0,4.243
LLF,2020-01-15,23,1.0,0.0,0.0,4.243
MPC,2020-01-15,23,1.0,0.0,0.0,4.243
PPOLag,2020-01-15,23,1.0,1.2007951482670625,28.30061626837291,4.243
EDF,2020-01-15,23,2.0,0.0,0.0,4.243
LLF,2020-01-15,23,2.0,-8.881784197001252e-16,-2.0932793299555153e-14,4.243
MPC,2020-01-15,23,2.0,0.0,0.0,4.243
PPOLag,2020-01-15,23,2.0,1.567226564106309,36.93675616559766,4.243
EDF,2020-01-15,2,0.5,0.0,0.0,34.699
LLF,2020-01-15,2,0.5,0.0,0.0,34.699
MPC,2020-01-15,2,0.5,0.0,0.0,34.699
PPOLag,2020-01-15,2,0.5,1.2034462915811417,3.468244881930724,34.699
EDF,2020-01-15,2,1.0,0.0,0.0,34.699
LLF,2020-01-15,2,1.0,0.0,0.0,34.699
MPC,2020-01-15,2,1.0,0.0,0.0,34.699
PPOLag,2020-01-15,2,1.0,1.4837838147557405,4.276157280485722,34.699
EDF,2020-01-15,2,2.0,0.0,0.0,34.699
LLF,2020-01-15,2,2.0,0.0,0.0,34.699
MPC,2020-01-15,2,2.0,0.0,0.0,34.699
PPOLag,2020-01-15,2,2.0,1.5671796060252519,4.516497899147676,34.699
EDF,2020-01-16,16,0.5,0.0,0.0,3.55
LLF,2020-01-16,16,0.5,0.0,0.0,3.55
MPC,2020-01-16,16,0.5,0.0,0.0,3.55
PPOLag,2020-01-16,16,0.5,0.0017063604907117558,0.0480664926961058,3.55
EDF,2020-01-16,16,1.0,0.0,0.0,3.55
LLF,2020-01-16,16,1.0,0.0,0.0,3.55
MPC,2020-01-16,16,1.0,0.0,0.0,3.55
PPOLag,2020-01-16,16,1.0,0.0025464451838654867,0.07173085024973203,3.55
EDF,2020-01-16,16,2.0,0.0,0.0,3.55
LLF,2020-01-16,16,2.0,0.0,0.0,3.55
MPC,2020-01-16,16,2.0,0.0,0.0,3.55
PPOLag,2020-01-16,16,2.0,0.002663782284772864,0.07503612069782717,3.55
EDF,2020-01-16,20,0.5,0.0,0.0,0.862
LLF,2020-01-16,20,0.5,0.0,0.0,0.862
MPC,2020-01-16,20,0.5,0.0,0.0,0.862
PPOLag,2020-01-16,20,0.5,0.002781480132814296,0.32267750960722685,0.862
EDF,2020-01-16,20,1.0,0.0,0.0,0.862
LLF,2020-01-16,20,1.0,0.0,0.0,0.862
MPC,2020-01-16,20,1.0,0.0,0.0,0.862
PPOLag,2020-01-16,20,1.0,0.003955691871630673,0.45889696886666737,0.862
EDF,2020-01-16,20,2.0,0.0,0.0,0.862
LLF,2020-01-16,20,2.0,0.0,0.0,0.862
MPC,2020-01-16,20,2.0,0.0,0.0,0.862
PPOLag,2020-01-16,20,2.0,0.00491532528576335,0.5702233510166299,0.862
EDF,2020-01-16,14,0.5,1.1689999999999898,4.558748976328783,25.643
LLF,2020-01-16,14,0.5,-7.105427357601002e-15,-2.7709033099095277e-14,25.643
MPC,2020-01-16,14,0.5,0.0,0.0,25.643
PPOLag,2020-01-16,14,0.5,0.012005394390092761,0.04681743317900698,25.643
EDF,2020-01-16,14,1.0,1.1689999999999863,4.558748976328769,25.643
LLF,2020-01-16,14,1.0,-7.105427357601002e-15,-2.7709033099095277e-14,25.643
MPC,2020-01-16,14,1.0,0.0,0.0,25.643
PPOLag,2020-01-16,14,1.0,0.015481712423849103,0.06037402965272824,25.643
EDF,2020-01-16,14,2.0,1.1689999999999827,4.558748976328755,25.643
LLF,2020-01-16,14,2.0,0.0,0.0,25.643
MPC,2020-01-16,14,2.0,3.552713678800501e-15,1.3854516549547639e-14,25.643
PPOLag,2020-01-16,14,2.0,0.015360376700135703,0.05990085676455836,25.643
EDF,2020-01-16,22,0.5,0.0,0.0,15.06
LLF,2020-01-16,22,0.5,0.0,0.0,15.06
MPC,2020-01-16,22,0.5,-1.7763568394002505e-15,-1.179519813678785e-14,15.06
PPOLag,2020-01-16,22,0.5,0.0010269920994549152,0.006819336649767034,15.06
EDF,2020-01-16,22,1.0,0.0,0.0,15.06
LLF,2020-01-16,22,1.0,0.0,0.0,15.06
MPC,2020-01-16,22,1.0,0.0,0.0,15.06
PPOLag,2020-01-16,22,1.0,0.001935306623184374,0.012850641588209654,15.06
EDF,2020-01-16,22,2.0,0.0,0.0,15.06
LLF,2020-01-16,22,2.0,0.0,0.0,15.06
MPC,2020-01-16,22,2.0,1.7763568394002505e-15,1.179519813678785e-14,15.06
PPOLag,2020-01-16,22,2.0,0.0021387772184304765,0.014201707957705687,15.06
EDF,2020-01-16,19,0.5,0.0,0.0,13.149
LLF,2020-01-16,19,0.5,0.0,0.0,13.149
MPC,2020-01-16,19,0.5,0.0,0.0,13.149
PPOLag,2020-01-16,19,0.5,0.023241833733558794,0.17675742439393713,13.149
EDF,2020-01-16,19,1.0,0.0,0.0,13.149
LLF,2020-01-16,19,1.0,-1.7763568394002505e-15,-1.3509444363831855e-14,13.149
MPC,2020-01-16,19,1.0,0.0,0.0,13.149
PPOLag,2020-01-16,19,1.0,0.025884345069604464,0.19685409589782085,13.149
EDF,2020-01-16,19,2.0,0.0,0.0,13.149
LLF,2020-01-16,19,2.0,-1.7763568394002505e-15,-1.3509444363831855e-14,13.149
MPC,2020-01-16,19,2.0,-3.552713678800501e-15,-2.701888872766371e-14,13.149
PPOLag,2020-01-16,19,2.0,0.02899045501321389,0.22047650021457063,13.149
EDF,2020-01-17,21,0.5,0.0,0.0,8.062
LLF,2020-01-17,21,0.5,0.0,0.0,8.062
MPC,2020-01-17,21,0.5,0.0,0.0,8.062
PPOLag,2020-01-17,21,0.5,0.22246952324885605,2.759483046996478,8.062
EDF,2020-01-17,21,1.0,0.0,0.0,8.062
LLF,2020-01-17,21,1.0,0.0,0.0,8.062
MPC,2020-01-17,21,1.0,0.0,0.0,8.062
PPOLag,2020-01-17,21,1.0,0.23272314275491937,2.8866676104554627,8.062
EDF,2020-01-17,21,2.0,0.0,0.0,8.062
LLF,2020-01-17,21,2.0,0.0,0.0,8.062
MPC,2020-01-17,21,2.0,1.7763568394002505e-15,2.2033699322751807e-14,8.062
PPOLag,2020-01-17,21,2.0,0.23626459725796706,2.9305953517485372,8.062
EDF,2020-01-17,4,0.5,0.0,0.0,24.862
LLF,2020-01-17,4,0.5,-3.552713678800501e-15,-1.428973404714223e-14,24.862
MPC,2020-01-17,4,0.5,0.0,0.0,24.862
PPOLag,2020-01-17,4,0.5,0.3029425601454768,1.2184963403808096,24.862
EDF,2020-01-17,4,1.0,-7.105427357601002e-15,-2.857946809428446e-14,24.862
LLF,2020-01-17,4,1.0,-3.552713678800501e-15,-1.428973404714223e-14,24.862
MPC,2020-01-17,4,1.0,0.0,0.0,24.862
PPOLag,2020-01-17,4,1.0,0.31191080988822933,1.254568457437975,24.862
EDF,2020-01-17,4,2.0,-7.105427357601002e-15,-2.857946809428446e-14,24.862
LLF,2020-01-17,4,2.0,-3.552713678800501e-15,-1.428973404714223e-14,24.862
MPC,2020-01-17,4,2.0,0.0,0.0,24.862
PPOLag,2020-01-17,4,2.0,0.31557484664362645,1.2693059554485822,24.862
EDF,2020-01-17,27,0.5,0.0,0.0,10.541
LLF,2020-01-17,27,0.5,0.0,0.0,10.541
MPC,2020-01-17,27,0.5,1.7763568394002505e-15,1.6851881599471117e-14,10.541
PPOLag,2020-01-17,27,0.5,0.046529233948865566,0.44141195284001106,10.541
EDF,2020-01-17,27,1.0,0.0,0.0,10.541
LLF,2020-01-17,27,1.0,0.0,0.0,10.541
MPC,2020-01-17,27,1.0,1.7763568394002505e-15,1.6851881599471117e-14,10.541
PPOLag,2020-01-17,27,1.0,0.05068885777113685,0.48087333052971115,10.541
EDF,2020-01-17,27,2.0,0.0,0.0,10.541
LLF,2020-01-17,27,2.0,0.0,0.0,10.541
MPC,2020-01-17,27,2.0,1.7763568394002505e-15,1.6851881599471117e-14,10.541
PPOLag,2020-01-17,27,2.0,0.05052710496846054,0.4793388195471068,10.541
EDF,2020-01-17,15,0.5,-4.440892098500626e-16,-1.203493793631606e-14,3.69
LLF,2020-01-17,15,0.5,8.881784197001252e-16,2.406987587263212e-14,3.69
MPC,2020-01-17,15,0.5,0.0,0.0,3.69
PPOLag,2020-01-17,15,0.5,0.1411713522573117,3.825781903992187,3.69
EDF,2020-01-17,15,1.0,-4.440892098500626e-16,-1.203493793631606e-14,3.69
LLF,2020-01-17,15,1.0,0.0,0.0,3.69
MPC,2020-01-17,15,1.0,0.0,0.0,3.69
PPOLag,2020-01-17,15,1.0,0.14845712707518732,4.023228376021337,3.69
EDF,2020-01-17,15,2.0,-4.440892098500626e-16,-1.203493793631606e-14,3.69
LLF,2020-01-17,15,2.0,0.0,0.0,3.69
MPC,2020-01-17,15,2.0,0.0,0.0,3.69
PPOLag,2020-01-17,15,2.0,0.16059759082204755,4.3522382336598255,3.69
EDF,2020-01-17,10,0.5,8.881784197001252e-16,1.1464804694722153e-14,7.747
LLF,2020-01-17,10,0.5,0.0,0.0,7.747
MPC,2020-01-17,10,0.5,8.881784197001252e-16,1.1464804694722153e-14,7.747
PPOLag,2020-01-17,10,0.5,0.10228491621169286,1.3203164607163143,7.747
EDF,2020-01-17,10,1.0,8.881784197001252e-16,1.1464804694722153e-14,7.747
LLF,2020-01-17,10,1.0,0.0,0.0,7.747
MPC,2020-01-17,10,1.0,8.881784197001252e-16,1.1464804694722153e-14,7.747
PPOLag,2020-01-17,10,1.0,0.10702025481707782,1.3814412652262529,7.747
EDF,2020-01-17,10,2.0,8.881784197001252e-16,1.1464804694722153e-14,7.747
LLF,2020-01-17,10,2.0,0.0,0.0,7.747
MPC,2020-01-17,10,2.0,1.7763568394002505e-15,2.2929609389444307e-14,7.747
PPOLag,2020-01-17,10,2.0,0.11118858811387149,1.4352470390328063,7.747
EDF,2020-01-20,3,0.5,0.0,0.0,0.823
LLF,2020-01-20,3,0.5,0.0,0.0,0.823
MPC,2020-01-20,3,0.5,0.0,0.0,0.823
PPOLag,2020-01-20,3,0.5,0.0027757889022954397,0.3372769018584981,0.823
EDF,2020-01-20,3,1.0,0.0,0.0,0.823
LLF,2020-01-20,3,1.0,0.0,0.0,0.823
MPC,2020-01-20,3,1.0,0.0,0.0,0.823
PPOLag,2020-01-20,3,1.0,0.00424512759857516,0.5158113728523889,0.823
EDF,2020-01-20,3,2.0,0.0,0.0,0.823
LLF,2020-01-20,3,2.0,0.0,0.0,0.823
MPC,2020-01-20,3,2.0,0.0,0.0,0.823
PPOLag,2020-01-20,3,2.0,0.0059950301671811475,0.7284362293051213,0.823
EDF,2020-01-20,2,0.5,0.0,0.0,46.592
LLF,2020-01-20,2,0.5,0.0,0.0,46.592
MPC,2020-01-20,2,0.5,0.0,0.0,46.592
PPOLag,2020-01-20,2,0.5,0.04138963470458634,0.0888342091015332,46.592
EDF,2020-01-20,2,1.0,0.0,0.0,46.592
LLF,2020-01-20,2,1.0,0.0,0.0,46.592
MPC,2020-01-20,2,1.0,0.0,0.0,46.592
PPOLag,2020-01-20,2,1.0,0.06978656921386914,0.14978229999542655,46.592
EDF,2020-01-20,2,2.0,0.0,0.0,46.592
LLF,2020-01-20,2,2.0,0.0,0.0,46.592
MPC,2020-01-20,2,2.0,0.0,0.0,46.592
PPOLag,2020-01-20,2,2.0,0.09565882263183738,0.20531169005803013,46.592
EDF,2020-01-20,1,0.5,0.0,0.0,0.837
LLF,2020-01-20,1,0.5,0.0,0.0,0.837
MPC,2020-01-20,1,0.5,0.0,0.0,0.837
PPOLag,2020-01-20,1,0.5,0.0023595662362808413,0.2819075551112116,0.837
EDF,2020-01-20,1,1.0,0.0,0.0,0.837
LLF,2020-01-20,1,1.0,0.0,0.0,0.837
MPC,2020-01-20,1,1.0,0.0,0.0,0.837
PPOLag,2020-01-20,1,1.0,0.0036247509175492574,0.4330646257525995,0.837
EDF,2020-01-20,1,2.0,0.0,0.0,0.837
LLF,2020-01-20,1,2.0,0.0,0.0,0.837
MPC,2020-01-20,1,2.0,0.0,0.0,0.837
PPOLag,2020-01-20,1,2.0,0.004898185708787972,0.5852073726150505,0.837
EDF,2020-01-20,8,0.5,0.0,0.0,7.32
LLF,2020-01-20,8,0.5,0.0,0.0,7.32
MPC,2020-01-20,8,0.5,0.0,0.0,7.32
PPOLag,2020-01-20,8,0.5,-0.0002774804596132441,-0.0037907166613831158,7.32
EDF,2020-01-20,8,1.0,0.0,0.0,7.32
LLF,2020-01-20,8,1.0,0.0,0.0,7.32
MPC,2020-01-20,8,1.0,0.0,0.0,7.32
PPOLag,2020-01-20,8,1.0,0.0011187083134593934,0.015282900457095539,7.32
EDF,2020-01-20,8,2.0,0.0,0.0,7.32
LLF,2020-01-20,8,2.0,0.0,0.0,7.32
MPC,2020-01-20,8,2.0,1.7763568394002505e-15,2.4267169937161892e-14,7.32
PPOLag,2020-01-20,8,2.0,0.0013791049958840063,0.018840232184207738,7.32
EDF,2020-01-20,5,0.5,0.0,0.0,0.846
LLF,2020-01-20,5,0.5,0.0,0.0,0.846
MPC,2020-01-20,5,0.5,0.0,0.0,0.846
PPOLag,2020-01-20,5,0.5,0.0034469675756222617,0.40744297584187494,0.846
EDF,2020-01-20,5,1.0,0.0,0.0,0.846
LLF,2020-01-20,5,1.0,0.0,0.0,0.846
MPC,2020-01-20,5,1.0,0.0,0.0,0.846
PPOLag,2020-01-20,5,1.0,0.005098853676787462,0.6027013802349246,0.846
EDF,2020-01-20,5,2.0,0.0,0.0,0.846
LLF,2020-01-20,5,2.0,0.0,0.0,0.846
MPC,2020-01-20,5,2.0,0.0,0.0,0.846
PPOLag,2020-01-20,5,2.0,0.006846779558856065,0.8093120045929156,0.846
EDF,2020-01-21,6,0.5,0.0,0.0,15.858
LLF,2020-01-21,6,0.5,1.7763568394002505e-15,1.1201644844244232e-14,15.858
MPC,2020-01-21,6,0.5,-1.7763568394002505e-15,-1.1201644844244232e-14,15.858
PPOLag,2020-01-21,6,0.5,0.0017283582517379158,0.010898967409117897,15.858
EDF,2020-01-21,6,1.0,-3.552713678800501e-15,-2.2403289688488464e-14,15.858
LLF,2020-01-21,6,1.0,1.7763568394002505e-15,1.1201644844244232e-14,15.858
MPC,2020-01-21,6,1.0,0.0,0.0,15.858
PPOLag,2020-01-21,6,1.0,0.0023629522039485098,0.014900694942291019,15.858
EDF,2020-01-21,6,2.0,-3.552713678800501e-15,-2.2403289688488464e-14,15.858
LLF,2020-01-21,6,2.0,3.552713678800501e-15,2.2403289688488464e-14,15.858
MPC,2020-01-21,6,2.0,1.7763568394002505e-15,1.1201644844244232e-14,15.858
PPOLag,2020-01-21,6,2.0,0.001982064906583858,0.012498832807314026,15.858
EDF,2020-01-21,23,0.5,0.0,0.0,15.123
LLF,2020-01-21,23,0.5,0.0,0.0,15.123
MPC,2020-01-21,23,0.5,0.0,0.0,15.123
PPOLag,2020-01-21,23,0.5,0.01637676532272927,0.10829045376399704,15.123
EDF,2020-01-21,23,1.0,0.0,0.0,15.123
LLF,2020-01-21,23,1.0,-1.7763568394002505e-15,-1.1746061227271379e-14,15.123
MPC,2020-01-21,23,1.0,1.7763568394002505e-15,1.1746061227271379e-14,15.123
PPOLag,2020-01-21,23,1.0,0.015122581254185263,0.09999723106648988,15.123
EDF,2020-01-21,23,2.0,0.0,0.0,15.123
LLF,2020-01-21,23,2.0,0.0,0.0,15.123
MPC,2020-01-21,23,2.0,1.7763568394002505e-15,1.1746061227271379e-14,15.123
PPOLag,2020-01-21,23,2.0,0.016983392464543102,0.11230174214470079,15.123
EDF,2020-01-21,30,0.5,0.0,0.0,17.918
LLF,2020-01-21,30,0.5,0.0,0.0,17.918
MPC,2020-01-21,30,0.5,-3.552713678800501e-15,-1.982762405849147e-14,17.918
PPOLag,2020-01-21,30,0.5,0.02278454547123019,0.1271600930418026,17.918
EDF,2020-01-21,30,1.0,0.0,0.0,17.918
LLF,2020-01-21,30,1.0,0.0,0.0,17.918
MPC,2020-01-21,30,1.0,3.552713678800501e-15,1.982762405849147e-14,17.918
PPOLag,2020-01-21,30,1.0,0.0245698645208833,0.13712392298740542,17.918
EDF,2020-01-21,30,2.0,0.0,0.0,17.918
LLF,2020-01-21,30,2.0,0.0,0.0,17.918
MPC,2020-01-21,30,2.0,-3.552713678800501e-15,-1.982762405849147e-14,17.918
PPOLag,2020-01-21,30,2.0,0.028176629382024032,0.15725320561460004,17.918
EDF,2020-01-21,22,0.5,12.109000000000016,23.875623558175793,50.717
LLF,2020-01-21,22,0.5,0.0,0.0,50.717
MPC,2020-01-21,22,0.5,0.0,0.0,50.717
PPOLag,2020-01-21,22,0.5,0.25573529602990563,0.5042397934221378,50.717
EDF,2020-01-21,22,1.0,15.956000000000017,31.460851391052344,50.717
LLF,2020-01-21,22,1.0,0.0,0.0,50.717
MPC,2020-01-21,22,1.0,0.0,0.0,50.717
PPOLag,2020-01-21,22,1.0,0.31658157152245964,0.6242119437712397,50.717
EDF,2020-01-21,22,2.0,18.08399999999999,35.656683163436306,50.717
LLF,2020-01-21,22,2.0,0.0,0.0,50.717
MPC,2020-01-21,22,2.0,0.0,0.0,50.717
PPOLag,2020-01-21,22,2.0,0.3496470321692399,0.689407954274188,50.717
EDF,2020-01-21,9,0.5,0.0,0.0,11.175
LLF,2020-01-21,9,0.5,-1.7763568394002505e-15,-1.589581064340269e-14,11.175
MPC,2020-01-21,9,0.5,0.0,0.0,11.175
PPOLag,2020-01-21,9,0.5,0.0076108611461410906,0.06810614001021109,11.175
EDF,2020-01-21,9,1.0,0.0,0.0,11.175
LLF,2020-01-21,9,1.0,-1.7763568394002505e-15,-1.589581064340269e-14,11.175
MPC,2020-01-21,9,1.0,0.0,0.0,11.175
PPOLag,2020-01-21,9,1.0,0.009603768297279913,0.08593976104948467,11.175
EDF,2020-01-21,9,2.0,0.0,0.0,11.175
LLF,2020-01-21,9,2.0,-1.7763568394002505e-15,-1.589581064340269e-14,11.175
MPC,2020-01-21,9,2.0,0.0,0.0,11.175
PPOLag,2020-01-21,9,2.0,0.01152774632043183,0.10315656662578818,11.175
EDF,2020-01-22,14,0.5,8.881784197001252e-16,1.464915750783647e-14,6.063
LLF,2020-01-22,14,0.5,0.0,0.0,6.063
MPC,2020-01-22,14,0.5,-8.881784197001252e-16,-1.464915750783647e-14,6.063
PPOLag,2020-01-22,14,0.5,0.0032076919175723973,0.052906018762533355,6.063
EDF,2020-01-22,14,1.0,0.0,0.0,6.063
LLF,2020-01-22,14,1.0,-8.881784197001252e-16,-1.464915750783647e-14,6.063
MPC,2020-01-22,14,1.0,0.0,0.0,6.063
PPOLag,2020-01-22,14,1.0,0.0053179234654544775,0.08771109129893578,6.063
EDF,2020-01-22,14,2.0,8.881784197001252e-16,1.464915750783647e-14,6.063
LLF,2020-01-22,14,2.0,-8.881784197001252e-16,-1.464915750783647e-14,6.063
MPC,2020-01-22,14,2.0,0.0,0.0,6.063
PPOLag,2020-01-22,14,2.0,0.00769675332771289,0.12694628612424366,6.063
EDF,2020-01-22,8,0.5,0.0,0.0,3.775
LLF,2020-01-22,8,0.5,-8.881784197001252e-16,-2.3527905157619212e-14,3.775
MPC,2020-01-22,8,0.5,-8.881784197001252e-16,-2.3527905157619212e-14,3.775
PPOLag,2020-01-22,8,0.5,0.0032776028229951847,0.08682391584093205,3.775
EDF,2020-01-22,8,1.0,0.0,0.0,3.775
LLF,2020-01-22,8,1.0,-8.881784197001252e-16,-2.3527905157619212e-14,3.775
MPC,2020-01-22,8,1.0,-4.440892098500626e-16,-1.1763952578809606e-14,3.775
PPOLag,2020-01-22,8,1.0,0.0054034412906942995,0.14313751763428612,3.775
EDF,2020-01-22,8,2.0,0.0,0.0,3.775
LLF,2020-01-22,8,2.0,-8.881784197001252e-16,-2.3527905157619212e-14,3.775
MPC,2020-01-22,8,2.0,-8.881784197001252e-16,-2.3527905157619212e-14,3.775
PPOLag,2020-01-22,8,2.0,0.007839211226404075,0.2076612245405053,3.775
EDF,2020-01-22,22,0.5,0.0,0.0,11.319
LLF,2020-01-22,22,0.5,0.0,0.0,11.319
MPC,2020-01-22,22,0.5,1.7763568394002505e-15,1.569358458697986e-14,11.319
PPOLag,2020-01-22,22,0.5,0.004589286165851902,0.04054497893676033,11.319
EDF,2020-01-22,22,1.0,0.0,0.0,11.319
LLF,2020-01-22,22,1.0,0.0,0.0,11.319
MPC,2020-01-22,22,1.0,1.7763568394002505e-15,1.569358458697986e-14,11.319
PPOLag,2020-01-22,22,1.0,0.009283864983160228,0.08202018714692311,11.319
EDF,2020-01-22,22,2.0,0.0,0.0,11.319
LLF,2020-01-22,22,2.0,0.0,0.0,11.319
MPC,2020-01-22,22,2.0,0.0,0.0,11.319
PPOLag,2020-01-22,22,2.0,0.00868462173159088,0.07672605116698365,11.319
EDF,2020-01-22,0,0.5,0.0,0.0,0.838
LLF,2020-01-22,0,0.5,0.0,0.0,0.838
MPC,2020-01-22,0,0.5,0.0,0.0,0.838
PPOLag,2020-01-22,0,0.5,-0.0001892383431928213,-0.022582141192460777,0.838
EDF,2020-01-22,0,1.0,0.0,0.0,0.838
LLF,2020-01-22,0,1.0,0.0,0.0,0.838
MPC,2020-01-22,0,1.0,0.0,0.0,0.838
PPOLag,2020-01-22,0,1.0,-0.00024144946824182777,-0.02881258570904866,0.838
EDF,2020-01-22,0,2.0,0.0,0.0,0.838
LLF,2020-01-22,0,2.0,0.0,0.0,0.838
MPC,2020-01-22,0,2.0,0.0,0.0,0.838
PPOLag,2020-01-22,0,2.0,-0.00011931915120388936,-0.014238562196168184,0.838
EDF,2020-01-22,27,0.5,0.0,0.0,21.269
LLF,2020-01-22,27,0.5,0.0,0.0,21.269
MPC,2020-01-22,27,0.5,-3.552713678800501e-15,-1.6703717517516108e-14,21.269
PPOLag,2020-01-22,27,0.5,0.0035879761165588777,0.016869510162954897,21.269
EDF,2020-01-22,27,1.0,0.0,0.0,21.269
LLF,2020-01-22,27,1.0,0.0,0.0,21.269
MPC,2020-01-22,27,1.0,-3.552713678800501e-15,-1.6703717517516108e-14,21.269
PPOLag,2020-01-22,27,1.0,0.004698724219753103,0.022091890637797283,21.269
EDF,2020-01-22,27,2.0,0.0,0.0,21.269
LLF,2020-01-22,27,2.0,0.0,0.0,21.269
MPC,2020-01-22,27,2.0,-3.552713678800501e-15,-1.6703717517516108e-14,21.269
PPOLag,2020-01-22,27,2.0,0.0053390554995417,0.02510252244836006,21.269
EDF,2020-01-23,12,0.5,-8.881784197001252e-16,-1.6748603049219787e-14,5.303
LLF,2020-01-23,12,0.5,0.0,0.0,5.303
MPC,2020-01-23,12,0.5,0.0,0.0,5.303
PPOLag,2020-01-23,12,0.5,0.0038336157851068366,0.07229145361317815,5.303
EDF,2020-01-23,12,1.0,-8.881784197001252e-16,-1.6748603049219787e-14,5.303
LLF,2020-01-23,12,1.0,-8.881784197001252e-16,-1.6748603049219787e-14,5.303
MPC,2020-01-23,12,1.0,0.0,0.0,5.303
PPOLag,2020-01-23,12,1.0,0.006000731610498633,0.11315729983968759,5.303
EDF,2020-01-23,12,2.0,-1.7763568394002505e-15,-3.3497206098439574e-14,5.303
LLF,2020-01-23,12,2.0,0.0,0.0,5.303
MPC,2020-01-23,12,2.0,0.0,0.0,5.303
PPOLag,2020-01-23,12,2.0,0.007613359487351268,0.14356702785878311,5.303
EDF,2020-01-23,27,0.5,0.0,0.0,4.778
LLF,2020-01-23,27,0.5,0.0,0.0,4.778
MPC,2020-01-23,27,0.5,0.0,0.0,4.778
PPOLag,2020-01-23,27,0.5,0.0032215280367003272,0.06742419499163514,4.778
EDF,2020-01-23,27,1.0,0.0,0.0,4.778
LLF,2020-01-23,27,1.0,0.0,0.0,4.778
MPC,2020-01-23,27,1.0,0.0,0.0,4.778
PPOLag,2020-01-23,27,1.0,0.004835757244164363,0.1012088163282621,4.778
EDF,2020-01-23,27,2.0,0.0,0.0,4.778
LLF,2020-01-23,27,2.0,0.0,0.0,4.778
MPC,2020-01-23,27,2.0,0.0,0.0,4.778
PPOLag,2020-01-23,27,2.0,0.0064113208236802775,0.13418419471913517,4.778
EDF,2020-01-23,1,0.5,0.0,0.0,5.968
LLF,2020-01-23,1,0.5,-8.881784197001252e-16,-1.4882346174599953e-14,5.968
MPC,2020-01-23,1,0.5,0.0,0.0,5.968
PPOLag,2020-01-23,1,0.5,0.0029298741527586714,0.049093065562310176,5.968
EDF,2020-01-23,1,1.0,0.0,0.0,5.968
LLF,2020-01-23,1,1.0,-8.881784197001252e-16,-1.4882346174599953e-14,5.968
MPC,2020-01-23,1,1.0,8.881784197001252e-16,1.4882346174599953e-14,5.968
PPOLag,2020-01-23,1,1.0,0.004833365909758136,0.08098803468093392,5.968
EDF,2020-01-23,1,2.0,0.0,0.0,5.968
LLF,2020-01-23,1,2.0,-8.881784197001252e-16,-1.4882346174599953e-14,5.968
MPC,2020-01-23,1,2.0,0.0,0.0,5.968
PPOLag,2020-01-23,1,2.0,0.008273058610590666,0.13862363623643878,5.968
EDF,2020-01-23,7,0.5,0.0,0.0,0.949
LLF,2020-01-23,7,0.5,0.0,0.0,0.949
MPC,2020-01-23,7,0.5,0.0,0.0,0.949
PPOLag,2020-01-23,7,0.5,0.0023377772159681063,0.2463411186478511,0.949
EDF,2020-01-23,7,1.0,0.0,0.0,0.949
LLF,2020-01-23,7,1.0,0.0,0.0,0.949
MPC,2020-01-23,7,1.0,0.0,0.0,0.949
PPOLag,2020-01-23,7,1.0,0.003239058361321456,0.34131278833735046,0.949
EDF,2020-01-23,7,2.0,0.0,0.0,0.949
LLF,2020-01-23,7,2.0,0.0,0.0,0.949
MPC,2020-01-23,7,2.0,0.0,0.0,0.949
PPOLag,2020-01-23,7,2.0,0.0037480223569653416,0.394944400101722,0.949
EDF,2020-01-23,4,0.5,0.0,0.0,0.868
LLF,2020-01-23,4,0.5,0.0,0.0,0.868
MPC,2020-01-23,4,0.5,0.0,0.0,0.868
PPOLag,2020-01-23,4,0.5,0.0032415430807247736,0.3734496636779693,0.868
EDF,2020-01-23,4,1.0,0.0,0.0,0.868
LLF,2020-01-23,4,1.0,0.0,0.0,0.868
MPC,2020-01-23,4,1.0,0.0,0.0,0.868
PPOLag,2020-01-23,4,1.0,0.005519426023392948,0.6358785741236115,0.868
EDF,2020-01-23,4,2.0,0.0,0.0,0.868
LLF,2020-01-23,4,2.0,0.0,0.0,0.868
MPC,2020-01-23,4,2.0,0.0,0.0,0.868
PPOLag,2020-01-23,4,2.0,0.008386499808499304,0.9661866138824082,0.868
EDF,2020-01-24,26,0.5,-8.881784197001252e-16,-1.3514583379490646e-14,6.572
LLF,2020-01-24,26,0.5,0.0,0.0,6.572
MPC,2020-01-24,26,0.5,-8.881784197001252e-16,-1.3514583379490646e-14,6.572
PPOLag,2020-01-24,26,0.5,0.005742323850821585,0.08737559115674962,6.572
EDF,2020-01-24,26,1.0,0.0,0.0,6.572
LLF,2020-01-24,26,1.0,0.0,0.0,6.572
MPC,2020-01-24,26,1.0,0.0,0.0,6.572
PPOLag,2020-01-24,26,1.0,0.006711507072104261,0.1021227491190545,6.572
EDF,2020-01-24,26,2.0,0.0,0.0,6.572
LLF,2020-01-24,26,2.0,0.0,0.0,6.572
MPC,2020-01-24,26,2.0,8.881784197001252e-16,1.3514583379490646e-14,6.572
PPOLag,2020-01-24,26,2.0,0.006360704288858088,0.0967849100556617,6.572
EDF,2020-01-24,28,0.5,0.0,0.0,0.802
LLF,2020-01-24,28,0.5,1.1102230246251565e-16,1.3843179858169033e-14,0.802
MPC,2020-01-24,28,0.5,0.0,0.0,0.802
PPOLag,2020-01-24,28,0.5,0.0035860688917177972,0.4471407595658102,0.802
EDF,2020-01-24,28,1.0,0.0,0.0,0.802
LLF,2020-01-24,28,1.0,1.1102230246251565e-16,1.3843179858169033e-14,0.802
MPC,2020-01-24,28,1.0,0.0,0.0,0.802
PPOLag,2020-01-24,28,1.0,0.005940720120427079,0.7407381696293115,0.802
EDF,2020-01-24,28,2.0,0.0,0.0,0.802
LLF,2020-01-24,28,2.0,1.1102230246251565e-16,1.3843179858169033e-14,0.802
MPC,2020-01-24,28,2.0,0.0,0.0,0.802
PPOLag,2020-01-24,28,2.0,0.009318936607589489,1.1619621705223802,0.802
EDF,2020-01-24,2,0.5,0.0,0.0,7.026
LLF,2020-01-24,2,0.5,0.0,0.0,7.026
MPC,2020-01-24,2,0.5,-8.881784197001252e-16,-1.264130970253523e-14,7.026
PPOLag,2020-01-24,2,0.5,0.00127071814831492,0.018085940055720465,7.026
EDF,2020-01-24,2,1.0,0.0,0.0,7.026
LLF,2020-01-24,2,1.0,0.0,0.0,7.026
MPC,2020-01-24,2,1.0,8.881784197001252e-16,1.264130970253523e-14,7.026
PPOLag,2020-01-24,2,1.0,0.001590096163818089,0.022631599257302716,7.026
EDF,2020-01-24,2,2.0,0.0,0.0,7.026
LLF,2020-01-24,2,2.0,0.0,0.0,7.026
MPC,2020-01-24,2,2.0,-8.881784197001252e-16,-1.264130970253523e-14,7.026
PPOLag,2020-01-24,2,2.0,0.0016902190435828857,0.024056633128136717,7.026
EDF,2020-01-24,4,0.5,0.0,0.0,0.848
LLF,2020-01-24,4,0.5,0.0,0.0,0.848
MPC,2020-01-24,4,0.5,0.0,0.0,0.848
PPOLag,2020-01-24,4,0.5,0.0015784436083420283,0.18613721796486182,0.848
EDF,2020-01-24,4,1.0,0.0,0.0,0.848
LLF,2020-01-24,4,1.0,0.0,0.0,0.848
MPC,2020-01-24,4,1.0,0.0,0.0,0.848
PPOLag,2020-01-24,4,1.0,0.0021408951441792556,0.25246405002113864,0.848
EDF,2020-01-24,4,2.0,0.0,0.0,0.848
LLF,2020-01-24,4,2.0,0.0,0.0,0.848
MPC,2020-01-24,4,2.0,0.0,0.0,0.848
PPOLag,2020-01-24,4,2.0,0.003170935020367449,0.3739310165527652,0.848
EDF,2020-01-24,8,0.5,0.0,0.0,4.906
LLF,2020-01-24,8,0.5,8.881784197001252e-16,1.8103922130047397e-14,4.906
MPC,2020-01-24,8,0.5,0.0,0.0,4.906
PPOLag,2020-01-24,8,0.5,0.0054669235012204,0.11143341828822666,4.906
EDF,2020-01-24,8,1.0,0.0,0.0,4.906
LLF,2020-01-24,8,1.0,8.881784197001252e-16,1.8103922130047397e-14,4.906
MPC,2020-01-24,8,1.0,0.0,0.0,4.906
PPOLag,2020-01-24,8,1.0,0.004949024054857176,0.10087696809737416,4.906
EDF,2020-01-24,8,2.0,0.0,0.0,4.906
LLF,2020-01-24,8,2.0,8.881784197001252e-16,1.8103922130047397e-14,4.906
MPC,2020-01-24,8,2.0,0.0,0.0,4.906
PPOLag,2020-01-24,8,2.0,0.006530803023553844,0.13311869187839062,4.906
EDF,2020-01-27,4,0.5,0.0,0.0,7.725
LLF,2020-01-27,4,0.5,0.0,0.0,7.725
MPC,2020-01-27,4,0.5,-8.881784197001252e-16,-1.1497455271199033e-14,7.725
PPOLag,2020-01-27,4,0.5,0.09241261948105581,1.1962798638324377,7.725
EDF,2020-01-27,4,1.0,8.881784197001252e-16,1.1497455271199033e-14,7.725
LLF,2020-01-27,4,1.0,-8.881784197001252e-16,-1.1497455271199033e-14,7.725
MPC,2020-01-27,4,1.0,0.0,0.0,7.725
PPOLag,2020-01-27,4,1.0,0.18971595692605944,2.455869992570349,7.725
EDF,2020-01-27,4,2.0,8.881784197001252e-16,1.1497455271199033e-14,7.725
LLF,2020-01-27,4,2.0,8.881784197001252e-16,1.1497455271199033e-14,7.725
MPC,2020-01-27,4,2.0,0.0,0.0,7.725
PPOLag,2020-01-27,4,2.0,0.23531687615868596,3.046173154157747,7.725
EDF,2020-01-27,7,0.5,0.0,0.0,1.314
LLF,2020-01-27,7,0.5,0.0,0.0,1.314
MPC,2020-01-27,7,0.5,0.0,0.0,1.314
PPOLag,2020-01-27,7,0.5,0.08716762747473808,6.633761603861345,1.314
EDF,2020-01-27,7,1.0,0.0,0.0,1.314
LLF,2020-01-27,7,1.0,0.0,0.0,1.314
MPC,2020-01-27,7,1.0,0.0,0.0,1.314
PPOLag,2020-01-27,7,1.0,0.13516260517829096,10.28634742604954,1.314
EDF,2020-01-27,7,2.0,0.0,0.0,1.314
LLF,2020-01-27,7,2.0,0.0,0.0,1.314
MPC,2020-01-27,7,2.0,0.0,0.0,1.314
PPOLag,2020-01-27,7,2.0,0.1436978350086165,10.935908295937327,1.314
EDF,2020-01-27,22,0.5,0.0,0.0,2.108
LLF,2020-01-27,22,0.5,4.440892098500626e-16,2.1066850562147183e-14,2.108
MPC,2020-01-27,22,0.5,4.440892098500626e-16,2.1066850562147183e-14,2.108
PPOLag,2020-01-27,22,0.5,0.05060294907952234,2.4005194060494466,2.108
EDF,2020-01-27,22,1.0,0.0,0.0,2.108
LLF,2020-01-27,22,1.0,4.440892098500626e-16,2.1066850562147183e-14,2.108
MPC,2020-01-27,22,1.0,4.440892098500626e-16,2.1066850562147183e-14,2.108
PPOLag,2020-01-27,22,1.0,0.057336229757898184,2.71993499800276,2.108
EDF,2020-01-27,22,2.0,0.0,0.0,2.108
LLF,2020-01-27,22,2.0,4.440892098500626e-16,2.1066850562147183e-14,2.108
MPC,2020-01-27,22,2.0,4.440892098500626e-16,2.1066850562147183e-14,2.108
PPOLag,2020-01-27,22,2.0,0.060348002141145815,2.862808450718492,2.108
EDF,2020-01-27,19,0.5,0.0,0.0,1.6860005555555557
LLF,2020-01-27,19,0.5,0.0,0.0,1.6860005555555557
MPC,2020-01-27,19,0.5,0.0,0.0,1.6860005555555557
PPOLag,2020-01-27,19,0.5,0.004513646615183076,0.2677132341570184,1.6860005555555557
EDF,2020-01-27,19,1.0,0.0,0.0,1.6860005555555557
LLF,2020-01-27,19,1.0,0.0,0.0,1.6860005555555557
MPC,2020-01-27,19,1.0,0.0,0.0,1.6860005555555557
PPOLag,2020-01-27,19,1.0,0.006114291505669911,0.3626506222386851,1.6860005555555557
EDF,2020-01-27,19,2.0,0.0,0.0,1.6860005555555557
LLF,2020-01-27,19,2.0,0.0,0.0,1.6860005555555557
MPC,2020-01-27,19,2.0,0.0,0.0,1.6860005555555557
PPOLag,2020-01-27,19,2.0,0.006161588403217566,0.36545589400397643,1.6860005555555557
EDF,2020-01-27,6,0.5,0.0,0.0,12.735
LLF,2020-01-27,6,0.5,0.0,0.0,12.735
MPC,2020-01-27,6,0.5,-3.552713678800501e-15,-2.789724129407539e-14,12.735
PPOLag,2020-01-27,6,0.5,0.0029956044935474323,0.023522610864133747,12.735
EDF,2020-01-27,6,1.0,0.0,0.0,12.735
LLF,2020-01-27,6,1.0,0.0,0.0,12.735
MPC,2020-01-27,6,1.0,-3.552713678800501e-15,-2.789724129407539e-14,12.735
PPOLag,2020-01-27,6,1.0,0.0038725050065025355,0.03040836283080122,12.735
EDF,2020-01-27,6,2.0,0.0,0.0,12.735
LLF,2020-01-27,6,2.0,0.0,0.0,12.735
MPC,2020-01-27,6,2.0,-1.7763568394002505e-15,-1.3948620647037695e-14,12.735
PPOLag,2020-01-27,6,2.0,0.004248270330323578,0.03335901319453144,12.735
EDF,2020-01-28,17,0.5,-4.440892098500626e-16,-1.1785807055468753e-14,3.768
LLF,2020-01-28,17,0.5,-4.440892098500626e-16,-1.1785807055468753e-14,3.768
MPC,2020-01-28,17,0.5,0.0,0.0,3.768
PPOLag,2020-01-28,17,0.5,0.40166354461738507,10.659860525939095,3.768
EDF,2020-01-28,17,1.0,-4.440892098500626e-16,-1.1785807055468753e-14,3.768
LLF,2020-01-28,17,1.0,0.0,0.0,3.768
MPC,2020-01-28,17,1.0,0.0,0.0,3.768
PPOLag,2020-01-28,17,1.0,0.48056876541940835,12.75394812684205,3.768
EDF,2020-01-28,17,2.0,-4.440892098500626e-16,-1.1785807055468753e-14,3.768
LLF,2020-01-28,17,2.0,-4.440892098500626e-16,-1.1785807055468753e-14,3.768
MPC,2020-01-28,17,2.0,0.0,0.0,3.768
PPOLag,2020-01-28,17,2.0,0.5639096891289115,14.96575608091591,3.768
EDF,2020-01-28,22,0.5,1.7763568394002505e-15,1.5826415176409928e-14,11.224
LLF,2020-01-28,22,0.5,0.0,0.0,11.224
MPC,2020-01-28,22,0.5,1.7763568394002505e-15,1.5826415176409928e-14,11.224
PPOLag,2020-01-28,22,0.5,0.3357972971871792,2.991779198032602,11.224
EDF,2020-01-28,22,1.0,1.7763568394002505e-15,1.5826415176409928e-14,11.224
LLF,2020-01-28,22,1.0,1.7763568394002505e-15,1.5826415176409928e-14,11.224
MPC,2020-01-28,22,1.0,3.552713678800501e-15,3.1652830352819855e-14,11.224
PPOLag,2020-01-28,22,1.0,0.3497385115745306,3.1159881644202656,11.224
EDF,2020-01-28,22,2.0,1.7763568394002505e-15,1.5826415176409928e-14,11.224
LLF,2020-01-28,22,2.0,0.0,0.0,11.224
MPC,2020-01-28,22,2.0,1.7763568394002505e-15,1.5826415176409928e-14,11.224
PPOLag,2020-01-28,22,2.0,0.36141780363209186,3.2200445797584805,11.224
EDF,2020-01-28,16,0.5,0.0,0.0,6.636
LLF,2020-01-28,16,0.5,8.881784197001252e-16,1.3384243817060356e-14,6.636
MPC,2020-01-28,16,0.5,-8.881784197001252e-16,-1.3384243817060356e-14,6.636
PPOLag,2020-01-28,16,0.5,0.5389313026637644,8.12132764713328,6.636
EDF,2020-01-28,16,1.0,0.0,0.0,6.636
LLF,2020-01-28,16,1.0,0.0,0.0,6.636
MPC,2020-01-28,16,1.0,-8.881784197001252e-16,-1.3384243817060356e-14,6.636
PPOLag,2020-01-28,16,1.0,0.594359562323921,8.956593766183257,6.636
EDF,2020-01-28,16,2.0,8.881784197001252e-16,1.3384243817060356e-14,6.636
LLF,2020-01-28,16,2.0,8.881784197001252e-16,1.3384243817060356e-14,6.636
MPC,2020-01-28,16,2.0,-8.881784197001252e-16,-1.3384243817060356e-14,6.636
PPOLag,2020-01-28,16,2.0,0.6090071515284052,9.177322958535342,6.636
EDF,2020-01-28,21,0.5,0.0,0.0,11.932
LLF,2020-01-28,21,0.5,0.0,0.0,11.932
MPC,2020-01-28,21,0.5,1.7763568394002505e-15,1.4887335227960528e-14,11.932
PPOLag,2020-01-28,21,0.5,0.19852073404359843,1.6637674660040098,11.932
EDF,2020-01-28,21,1.0,1.7763568394002505e-15,1.4887335227960528e-14,11.932
LLF,2020-01-28,21,1.0,3.552713678800501e-15,2.9774670455921056e-14,11.932
MPC,2020-01-28,21,1.0,3.552713678800501e-15,2.9774670455921056e-14,11.932
PPOLag,2020-01-28,21,1.0,0.2061679498588088,1.7278574409890108,11.932
EDF,2020-01-28,21,2.0,1.7763568394002505e-15,1.4887335227960528e-14,11.932
LLF,2020-01-28,21,2.0,1.7763568394002505e-15,1.4887335227960528e-14,11.932
MPC,2020-01-28,21,2.0,1.7763568394002505e-15,1.4887335227960528e-14,11.932
PPOLag,2020-01-28,21,2.0,0.20939392875474816,1.7548938045151536,11.932
EDF,2020-01-28,4,0.5,0.0,0.0,12.864
LLF,2020-01-28,4,0.5,0.0,0.0,12.864
MPC,2020-01-28,4,0.5,0.0,0.0,12.864
PPOLag,2020-01-28,4,0.5,0.00591825334756102,0.04600632266449798,12.864
EDF,2020-01-28,4,1.0,0.0,0.0,12.864
LLF,2020-01-28,4,1.0,0.0,0.0,12.864
MPC,2020-01-28,4,1.0,0.0,0.0,12.864
PPOLag,2020-01-28,4,1.0,0.008016560847726239,0.06231779265956342,12.864
EDF,2020-01-28,4,2.0,0.0,0.0,12.864
LLF,2020-01-28,4,2.0,0.0,0.0,12.864
MPC,2020-01-28,4,2.0,0.0,0.0,12.864
PPOLag,2020-01-28,4,2.0,0.010162716160431629,0.07900121393370359,12.864
EDF,2020-01-29,14,0.5,0.0,0.0,11.838
LLF,2020-01-29,14,0.5,0.0,0.0,11.838
MPC,2020-01-29,14,0.5,0.0,0.0,11.838
PPOLag,2020-01-29,14,0.5,0.003032915014570747,0.025620164002118157,11.838
EDF,2020-01-29,14,1.0,0.0,0.0,11.838
LLF,2020-01-29,14,1.0,0.0,0.0,11.838
MPC,2020-01-29,14,1.0,0.0,0.0,11.838
PPOLag,2020-01-29,14,1.0,0.005432721576252675,0.04589222483741067,11.838
EDF,2020-01-29,14,2.0,0.0,0.0,11.838
LLF,2020-01-29,14,2.0,0.0,0.0,11.838
MPC,2020-01-29,14,2.0,-1.7763568394002505e-15,-1.500554856732768e-14,11.838
PPOLag,2020-01-29,14,2.0,0.006789860391681302,0.05735648244366702,11.838
EDF,2020-01-29,16,0.5,0.0,0.0,3.765
LLF,2020-01-29,16,0.5,0.0,0.0,3.765
MPC,2020-01-29,16,0.5,0.0,0.0,3.765
PPOLag,2020-01-29,16,0.5,0.0032743530811669254,0.08696820932714276,3.765
EDF,2020-01-29,16,1.0,0.0,0.0,3.765
LLF,2020-01-29,16,1.0,4.440892098500626e-16,1.179519813678785e-14,3.765
MPC,2020-01-29,16,1.0,0.0,0.0,3.765
PPOLag,2020-01-29,16,1.0,0.00614478445391331,0.16320808642532034,3.765
EDF,2020-01-29,16,2.0,-4.440892098500626e-16,-1.179519813678785e-14,3.765
LLF,2020-01-29,16,2.0,4.440892098500626e-16,1.179519813678785e-14,3.765
MPC,2020-01-29,16,2.0,-8.881784197001252e-16,-2.35903962735757e-14,3.765
PPOLag,2020-01-29,16,2.0,0.004651321308348511,0.12354107060686614,3.765
EDF,2020-01-29,11,0.5,0.0,0.0,8.498
LLF,2020-01-29,11,0.5,0.0,0.0,8.498
MPC,2020-01-29,11,0.5,0.0,0.0,8.498
PPOLag,2020-01-29,11,0.5,0.002641982424854206,0.031089461342129986,8.498
EDF,2020-01-29,11,1.0,0.0,0.0,8.498
LLF,2020-01-29,11,1.0,0.0,0.0,8.498
MPC,2020-01-29,11,1.0,1.7763568394002505e-15,2.0903234165688993e-14,8.498
PPOLag,2020-01-29,11,1.0,0.0032885746622522303,0.03869821913688198,8.498
EDF,2020-01-29,11,2.0,0.0,0.0,8.498
LLF,2020-01-29,11,2.0,0.0,0.0,8.498
MPC,2020-01-29,11,2.0,0.0,0.0,8.498
PPOLag,2020-01-29,11,2.0,0.0035766348470989582,0.042087960074122834,8.498
EDF,2020-01-29,21,0.5,0.0,0.0,12.527
LLF,2020-01-29,21,0.5,1.7763568394002505e-15,1.4180225428276927e-14,12.527
MPC,2020-01-29,21,0.5,0.0,0.0,12.527
PPOLag,2020-01-29,21,0.5,-0.0008905718663992701,-0.007109219018115037,12.527
EDF,2020-01-29,21,1.0,0.0,0.0,12.527
LLF,2020-01-29,21,1.0,1.7763568394002505e-15,1.4180225428276927e-14,12.527
MPC,2020-01-29,21,1.0,1.7763568394002505e-15,1.4180225428276927e-14,12.527
PPOLag,2020-01-29,21,1.0,0.0007196485225602345,0.005744779456855069,12.527
EDF,2020-01-29,21,2.0,0.0,0.0,12.527
LLF,2020-01-29,21,2.0,1.7763568394002505e-15,1.4180225428276927e-14,12.527
MPC,2020-01-29,21,2.0,1.7763568394002505e-15,1.4180225428276927e-14,12.527
PPOLag,2020-01-29,21,2.0,0.0022039608589661695,0.01759368451318089,12.527
EDF,2020-01-29,9,0.5,0.0,0.0,9.93
LLF,2020-01-29,9,0.5,0.0,0.0,9.93
MPC,2020-01-29,9,0.5,0.0,0.0,9.93
PPOLag,2020-01-29,9,0.5,0.003423700707514499,0.03447835556409364,9.93
EDF,2020-01-29,9,1.0,0.0,0.0,9.93
LLF,2020-01-29,9,1.0,0.0,0.0,9.93
MPC,2020-01-29,9,1.0,0.0,0.0,9.93
PPOLag,2020-01-29,9,1.0,0.005063953224319917,0.050996507797783655,9.93
EDF,2020-01-29,9,2.0,0.0,0.0,9.93
LLF,2020-01-29,9,2.0,0.0,0.0,9.93
MPC,2020-01-29,9,2.0,0.0,0.0,9.93
PPOLag,2020-01-29,9,2.0,0.007138676696763824,0.07188999694626207,9.93
EDF,2020-01-30,12,0.5,0.0,0.0,5.017
LLF,2020-01-30,12,0.5,0.0,0.0,5.017
MPC,2020-01-30,12,0.5,0.0,0.0,5.017
PPOLag,2020-01-30,12,0.5,0.004294242682770033,0.08559383461770047,5.017
EDF,2020-01-30,12,1.0,0.0,0.0,5.017
LLF,2020-01-30,12,1.0,-8.881784197001252e-16,-1.7703376912500003e-14,5.017
MPC,2020-01-30,12,1.0,0.0,0.0,5.017
PPOLag,2020-01-30,12,1.0,0.004044501672001388,0.08061593924658934,5.017
EDF,2020-01-30,12,2.0,8.881784197001252e-16,1.7703376912500003e-14,5.017
LLF,2020-01-30,12,2.0,-1.7763568394002505e-15,-3.540675382500001e-14,5.017
MPC,2020-01-30,12,2.0,0.0,0.0,5.017
PPOLag,2020-01-30,12,2.0,0.005418168235340026,0.10799617770261165,5.017
EDF,2020-01-30,6,0.5,0.0,0.0,0.904
LLF,2020-01-30,6,0.5,0.0,0.0,0.904
MPC,2020-01-30,6,0.5,0.0,0.0,0.904
PPOLag,2020-01-30,6,0.5,0.00316368797721116,0.3499654842047744,0.904
EDF,2020-01-30,6,1.0,0.0,0.0,0.904
LLF,2020-01-30,6,1.0,0.0,0.0,0.904
MPC,2020-01-30,6,1.0,0.0,0.0,0.904
PPOLag,2020-01-30,6,1.0,0.004971051789943726,0.5498951095070493,0.904
EDF,2020-01-30,6,2.0,0.0,0.0,0.904
LLF,2020-01-30,6,2.0,0.0,0.0,0.904
MPC,2020-01-30,6,2.0,-1.1102230246251565e-16,-1.2281228148508369e-14,0.904
PPOLag,2020-01-30,6,2.0,0.006968924239533459,0.7708986990634357,0.904
EDF,2020-01-30,20,0.5,0.0,0.0,12.061
LLF,2020-01-30,20,0.5,0.0,0.0,12.061
MPC,2020-01-30,20,0.5,0.0,0.0,12.061
PPOLag,2020-01-30,20,0.5,0.004465856806499602,0.03702725152557501,12.061
EDF,2020-01-30,20,1.0,0.0,0.0,12.061
LLF,2020-01-30,20,1.0,0.0,0.0,12.061
MPC,2020-01-30,20,1.0,0.0,0.0,12.061
PPOLag,2020-01-30,20,1.0,0.005579523008126941,0.046260865667249323,12.061
EDF,2020-01-30,20,2.0,0.0,0.0,12.061
LLF,2020-01-30,20,2.0,0.0,0.0,12.061
MPC,2020-01-30,20,2.0,1.7763568394002505e-15,1.4728105790566708e-14,12.061
PPOLag,2020-01-30,20,2.0,0.00604027228144659,0.05008102380769911,12.061
EDF,2020-01-30,14,0.5,8.881784197001252e-16,1.14293967275785e-14,7.771
LLF,2020-01-30,14,0.5,0.0,0.0,7.771
MPC,2020-01-30,14,0.5,0.0,0.0,7.771
PPOLag,2020-01-30,14,0.5,0.002405389826468607,0.030953414315642865,7.771
EDF,2020-01-30,14,1.0,-8.881784197001252e-16,-1.14293967275785e-14,7.771
LLF,2020-01-30,14,1.0,0.0,0.0,7.771
MPC,2020-01-30,14,1.0,0.0,0.0,7.771
PPOLag,2020-01-30,14,1.0,0.003977395884356483,0.05118254902015805,7.771
EDF,2020-01-30,14,2.0,-8.881784197001252e-16,-1.14293967275785e-14,7.771
LLF,2020-01-30,14,2.0,-8.881784197001252e-16,-1.14293967275785e-14,7.771
MPC,2020-01-30,14,2.0,-8.881784197001252e-16,-1.14293967275785e-14,7.771
PPOLag,2020-01-30,14,2.0,0.006070126768268835,0.0781125565341505,7.771
EDF,2020-01-30,19,0.5,0.0,0.0,2.057
LLF,2020-01-30,19,0.5,0.0,0.0,2.057
MPC,2020-01-30,19,0.5,0.0,0.0,2.057
PPOLag,2020-01-30,19,0.5,0.003107759718965486,0.15108214482087926,2.057
EDF,2020-01-30,19,1.0,0.0,0.0,2.057
LLF,2020-01-30,19,1.0,0.0,0.0,2.057
MPC,2020-01-30,19,1.0,0.0,0.0,2.057
PPOLag,2020-01-30,19,1.0,0.004874680302580803,0.23698008277009253,2.057
EDF,2020-01-30,19,2.0,0.0,0.0,2.057
LLF,2020-01-30,19,2.0,0.0,0.0,2.057
MPC,2020-01-30,19,2.0,0.0,0.0,2.057
PPOLag,2020-01-30,19,2.0,0.007026765515599109,0.3416026016334035,2.057
EDF,2020-01-31,11,0.5,0.0,0.0,5.537
LLF,2020-01-31,11,0.5,0.0,0.0,5.537
MPC,2020-01-31,11,0.5,0.0,0.0,5.537
PPOLag,2020-01-31,11,0.5,0.003452593381953406,0.062354946396124364,5.537
EDF,2020-01-31,11,1.0,0.0,0.0,5.537
LLF,2020-01-31,11,1.0,-8.881784197001252e-16,-1.604078778580685e-14,5.537
MPC,2020-01-31,11,1.0,0.0,0.0,5.537
PPOLag,2020-01-31,11,1.0,0.006014924704411939,0.10863147380191332,5.537
EDF,2020-01-31,11,2.0,8.881784197001252e-16,1.604078778580685e-14,5.537
LLF,2020-01-31,11,2.0,-8.881784197001252e-16,-1.604078778580685e-14,5.537
MPC,2020-01-31,11,2.0,0.0,0.0,5.537
PPOLag,2020-01-31,11,2.0,0.011904660787956978,0.21500200086611843,5.537
EDF,2020-01-31,25,0.5,0.0,0.0,1.846
LLF,2020-01-31,25,0.5,0.0,0.0,1.846
MPC,2020-01-31,25,0.5,0.0,0.0,1.846
PPOLag,2020-01-31,25,0.5,0.0030106512922798865,0.16309053587648353,1.846
EDF,2020-01-31,25,1.0,0.0,0.0,1.846
LLF,2020-01-31,25,1.0,0.0,0.0,1.846
MPC,2020-01-31,25,1.0,0.0,0.0,1.846
PPOLag,2020-01-31,25,1.0,0.004946064153209262,0.2679341361435136,1.846
EDF,2020-01-31,25,2.0,0.0,0.0,1.846
LLF,2020-01-31,25,2.0,0.0,0.0,1.846
MPC,2020-01-31,25,2.0,0.0,0.0,1.846
PPOLag,2020-01-31,25,2.0,0.007187349522015695,0.3893472113767982,1.846
EDF,2020-01-31,18,0.5,-1.7763568394002505e-15,-1.503857805113656e-14,11.812
LLF,2020-01-31,18,0.5,1.7763568394002505e-15,1.503857805113656e-14,11.812
MPC,2020-01-31,18,0.5,-1.7763568394002505e-15,-1.503857805113656e-14,11.812
PPOLag,2020-01-31,18,0.5,0.004563624493561491,0.03863549351135702,11.812
EDF,2020-01-31,18,1.0,-1.7763568394002505e-15,-1.503857805113656e-14,11.812
LLF,2020-01-31,18,1.0,0.0,0.0,11.812
MPC,2020-01-31,18,1.0,0.0,0.0,11.812
PPOLag,2020-01-31,18,1.0,0.006389122234925537,0.05409009680770012,11.812
EDF,2020-01-31,18,2.0,-1.7763568394002505e-15,-1.503857805113656e-14,11.812
LLF,2020-01-31,18,2.0,-1.7763568394002505e-15,-1.503857805113656e-14,11.812
MPC,2020-01-31,18,2.0,-1.7763568394002505e-15,-1.503857805113656e-14,11.812
PPOLag,2020-01-31,18,2.0,0.008670437031909372,0.07340363216990664,11.812
EDF,2020-01-31,1,0.5,0.0,0.0,2.589
LLF,2020-01-31,1,0.5,0.0,0.0,2.589
MPC,2020-01-31,1,0.5,0.0,0.0,2.589
PPOLag,2020-01-31,1,0.5,0.003373408287781476,0.13029773224339422,2.589
EDF,2020-01-31,1,1.0,0.0,0.0,2.589
LLF,2020-01-31,1,1.0,0.0,0.0,2.589
MPC,2020-01-31,1,1.0,0.0,0.0,2.589
PPOLag,2020-01-31,1,1.0,0.005380937914970829,0.2078384671676643,2.589
EDF,2020-01-31,1,2.0,0.0,0.0,2.589
LLF,2020-01-31,1,2.0,0.0,0.0,2.589
MPC,2020-01-31,1,2.0,0.0,0.0,2.589
PPOLag,2020-01-31,1,2.0,0.007503157383860692,0.2898090916902546,2.589
EDF,2020-01-31,28,0.5,-8.881784197001252e-16,-1.361401624310431e-14,6.524
LLF,2020-01-31,28,0.5,8.881784197001252e-16,1.361401624310431e-14,6.524
MPC,2020-01-31,28,0.5,0.0,0.0,6.524
PPOLag,2020-01-31,28,0.5,-0.00028702069054009627,-0.004399458775905829,6.524
EDF,2020-01-31,28,1.0,-8.881784197001252e-16,-1.361401624310431e-14,6.524
LLF,2020-01-31,28,1.0,8.881784197001252e-16,1.361401624310431e-14,6.524
MPC,2020-01-31,28,1.0,0.0,0.0,6.524
PPOLag,2020-01-31,28,1.0,0.004422359710317458,0.067786016405847,6.524
EDF,2020-01-31,28,2.0,-8.881784197001252e-16,-1.361401624310431e-14,6.524
LLF,2020-01-31,28,2.0,-8.881784197001252e-16,-1.361401624310431e-14,6.524
MPC,2020-01-31,28,2.0,0.0,0.0,6.524
PPOLag,2020-01-31,28,2.0,0.0050488121629785,0.07738829189114807,6.524
EDF,2020-02-03,7,0.5,0.0,0.0,4.436
LLF,2020-02-03,7,0.5,0.0,0.0,4.436
MPC,2020-02-03,7,0.5,0.0,0.0,4.436
PPOLag,2020-02-03,7,0.5,0.0007460972322132165,0.01681914409858468,4.436
EDF,2020-02-03,7,1.0,0.0,0.0,4.436
LLF,2020-02-03,7,1.0,0.0,0.0,4.436
MPC,2020-02-03,7,1.0,0.0,0.0,4.436
PPOLag,2020-02-03,7,1.0,0.0017139338539935878,0.03863692186640189,4.436
EDF,2020-02-03,7,2.0,0.0,0.0,4.436
LLF,2020-02-03,7,2.0,0.0,0.0,4.436
MPC,2020-02-03,7,2.0,0.0,0.0,4.436
PPOLag,2020-02-03,7,2.0,0.0026431464860802835,0.059584005547346344,4.436
EDF,2020-02-03,17,0.5,0.0,0.0,4.446
LLF,2020-02-03,17,0.5,0.0,0.0,4.446
MPC,2020-02-03,17,0.5,0.0,0.0,4.446
PPOLag,2020-02-03,17,0.5,0.25404534703114906,5.714020401060482,4.446
EDF,2020-02-03,17,1.0,0.0,0.0,4.446
LLF,2020-02-03,17,1.0,0.0,0.0,4.446
MPC,2020-02-03,17,1.0,0.0,0.0,4.446
PPOLag,2020-02-03,17,1.0,0.2666168628280669,5.9967805404423515,4.446
EDF,2020-02-03,17,2.0,0.0,0.0,4.446
LLF,2020-02-03,17,2.0,0.0,0.0,4.446
MPC,2020-02-03,17,2.0,0.0,0.0,4.446
PPOLag,2020-02-03,17,2.0,0.270035911560352,6.073682221330456,4.446
EDF,2020-02-03,9,0.5,0.0,0.0,6.219
LLF,2020-02-03,9,0.5,-1.7763568394002505e-15,-2.856338381412205e-14,6.219
MPC,2020-02-03,9,0.5,0.0,0.0,6.219
PPOLag,2020-02-03,9,0.5,0.10886952459383963,1.7505953464196753,6.219
EDF,2020-02-03,9,1.0,0.0,0.0,6.219
LLF,2020-02-03,9,1.0,-8.881784197001252e-16,-1.4281691907061026e-14,6.219
MPC,2020-02-03,9,1.0,8.881784197001252e-16,1.4281691907061026e-14,6.219
PPOLag,2020-02-03,9,1.0,0.11367743678676234,1.8279053993690682,6.219
EDF,2020-02-03,9,2.0,0.0,0.0,6.219
LLF,2020-02-03,9,2.0,-8.881784197001252e-16,-1.4281691907061026e-14,6.219
MPC,2020-02-03,9,2.0,0.0,0.0,6.219
PPOLag,2020-02-03,9,2.0,0.11714882879633173,1.8837245344320905,6.219
EDF,2020-02-03,25,0.5,-3.552713678800501e-15,-1.1191411809105374e-14,31.745
LLF,2020-02-03,25,0.5,0.0,0.0,31.745
MPC,2020-02-03,25,0.5,-3.552713678800501e-15,-1.1191411809105374e-14,31.745
PPOLag,2020-02-03,25,0.5,0.4700495823165959,1.4807043071872605,31.745
EDF,2020-02-03,25,1.0,-1.0658141036401503e-14,-3.3574235427316123e-14,31.745
LLF,2020-02-03,25,1.0,0.0,0.0,31.745
MPC,2020-02-03,25,1.0,-3.552713678800501e-15,-1.1191411809105374e-14,31.745
PPOLag,2020-02-03,25,1.0,0.4901752210510345,1.5441021296299717,31.745
EDF,2020-02-03,25,2.0,-1.0658141036401503e-14,-3.3574235427316123e-14,31.745
LLF,2020-02-03,25,2.0,0.0,0.0,31.745
MPC,2020-02-03,25,2.0,-3.552713678800501e-15,-1.1191411809105374e-14,31.745
PPOLag,2020-02-03,25,2.0,0.4966779569429448,1.5645864134287126,31.745
EDF,2020-02-03,11,0.5,0.0,0.0,13.745
LLF,2020-02-03,11,0.5,0.0,0.0,13.745
MPC,2020-02-03,11,0.5,0.0,0.0,13.745
PPOLag,2020-02-03,11,0.5,0.1572542065819011,1.1440829871364213,13.745
EDF,2020-02-03,11,1.0,0.0,0.0,13.745
LLF,2020-02-03,11,1.0,0.0,0.0,13.745
MPC,2020-02-03,11,1.0,0.0,0.0,13.745
PPOLag,2020-02-03,11,1.0,0.1616230759027822,1.1758681404349376,13.745
EDF,2020-02-03,11,2.0,0.0,0.0,13.745
LLF,2020-02-03,11,2.0,3.552713678800501e-15,2.584731668825392e-14,13.745
MPC,2020-02-03,11,2.0,1.7763568394002505e-15,1.292365834412696e-14,13.745
PPOLag,2020-02-03,11,2.0,0.16590415446282022,1.207014583214407,13.745
EDF,2020-02-04,17,0.5,0.0,0.0,13.234
LLF,2020-02-04,17,0.5,0.0,0.0,13.234
MPC,2020-02-04,17,0.5,0.0,0.0,13.234
PPOLag,2020-02-04,17,0.5,0.0032761258915929405,0.024755371706157926,13.234
EDF,2020-02-04,17,1.0,0.0,0.0,13.234
LLF,2020-02-04,17,1.0,0.0,0.0,13.234
MPC,2020-02-04,17,1.0,0.0,0.0,13.234
PPOLag,2020-02-04,17,1.0,0.005364455856855699,0.04053540771388619,13.234
EDF,2020-02-04,17,2.0,0.0,0.0,13.234
LLF,2020-02-04,17,2.0,0.0,0.0,13.234
MPC,2020-02-04,17,2.0,-1.7763568394002505e-15,-1.3422675225935095e-14,13.234
PPOLag,2020-02-04,17,2.0,0.006544448934279146,0.04945178278887068,13.234
EDF,2020-02-04,9,0.5,0.0,0.0,5.442
LLF,2020-02-04,9,0.5,-8.881784197001252e-16,-1.632080888827867e-14,5.442
MPC,2020-02-04,9,0.5,0.0,0.0,5.442
PPOLag,2020-02-04,9,0.5,0.004753283446651402,0.08734442202593536,5.442
EDF,2020-02-04,9,1.0,0.0,0.0,5.442
LLF,2020-02-04,9,1.0,0.0,0.0,5.442
MPC,2020-02-04,9,1.0,0.0,0.0,5.442
PPOLag,2020-02-04,9,1.0,0.005388496889352723,0.09901684838942892,5.442
EDF,2020-02-04,9,2.0,0.0,0.0,5.442
LLF,2020-02-04,9,2.0,-8.881784197001252e-16,-1.632080888827867e-14,5.442
MPC,2020-02-04,9,2.0,0.0,0.0,5.442
PPOLag,2020-02-04,9,2.0,0.0032111925009962405,0.05900757995215437,5.442
EDF,2020-02-04,16,0.5,0.0,0.0,4.672
LLF,2020-02-04,16,0.5,0.0,0.0,4.672
MPC,2020-02-04,16,0.5,0.0,0.0,4.672
PPOLag,2020-02-04,16,0.5,0.0007803542726655621,0.01670278837041015,4.672
EDF,2020-02-04,16,1.0,0.0,0.0,4.672
LLF,2020-02-04,16,1.0,0.0,0.0,4.672
MPC,2020-02-04,16,1.0,0.0,0.0,4.672
PPOLag,2020-02-04,16,1.0,0.001130924894364682,0.024206440375956383,4.672
EDF,2020-02-04,16,2.0,0.0,0.0,4.672
LLF,2020-02-04,16,2.0,0.0,0.0,4.672
MPC,2020-02-04,16,2.0,8.881784197001252e-16,1.901066822988282e-14,4.672
PPOLag,2020-02-04,16,2.0,0.0016264663978375893,0.03481306502220867,4.672
EDF,2020-02-04,10,0.5,0.0,0.0,14.128
LLF,2020-02-04,10,0.5,0.0,0.0,14.128
MPC,2020-02-04,10,0.5,0.0,0.0,14.128
PPOLag,2020-02-04,10,0.5,0.05071933494379692,0.358998690145788,14.128
EDF,2020-02-04,10,1.0,0.0,0.0,14.128
LLF,2020-02-04,10,1.0,0.0,0.0,14.128
MPC,2020-02-04,10,1.0,0.0,0.0,14.128
PPOLag,2020-02-04,10,1.0,0.06330895429131189,0.44810981236772285,14.128
EDF,2020-02-04,10,2.0,0.0,0.0,14.128
LLF,2020-02-04,10,2.0,0.0,0.0,14.128
MPC,2020-02-04,10,2.0,0.0,0.0,14.128
PPOLag,2020-02-04,10,2.0,0.06810648646473076,0.4820674296767466,14.128
EDF,2020-02-04,18,0.5,-8.881784197001252e-16,-1.1410308577853614e-14,7.784
LLF,2020-02-04,18,0.5,-8.881784197001252e-16,-1.1410308577853614e-14,7.784
MPC,2020-02-04,18,0.5,-8.881784197001252e-16,-1.1410308577853614e-14,7.784
PPOLag,2020-02-04,18,0.5,0.016431452866847707,0.21109266272928712,7.784
EDF,2020-02-04,18,1.0,-8.881784197001252e-16,-1.1410308577853614e-14,7.784
LLF,2020-02-04,18,1.0,-1.7763568394002505e-15,-2.2820617155707227e-14,7.784
MPC,2020-02-04,18,1.0,-8.881784197001252e-16,-1.1410308577853614e-14,7.784
PPOLag,2020-02-04,18,1.0,0.018632514019664904,0.23936939901933324,7.784
EDF,2020-02-04,18,2.0,-8.881784197001252e-16,-1.1410308577853614e-14,7.784
LLF,2020-02-04,18,2.0,-8.881784197001252e-16,-1.1410308577853614e-14,7.784
MPC,2020-02-04,18,2.0,8.881784197001252e-16,1.1410308577853614e-14,7.784
PPOLag,2020-02-04,18,2.0,0.020930451826777486,0.2688906966441095,7.784
EDF,2020-02-05,6,0.5,0.0,0.0,0.995
LLF,2020-02-05,6,0.5,0.0,0.0,0.995
MPC,2020-02-05,6,0.5,0.0,0.0,0.995
PPOLag,2020-02-05,6,0.5,0.0009265932345825734,0.09312494819925361,0.995
EDF,2020-02-05,6,1.0,0.0,0.0,0.995
LLF,2020-02-05,6,1.0,0.0,0.0,0.995
MPC,2020-02-05,6,1.0,0.0,0.0,0.995
PPOLag,2020-02-05,6,1.0,0.001424534348709572,0.1431692812773439,0.995
EDF,2020-02-05,6,2.0,0.0,0.0,0.995
LLF,2020-02-05,6,2.0,0.0,0.0,0.995
MPC,2020-02-05,6,2.0,0.0,0.0,0.995
PPOLag,2020-02-05,6,2.0,0.0019486756213072942,0.19584679611128586,0.995
EDF,2020-02-05,30,0.5,7.648,20.96606173584078,36.478
LLF,2020-02-05,30,0.5,0.0,0.0,36.478
MPC,2020-02-05,30,0.5,7.105427357601002e-15,1.9478664832504528e-14,36.478
PPOLag,2020-02-05,30,0.5,0.11474028320246532,0.3145465299700239,36.478
EDF,2020-02-05,30,1.0,13.093999999999976,35.895608311859135,36.478
LLF,2020-02-05,30,1.0,0.0,0.0,36.478
MPC,2020-02-05,30,1.0,7.105427357601002e-15,1.9478664832504528e-14,36.478
PPOLag,2020-02-05,30,1.0,0.11320737277559942,0.3103442424902665,36.478
EDF,2020-02-05,30,2.0,13.093999999999976,35.895608311859135,36.478
LLF,2020-02-05,30,2.0,0.0,0.0,36.478
MPC,2020-02-05,30,2.0,7.105427357601002e-15,1.9478664832504528e-14,36.478
PPOLag,2020-02-05,30,2.0,0.11375338558819692,0.311841070201757,36.478
EDF,2020-02-05,32,0.5,0.0,0.0,8.403
LLF,2020-02-05,32,0.5,0.0,0.0,8.403
MPC,2020-02-05,32,0.5,0.0,0.0,8.403
PPOLag,2020-02-05,32,0.5,0.2025341726755915,2.4102602960322685,8.403
EDF,2020-02-05,32,1.0,0.0,0.0,8.403
LLF,2020-02-05,32,1.0,0.0,0.0,8.403
MPC,2020-02-05,32,1.0,1.7763568394002505e-15,2.113955538974474e-14,8.403
PPOLag,2020-02-05,32,1.0,0.24310995025959237,2.8931328128000993,8.403
EDF,2020-02-05,32,2.0,0.0,0.0,8.403
LLF,2020-02-05,32,2.0,0.0,0.0,8.403
MPC,2020-02-05,32,2.0,0.0,0.0,8.403
PPOLag,2020-02-05,32,2.0,0.25319531529446204,3.013153817618255,8.403
EDF,2020-02-05,10,0.5,0.0,0.0,3.47
LLF,2020-02-05,10,0.5,0.0,0.0,3.47
MPC,2020-02-05,10,0.5,0.0,0.0,3.47
PPOLag,2020-02-05,10,0.5,0.0031399407588736496,0.09048820630759796,3.47
EDF,2020-02-05,10,1.0,0.0,0.0,3.47
LLF,2020-02-05,10,1.0,0.0,0.0,3.47
MPC,2020-02-05,10,1.0,4.440892098500626e-16,1.2797959938042149e-14,3.47
PPOLag,2020-02-05,10,1.0,0.004266478547094455,0.12295327225056063,3.47
EDF,2020-02-05,10,2.0,0.0,0.0,3.47
LLF,2020-02-05,10,2.0,0.0,0.0,3.47
MPC,2020-02-05,10,2.0,-4.440892098500626e-16,-1.2797959938042149e-14,3.47
PPOLag,2020-02-05,10,2.0,0.007459210186322629,0.214962829577021,3.47
EDF,2020-02-05,4,0.5,3.552713678800501e-15,1.223302003581193e-14,29.042
LLF,2020-02-05,4,0.5,0.0,0.0,29.042
MPC,2020-02-05,4,0.5,3.552713678800501e-15,1.223302003581193e-14,29.042
PPOLag,2020-02-05,4,0.5,0.16043799038934664,0.5524343722517273,29.042
EDF,2020-02-05,4,1.0,3.552713678800501e-15,1.223302003581193e-14,29.042
LLF,2020-02-05,4,1.0,-3.552713678800501e-15,-1.223302003581193e-14,29.042
MPC,2020-02-05,4,1.0,3.552713678800501e-15,1.223302003581193e-14,29.042
PPOLag,2020-02-05,4,1.0,0.18098161199534174,0.6231719991575708,29.042
EDF,2020-02-05,4,2.0,3.552713678800501e-15,1.223302003581193e-14,29.042
LLF,2020-02-05,4,2.0,-3.552713678800501e-15,-1.223302003581193e-14,29.042
MPC,2020-02-05,4,2.0,3.552713678800501e-15,1.223302003581193e-14,29.042
PPOLag,2020-02-05,4,2.0,0.18786962207238672,0.6468894086921931,29.042
EDF,2020-02-06,11,0.5,-3.552713678800501e-15,-1.5616323862859346e-14,22.75
LLF,2020-02-06,11,0.5,-3.552713678800501e-15,-1.5616323862859346e-14,22.75
MPC,2020-02-06,11,0.5,0.0,0.0,22.75
PPOLag,2020-02-06,11,0.5,0.004270352357225704,0.018770779592200897,22.75
EDF,2020-02-06,11,1.0,3.552713678800501e-15,1.5616323862859346e-14,22.75
LLF,2020-02-06,11,1.0,-3.552713678800501e-15,-1.5616323862859346e-14,22.75
MPC,2020-02-06,11,1.0,0.0,0.0,22.75
PPOLag,2020-02-06,11,1.0,0.005731310990831418,0.02519257578387436,22.75
EDF,2020-02-06,11,2.0,0.0,0.0,22.75
LLF,2020-02-06,11,2.0,-7.105427357601002e-15,-3.123264772571869e-14,22.75
MPC,2020-02-06,11,2.0,0.0,0.0,22.75
PPOLag,2020-02-06,11,2.0,0.008548725263246838,0.037576814343942146,22.75
EDF,2020-02-06,18,0.5,0.0,0.0,20.564
LLF,2020-02-06,18,0.5,0.0,0.0,20.564
MPC,2020-02-06,18,0.5,0.0,0.0,20.564
PPOLag,2020-02-06,18,0.5,0.003359626133520521,0.016337415549117495,20.564
EDF,2020-02-06,18,1.0,0.0,0.0,20.564
LLF,2020-02-06,18,1.0,0.0,0.0,20.564
MPC,2020-02-06,18,1.0,3.552713678800501e-15,1.727637462945196e-14,20.564
PPOLag,2020-02-06,18,1.0,0.006193026930750278,0.030115867198746732,20.564
EDF,2020-02-06,18,2.0,3.552713678800501e-15,1.727637462945196e-14,20.564
LLF,2020-02-06,18,2.0,0.0,0.0,20.564
MPC,2020-02-06,18,2.0,0.0,0.0,20.564
PPOLag,2020-02-06,18,2.0,0.00929464672568443,0.045198632200371666,20.564
EDF,2020-02-06,19,0.5,0.0,0.0,7.97
LLF,2020-02-06,19,0.5,0.0,0.0,7.97
MPC,2020-02-06,19,0.5,0.0,0.0,7.97
PPOLag,2020-02-06,19,0.5,0.002951465058451319,0.03703218392034278,7.97
EDF,2020-02-06,19,1.0,-8.881784197001252e-16,-1.1144020322460794e-14,7.97
LLF,2020-02-06,19,1.0,-8.881784197001252e-16,-1.1144020322460794e-14,7.97
MPC,2020-02-06,19,1.0,8.881784197001252e-16,1.1144020322460794e-14,7.97
PPOLag,2020-02-06,19,1.0,0.0049786307061063795,0.06246713558477265,7.97
EDF,2020-02-06,19,2.0,0.0,0.0,7.97
LLF,2020-02-06,19,2.0,0.0,0.0,7.97
MPC,2020-02-06,19,2.0,-8.881784197001252e-16,-1.1144020322460794e-14,7.97
PPOLag,2020-02-06,19,2.0,0.00768591313587077,0.09643554750151531,7.97
EDF,2020-02-06,7,0.5,0.0,0.0,8.942
LLF,2020-02-06,7,0.5,0.0,0.0,8.942
MPC,2020-02-06,7,0.5,-1.7763568394002505e-15,-1.9865319161264265e-14,8.942
PPOLag,2020-02-06,7,0.5,0.003223499518723827,0.0360489769483765,8.942
EDF,2020-02-06,7,1.0,0.0,0.0,8.942
LLF,2020-02-06,7,1.0,0.0,0.0,8.942
MPC,2020-02-06,7,1.0,-1.7763568394002505e-15,-1.9865319161264265e-14,8.942
PPOLag,2020-02-06,7,1.0,0.005325452333103442,0.059555494666779715,8.942
EDF,2020-02-06,7,2.0,1.7763568394002505e-15,1.9865319161264265e-14,8.942
LLF,2020-02-06,7,2.0,0.0,0.0,8.942
MPC,2020-02-06,7,2.0,-1.7763568394002505e-15,-1.9865319161264265e-14,8.942
PPOLag,2020-02-06,7,2.0,0.00791979013264168,0.08856844254799463,8.942
EDF,2020-02-06,20,0.5,0.0,0.0,1.565
LLF,2020-02-06,20,0.5,0.0,0.0,1.565
MPC,2020-02-06,20,0.5,0.0,0.0,1.565
PPOLag,2020-02-06,20,0.5,0.0031641009759440395,0.2021789760986607,1.565
EDF,2020-02-06,20,1.0,0.0,0.0,1.565
LLF,2020-02-06,20,1.0,0.0,0.0,1.565
MPC,2020-02-06,20,1.0,0.0,0.0,1.565
PPOLag,2020-02-06,20,1.0,0.004277682442788278,0.27333434139222224,1.565
EDF,2020-02-06,20,2.0,0.0,0.0,1.565
LLF,2020-02-06,20,2.0,0.0,0.0,1.565
MPC,2020-02-06,20,2.0,0.0,0.0,1.565
PPOLag,2020-02-06,20,2.0,0.0051984858523646425,0.33217161995940214,1.565
EDF,2020-02-07,23,0.5,0.0,0.0,0.978
LLF,2020-02-07,23,0.5,1.1102230246251565e-16,1.1351973666923892e-14,0.978
MPC,2020-02-07,23,0.5,-1.1102230246251565e-16,-1.1351973666923892e-14,0.978
PPOLag,2020-02-07,23,0.5,0.0034231292642001644,0.35001321719838085,0.978
EDF,2020-02-07,23,1.0,-1.1102230246251565e-16,-1.1351973666923892e-14,0.978
LLF,2020-02-07,23,1.0,0.0,0.0,0.978
MPC,2020-02-07,23,1.0,0.0,0.0,0.978
PPOLag,2020-02-07,23,1.0,0.005000782781418511,0.511327482762629,0.978
EDF,2020-02-07,23,2.0,-1.1102230246251565e-16,-1.1351973666923892e-14,0.978
LLF,2020-02-07,23,2.0,0.0,0.0,0.978
MPC,2020-02-07,23,2.0,0.0,0.0,0.978
PPOLag,2020-02-07,23,2.0,0.006073946613187919,0.6210579359087852,0.978
EDF,2020-02-07,35,0.5,0.0,0.0,18.304
LLF,2020-02-07,35,0.5,0.0,0.0,18.304
MPC,2020-02-07,35,0.5,0.0,0.0,18.304
PPOLag,2020-02-07,35,0.5,0.06046968006072788,0.3303631996324731,18.304
EDF,2020-02-07,35,1.0,0.0,0.0,18.304
LLF,2020-02-07,35,1.0,0.0,0.0,18.304
MPC,2020-02-07,35,1.0,0.0,0.0,18.304
PPOLag,2020-02-07,35,1.0,0.07852759025035709,0.42901874044119914,18.304
EDF,2020-02-07,35,2.0,0.0,0.0,18.304
LLF,2020-02-07,35,2.0,0.0,0.0,18.304
MPC,2020-02-07,35,2.0,0.0,0.0,18.304
PPOLag,2020-02-07,35,2.0,0.08850538369384112,0.48353028678890475,18.304
EDF,2020-02-07,10,0.5,7.105427357601002e-15,2.0578740030123385e-14,34.528
LLF,2020-02-07,10,0.5,0.0,0.0,34.528
MPC,2020-02-07,10,0.5,0.0,0.0,34.528
PPOLag,2020-02-07,10,0.5,0.0044766459020138425,0.012965262691189302,34.528
EDF,2020-02-07,10,1.0,7.105427357601002e-15,2.0578740030123385e-14,34.528
LLF,2020-02-07,10,1.0,0.0,0.0,34.528
MPC,2020-02-07,10,1.0,0.0,0.0,34.528
PPOLag,2020-02-07,10,1.0,0.0052359268100460096,0.015164292197769954,34.528
EDF,2020-02-07,10,2.0,0.0,0.0,34.528
LLF,2020-02-07,10,2.0,0.0,0.0,34.528
MPC,2020-02-07,10,2.0,0.0,0.0,34.528
PPOLag,2020-02-07,10,2.0,0.008882991527165984,0.025726921707501117,34.528
EDF,2020-02-07,21,0.5,0.0,0.0,13.331
LLF,2020-02-07,21,0.5,0.0,0.0,13.331
MPC,2020-02-07,21,0.5,0.0,0.0,13.331
PPOLag,2020-02-07,21,0.5,0.0031897269968879983,0.02392713972611206,13.331
EDF,2020-02-07,21,1.0,0.0,0.0,13.331
LLF,2020-02-07,21,1.0,0.0,0.0,13.331
MPC,2020-02-07,21,1.0,-1.7763568394002505e-15,-1.3325008171931967e-14,13.331
PPOLag,2020-02-07,21,1.0,0.005234122959401333,0.03926279318431726,13.331
EDF,2020-02-07,21,2.0,0.0,0.0,13.331
LLF,2020-02-07,21,2.0,0.0,0.0,13.331
MPC,2020-02-07,21,2.0,-1.7763568394002505e-15,-1.3325008171931967e-14,13.331
PPOLag,2020-02-07,21,2.0,0.0074852705965327004,0.05614935561122721,13.331
EDF,2020-02-07,1,0.5,0.0,0.0,0.881
LLF,2020-02-07,1,0.5,0.0,0.0,0.881
MPC,2020-02-07,1,0.5,0.0,0.0,0.881
PPOLag,2020-02-07,1,0.5,-0.00030190234172386974,-0.0342681432149682,0.881
EDF,2020-02-07,1,1.0,0.0,0.0,0.881
LLF,2020-02-07,1,1.0,0.0,0.0,0.881
MPC,2020-02-07,1,1.0,0.0,0.0,0.881
PPOLag,2020-02-07,1,1.0,-0.000806840523504726,-0.09158235227068398,0.881
EDF,2020-02-07,1,2.0,0.0,0.0,0.881
LLF,2020-02-07,1,2.0,0.0,0.0,0.881
MPC,2020-02-07,1,2.0,0.0,0.0,0.881
PPOLag,2020-02-07,1,2.0,-0.0015001436765460729,-0.1702773753173749,0.881
EDF,2020-02-10,5,0.5,0.0,0.0,23.362
LLF,2020-02-10,5,0.5,3.552713678800501e-15,1.5207232594814232e-14,23.362
MPC,2020-02-10,5,0.5,3.552713678800501e-15,1.5207232594814232e-14,23.362
PPOLag,2020-02-10,5,0.5,0.0030357083618454796,0.012994214373107951,23.362
EDF,2020-02-10,5,1.0,-3.552713678800501e-15,-1.5207232594814232e-14,23.362
LLF,2020-02-10,5,1.0,-3.552713678800501e-15,-1.5207232594814232e-14,23.362
MPC,2020-02-10,5,1.0,3.552713678800501e-15,1.5207232594814232e-14,23.362
PPOLag,2020-02-10,5,1.0,0.004957833407321743,0.02122178498125907,23.362
EDF,2020-02-10,5,2.0,-3.552713678800501e-15,-1.5207232594814232e-14,23.362
LLF,2020-02-10,5,2.0,0.0,0.0,23.362
MPC,2020-02-10,5,2.0,3.552713678800501e-15,1.5207232594814232e-14,23.362
PPOLag,2020-02-10,5,2.0,0.0070958167471786735,0.03037332739996008,23.362
EDF,2020-02-10,24,0.5,0.0,0.0,7.168
LLF,2020-02-10,24,0.5,0.0,0.0,7.168
MPC,2020-02-10,24,0.5,0.0,0.0,7.168
PPOLag,2020-02-10,24,0.5,0.0030116953277513404,0.042015838835816686,7.168
EDF,2020-02-10,24,1.0,0.0,0.0,7.168
LLF,2020-02-10,24,1.0,0.0,0.0,7.168
MPC,2020-02-10,24,1.0,-1.7763568394002505e-15,-2.4781763942525817e-14,7.168
PPOLag,2020-02-10,24,1.0,0.0055405532204840565,0.07729566434827087,7.168
EDF,2020-02-10,24,2.0,0.0,0.0,7.168
LLF,2020-02-10,24,2.0,0.0,0.0,7.168
MPC,2020-02-10,24,2.0,0.0,0.0,7.168
PPOLag,2020-02-10,24,2.0,0.00837312699959245,0.11681259765056431,7.168
EDF,2020-02-10,28,0.5,0.0,0.0,4.295
LLF,2020-02-10,28,0.5,0.0,0.0,4.295
MPC,2020-02-10,28,0.5,0.0,0.0,4.295
PPOLag,2020-02-10,28,0.5,0.0023751807970333163,0.05530106628715521,4.295
EDF,2020-02-10,28,1.0,0.0,0.0,4.295
LLF,2020-02-10,28,1.0,0.0,0.0,4.295
MPC,2020-02-10,28,1.0,0.0,0.0,4.295
PPOLag,2020-02-10,28,1.0,0.0062893611799115234,0.1464344861446222,4.295
EDF,2020-02-10,28,2.0,0.0,0.0,4.295
LLF,2020-02-10,28,2.0,0.0,0.0,4.295
MPC,2020-02-10,28,2.0,0.0,0.0,4.295
PPOLag,2020-02-10,28,2.0,0.00736006808887808,0.1713636341997225,4.295
EDF,2020-02-10,16,0.5,0.0,0.0,1.029
LLF,2020-02-10,16,0.5,0.0,0.0,1.029
MPC,2020-02-10,16,0.5,0.0,0.0,1.029
PPOLag,2020-02-10,16,0.5,0.003612253713920843,0.35104506452097606,1.029
EDF,2020-02-10,16,1.0,0.0,0.0,1.029
LLF,2020-02-10,16,1.0,0.0,0.0,1.029
MPC,2020-02-10,16,1.0,0.0,0.0,1.029
PPOLag,2020-02-10,16,1.0,0.005713610378719425,0.5552585402059693,1.029
EDF,2020-02-10,16,2.0,0.0,0.0,1.029
LLF,2020-02-10,16,2.0,0.0,0.0,1.029
MPC,2020-02-10,16,2.0,0.0,0.0,1.029
PPOLag,2020-02-10,16,2.0,0.007922563861696874,0.7699284608063046,1.029
EDF,2020-02-10,17,0.5,0.0,0.0,14.005
LLF,2020-02-10,17,0.5,0.0,0.0,14.005
MPC,2020-02-10,17,0.5,3.552713678800501e-15,2.5367466467693687e-14,14.005
PPOLag,2020-02-10,17,0.5,0.0012924751479669538,0.009228669389267788,14.005
EDF,2020-02-10,17,1.0,0.0,0.0,14.005
LLF,2020-02-10,17,1.0,-1.7763568394002505e-15,-1.2683733233846843e-14,14.005
MPC,2020-02-10,17,1.0,1.7763568394002505e-15,1.2683733233846843e-14,14.005
PPOLag,2020-02-10,17,1.0,0.0007644433909739234,0.005458360521056218,14.005
EDF,2020-02-10,17,2.0,1.7763568394002505e-15,1.2683733233846843e-14,14.005
LLF,2020-02-10,17,2.0,1.7763568394002505e-15,1.2683733233846843e-14,14.005
MPC,2020-02-10,17,2.0,1.7763568394002505e-15,1.2683733233846843e-14,14.005
PPOLag,2020-02-10,17,2.0,0.0018215282246725195,0.01300627079380592,14.005
EDF,2020-02-11,17,0.5,0.0,0.0,12.612
LLF,2020-02-11,17,0.5,0.0,0.0,12.612
MPC,2020-02-11,17,0.5,-1.7763568394002505e-15,-1.4084656195688633e-14,12.612
PPOLag,2020-02-11,17,0.5,0.0029539322833375794,0.023421600724211695,12.612
EDF,2020-02-11,17,1.0,0.0,0.0,12.612
LLF,2020-02-11,17,1.0,0.0,0.0,12.612
MPC,2020-02-11,17,1.0,0.0,0.0,12.612
PPOLag,2020-02-11,17,1.0,0.004326498320936878,0.03430461719740626,12.612
EDF,2020-02-11,17,2.0,0.0,0.0,12.612
LLF,2020-02-11,17,2.0,0.0,0.0,12.612
MPC,2020-02-11,17,2.0,-1.7763568394002505e-15,-1.4084656195688633e-14,12.612
PPOLag,2020-02-11,17,2.0,0.006255479972109512,0.04959942889398598,12.612
EDF,2020-02-11,0,0.5,0.0,0.0,8.077
LLF,2020-02-11,0,0.5,0.0,0.0,8.077
MPC,2020-02-11,0,0.5,0.0,0.0,8.077
PPOLag,2020-02-11,0,0.5,0.030636025488801087,0.37929956034172446,8.077
EDF,2020-02-11,0,1.0,0.0,0.0,8.077
LLF,2020-02-11,0,1.0,0.0,0.0,8.077
MPC,2020-02-11,0,1.0,0.0,0.0,8.077
PPOLag,2020-02-11,0,1.0,0.03508755157617092,0.4344131679605165,8.077
EDF,2020-02-11,0,2.0,0.0,0.0,8.077
LLF,2020-02-11,0,2.0,0.0,0.0,8.077
MPC,2020-02-11,0,2.0,1.7763568394002505e-15,2.19927799851461e-14,8.077
PPOLag,2020-02-11,0,2.0,0.03784946393370223,0.468607947674907,8.077
EDF,2020-02-11,1,0.5,0.0,0.0,0.902
LLF,2020-02-11,1,0.5,0.0,0.0,0.902
MPC,2020-02-11,1,0.5,0.0,0.0,0.902
PPOLag,2020-02-11,1,0.5,0.0003024762755187149,0.03353395515728547,0.902
EDF,2020-02-11,1,1.0,0.0,0.0,0.902
LLF,2020-02-11,1,1.0,0.0,0.0,0.902
MPC,2020-02-11,1,1.0,0.0,0.0,0.902
PPOLag,2020-02-11,1,1.0,0.00039804029302841214,0.04412863559073305,0.902
EDF,2020-02-11,1,2.0,0.0,0.0,0.902
LLF,2020-02-11,1,2.0,0.0,0.0,0.902
MPC,2020-02-11,1,2.0,0.0,0.0,0.902
PPOLag,2020-02-11,1,2.0,0.000461756716502304,0.05119254063218448,0.902
EDF,2020-02-11,33,0.5,0.0,0.0,6.445
LLF,2020-02-11,33,0.5,8.881784197001252e-16,1.3780890918543447e-14,6.445
MPC,2020-02-11,33,0.5,1.7763568394002505e-15,2.7561781837086894e-14,6.445
PPOLag,2020-02-11,33,0.5,0.4694432378732518,7.283836119057438,6.445
EDF,2020-02-11,33,1.0,0.0,0.0,6.445
LLF,2020-02-11,33,1.0,8.881784197001252e-16,1.3780890918543447e-14,6.445
MPC,2020-02-11,33,1.0,8.881784197001252e-16,1.3780890918543447e-14,6.445
PPOLag,2020-02-11,33,1.0,0.5409211879120995,8.392881115781218,6.445
EDF,2020-02-11,33,2.0,0.0,0.0,6.445
LLF,2020-02-11,33,2.0,8.881784197001252e-16,1.3780890918543447e-14,6.445
MPC,2020-02-11,33,2.0,0.0,0.0,6.445
PPOLag,2020-02-11,33,2.0,0.714084204902502,11.079661829363879,6.445
EDF,2020-02-11,26,0.5,0.0,0.0,6.467
LLF,2020-02-11,26,0.5,0.0,0.0,6.467
MPC,2020-02-11,26,0.5,0.7920000000000078,12.246791402505147,6.467
PPOLag,2020-02-11,26,0.5,0.3292540363970106,5.09129482599367,6.467
EDF,2020-02-11,26,1.0,0.0,0.0,6.467
LLF,2020-02-11,26,1.0,8.881784197001252e-16,1.3734009891760095e-14,6.467
MPC,2020-02-11,26,1.0,0.7920000000000087,12.24679140250516,6.467
PPOLag,2020-02-11,26,1.0,0.3337488200656347,5.160798207292944,6.467
EDF,2020-02-11,26,2.0,0.0,0.0,6.467
LLF,2020-02-11,26,2.0,0.0,0.0,6.467
MPC,2020-02-11,26,2.0,0.7920000000000087,12.24679140250516,6.467
PPOLag,2020-02-11,26,2.0,0.3456398882820146,5.344671227493654,6.467
EDF,2020-02-12,15,0.5,0.0,0.0,4.345
LLF,2020-02-12,15,0.5,0.0,0.0,4.345
MPC,2020-02-12,15,0.5,0.0,0.0,4.345
PPOLag,2020-02-12,15,0.5,0.001318380041314704,0.030342463551546704,4.345
EDF,2020-02-12,15,1.0,0.0,0.0,4.345
LLF,2020-02-12,15,1.0,0.0,0.0,4.345
MPC,2020-02-12,15,1.0,0.0,0.0,4.345
PPOLag,2020-02-12,15,1.0,0.0016880704491425646,0.03885087339798768,4.345
EDF,2020-02-12,15,2.0,0.0,0.0,4.345
LLF,2020-02-12,15,2.0,0.0,0.0,4.345
MPC,2020-02-12,15,2.0,0.0,0.0,4.345
PPOLag,2020-02-12,15,2.0,0.0018915330509301498,0.04353355698343268,4.345
EDF,2020-02-12,16,0.5,8.881784197001252e-16,1.3637009361279368e-14,6.513
LLF,2020-02-12,16,0.5,8.881784197001252e-16,1.3637009361279368e-14,6.513
MPC,2020-02-12,16,0.5,0.0,0.0,6.513
PPOLag,2020-02-12,16,0.5,0.003116979702589795,0.04785781824949785,6.513
EDF,2020-02-12,16,1.0,1.7763568394002505e-15,2.7274018722558736e-14,6.513
LLF,2020-02-12,16,1.0,2.6645352591003757e-15,4.09110280838381e-14,6.513
MPC,2020-02-12,16,1.0,0.0,0.0,6.513
PPOLag,2020-02-12,16,1.0,0.00481406397701587,0.07391469333664777,6.513
EDF,2020-02-12,16,2.0,1.7763568394002505e-15,2.7274018722558736e-14,6.513
LLF,2020-02-12,16,2.0,1.7763568394002505e-15,2.7274018722558736e-14,6.513
MPC,2020-02-12,16,2.0,0.0,0.0,6.513
PPOLag,2020-02-12,16,2.0,0.0069601197378611705,0.10686503512760892,6.513
EDF,2020-02-12,2,0.5,0.0,0.0,12.215
LLF,2020-02-12,2,0.5,0.0,0.0,12.215
MPC,2020-02-12,2,0.5,-1.7763568394002505e-15,-1.454242193532747e-14,12.215
PPOLag,2020-02-12,2,0.5,0.019753287561866985,0.1617133652219974,12.215
EDF,2020-02-12,2,1.0,0.0,0.0,12.215
LLF,2020-02-12,2,1.0,0.0,0.0,12.215
MPC,2020-02-12,2,1.0,-3.552713678800501e-15,-2.908484387065494e-14,12.215
PPOLag,2020-02-12,2,1.0,0.023133226312401334,0.18938376023251197,12.215
EDF,2020-02-12,2,2.0,1.7763568394002505e-15,1.454242193532747e-14,12.215
LLF,2020-02-12,2,2.0,0.0,0.0,12.215
MPC,2020-02-12,2,2.0,0.0,0.0,12.215
PPOLag,2020-02-12,2,2.0,0.026398994949126474,0.21611948382420362,12.215
EDF,2020-02-12,28,0.5,0.0,0.0,9.063
LLF,2020-02-12,28,0.5,0.0,0.0,9.063
MPC,2020-02-12,28,0.5,0.0,0.0,9.063
PPOLag,2020-02-12,28,0.5,0.005805516846695724,0.06405734135160238,9.063
EDF,2020-02-12,28,1.0,0.0,0.0,9.063
LLF,2020-02-12,28,1.0,0.0,0.0,9.063
MPC,2020-02-12,28,1.0,0.0,0.0,9.063
PPOLag,2020-02-12,28,1.0,0.008412695453313291,0.09282462157468045,9.063
EDF,2020-02-12,28,2.0,0.0,0.0,9.063
LLF,2020-02-12,28,2.0,-1.7763568394002505e-15,-1.9600097532828536e-14,9.063
MPC,2020-02-12,28,2.0,-1.7763568394002505e-15,-1.9600097532828536e-14,9.063
PPOLag,2020-02-12,28,2.0,0.011417363254340174,0.12597774748251325,9.063
EDF,2020-02-12,20,0.5,0.0,0.0,15.799
LLF,2020-02-12,20,0.5,0.0,0.0,15.799
MPC,2020-02-12,20,0.5,1.7763568394002505e-15,1.1243476418762266e-14,15.799
PPOLag,2020-02-12,20,0.5,0.0029768055637021005,0.018841734057232114,15.799
EDF,2020-02-12,20,1.0,0.0,0.0,15.799
LLF,2020-02-12,20,1.0,0.0,0.0,15.799
MPC,2020-02-12,20,1.0,0.0,0.0,15.799
PPOLag,2020-02-12,20,1.0,0.004970359275821679,0.03145996123692436,15.799
EDF,2020-02-12,20,2.0,0.0,0.0,15.799
LLF,2020-02-12,20,2.0,0.0,0.0,15.799
MPC,2020-02-12,20,2.0,1.7763568394002505e-15,1.1243476418762266e-14,15.799
PPOLag,2020-02-12,20,2.0,0.006279700479457517,0.03974745540513651,15.799
EDF,2020-02-13,7,0.5,0.0,0.0,1.041
LLF,2020-02-13,7,0.5,0.0,0.0,1.041
MPC,2020-02-13,7,0.5,0.0,0.0,1.041
PPOLag,2020-02-13,7,0.5,0.003793559050896089,0.3644148944184524,1.041
EDF,2020-02-13,7,1.0,0.0,0.0,1.041
LLF,2020-02-13,7,1.0,0.0,0.0,1.041
MPC,2020-02-13,7,1.0,0.0,0.0,1.041
PPOLag,2020-02-13,7,1.0,0.00506750433273071,0.48679196279833914,1.041
EDF,2020-02-13,7,2.0,0.0,0.0,1.041
LLF,2020-02-13,7,2.0,0.0,0.0,1.041
MPC,2020-02-13,7,2.0,0.0,0.0,1.041
PPOLag,2020-02-13,7,2.0,0.006368690874391225,0.6117858668963715,1.041
EDF,2020-02-13,15,0.5,0.0,0.0,4.618
LLF,2020-02-13,15,0.5,0.0,0.0,4.618
MPC,2020-02-13,15,0.5,0.0,0.0,4.618
PPOLag,2020-02-13,15,0.5,0.006809445523996871,0.1474544288435875,4.618
EDF,2020-02-13,15,1.0,0.0,0.0,4.618
LLF,2020-02-13,15,1.0,0.0,0.0,4.618
MPC,2020-02-13,15,1.0,0.0,0.0,4.618
PPOLag,2020-02-13,15,1.0,0.006662354598653586,0.14426926372138554,4.618
EDF,2020-02-13,15,2.0,0.0,0.0,4.618
LLF,2020-02-13,15,2.0,0.0,0.0,4.618
MPC,2020-02-13,15,2.0,0.0,0.0,4.618
PPOLag,2020-02-13,15,2.0,0.0069229209611433975,0.14991167087794274,4.618
EDF,2020-02-13,12,0.5,0.0,0.0,16.717
LLF,2020-02-13,12,0.5,0.0,0.0,16.717
MPC,2020-02-13,12,0.5,0.0,0.0,16.717
PPOLag,2020-02-13,12,0.5,0.007872472512143246,0.047092615374428715,16.717
EDF,2020-02-13,12,1.0,0.0,0.0,16.717
LLF,2020-02-13,12,1.0,0.0,0.0,16.717
MPC,2020-02-13,12,1.0,-3.552713678800501e-15,-2.1252100728602627e-14,16.717
PPOLag,2020-02-13,12,1.0,0.010390633116614367,0.06215608731599191,16.717
EDF,2020-02-13,12,2.0,0.0,0.0,16.717
LLF,2020-02-13,12,2.0,0.0,0.0,16.717
MPC,2020-02-13,12,2.0,-3.552713678800501e-15,-2.1252100728602627e-14,16.717
PPOLag,2020-02-13,12,2.0,0.012781934333190748,0.07646069470114703,16.717
EDF,2020-02-13,35,0.5,0.0,0.0,4.24
LLF,2020-02-13,35,0.5,0.0,0.0,4.24
MPC,2020-02-13,35,0.5,0.0,0.0,4.24
PPOLag,2020-02-13,35,0.5,0.0028092600650586165,0.06625613360987302,4.24
EDF,2020-02-13,35,1.0,0.0,0.0,4.24
LLF,2020-02-13,35,1.0,0.0,0.0,4.24
MPC,2020-02-13,35,1.0,0.0,0.0,4.24
PPOLag,2020-02-13,35,1.0,0.0020761344414644612,0.04896543494019955,4.24
EDF,2020-02-13,35,2.0,0.0,0.0,4.24
LLF,2020-02-13,35,2.0,0.0,0.0,4.24
MPC,2020-02-13,35,2.0,0.0,0.0,4.24
PPOLag,2020-02-13,35,2.0,0.002074062156922807,0.048916560304783176,4.24
EDF,2020-02-13,9,0.5,3.552713678800501e-15,1.49179663187088e-14,23.815
LLF,2020-02-13,9,0.5,-3.552713678800501e-15,-1.49179663187088e-14,23.815
MPC,2020-02-13,9,0.5,3.552713678800501e-15,1.49179663187088e-14,23.815
PPOLag,2020-02-13,9,0.5,0.0067851057271930415,0.028490891149246446,23.815
EDF,2020-02-13,9,1.0,3.552713678800501e-15,1.49179663187088e-14,23.815
LLF,2020-02-13,9,1.0,-3.552713678800501e-15,-1.49179663187088e-14,23.815
MPC,2020-02-13,9,1.0,3.552713678800501e-15,1.49179663187088e-14,23.815
PPOLag,2020-02-13,9,1.0,0.009358432731998078,0.03929637930715128,23.815
EDF,2020-02-13,9,2.0,3.552713678800501e-15,1.49179663187088e-14,23.815
LLF,2020-02-13,9,2.0,-3.552713678800501e-15,-1.49179663187088e-14,23.815
MPC,2020-02-13,9,2.0,3.552713678800501e-15,1.49179663187088e-14,23.815
PPOLag,2020-02-13,9,2.0,0.011735267808863626,0.04927679113526611,23.815
EDF,2020-02-14,0,0.5,0.0,0.0,14.375
LLF,2020-02-14,0,0.5,0.0,0.0,14.375
MPC,2020-02-14,0,0.5,0.0,0.0,14.375
PPOLag,2020-02-14,0,0.5,0.0008687274433931691,0.006043321345343785,14.375
EDF,2020-02-14,0,1.0,0.0,0.0,14.375
LLF,2020-02-14,0,1.0,0.0,0.0,14.375
MPC,2020-02-14,0,1.0,0.0,0.0,14.375
PPOLag,2020-02-14,0,1.0,0.00115346849968887,0.00802412869348779,14.375
EDF,2020-02-14,0,2.0,0.0,0.0,14.375
LLF,2020-02-14,0,2.0,0.0,0.0,14.375
MPC,2020-02-14,0,2.0,0.0,0.0,14.375
PPOLag,2020-02-14,0,2.0,0.0015590500275408203,0.010845565408979619,14.375
EDF,2020-02-14,13,0.5,-2.220446049250313e-16,-1.820037745287142e-14,1.22
LLF,2020-02-14,13,0.5,0.0,0.0,1.22
MPC,2020-02-14,13,0.5,0.0,0.0,1.22
PPOLag,2020-02-14,13,0.5,0.0035892107091120007,0.29419759910754106,1.22
EDF,2020-02-14,13,1.0,-2.220446049250313e-16,-1.820037745287142e-14,1.22
LLF,2020-02-14,13,1.0,-2.220446049250313e-16,-1.820037745287142e-14,1.22
MPC,2020-02-14,13,1.0,0.0,0.0,1.22
PPOLag,2020-02-14,13,1.0,0.005666462800349059,0.46446416396303764,1.22
EDF,2020-02-14,13,2.0,-2.220446049250313e-16,-1.820037745287142e-14,1.22
LLF,2020-02-14,13,2.0,-2.220446049250313e-16,-1.820037745287142e-14,1.22
MPC,2020-02-14,13,2.0,0.0,0.0,1.22
PPOLag,2020-02-14,13,2.0,0.008462154998423444,0.693619262165856,1.22
EDF,2020-02-14,1,0.5,0.0,0.0,5.654
LLF,2020-02-14,1,0.5,0.0,0.0,5.654
MPC,2020-02-14,1,0.5,0.0,0.0,5.654
PPOLag,2020-02-14,1,0.5,0.0015231916371995168,0.026940071404306987,5.654
EDF,2020-02-14,1,1.0,0.0,0.0,5.654
LLF,2020-02-14,1,1.0,0.0,0.0,5.654
MPC,2020-02-14,1,1.0,0.0,0.0,5.654
PPOLag,2020-02-14,1,1.0,0.002664566183099204,0.04712709909973831,5.654
EDF,2020-02-14,1,2.0,0.0,0.0,5.654
LLF,2020-02-14,1,2.0,0.0,0.0,5.654
MPC,2020-02-14,1,2.0,0.0,0.0,5.654
PPOLag,2020-02-14,1,2.0,0.0038351185491684705,0.06783018304153644,5.654
EDF,2020-02-14,23,0.5,0.0,0.0,4.369
LLF,2020-02-14,23,0.5,0.0,0.0,4.369
MPC,2020-02-14,23,0.5,0.0,0.0,4.369
PPOLag,2020-02-14,23,0.5,0.00023894517980806995,0.005469104596202104,4.369
EDF,2020-02-14,23,1.0,0.0,0.0,4.369
LLF,2020-02-14,23,1.0,0.0,0.0,4.369
MPC,2020-02-14,23,1.0,0.0,0.0,4.369
PPOLag,2020-02-14,23,1.0,-5.748994444694233e-05,-0.00131586048173363,4.369
EDF,2020-02-14,23,2.0,0.0,0.0,4.369
LLF,2020-02-14,23,2.0,0.0,0.0,4.369
MPC,2020-02-14,23,2.0,0.0,0.0,4.369
PPOLag,2020-02-14,23,2.0,-0.0002887819095725774,-0.00660979422230665,4.369
EDF,2020-02-14,12,0.5,0.0,0.0,15.766
LLF,2020-02-14,12,0.5,0.0,0.0,15.766
MPC,2020-02-14,12,0.5,0.0,0.0,15.766
PPOLag,2020-02-14,12,0.5,0.0033451746594856504,0.02121764974936985,15.766
EDF,2020-02-14,12,1.0,0.0,0.0,15.766
LLF,2020-02-14,12,1.0,0.0,0.0,15.766
MPC,2020-02-14,12,1.0,0.0,0.0,15.766
PPOLag,2020-02-14,12,1.0,0.0020314918388006477,0.012885271082079458,15.766
EDF,2020-02-14,12,2.0,0.0,0.0,15.766
LLF,2020-02-14,12,2.0,0.0,0.0,15.766
MPC,2020-02-14,12,2.0,0.0,0.0,15.766
PPOLag,2020-02-14,12,2.0,0.004863022812932627,0.03084500071630487,15.766
EDF,2020-02-17,8,0.5,0.0,0.0,6.47
LLF,2020-02-17,8,0.5,0.0,0.0,6.47
MPC,2020-02-17,8,0.5,0.0,0.0,6.47
PPOLag,2020-02-17,8,0.5,0.0008936803887531041,0.013812679887992335,6.47
EDF,2020-02-17,8,1.0,0.0,0.0,6.47
LLF,2020-02-17,8,1.0,0.0,0.0,6.47
MPC,2020-02-17,8,1.0,0.0,0.0,6.47
PPOLag,2020-02-17,8,1.0,0.0009116013709448368,0.014089665702393148,6.47
EDF,2020-02-17,8,2.0,0.0,0.0,6.47
LLF,2020-02-17,8,2.0,0.0,0.0,6.47
MPC,2020-02-17,8,2.0,0.0,0.0,6.47
PPOLag,2020-02-17,8,2.0,0.0028612633380447504,0.04422354463747683,6.47
EDF,2020-02-17,9,0.5,0.0,0.0,36.936
LLF,2020-02-17,9,0.5,0.0,0.0,36.936
MPC,2020-02-17,9,0.5,0.0,0.0,36.936
PPOLag,2020-02-17,9,0.5,0.002586605952929233,0.007002940093483953,36.936
EDF,2020-02-17,9,1.0,0.0,0.0,36.936
LLF,2020-02-17,9,1.0,0.0,0.0,36.936
MPC,2020-02-17,9,1.0,0.0,0.0,36.936
PPOLag,2020-02-17,9,1.0,0.006448834862131036,0.017459483599011904,36.936
EDF,2020-02-17,9,2.0,0.0,0.0,36.936
LLF,2020-02-17,9,2.0,0.0,0.0,36.936
MPC,2020-02-17,9,2.0,0.0,0.0,36.936
PPOLag,2020-02-17,9,2.0,0.007113483026347467,0.019258942566459464,36.936
EDF,2020-02-17,4,0.5,0.0,0.0,10.256
LLF,2020-02-17,4,0.5,0.0,0.0,10.256
MPC,2020-02-17,4,0.5,0.0,0.0,10.256
PPOLag,2020-02-17,4,0.5,0.003178059983912718,0.03098732433612244,10.256
EDF,2020-02-17,4,1.0,0.0,0.0,10.256
LLF,2020-02-17,4,1.0,0.0,0.0,10.256
MPC,2020-02-17,4,1.0,0.0,0.0,10.256
PPOLag,2020-02-17,4,1.0,0.0047255688090004355,0.046076138933311576,10.256
EDF,2020-02-17,4,2.0,0.0,0.0,10.256
LLF,2020-02-17,4,2.0,0.0,0.0,10.256
MPC,2020-02-17,4,2.0,0.0,0.0,10.256
PPOLag,2020-02-17,4,2.0,0.006442829200451072,0.06282009750829828,10.256
EDF,2020-02-17,7,0.5,0.0,0.0,0.836
LLF,2020-02-17,7,0.5,0.0,0.0,0.836
MPC,2020-02-17,7,0.5,0.0,0.0,0.836
PPOLag,2020-02-17,7,0.5,0.004780347169255794,0.5718118623511715,0.836
EDF,2020-02-17,7,1.0,0.0,0.0,0.836
LLF,2020-02-17,7,1.0,0.0,0.0,0.836
MPC,2020-02-17,7,1.0,0.0,0.0,0.836
PPOLag,2020-02-17,7,1.0,0.006502486080613323,0.7778093397862827,0.836
EDF,2020-02-17,7,2.0,0.0,0.0,0.836
LLF,2020-02-17,7,2.0,0.0,0.0,0.836
MPC,2020-02-17,7,2.0,0.0,0.0,0.836
PPOLag,2020-02-17,7,2.0,0.007064943950657066,0.8450889893130462,0.836
EDF,2020-02-17,2,0.5,0.0,0.0,12.335
LLF,2020-02-17,2,0.5,0.0,0.0,12.335
MPC,2020-02-17,2,0.5,0.0,0.0,12.335
PPOLag,2020-02-17,2,0.5,0.0031009565092521285,0.02513949338672175,12.335
EDF,2020-02-17,2,1.0,0.0,0.0,12.335
LLF,2020-02-17,2,1.0,0.0,0.0,12.335
MPC,2020-02-17,2,1.0,0.0,0.0,12.335
PPOLag,2020-02-17,2,1.0,0.004715436650564797,0.03822810417969029,12.335
EDF,2020-02-17,2,2.0,0.0,0.0,12.335
LLF,2020-02-17,2,2.0,0.0,0.0,12.335
MPC,2020-02-17,2,2.0,0.0,0.0,12.335
PPOLag,2020-02-17,2,2.0,0.006307673987464924,0.05113639227778616,12.335
EDF,2020-02-18,9,0.5,0.0,0.0,3.729
LLF,2020-02-18,9,0.5,4.440892098500626e-16,1.1909069719765691e-14,3.729
MPC,2020-02-18,9,0.5,0.0,0.0,3.729
PPOLag,2020-02-18,9,0.5,7.534254208572123e-05,0.002020448969850391,3.729
EDF,2020-02-18,9,1.0,0.0,0.0,3.729
LLF,2020-02-18,9,1.0,4.440892098500626e-16,1.1909069719765691e-14,3.729
MPC,2020-02-18,9,1.0,0.0,0.0,3.729
PPOLag,2020-02-18,9,1.0,0.0017037215426865871,0.04568842967783822,3.729
EDF,2020-02-18,9,2.0,0.0,0.0,3.729
LLF,2020-02-18,9,2.0,4.440892098500626e-16,1.1909069719765691e-14,3.729
MPC,2020-02-18,9,2.0,0.0,0.0,3.729
PPOLag,2020-02-18,9,2.0,0.0034077643906651467,0.09138547574859604,3.729
EDF,2020-02-18,38,0.5,0.0,0.0,6.736
LLF,2020-02-18,38,0.5,0.0,0.0,6.736
MPC,2020-02-18,38,0.5,0.0,0.0,6.736
PPOLag,2020-02-18,38,0.5,0.004812236822664673,0.0714405704077297,6.736
EDF,2020-02-18,38,1.0,0.0,0.0,6.736
LLF,2020-02-18,38,1.0,0.0,0.0,6.736
MPC,2020-02-18,38,1.0,8.881784197001252e-16,1.3185546610750078e-14,6.736
PPOLag,2020-02-18,38,1.0,0.006879880104777847,0.10213598730370914,6.736
EDF,2020-02-18,38,2.0,0.0,0.0,6.736
LLF,2020-02-18,38,2.0,0.0,0.0,6.736
MPC,2020-02-18,38,2.0,8.881784197001252e-16,1.3185546610750078e-14,6.736
PPOLag,2020-02-18,38,2.0,0.00900354226500415,0.13366303837595236,6.736
EDF,2020-02-18,26,0.5,0.0,0.0,6.723
LLF,2020-02-18,26,0.5,1.7763568394002505e-15,2.6422085964602864e-14,6.723
MPC,2020-02-18,26,0.5,-8.881784197001252e-16,-1.3211042982301432e-14,6.723
PPOLag,2020-02-18,26,0.5,0.00560482317320421,0.0833678889365493,6.723
EDF,2020-02-18,26,1.0,0.0,0.0,6.723
LLF,2020-02-18,26,1.0,1.7763568394002505e-15,2.6422085964602864e-14,6.723
MPC,2020-02-18,26,1.0,8.881784197001252e-16,1.3211042982301432e-14,6.723
PPOLag,2020-02-18,26,1.0,0.0060062691335978965,0.08933912142790268,6.723
EDF,2020-02-18,26,2.0,0.0,0.0,6.723
LLF,2020-02-18,26,2.0,1.7763568394002505e-15,2.6422085964602864e-14,6.723
MPC,2020-02-18,26,2.0,8.881784197001252e-16,1.3211042982301432e-14,6.723
PPOLag,2020-02-18,26,2.0,0.007931804979238954,0.11798014248458952,6.723
EDF,2020-02-18,8,0.5,0.0,0.0,17.266
LLF,2020-02-18,8,0.5,0.0,0.0,17.266
MPC,2020-02-18,8,0.5,0.0,0.0,17.266
PPOLag,2020-02-18,8,0.5,0.0003965214634874314,0.002296545021935778,17.266
EDF,2020-02-18,8,1.0,3.552713678800501e-15,2.0576356300246155e-14,17.266
LLF,2020-02-18,8,1.0,0.0,0.0,17.266
MPC,2020-02-18,8,1.0,0.0,0.0,17.266
PPOLag,2020-02-18,8,1.0,0.0004525718964735859,0.0026211739631274516,17.266
EDF,2020-02-18,8,2.0,3.552713678800501e-15,2.0576356300246155e-14,17.266
LLF,2020-02-18,8,2.0,0.0,0.0,17.266
MPC,2020-02-18,8,2.0,0.0,0.0,17.266
PPOLag,2020-02-18,8,2.0,0.002666376618215338,0.01544293187892586,17.266
EDF,2020-02-18,22,0.5,0.0,0.0,1.999
LLF,2020-02-18,22,0.5,0.0,0.0,1.999
MPC,2020-02-18,22,0.5,0.0,0.0,1.999
PPOLag,2020-02-18,22,0.5,-0.0023241034197543087,-0.11626330263903495,1.999
EDF,2020-02-18,22,1.0,0.0,0.0,1.999
LLF,2020-02-18,22,1.0,0.0,0.0,1.999
MPC,2020-02-18,22,1.0,0.0,0.0,1.999
PPOLag,2020-02-18,22,1.0,0.00017406836194417964,0.008707771983200574,1.999
EDF,2020-02-18,22,2.0,0.0,0.0,1.999
LLF,2020-02-18,22,2.0,0.0,0.0,1.999
MPC,2020-02-18,22,2.0,0.0,0.0,1.999
PPOLag,2020-02-18,22,2.0,0.0020356500767606533,0.10183342054830684,1.999
EDF,2020-02-19,33,0.5,0.0,0.0,1.613
LLF,2020-02-19,33,0.5,0.0,0.0,1.613
MPC,2020-02-19,33,0.5,0.0,0.0,1.613
PPOLag,2020-02-19,33,0.5,0.0030627591017359903,0.18987967152733973,1.613
EDF,2020-02-19,33,1.0,0.0,0.0,1.613
LLF,2020-02-19,33,1.0,0.0,0.0,1.613
MPC,2020-02-19,33,1.0,0.0,0.0,1.613
PPOLag,2020-02-19,33,1.0,0.00560177898073988,0.34728945943830625,1.613
EDF,2020-02-19,33,2.0,0.0,0.0,1.613
LLF,2020-02-19,33,2.0,0.0,0.0,1.613
MPC,2020-02-19,33,2.0,0.0,0.0,1.613
PPOLag,2020-02-19,33,2.0,0.0074771991419183784,0.4635585332869422,1.613
EDF,2020-02-19,8,0.5,0.0,0.0,5.29
LLF,2020-02-19,8,0.5,0.0,0.0,5.29
MPC,2020-02-19,8,0.5,-8.881784197001252e-16,-1.6789762187147924e-14,5.29
PPOLag,2020-02-19,8,0.5,0.0008049310058130032,0.015216087066408378,5.29
EDF,2020-02-19,8,1.0,0.0,0.0,5.29
LLF,2020-02-19,8,1.0,0.0,0.0,5.29
MPC,2020-02-19,8,1.0,-8.881784197001252e-16,-1.6789762187147924e-14,5.29
PPOLag,2020-02-19,8,1.0,0.0013171562113980073,0.024898983202230756,5.29
EDF,2020-02-19,8,2.0,0.0,0.0,5.29
LLF,2020-02-19,8,2.0,0.0,0.0,5.29
MPC,2020-02-19,8,2.0,0.0,0.0,5.29
PPOLag,2020-02-19,8,2.0,0.001847560795728853,0.034925534890904594,5.29
EDF,2020-02-19,10,0.5,0.0,0.0,2.985
LLF,2020-02-19,10,0.5,0.0,0.0,2.985
MPC,2020-02-19,10,0.5,4.440892098500626e-16,1.48773604639887e-14,2.985
PPOLag,2020-02-19,10,0.5,0.004354002166075866,0.1458627191315198,2.985
EDF,2020-02-19,10,1.0,0.0,0.0,2.985
LLF,2020-02-19,10,1.0,0.0,0.0,2.985
MPC,2020-02-19,10,1.0,-4.440892098500626e-16,-1.48773604639887e-14,2.985
PPOLag,2020-02-19,10,1.0,0.006309513968575953,0.21137400229735187,2.985
EDF,2020-02-19,10,2.0,0.0,0.0,2.985
LLF,2020-02-19,10,2.0,0.0,0.0,2.985
MPC,2020-02-19,10,2.0,-4.440892098500626e-16,-1.48773604639887e-14,2.985
PPOLag,2020-02-19,10,2.0,0.008807066314847933,0.295044097649847,2.985
EDF,2020-02-19,5,0.5,0.0,0.0,53.265
LLF,2020-02-19,5,0.5,0.0,0.0,53.265
MPC,2020-02-19,5,0.5,0.0,0.0,53.265
PPOLag,2020-02-19,5,0.5,0.0004260490572704612,0.0007998668117346498,53.265
EDF,2020-02-19,5,1.0,0.0,0.0,53.265
LLF,2020-02-19,5,1.0,0.0,0.0,53.265
MPC,2020-02-19,5,1.0,0.0,0.0,53.265
PPOLag,2020-02-19,5,1.0,0.0004075087128782684,0.0007650590685783691,53.265
EDF,2020-02-19,5,2.0,0.0,0.0,53.265
LLF,2020-02-19,5,2.0,0.0,0.0,53.265
MPC,2020-02-19,5,2.0,0.0,0.0,53.265
PPOLag,2020-02-19,5,2.0,-4.292559389966755e-05,-8.058874288870248e-05,53.265
EDF,2020-02-19,39,0.5,0.0,0.0,2.087
LLF,2020-02-19,39,0.5,0.0,0.0,2.087
MPC,2020-02-19,39,0.5,0.0,0.0,2.087
PPOLag,2020-02-19,39,0.5,-0.0017318580012288364,-0.08298313374359542,2.087
EDF,2020-02-19,39,1.0,0.0,0.0,2.087
LLF,2020-02-19,39,1.0,0.0,0.0,2.087
MPC,2020-02-19,39,1.0,0.0,0.0,2.087
PPOLag,2020-02-19,39,1.0,0.002892546993176648,0.1385983226246597,2.087
EDF,2020-02-19,39,2.0,0.0,0.0,2.087
LLF,2020-02-19,39,2.0,0.0,0.0,2.087
MPC,2020-02-19,39,2.0,0.0,0.0,2.087
PPOLag,2020-02-19,39,2.0,0.0037807350704684773,0.18115644803394715,2.087
EDF,2020-02-20,38,0.5,0.0,0.0,2.2
LLF,2020-02-20,38,0.5,0.0,0.0,2.2
MPC,2020-02-20,38,0.5,0.0,0.0,2.2
PPOLag,2020-02-20,38,0.5,0.0008700168488483762,0.03954622040219891,2.2
EDF,2020-02-20,38,1.0,0.0,0.0,2.2
LLF,2020-02-20,38,1.0,0.0,0.0,2.2
MPC,2020-02-20,38,1.0,0.0,0.0,2.2
PPOLag,2020-02-20,38,1.0,-0.0006578699745956485,-0.029903180663438556,2.2
EDF,2020-02-20,38,2.0,0.0,0.0,2.2
LLF,2020-02-20,38,2.0,0.0,0.0,2.2
MPC,2020-02-20,38,2.0,0.0,0.0,2.2
PPOLag,2020-02-20,38,2.0,0.004495986920702144,0.20436304185009746,2.2
EDF,2020-02-20,11,0.5,0.0,0.0,0.834
LLF,2020-02-20,11,0.5,0.0,0.0,0.834
MPC,2020-02-20,11,0.5,0.0,0.0,0.834
PPOLag,2020-02-20,11,0.5,0.016515781866965007,1.980309576374701,0.834
EDF,2020-02-20,11,1.0,0.0,0.0,0.834
LLF,2020-02-20,11,1.0,0.0,0.0,0.834
MPC,2020-02-20,11,1.0,0.0,0.0,0.834
PPOLag,2020-02-20,11,1.0,0.021558844024456847,2.5849932883041786,0.834
EDF,2020-02-20,11,2.0,0.0,0.0,0.834
LLF,2020-02-20,11,2.0,0.0,0.0,0.834
MPC,2020-02-20,11,2.0,0.0,0.0,0.834
PPOLag,2020-02-20,11,2.0,0.028965348743051123,3.473063398447377,0.834
EDF,2020-02-20,26,0.5,0.0,0.0,2.865
LLF,2020-02-20,26,0.5,0.0,0.0,2.865
MPC,2020-02-20,26,0.5,0.0,0.0,2.865
PPOLag,2020-02-20,26,0.5,0.0195066993720447,0.680862107226691,2.865
EDF,2020-02-20,26,1.0,0.0,0.0,2.865
LLF,2020-02-20,26,1.0,0.0,0.0,2.865
MPC,2020-02-20,26,1.0,0.0,0.0,2.865
PPOLag,2020-02-20,26,1.0,0.022881872555303762,0.7986691991380022,2.865
EDF,2020-02-20,26,2.0,0.0,0.0,2.865
LLF,2020-02-20,26,2.0,0.0,0.0,2.865
MPC,2020-02-20,26,2.0,0.0,0.0,2.865
PPOLag,2020-02-20,26,2.0,0.025758384767641564,0.8990710215581696,2.865
EDF,2020-02-20,29,0.5,0.0,0.0,5.861
LLF,2020-02-20,29,0.5,0.0,0.0,5.861
MPC,2020-02-20,29,0.5,0.0,0.0,5.861
PPOLag,2020-02-20,29,0.5,0.0040893184860461675,0.06977168548108117,5.861
EDF,2020-02-20,29,1.0,0.0,0.0,5.861
LLF,2020-02-20,29,1.0,0.0,0.0,5.861
MPC,2020-02-20,29,1.0,0.0,0.0,5.861
PPOLag,2020-02-20,29,1.0,0.00725151798958148,0.1237249273090169,5.861
EDF,2020-02-20,29,2.0,0.0,0.0,5.861
LLF,2020-02-20,29,2.0,0.0,0.0,5.861
MPC,2020-02-20,29,2.0,8.881784197001252e-16,1.515404230848192e-14,5.861
PPOLag,2020-02-20,29,2.0,0.008770637035645734,0.1496440374619644,5.861
EDF,2020-02-20,23,0.5,0.0,0.0,1.709
LLF,2020-02-20,23,0.5,0.0,0.0,1.709
MPC,2020-02-20,23,0.5,0.0,0.0,1.709
PPOLag,2020-02-20,23,0.5,0.016811997883030384,0.9837330534248322,1.709
EDF,2020-02-20,23,1.0,0.0,0.0,1.709
LLF,2020-02-20,23,1.0,0.0,0.0,1.709
MPC,2020-02-20,23,1.0,0.0,0.0,1.709
PPOLag,2020-02-20,23,1.0,0.01896818569216423,1.1098996894186208,1.709
EDF,2020-02-20,23,2.0,0.0,0.0,1.709
LLF,2020-02-20,23,2.0,-2.220446049250313e-16,-1.2992662663840333e-14,1.709
MPC,2020-02-20,23,2.0,0.0,0.0,1.709
PPOLag,2020-02-20,23,2.0,0.027593778593796525,1.614615482375455,1.709
EDF,2020-02-21,0,0.5,0.0,0.0,5.776
LLF,2020-02-21,0,0.5,0.0,0.0,5.776
MPC,2020-02-21,0,0.5,0.0,0.0,5.776
PPOLag,2020-02-21,0,0.5,0.0013115839104521853,0.02270747767403368,5.776
EDF,2020-02-21,0,1.0,0.0,0.0,5.776
LLF,2020-02-21,0,1.0,0.0,0.0,5.776
MPC,2020-02-21,0,1.0,0.0,0.0,5.776
PPOLag,2020-02-21,0,1.0,0.0023013096260820374,0.03984261818009068,5.776
EDF,2020-02-21,0,2.0,0.0,0.0,5.776
LLF,2020-02-21,0,2.0,0.0,0.0,5.776
MPC,2020-02-21,0,2.0,0.0,0.0,5.776
PPOLag,2020-02-21,0,2.0,0.002788819961827471,0.04828289407596038,5.776
EDF,2020-02-21,5,0.5,0.0,0.0,5.742
LLF,2020-02-21,5,0.5,0.0,0.0,5.742
MPC,2020-02-21,5,0.5,8.881784197001252e-16,1.546810204981061e-14,5.742
PPOLag,2020-02-21,5,0.5,0.0030599050436943996,0.05328988233532567,5.742
EDF,2020-02-21,5,1.0,0.0,0.0,5.742
LLF,2020-02-21,5,1.0,0.0,0.0,5.742
MPC,2020-02-21,5,1.0,8.881784197001252e-16,1.546810204981061e-14,5.742
PPOLag,2020-02-21,5,1.0,0.004940033417632783,0.08603332319109688,5.742
EDF,2020-02-21,5,2.0,0.0,0.0,5.742
LLF,2020-02-21,5,2.0,0.0,0.0,5.742
MPC,2020-02-21,5,2.0,0.0,0.0,5.742
PPOLag,2020-02-21,5,2.0,0.006468335691300809,0.11264952440440279,5.742
EDF,2020-02-21,25,0.5,0.0,0.0,9.297
LLF,2020-02-21,25,0.5,0.0,0.0,9.297
MPC,2020-02-21,25,0.5,0.0,0.0,9.297
PPOLag,2020-02-21,25,0.5,0.00395927872187869,0.04258662710421307,9.297
EDF,2020-02-21,25,1.0,-1.7763568394002505e-15,-1.9106774652040984e-14,9.297
LLF,2020-02-21,25,1.0,0.0,0.0,9.297
MPC,2020-02-21,25,1.0,-1.7763568394002505e-15,-1.9106774652040984e-14,9.297
PPOLag,2020-02-21,25,1.0,0.003584177277630829,0.03855197674121576,9.297
EDF,2020-02-21,25,2.0,1.7763568394002505e-15,1.9106774652040984e-14,9.297
LLF,2020-02-21,25,2.0,0.0,0.0,9.297
MPC,2020-02-21,25,2.0,0.0,0.0,9.297
PPOLag,2020-02-21,25,2.0,0.004676120691969388,0.05029709252414098,9.297
EDF,2020-02-21,33,0.5,0.0,0.0,0.887
LLF,2020-02-21,33,0.5,1.1102230246251565e-16,1.2516606816518112e-14,0.887
MPC,2020-02-21,33,0.5,0.0,0.0,0.887
PPOLag,2020-02-21,33,0.5,0.002851240966845814,0.32144768510099364,0.887
EDF,2020-02-21,33,1.0,0.0,0.0,0.887
LLF,2020-02-21,33,1.0,1.1102230246251565e-16,1.2516606816518112e-14,0.887
MPC,2020-02-21,33,1.0,0.0,0.0,0.887
PPOLag,2020-02-21,33,1.0,0.006353742067766288,0.7163181587109683,0.887
EDF,2020-02-21,33,2.0,0.0,0.0,0.887
LLF,2020-02-21,33,2.0,1.1102230246251565e-16,1.2516606816518112e-14,0.887
MPC,2020-02-21,33,2.0,0.0,0.0,0.887
PPOLag,2020-02-21,33,2.0,0.007615619136834284,0.8585816388764694,0.887
EDF,2020-02-21,26,0.5,0.0,0.0,15.892
LLF,2020-02-21,26,0.5,0.0,0.0,15.892
MPC,2020-02-21,26,0.5,1.7763568394002505e-15,1.1177679583439784e-14,15.892
PPOLag,2020-02-21,26,0.5,0.001507638885476581,0.009486778791068342,15.892
EDF,2020-02-21,26,1.0,0.0,0.0,15.892
LLF,2020-02-21,26,1.0,0.0,0.0,15.892
MPC,2020-02-21,26,1.0,3.552713678800501e-15,2.235535916687957e-14,15.892
PPOLag,2020-02-21,26,1.0,0.001938259842193446,0.01219645005155705,15.892
EDF,2020-02-21,26,2.0,0.0,0.0,15.892
LLF,2020-02-21,26,2.0,0.0,0.0,15.892
MPC,2020-02-21,26,2.0,3.552713678800501e-15,2.235535916687957e-14,15.892
PPOLag,2020-02-21,26,2.0,0.0023263026162876344,0.014638199196373236,15.892
EDF,2020-02-24,14,0.5,0.0,0.0,4.162
LLF,2020-02-24,14,0.5,0.0,0.0,4.162
MPC,2020-02-24,14,0.5,0.0,0.0,4.162
PPOLag,2020-02-24,14,0.5,0.0029192499974765697,0.07014055736368499,4.162
EDF,2020-02-24,14,1.0,0.0,0.0,4.162
LLF,2020-02-24,14,1.0,0.0,0.0,4.162
MPC,2020-02-24,14,1.0,0.0,0.0,4.162
PPOLag,2020-02-24,14,1.0,0.004691920009099881,0.1127323404396896,4.162
EDF,2020-02-24,14,2.0,0.0,0.0,4.162
LLF,2020-02-24,14,2.0,0.0,0.0,4.162
MPC,2020-02-24,14,2.0,0.0,0.0,4.162
PPOLag,2020-02-24,14,2.0,0.006617494056377282,0.15899793504029994,4.162
EDF,2020-02-24,5,0.5,0.0,0.0,0.931
LLF,2020-02-24,5,0.5,0.0,0.0,0.931
MPC,2020-02-24,5,0.5,0.0,0.0,0.931
PPOLag,2020-02-24,5,0.5,0.0007297352097107134,0.07838187000115075,0.931
EDF,2020-02-24,5,1.0,0.0,0.0,0.931
LLF,2020-02-24,5,1.0,0.0,0.0,0.931
MPC,2020-02-24,5,1.0,0.0,0.0,0.931
PPOLag,2020-02-24,5,1.0,0.0010586638702900996,0.11371255319979587,0.931
EDF,2020-02-24,5,2.0,0.0,0.0,0.931
LLF,2020-02-24,5,2.0,0.0,0.0,0.931
MPC,2020-02-24,5,2.0,0.0,0.0,0.931
PPOLag,2020-02-24,5,2.0,0.0012841823348245906,0.1379358039553803,0.931
EDF,2020-02-24,13,0.5,-8.881784197001252e-16,-1.986087700581675e-14,4.472
LLF,2020-02-24,13,0.5,8.881784197001252e-16,1.986087700581675e-14,4.472
MPC,2020-02-24,13,0.5,0.0,0.0,4.472
PPOLag,2020-02-24,13,0.5,0.0018562629876358373,0.04150856412423607,4.472
EDF,2020-02-24,13,1.0,-1.7763568394002505e-15,-3.97217540116335e-14,4.472
LLF,2020-02-24,13,1.0,8.881784197001252e-16,1.986087700581675e-14,4.472
MPC,2020-02-24,13,1.0,0.0,0.0,4.472
PPOLag,2020-02-24,13,1.0,0.004393848989703386,0.0982524371579469,4.472
EDF,2020-02-24,13,2.0,-1.7763568394002505e-15,-3.97217540116335e-14,4.472
LLF,2020-02-24,13,2.0,0.0,0.0,4.472
MPC,2020-02-24,13,2.0,0.0,0.0,4.472
PPOLag,2020-02-24,13,2.0,0.007158821390998149,0.16008097922625553,4.472
EDF,2020-02-24,19,0.5,0.0,0.0,29.888
LLF,2020-02-24,19,0.5,0.0,0.0,29.888
MPC,2020-02-24,19,0.5,3.552713678800501e-15,1.1886756152303602e-14,29.888
PPOLag,2020-02-24,19,0.5,-0.000686484018146416,-0.002296854985768255,29.888
EDF,2020-02-24,19,1.0,0.0,0.0,29.888
LLF,2020-02-24,19,1.0,0.0,0.0,29.888
MPC,2020-02-24,19,1.0,0.0,0.0,29.888
PPOLag,2020-02-24,19,1.0,0.0008698746860318352,0.002910447959153624,29.888
EDF,2020-02-24,19,2.0,0.0,0.0,29.888
LLF,2020-02-24,19,2.0,0.0,0.0,29.888
MPC,2020-02-24,19,2.0,0.0,0.0,29.888
PPOLag,2020-02-24,19,2.0,0.0027847400014685774,0.009317251075577414,29.888
EDF,2020-02-24,0,0.5,0.0,0.0,28.692
LLF,2020-02-24,0,0.5,0.0,0.0,28.692
MPC,2020-02-24,0,0.5,7.105427357601002e-15,2.476448960546843e-14,28.692
PPOLag,2020-02-24,0,0.5,-0.0006606956142256593,-0.0023027171832763807,28.692
EDF,2020-02-24,0,1.0,0.0,0.0,28.692
LLF,2020-02-24,0,1.0,3.552713678800501e-15,1.2382244802734215e-14,28.692
MPC,2020-02-24,0,1.0,3.552713678800501e-15,1.2382244802734215e-14,28.692
PPOLag,2020-02-24,0,1.0,0.0015789358864957137,0.00550305272025552,28.692
EDF,2020-02-24,0,2.0,0.0,0.0,28.692
LLF,2020-02-24,0,2.0,3.552713678800501e-15,1.2382244802734215e-14,28.692
MPC,2020-02-24,0,2.0,7.105427357601002e-15,2.476448960546843e-14,28.692
PPOLag,2020-02-24,0,2.0,0.00399623046145976,0.013928030327128676,28.692
EDF,2020-02-25,14,0.5,0.0,0.0,0.928
LLF,2020-02-25,14,0.5,0.0,0.0,0.928
MPC,2020-02-25,14,0.5,0.0,0.0,0.928
PPOLag,2020-02-25,14,0.5,0.0033675018250355127,0.3628773518357233,0.928
EDF,2020-02-25,14,1.0,0.0,0.0,0.928
LLF,2020-02-25,14,1.0,0.0,0.0,0.928
MPC,2020-02-25,14,1.0,0.0,0.0,0.928
PPOLag,2020-02-25,14,1.0,0.005457488965188139,0.5880914833176873,0.928
EDF,2020-02-25,14,2.0,0.0,0.0,0.928
LLF,2020-02-25,14,2.0,0.0,0.0,0.928
MPC,2020-02-25,14,2.0,0.0,0.0,0.928
PPOLag,2020-02-25,14,2.0,0.008437567351173358,0.9092206197385085,0.928
EDF,2020-02-25,3,0.5,0.0,0.0,4.957
LLF,2020-02-25,3,0.5,-8.881784197001252e-16,-1.791766027234467e-14,4.957
MPC,2020-02-25,3,0.5,8.881784197001252e-16,1.791766027234467e-14,4.957
PPOLag,2020-02-25,3,0.5,0.0035019265918769804,0.07064608819602544,4.957
EDF,2020-02-25,3,1.0,0.0,0.0,4.957
LLF,2020-02-25,3,1.0,-8.881784197001252e-16,-1.791766027234467e-14,4.957
MPC,2020-02-25,3,1.0,8.881784197001252e-16,1.791766027234467e-14,4.957
PPOLag,2020-02-25,3,1.0,0.005769200417389797,0.11638491864817022,4.957
EDF,2020-02-25,3,2.0,0.0,0.0,4.957
LLF,2020-02-25,3,2.0,-8.881784197001252e-16,-1.791766027234467e-14,4.957
MPC,2020-02-25,3,2.0,8.881784197001252e-16,1.791766027234467e-14,4.957
PPOLag,2020-02-25,3,2.0,0.008427384672833504,0.1700097775435446,4.957
EDF,2020-02-25,10,0.5,-8.881784197001252e-16,-1.2836803290939808e-14,6.919
LLF,2020-02-25,10,0.5,8.881784197001252e-16,1.2836803290939808e-14,6.919
MPC,2020-02-25,10,0.5,8.881784197001252e-16,1.2836803290939808e-14,6.919
PPOLag,2020-02-25,10,0.5,0.00283110035783114,0.04091776785418615,6.919
EDF,2020-02-25,10,1.0,-8.881784197001252e-16,-1.2836803290939808e-14,6.919
LLF,2020-02-25,10,1.0,8.881784197001252e-16,1.2836803290939808e-14,6.919
MPC,2020-02-25,10,1.0,0.0,0.0,6.919
PPOLag,2020-02-25,10,1.0,0.004832122173714914,0.06983844737266823,6.919
EDF,2020-02-25,10,2.0,-8.881784197001252e-16,-1.2836803290939808e-14,6.919
LLF,2020-02-25,10,2.0,8.881784197001252e-16,1.2836803290939808e-14,6.919
MPC,2020-02-25,10,2.0,0.0,0.0,6.919
PPOLag,2020-02-25,10,2.0,0.008085885789105341,0.1168649485345475,6.919
EDF,2020-02-25,6,0.5,0.0,0.0,13.548
LLF,2020-02-25,6,0.5,0.0,0.0,13.548
MPC,2020-02-25,6,0.5,0.0,0.0,13.548
PPOLag,2020-02-25,6,0.5,0.004200694719463982,0.031006013577383983,13.548
EDF,2020-02-25,6,1.0,-1.7763568394002505e-15,-1.3111579859759746e-14,13.548
LLF,2020-02-25,6,1.0,0.0,0.0,13.548
MPC,2020-02-25,6,1.0,0.0,0.0,13.548
PPOLag,2020-02-25,6,1.0,0.004631407796552978,0.03418517712247548,13.548
EDF,2020-02-25,6,2.0,-1.7763568394002505e-15,-1.3111579859759746e-14,13.548
LLF,2020-02-25,6,2.0,0.0,0.0,13.548
MPC,2020-02-25,6,2.0,0.0,0.0,13.548
PPOLag,2020-02-25,6,2.0,0.008912313059981969,0.0657832378209475,13.548
EDF,2020-02-25,19,0.5,1.7763568394002505e-15,2.7895050869978807e-14,6.368
LLF,2020-02-25,19,0.5,8.881784197001252e-16,1.3947525434989404e-14,6.368
MPC,2020-02-25,19,0.5,0.0,0.0,6.368
PPOLag,2020-02-25,19,0.5,0.004018850600957613,0.0631100910954399,6.368
EDF,2020-02-25,19,1.0,1.7763568394002505e-15,2.7895050869978807e-14,6.368
LLF,2020-02-25,19,1.0,0.0,0.0,6.368
MPC,2020-02-25,19,1.0,0.0,0.0,6.368
PPOLag,2020-02-25,19,1.0,0.006370552618942149,0.10004008509645335,6.368
EDF,2020-02-25,19,2.0,8.881784197001252e-16,1.3947525434989404e-14,6.368
LLF,2020-02-25,19,2.0,0.0,0.0,6.368
MPC,2020-02-25,19,2.0,0.0,0.0,6.368
PPOLag,2020-02-25,19,2.0,0.008851157389310771,0.1389943057366641,6.368
EDF,2020-02-26,25,0.5,0.0,0.0,3.157
LLF,2020-02-26,25,0.5,0.0,0.0,3.157
MPC,2020-02-26,25,0.5,0.0,0.0,3.157
PPOLag,2020-02-26,25,0.5,0.002285745049482024,0.07240244059176508,3.157
EDF,2020-02-26,25,1.0,0.0,0.0,3.157
LLF,2020-02-26,25,1.0,0.0,0.0,3.157
MPC,2020-02-26,25,1.0,0.0,0.0,3.157
PPOLag,2020-02-26,25,1.0,0.0031560175748267306,0.09996888105247799,3.157
EDF,2020-02-26,25,2.0,0.0,0.0,3.157
LLF,2020-02-26,25,2.0,4.440892098500626e-16,1.4066810574914875e-14,3.157
MPC,2020-02-26,25,2.0,0.0,0.0,3.157
PPOLag,2020-02-26,25,2.0,0.0036711832200505335,0.11628708330853763,3.157
EDF,2020-02-26,36,0.5,0.0,0.0,5.707
LLF,2020-02-26,36,0.5,0.0,0.0,5.707
MPC,2020-02-26,36,0.5,2.6645352591003757e-15,4.66888953758608e-14,5.707
PPOLag,2020-02-26,36,0.5,-0.0015795574255630385,-0.02767754381571822,5.707
EDF,2020-02-26,36,1.0,0.0,0.0,5.707
LLF,2020-02-26,36,1.0,0.0,0.0,5.707
MPC,2020-02-26,36,1.0,1.7763568394002505e-15,3.112593025057386e-14,5.707
PPOLag,2020-02-26,36,1.0,0.0005123805403369986,0.00897810654173819,5.707
EDF,2020-02-26,36,2.0,0.0,0.0,5.707
LLF,2020-02-26,36,2.0,0.0,0.0,5.707
MPC,2020-02-26,36,2.0,2.6645352591003757e-15,4.66888953758608e-14,5.707
PPOLag,2020-02-26,36,2.0,0.003334027994023181,0.05841997536399476,5.707
EDF,2020-02-26,39,0.5,0.0,0.0,14.975999999999999
LLF,2020-02-26,39,0.5,0.0,0.0,14.975999999999999
MPC,2020-02-26,39,0.5,0.0,0.0,14.975999999999999
PPOLag,2020-02-26,39,0.5,0.03008814849853394,0.20090911123486874,14.975999999999999
EDF,2020-02-26,39,1.0,0.0,0.0,14.975999999999999
LLF,2020-02-26,39,1.0,0.0,0.0,14.975999999999999
MPC,2020-02-26,39,1.0,0.0,0.0,14.975999999999999
PPOLag,2020-02-26,39,1.0,0.03845495452880776,0.2567772070566757,14.975999999999999
EDF,2020-02-26,39,2.0,0.0,0.0,14.975999999999999
LLF,2020-02-26,39,2.0,0.0,0.0,14.975999999999999
MPC,2020-02-26,39,2.0,0.0,0.0,14.975999999999999
PPOLag,2020-02-26,39,2.0,0.042969982910156544,0.28692563374837443,14.975999999999999
EDF,2020-02-26,2,0.5,0.0,0.0,3.119
LLF,2020-02-26,2,0.5,0.0,0.0,3.119
MPC,2020-02-26,2,0.5,0.0,0.0,3.119
PPOLag,2020-02-26,2,0.5,0.0010470920223112578,0.03357140180542667,3.119
EDF,2020-02-26,2,1.0,0.0,0.0,3.119
LLF,2020-02-26,2,1.0,0.0,0.0,3.119
MPC,2020-02-26,2,1.0,0.0,0.0,3.119
PPOLag,2020-02-26,2,1.0,0.0012905864607051676,0.04137821291135516,3.119
EDF,2020-02-26,2,2.0,0.0,0.0,3.119
LLF,2020-02-26,2,2.0,0.0,0.0,3.119
MPC,2020-02-26,2,2.0,0.0,0.0,3.119
PPOLag,2020-02-26,2,2.0,0.0007328861655209629,0.023497472443762834,3.119
EDF,2020-02-26,13,0.5,8.881784197001252e-16,1.4955016327666697e-14,5.939
LLF,2020-02-26,13,0.5,8.881784197001252e-16,1.4955016327666697e-14,5.939
MPC,2020-02-26,13,0.5,0.0,0.0,5.939
PPOLag,2020-02-26,13,0.5,-0.0016401946962494307,-0.027617354710379367,5.939
EDF,2020-02-26,13,1.0,0.0,0.0,5.939
LLF,2020-02-26,13,1.0,1.7763568394002505e-15,2.9910032655333395e-14,5.939
MPC,2020-02-26,13,1.0,0.0,0.0,5.939
PPOLag,2020-02-26,13,1.0,-1.601610418084931e-05,-0.0002696767836479153,5.939
EDF,2020-02-26,13,2.0,0.0,0.0,5.939
LLF,2020-02-26,13,2.0,8.881784197001252e-16,1.4955016327666697e-14,5.939
MPC,2020-02-26,13,2.0,8.881784197001252e-16,1.4955016327666697e-14,5.939
PPOLag,2020-02-26,13,2.0,0.0020185829911598674,0.033988600625692325,5.939
EDF,2020-02-27,34,0.5,0.0,0.0,9.559
LLF,2020-02-27,34,0.5,0.0,0.0,9.559
MPC,2020-02-27,34,0.5,0.0,0.0,9.559
PPOLag,2020-02-27,34,0.5,0.007848859767685923,0.08210963246873024,9.559
EDF,2020-02-27,34,1.0,0.0,0.0,9.559
LLF,2020-02-27,34,1.0,0.0,0.0,9.559
MPC,2020-02-27,34,1.0,0.0,0.0,9.559
PPOLag,2020-02-27,34,1.0,0.010853736782509671,0.11354468859200413,9.559
EDF,2020-02-27,34,2.0,0.0,0.0,9.559
LLF,2020-02-27,34,2.0,0.0,0.0,9.559
MPC,2020-02-27,34,2.0,3.552713678800501e-15,3.716616464902711e-14,9.559
PPOLag,2020-02-27,34,2.0,0.011449431210075644,0.11977645370933827,9.559
EDF,2020-02-27,8,0.5,0.0,0.0,4.535
LLF,2020-02-27,8,0.5,0.0,0.0,4.535
MPC,2020-02-27,8,0.5,0.0,0.0,4.535
PPOLag,2020-02-27,8,0.5,0.0034992600796259765,0.07716119249450885,4.535
EDF,2020-02-27,8,1.0,0.0,0.0,4.535
LLF,2020-02-27,8,1.0,0.0,0.0,4.535
MPC,2020-02-27,8,1.0,0.0,0.0,4.535
PPOLag,2020-02-27,8,1.0,0.00541846531541843,0.11948104333888492,4.535
EDF,2020-02-27,8,2.0,0.0,0.0,4.535
LLF,2020-02-27,8,2.0,0.0,0.0,4.535
MPC,2020-02-27,8,2.0,0.0,0.0,4.535
PPOLag,2020-02-27,8,2.0,0.007829184330034522,0.1726391252488318,4.535
EDF,2020-02-27,7,0.5,0.0,0.0,0.723
LLF,2020-02-27,7,0.5,0.0,0.0,0.723
MPC,2020-02-27,7,0.5,0.0,0.0,0.723
PPOLag,2020-02-27,7,0.5,0.0009427384458728927,0.13039259279016496,0.723
EDF,2020-02-27,7,1.0,0.0,0.0,0.723
LLF,2020-02-27,7,1.0,0.0,0.0,0.723
MPC,2020-02-27,7,1.0,0.0,0.0,0.723
PPOLag,2020-02-27,7,1.0,0.0015357561457564727,0.21241440466894507,0.723
EDF,2020-02-27,7,2.0,0.0,0.0,0.723
LLF,2020-02-27,7,2.0,0.0,0.0,0.723
MPC,2020-02-27,7,2.0,0.0,0.0,0.723
PPOLag,2020-02-27,7,2.0,0.002043593829646917,0.28265474822225684,0.723
EDF,2020-02-27,14,0.5,0.0,0.0,13.433
LLF,2020-02-27,14,0.5,0.0,0.0,13.433
MPC,2020-02-27,14,0.5,0.0,0.0,13.433
PPOLag,2020-02-27,14,0.5,0.0006349293973634928,0.004726638854786666,13.433
EDF,2020-02-27,14,1.0,0.0,0.0,13.433
LLF,2020-02-27,14,1.0,0.0,0.0,13.433
MPC,2020-02-27,14,1.0,0.0,0.0,13.433
PPOLag,2020-02-27,14,1.0,0.0008691261119508908,0.0064700819768546925,13.433
EDF,2020-02-27,14,2.0,0.0,0.0,13.433
LLF,2020-02-27,14,2.0,0.0,0.0,13.433
MPC,2020-02-27,14,2.0,-1.7763568394002505e-15,-1.3223828179857445e-14,13.433
PPOLag,2020-02-27,14,2.0,0.0006273282788459511,0.00467005344186668,13.433
EDF,2020-02-27,13,0.5,0.0,0.0,11.05
LLF,2020-02-27,13,0.5,0.0,0.0,11.05
MPC,2020-02-27,13,0.5,0.0,0.0,11.05
PPOLag,2020-02-27,13,0.5,-0.0012139104626065489,-0.01098561504621311,11.05
EDF,2020-02-27,13,1.0,0.0,0.0,11.05
LLF,2020-02-27,13,1.0,-1.7763568394002505e-15,-1.607562750588462e-14,11.05
MPC,2020-02-27,13,1.0,1.7763568394002505e-15,1.607562750588462e-14,11.05
PPOLag,2020-02-27,13,1.0,0.0028721846122639503,0.025992620925465615,11.05
EDF,2020-02-27,13,2.0,0.0,0.0,11.05
LLF,2020-02-27,13,2.0,-1.7763568394002505e-15,-1.607562750588462e-14,11.05
MPC,2020-02-27,13,2.0,1.7763568394002505e-15,1.607562750588462e-14,11.05
PPOLag,2020-02-27,13,2.0,0.003934245611967313,0.035604032687487,11.05
EDF,2020-02-28,5,0.5,0.0,0.0,8.092
LLF,2020-02-28,5,0.5,0.0,0.0,8.092
MPC,2020-02-28,5,0.5,-1.7763568394002505e-15,-2.1952012350472694e-14,8.092
PPOLag,2020-02-28,5,0.5,0.0013516793990056898,0.01670389766443017,8.092
EDF,2020-02-28,5,1.0,0.0,0.0,8.092
LLF,2020-02-28,5,1.0,0.0,0.0,8.092
MPC,2020-02-28,5,1.0,-1.7763568394002505e-15,-2.1952012350472694e-14,8.092
PPOLag,2020-02-28,5,1.0,0.002201095245189677,0.027200880439813106,8.092
EDF,2020-02-28,5,2.0,0.0,0.0,8.092
LLF,2020-02-28,5,2.0,0.0,0.0,8.092
MPC,2020-02-28,5,2.0,-1.7763568394002505e-15,-2.1952012350472694e-14,8.092
PPOLag,2020-02-28,5,2.0,0.002804762920818149,0.03466093574911207,8.092
EDF,2020-02-28,20,0.5,0.0,0.0,4.164
LLF,2020-02-28,20,0.5,0.0,0.0,4.164
MPC,2020-02-28,20,0.5,0.0,0.0,4.164
PPOLag,2020-02-28,20,0.5,0.0018914163797328243,0.04542306387446744,4.164
EDF,2020-02-28,20,1.0,0.0,0.0,4.164
LLF,2020-02-28,20,1.0,0.0,0.0,4.164
MPC,2020-02-28,20,1.0,0.0,0.0,4.164
PPOLag,2020-02-28,20,1.0,0.0026181200499429736,0.06287512127624817,4.164
EDF,2020-02-28,20,2.0,0.0,0.0,4.164
LLF,2020-02-28,20,2.0,0.0,0.0,4.164
MPC,2020-02-28,20,2.0,0.0,0.0,4.164
PPOLag,2020-02-28,20,2.0,0.0032513585848523265,0.07808257888694348,4.164
EDF,2020-02-28,29,0.5,0.0,0.0,7.888
LLF,2020-02-28,29,0.5,0.0,0.0,7.888
MPC,2020-02-28,29,0.5,0.0,0.0,7.888
PPOLag,2020-02-28,29,0.5,0.004967091622401121,0.06297022847871604,7.888
EDF,2020-02-28,29,1.0,0.0,0.0,7.888
LLF,2020-02-28,29,1.0,0.0,0.0,7.888
MPC,2020-02-28,29,1.0,-8.881784197001252e-16,-1.1259868403906254e-14,7.888
PPOLag,2020-02-28,29,1.0,0.005946591604269536,0.07538782459773752,7.888
EDF,2020-02-28,29,2.0,0.0,0.0,7.888
LLF,2020-02-28,29,2.0,0.0,0.0,7.888
MPC,2020-02-28,29,2.0,0.0,0.0,7.888
PPOLag,2020-02-28,29,2.0,0.006048625356447346,0.07668135593873411,7.888
EDF,2020-02-28,33,0.5,0.0,0.0,0.559
LLF,2020-02-28,33,0.5,0.0,0.0,0.559
MPC,2020-02-28,33,0.5,0.0,0.0,0.559
PPOLag,2020-02-28,33,0.5,0.003944139206564423,0.7055705199578572,0.559
EDF,2020-02-28,33,1.0,0.0,0.0,0.559
LLF,2020-02-28,33,1.0,0.0,0.0,0.559
MPC,2020-02-28,33,1.0,0.0,0.0,0.559
PPOLag,2020-02-28,33,1.0,0.007293444545977889,1.304730688010356,0.559
EDF,2020-02-28,33,2.0,0.0,0.0,0.559
LLF,2020-02-28,33,2.0,0.0,0.0,0.559
MPC,2020-02-28,33,2.0,0.0,0.0,0.559
PPOLag,2020-02-28,33,2.0,0.011414663595825547,2.041979176355196,0.559
EDF,2020-02-28,7,0.5,0.0,0.0,11.282
LLF,2020-02-28,7,0.5,0.0,0.0,11.282
MPC,2020-02-28,7,0.5,-1.7763568394002505e-15,-1.5745052644923335e-14,11.282
PPOLag,2020-02-28,7,0.5,0.0011474589699620452,0.010170705282414866,11.282
EDF,2020-02-28,7,1.0,0.0,0.0,11.282
LLF,2020-02-28,7,1.0,0.0,0.0,11.282
MPC,2020-02-28,7,1.0,0.0,0.0,11.282
PPOLag,2020-02-28,7,1.0,0.0019189018876275554,0.017008525860907245,11.282
EDF,2020-02-28,7,2.0,0.0,0.0,11.282
LLF,2020-02-28,7,2.0,0.0,0.0,11.282
MPC,2020-02-28,7,2.0,-1.7763568394002505e-15,-1.5745052644923335e-14,11.282
PPOLag,2020-02-28,7,2.0,0.0024274316047989686,0.021515968842394685,11.282
