method,date,focal,s,gain_kwh,gain_pct,e_i
EDF,2019-11-01,7,0.5,0.0,0.0,8.995
LLF,2019-11-01,7,0.5,0.0,0.0,8.995
MPC,2019-11-01,7,0.5,0.0,0.0,8.995
PPOLag,2019-11-01,7,0.5,0.005101334016473303,0.056712996292087856,8.995
EDF,2019-11-01,7,1.0,-1.7763568394002505e-15,-1.974826947637855e-14,8.995
LLF,2019-11-01,7,1.0,0.0,0.0,8.995
MPC,2019-11-01,7,1.0,0.0,0.0,8.995
PPOLag,2019-11-01,7,1.0,0.009847965059286068,0.10948265769078454,8.995
EDF,2019-11-01,7,2.0,-1.7763568394002505e-15,-1.974826947637855e-14,8.995
LLF,2019-11-01,7,2.0,0.0,0.0,8.995
MPC,2019-11-01,7,2.0,0.0,0.0,8.995
PPOLag,2019-11-01,7,2.0,0.009489468274157887,0.10549714590503487,8.995
EDF,2019-11-01,11,0.5,0.0,0.0,6.514
LLF,2019-11-01,11,0.5,0.0,0.0,6.514
MPC,2019-11-01,11,0.5,0.0,0.0,6.514
PPOLag,2019-11-01,11,0.5,0.008842041986824967,0.13573905414223159,6.514
EDF,2019-11-01,11,1.0,0.0,0.0,6.514
LLF,2019-11-01,11,1.0,0.0,0.0,6.514
MPC,2019-11-01,11,1.0,8.881784197001252e-16,1.363491586889968e-14,6.514
PPOLag,2019-11-01,11,1.0,0.008491245992613018,0.13035379171957348,6.514
EDF,2019-11-01,11,2.0,0.0,0.0,6.514
LLF,2019-11-01,11,2.0,0.0,0.0,6.514
MPC,2019-11-01,11,2.0,1.7763568394002505e-15,2.726983173779936e-14,6.514
PPOLag,2019-11-01,11,2.0,0.007894351418807056,0.1211905345226751,6.514
EDF,2019-11-01,3,0.5,0.0,0.0,13.43
LLF,2019-11-01,3,0.5,0.0,0.0,13.43
MPC,2019-11-01,3,0.5,0.0,0.0,13.43
PPOLag,2019-11-01,3,0.5,0.010093894328674935,0.07515930252177912,13.43
EDF,2019-11-01,3,1.0,0.0,0.0,13.43
LLF,2019-11-01,3,1.0,0.0,0.0,13.43
MPC,2019-11-01,3,1.0,-1.7763568394002505e-15,-1.322678212509494e-14,13.43
PPOLag,2019-11-01,3,1.0,0.013467329461438382,0.10027795578137291,13.43
EDF,2019-11-01,3,2.0,0.0,0.0,13.43
LLF,2019-11-01,3,2.0,0.0,0.0,13.43
MPC,2019-11-01,3,2.0,0.0,0.0,13.43
PPOLag,2019-11-01,3,2.0,0.013044021586636489,0.0971259984112918,13.43
EDF,2019-11-01,35,0.5,0.0,0.0,17.85
LLF,2019-11-01,35,0.5,0.0,0.0,17.85
MPC,2019-11-01,35,0.5,0.0,0.0,17.85
PPOLag,2019-11-01,35,0.5,0.0019118170571125858,0.010710459703711964,17.85
EDF,2019-11-01,35,1.0,3.552713678800501e-15,1.9903157864428575e-14,17.85
LLF,2019-11-01,35,1.0,0.0,0.0,17.85
MPC,2019-11-01,35,1.0,0.0,0.0,17.85
PPOLag,2019-11-01,35,1.0,0.003606384000389795,0.020203831934956833,17.85
EDF,2019-11-01,35,2.0,-3.552713678800501e-15,-1.9903157864428575e-14,17.85
LLF,2019-11-01,35,2.0,0.0,0.0,17.85
MPC,2019-11-01,35,2.0,0.0,0.0,17.85
PPOLag,2019-11-01,35,2.0,0.004143383360258213,0.02321223171013004,17.85
EDF,2019-11-01,21,0.5,0.0,0.0,5.03
LLF,2019-11-01,21,0.5,0.0,0.0,5.03
MPC,2019-11-01,21,0.5,0.24000000000000288,4.771371769383755,5.03
PPOLag,2019-11-01,21,0.5,0.18949054523026448,3.767207658653369,5.03
EDF,2019-11-01,21,1.0,0.0,0.0,5.03
LLF,2019-11-01,21,1.0,0.0,0.0,5.03
MPC,2019-11-01,21,1.0,0.24000000000000288,4.771371769383755,5.03
PPOLag,2019-11-01,21,1.0,0.2636687918048553,5.241924290354976,5.03
EDF,2019-11-01,21,2.0,0.0,0.0,5.03
LLF,2019-11-01,21,2.0,0.0,0.0,5.03
MPC,2019-11-01,21,2.0,0.240000000000002,4.771371769383737,5.03
PPOLag,2019-11-01,21,2.0,0.28913530254797004,5.748216750456661,5.03
EDF,2019-11-04,2,0.5,0.0,0.0,3.204
LLF,2019-11-04,2,0.5,0.0,0.0,3.204
MPC,2019-11-04,2,0.5,-4.440892098500626e-16,-1.3860462230026923e-14,3.204
PPOLag,2019-11-04,2,0.5,0.0003615357249880269,0.011283886547691226,3.204
EDF,2019-11-04,2,1.0,0.0,0.0,3.204
LLF,2019-11-04,2,1.0,0.0,0.0,3.204
MPC,2019-11-04,2,1.0,0.0,0.0,3.204
PPOLag,2019-11-04,2,1.0,0.00022116326199110857,0.006902723532806132,3.204
EDF,2019-11-04,2,2.0,0.0,0.0,3.204
LLF,2019-11-04,2,2.0,0.0,0.0,3.204
MPC,2019-11-04,2,2.0,0.0,0.0,3.204
PPOLag,2019-11-04,2,2.0,0.0028841054329434178,0.09001577506065599,3.204
EDF,2019-11-04,32,0.5,0.0,0.0,1.448
LLF,2019-11-04,32,0.5,0.0,0.0,1.448
MPC,2019-11-04,32,0.5,0.0,0.0,1.448
PPOLag,2019-11-04,32,0.5,0.24236512005689742,16.737922655863088,1.448
EDF,2019-11-04,32,1.0,0.0,0.0,1.448
LLF,2019-11-04,32,1.0,0.0,0.0,1.448
MPC,2019-11-04,32,1.0,0.0,0.0,1.448
PPOLag,2019-11-04,32,1.0,0.25884961180326715,17.876354406302983,1.448
EDF,2019-11-04,32,2.0,-2.220446049250313e-16,-1.5334572163330892e-14,1.448
LLF,2019-11-04,32,2.0,2.220446049250313e-16,1.5334572163330892e-14,1.448
MPC,2019-11-04,32,2.0,0.0,0.0,1.448
PPOLag,2019-11-04,32,2.0,0.27272019537690984,18.834267636526924,1.448
EDF,2019-11-04,4,0.5,0.0,0.0,4.664
LLF,2019-11-04,4,0.5,0.0,0.0,4.664
MPC,2019-11-04,4,0.5,0.0,0.0,4.664
PPOLag,2019-11-04,4,0.5,0.01200287042446586,0.25735142419523716,4.664
EDF,2019-11-04,4,1.0,0.0,0.0,4.664
LLF,2019-11-04,4,1.0,0.0,0.0,4.664
MPC,2019-11-04,4,1.0,0.0,0.0,4.664
PPOLag,2019-11-04,4,1.0,0.021221716925607127,0.4550110833106159,4.664
EDF,2019-11-04,4,2.0,0.0,0.0,4.664
LLF,2019-11-04,4,2.0,0.0,0.0,4.664
MPC,2019-11-04,4,2.0,0.0,0.0,4.664
PPOLag,2019-11-04,4,2.0,0.031541906191163,0.6762844380609562,4.664
EDF,2019-11-04,3,0.5,3.784500000000005,8.740790354989965,43.297
LLF,2019-11-04,3,0.5,3.896250000000002,8.998891378155536,43.297
MPC,2019-11-04,3,0.5,3.2985000000000007,7.618310737464491,43.297
PPOLag,2019-11-04,3,0.5,3.676677806048589,8.491761105962514,43.297
EDF,2019-11-04,3,1.0,3.784500000000005,8.740790354989965,43.297
LLF,2019-11-04,3,1.0,4.84999999999998,11.201699886828141,43.297
MPC,2019-11-04,3,1.0,3.8302499999999746,8.846455874540904,43.297
PPOLag,2019-11-04,3,1.0,6.829224724349864,15.772974396262706,43.297
EDF,2019-11-04,3,2.0,3.784500000000005,8.740790354989965,43.297
LLF,2019-11-04,3,2.0,4.84999999999998,11.201699886828141,43.297
MPC,2019-11-04,3,2.0,4.754000000000001,10.979975517934273,43.297
PPOLag,2019-11-04,3,2.0,7.728754263920235,17.8505537656656,43.297
EDF,2019-11-04,28,0.5,0.0,0.0,11.664
LLF,2019-11-04,28,0.5,1.6639999999999997,14.266117969821671,11.664
MPC,2019-11-04,28,0.5,-0.7455000000000016,-6.391460905349808,11.664
PPOLag,2019-11-04,28,0.5,1.14606137115145,9.825629039364284,11.664
EDF,2019-11-04,28,1.0,0.0,0.0,11.664
LLF,2019-11-04,28,1.0,1.6800000000000015,14.403292181069972,11.664
MPC,2019-11-04,28,1.0,0.5997499999999993,5.14188957475994,11.664
PPOLag,2019-11-04,28,1.0,1.3530679864834394,11.600377113198212,11.664
EDF,2019-11-04,28,2.0,0.0,0.0,11.664
LLF,2019-11-04,28,2.0,1.6800000000000015,14.403292181069972,11.664
MPC,2019-11-04,28,2.0,6.473749999999999,55.501971879286685,11.664
PPOLag,2019-11-04,28,2.0,1.390287605357355,11.919475354572661,11.664
EDF,2019-11-05,4,0.5,0.0,0.0,5.518
LLF,2019-11-05,4,0.5,0.0,0.0,5.518
MPC,2019-11-05,4,0.5,0.0,0.0,5.518
PPOLag,2019-11-05,4,0.5,0.004763048305967565,0.08631838176816901,5.518
EDF,2019-11-05,4,1.0,0.0,0.0,5.518
LLF,2019-11-05,4,1.0,0.0,0.0,5.518
MPC,2019-11-05,4,1.0,0.0,0.0,5.518
PPOLag,2019-11-05,4,1.0,0.007973997058080684,0.14450882671403922,5.518
EDF,2019-11-05,4,2.0,0.0,0.0,5.518
LLF,2019-11-05,4,2.0,0.0,0.0,5.518
MPC,2019-11-05,4,2.0,0.0,0.0,5.518
PPOLag,2019-11-05,4,2.0,0.009432048880706922,0.17093238276018344,5.518
EDF,2019-11-05,13,0.5,0.0,0.0,6.652
LLF,2019-11-05,13,0.5,0.0,0.0,6.652
MPC,2019-11-05,13,0.5,-8.881784197001252e-16,-1.335205080727789e-14,6.652
PPOLag,2019-11-05,13,0.5,0.0054704351379093906,0.08223744945744725,6.652
EDF,2019-11-05,13,1.0,0.0,0.0,6.652
LLF,2019-11-05,13,1.0,0.0,0.0,6.652
MPC,2019-11-05,13,1.0,-8.881784197001252e-16,-1.335205080727789e-14,6.652
PPOLag,2019-11-05,13,1.0,0.008719608769448328,0.13108251307047997,6.652
EDF,2019-11-05,13,2.0,0.0,0.0,6.652
LLF,2019-11-05,13,2.0,0.0,0.0,6.652
MPC,2019-11-05,13,2.0,-1.7763568394002505e-15,-2.670410161455578e-14,6.652
PPOLag,2019-11-05,13,2.0,0.011431958897778571,0.17185746990045958,6.652
EDF,2019-11-05,7,0.5,-3.552713678800501e-15,-2.0437862732557677e-14,17.383
LLF,2019-11-05,7,0.5,0.0,0.0,17.383
MPC,2019-11-05,7,0.5,3.552713678800501e-15,2.0437862732557677e-14,17.383
PPOLag,2019-11-05,7,0.5,0.29318969755417895,1.6866461344657366,17.383
EDF,2019-11-05,7,1.0,0.0,0.0,17.383
LLF,2019-11-05,7,1.0,0.0,0.0,17.383
MPC,2019-11-05,7,1.0,0.0,0.0,17.383
PPOLag,2019-11-05,7,1.0,0.38692166221575375,2.2258624070399455,17.383
EDF,2019-11-05,7,2.0,0.0,0.0,17.383
LLF,2019-11-05,7,2.0,-3.552713678800501e-15,-2.0437862732557677e-14,17.383
MPC,2019-11-05,7,2.0,0.0,0.0,17.383
PPOLag,2019-11-05,7,2.0,0.3983831235900901,2.291797293850832,17.383
EDF,2019-11-05,26,0.5,0.0,0.0,6.564
LLF,2019-11-05,26,0.5,1.7382500000000007,26.48156611822061,6.564
MPC,2019-11-05,26,0.5,3.555500000000073,54.16666666666779,6.564
PPOLag,2019-11-05,26,0.5,0.7333733496734576,11.17265919673153,6.564
EDF,2019-11-05,26,1.0,0.0,0.0,6.564
LLF,2019-11-05,26,1.0,1.7382500000000007,26.48156611822061,6.564
MPC,2019-11-05,26,1.0,3.555500000000074,54.166666666667794,6.564
PPOLag,2019-11-05,26,1.0,1.1145192182443193,16.979269016519183,6.564
EDF,2019-11-05,26,2.0,0.0,0.0,6.564
LLF,2019-11-05,26,2.0,1.7382499999999999,26.481566118220595,6.564
MPC,2019-11-05,26,2.0,3.5555000000000723,54.166666666667766,6.564
PPOLag,2019-11-05,26,2.0,1.315292685939355,20.03797510571839,6.564
EDF,2019-11-05,18,0.5,1.7763568394002505e-15,1.530154913774012e-14,11.609
LLF,2019-11-05,18,0.5,1.7777499999999797,15.313549832026702,11.609
MPC,2019-11-05,18,0.5,-1.7763568394002505e-15,-1.530154913774012e-14,11.609
PPOLag,2019-11-05,18,0.5,2.1053596633793097,18.135581560679732,11.609
EDF,2019-11-05,18,1.0,0.0,0.0,11.609
LLF,2019-11-05,18,1.0,1.777749999999978,15.313549832026686,11.609
MPC,2019-11-05,18,1.0,0.0,0.0,11.609
PPOLag,2019-11-05,18,1.0,2.2184735868335985,19.109945618344376,11.609
EDF,2019-11-05,18,2.0,1.7763568394002505e-15,1.530154913774012e-14,11.609
LLF,2019-11-05,18,2.0,1.777749999999978,15.313549832026686,11.609
MPC,2019-11-05,18,2.0,0.0,0.0,11.609
PPOLag,2019-11-05,18,2.0,2.2747285672266755,19.594526378040104,11.609
EDF,2019-11-06,15,0.5,0.0,0.0,4.137
LLF,2019-11-06,15,0.5,0.0,0.0,4.137
MPC,2019-11-06,15,0.5,0.0,0.0,4.137
PPOLag,2019-11-06,15,0.5,0.0022947956286358817,0.05547004178476872,4.137
EDF,2019-11-06,15,1.0,0.0,0.0,4.137
LLF,2019-11-06,15,1.0,0.0,0.0,4.137
MPC,2019-11-06,15,1.0,0.0,0.0,4.137
PPOLag,2019-11-06,15,1.0,0.0029315749349139606,0.07086233828653521,4.137
EDF,2019-11-06,15,2.0,0.0,0.0,4.137
LLF,2019-11-06,15,2.0,0.0,0.0,4.137
MPC,2019-11-06,15,2.0,0.0,0.0,4.137
PPOLag,2019-11-06,15,2.0,0.002961943075470863,0.0715964001805865,4.137
EDF,2019-11-06,1,0.5,0.0,0.0,0.892
LLF,2019-11-06,1,0.5,0.0,0.0,0.892
MPC,2019-11-06,1,0.5,0.0,0.0,0.892
PPOLag,2019-11-06,1,0.5,0.00041554496995621637,0.04658575896370139,0.892
EDF,2019-11-06,1,1.0,0.0,0.0,0.892
LLF,2019-11-06,1,1.0,0.0,0.0,0.892
MPC,2019-11-06,1,1.0,0.0,0.0,0.892
PPOLag,2019-11-06,1,1.0,4.7326147762905e-05,0.005305621946514005,0.892
EDF,2019-11-06,1,2.0,0.0,0.0,0.892
LLF,2019-11-06,1,2.0,0.0,0.0,0.892
MPC,2019-11-06,1,2.0,0.0,0.0,0.892
PPOLag,2019-11-06,1,2.0,-0.0018033897702909307,-0.2021737410640057,0.892
EDF,2019-11-06,20,0.5,0.0,0.0,11.841
LLF,2019-11-06,20,0.5,0.0,0.0,11.841
MPC,2019-11-06,20,0.5,-1.7763568394002505e-15,-1.5001746806859644e-14,11.841
PPOLag,2019-11-06,20,0.5,0.034520353487271296,0.2915324169180922,11.841
EDF,2019-11-06,20,1.0,0.0,0.0,11.841
LLF,2019-11-06,20,1.0,1.7763568394002505e-15,1.5001746806859644e-14,11.841
MPC,2019-11-06,20,1.0,-3.552713678800501e-15,-3.000349361371929e-14,11.841
PPOLag,2019-11-06,20,1.0,0.04094696963819757,0.3458066855687659,11.841
EDF,2019-11-06,20,2.0,1.7763568394002505e-15,1.5001746806859644e-14,11.841
LLF,2019-11-06,20,2.0,1.7763568394002505e-15,1.5001746806859644e-14,11.841
MPC,2019-11-06,20,2.0,-1.7763568394002505e-15,-1.5001746806859644e-14,11.841
PPOLag,2019-11-06,20,2.0,0.048197689762929485,0.4070407040193353,11.841
EDF,2019-11-06,6,0.5,-3.552713678800501e-15,-2.179980167393079e-14,16.297
LLF,2019-11-06,6,0.5,3.552713678800501e-15,2.179980167393079e-14,16.297
MPC,2019-11-06,6,0.5,0.0,0.0,16.297
PPOLag,2019-11-06,6,0.5,-0.0012141915432316353,-0.007450399111687029,16.297
EDF,2019-11-06,6,1.0,-3.552713678800501e-15,-2.179980167393079e-14,16.297
LLF,2019-11-06,6,1.0,0.0,0.0,16.297
MPC,2019-11-06,6,1.0,-7.105427357601002e-15,-4.359960334786158e-14,16.297
PPOLag,2019-11-06,6,1.0,0.0015908157338436978,0.009761402306214013,16.297
EDF,2019-11-06,6,2.0,-3.552713678800501e-15,-2.179980167393079e-14,16.297
LLF,2019-11-06,6,2.0,0.0,0.0,16.297
MPC,2019-11-06,6,2.0,-3.552713678800501e-15,-2.179980167393079e-14,16.297
PPOLag,2019-11-06,6,2.0,-5.8245584298788344e-05,-0.0003574006522598525,16.297
EDF,2019-11-06,16,0.5,0.0,0.0,7.893
LLF,2019-11-06,16,0.5,0.0,0.0,7.893
MPC,2019-11-06,16,0.5,-1.7763568394002505e-15,-2.2505471169393773e-14,7.893
PPOLag,2019-11-06,16,0.5,0.001341255960283938,0.0169929806193328,7.893
EDF,2019-11-06,16,1.0,0.0,0.0,7.893
LLF,2019-11-06,16,1.0,0.0,0.0,7.893
MPC,2019-11-06,16,1.0,-8.881784197001252e-16,-1.1252735584696886e-14,7.893
PPOLag,2019-11-06,16,1.0,0.0027131924285885844,0.034374666522090265,7.893
EDF,2019-11-06,16,2.0,0.0,0.0,7.893
LLF,2019-11-06,16,2.0,0.0,0.0,7.893
MPC,2019-11-06,16,2.0,0.0,0.0,7.893
PPOLag,2019-11-06,16,2.0,0.003328187170989061,0.0421663140882942,7.893
EDF,2019-11-07,19,0.5,0.0,0.0,0.839
LLF,2019-11-07,19,0.5,0.0,0.0,0.839
MPC,2019-11-07,19,0.5,0.0,0.0,0.839
PPOLag,2019-11-07,19,0.5,0.002921913936356213,0.34826149420217084,0.839
EDF,2019-11-07,19,1.0,0.0,0.0,0.839
LLF,2019-11-07,19,1.0,0.0,0.0,0.839
MPC,2019-11-07,19,1.0,0.0,0.0,0.839
PPOLag,2019-11-07,19,1.0,0.00439756606424444,0.524143750207919,0.839
EDF,2019-11-07,19,2.0,0.0,0.0,0.839
LLF,2019-11-07,19,2.0,0.0,0.0,0.839
MPC,2019-11-07,19,2.0,0.0,0.0,0.839
PPOLag,2019-11-07,19,2.0,0.005318913816326765,0.633958738537159,0.839
EDF,2019-11-07,15,0.5,0.0,0.0,4.535
LLF,2019-11-07,15,0.5,0.0,0.0,4.535
MPC,2019-11-07,15,0.5,0.0,0.0,4.535
PPOLag,2019-11-07,15,0.5,0.16894124104529773,3.725275436500501,4.535
EDF,2019-11-07,15,1.0,0.0,0.0,4.535
LLF,2019-11-07,15,1.0,0.0,0.0,4.535
MPC,2019-11-07,15,1.0,0.0,0.0,4.535
PPOLag,2019-11-07,15,1.0,0.2911381847904824,6.419805618312731,4.535
EDF,2019-11-07,15,2.0,-8.881784197001252e-16,-1.9584970665934403e-14,4.535
LLF,2019-11-07,15,2.0,0.0,0.0,4.535
MPC,2019-11-07,15,2.0,0.0,0.0,4.535
PPOLag,2019-11-07,15,2.0,0.3253898947315353,7.175080368942344,4.535
EDF,2019-11-07,5,0.5,0.0,0.0,10.459
LLF,2019-11-07,5,0.5,0.0,0.0,10.459
MPC,2019-11-07,5,0.5,-1.7763568394002505e-15,-1.6984002671385894e-14,10.459
PPOLag,2019-11-07,5,0.5,0.004014912370053736,0.03838715336125572,10.459
EDF,2019-11-07,5,1.0,0.0,0.0,10.459
LLF,2019-11-07,5,1.0,0.0,0.0,10.459
MPC,2019-11-07,5,1.0,-1.7763568394002505e-15,-1.6984002671385894e-14,10.459
PPOLag,2019-11-07,5,1.0,0.006535167262057939,0.06248367207245377,10.459
EDF,2019-11-07,5,2.0,0.0,0.0,10.459
LLF,2019-11-07,5,2.0,0.0,0.0,10.459
MPC,2019-11-07,5,2.0,0.0,0.0,10.459
PPOLag,2019-11-07,5,2.0,0.008556762487449987,0.08181243414714588,10.459
EDF,2019-11-07,41,0.5,1.8312499999999936,10.00464379370626,18.304
LLF,2019-11-07,41,0.5,0.0,0.0,18.304
MPC,2019-11-07,41,0.5,0.0,0.0,18.304
PPOLag,2019-11-07,41,0.5,0.09409757491740223,0.5140820307987448,18.304
EDF,2019-11-07,41,1.0,1.9974999999999916,10.912915209790164,18.304
LLF,2019-11-07,41,1.0,0.0,0.0,18.304
MPC,2019-11-07,41,1.0,0.0,0.0,18.304
PPOLag,2019-11-07,41,1.0,0.14835087664068142,0.8104833732554709,18.304
EDF,2019-11-07,41,2.0,1.9974999999999916,10.912915209790164,18.304
LLF,2019-11-07,41,2.0,0.0,0.0,18.304
MPC,2019-11-07,41,2.0,0.0,0.0,18.304
PPOLag,2019-11-07,41,2.0,0.19513563270028414,1.0660819094202587,18.304
EDF,2019-11-07,24,0.5,0.0,0.0,0.991
LLF,2019-11-07,24,0.5,0.0,0.0,0.991
MPC,2019-11-07,24,0.5,0.0,0.0,0.991
PPOLag,2019-11-07,24,0.5,0.0017508983343190953,0.17667995300899048,0.991
EDF,2019-11-07,24,1.0,-1.1102230246251565e-16,-1.1203057766146887e-14,0.991
LLF,2019-11-07,24,1.0,0.0,0.0,0.991
MPC,2019-11-07,24,1.0,0.0,0.0,0.991
PPOLag,2019-11-07,24,1.0,0.0027608754839921535,0.2785949025219126,0.991
EDF,2019-11-07,24,2.0,-1.1102230246251565e-16,-1.1203057766146887e-14,0.991
LLF,2019-11-07,24,2.0,0.0,0.0,0.991
MPC,2019-11-07,24,2.0,0.0,0.0,0.991
PPOLag,2019-11-07,24,2.0,0.00296975179355341,0.29967222942012206,0.991
EDF,2019-11-08,9,0.5,0.0,0.0,42.376
LLF,2019-11-08,9,0.5,1.9965000000000046,4.71139324145744,42.376
MPC,2019-11-08,9,0.5,3.7146230555555775,8.765865243429246,42.376
PPOLag,2019-11-08,9,0.5,0.11433305832850138,0.269806159921893,42.376
EDF,2019-11-08,9,1.0,-7.105427357601002e-15,-1.676757447045734e-14,42.376
LLF,2019-11-08,9,1.0,3.32800000000001,7.853501982254129,42.376
MPC,2019-11-08,9,1.0,9.106499999999969,21.48975835378509,42.376
PPOLag,2019-11-08,9,1.0,0.187345804192023,0.44210355907122667,42.376
EDF,2019-11-08,9,2.0,-1.4210854715202004e-14,-3.353514894091468e-14,42.376
LLF,2019-11-08,9,2.0,3.660500000000006,8.638144232584498,42.376
MPC,2019-11-08,9,2.0,9.605249999999991,22.666721729280706,42.376
PPOLag,2019-11-08,9,2.0,0.26711803853387933,0.6303521770197266,42.376
EDF,2019-11-08,28,0.5,0.0,0.0,8.059
LLF,2019-11-08,28,0.5,1.837749999999998,22.80369772924678,8.059
MPC,2019-11-08,28,0.5,1.4029999999999996,17.40910782975555,8.059
PPOLag,2019-11-08,28,0.5,0.016967477508367246,0.21054073096373305,8.059
EDF,2019-11-08,28,1.0,0.0,0.0,8.059
LLF,2019-11-08,28,1.0,1.837749999999998,22.80369772924678,8.059
MPC,2019-11-08,28,1.0,1.4029999999999996,17.40910782975555,8.059
PPOLag,2019-11-08,28,1.0,0.0325571140793409,0.4039845400091934,8.059
EDF,2019-11-08,28,2.0,0.0,0.0,8.059
LLF,2019-11-08,28,2.0,1.837749999999998,22.80369772924678,8.059
MPC,2019-11-08,28,2.0,1.4029999999999996,17.40910782975555,8.059
PPOLag,2019-11-08,28,2.0,0.03580644402294553,0.44430380969035277,8.059
EDF,2019-11-08,29,0.5,7.2884999999999955,16.846569896449697,43.263999999999996
LLF,2019-11-08,29,0.5,1.9965000000000046,4.614691198224863,43.263999999999996
MPC,2019-11-08,29,0.5,1.4977499999999981,3.461885170118339,43.263999999999996
PPOLag,2019-11-08,29,0.5,0.09199402858099433,0.21263412671272727,43.263999999999996
EDF,2019-11-08,29,1.0,20.800750000000008,48.0786566198225,43.263999999999996
LLF,2019-11-08,29,1.0,3.660500000000006,8.460845044378713,43.263999999999996
MPC,2019-11-08,29,1.0,-1.2822500000000012,-2.963780510355033,43.263999999999996
PPOLag,2019-11-08,29,1.0,0.1515279549581628,0.35024028050610856,43.263999999999996
EDF,2019-11-08,29,2.0,34.44525000000002,79.61642474112432,43.263999999999996
LLF,2019-11-08,29,2.0,4.9920000000000115,11.538461538461567,43.263999999999996
MPC,2019-11-08,29,2.0,0.714249999999998,1.6509106878698183,43.263999999999996
PPOLag,2019-11-08,29,2.0,0.21522403768359127,0.4974668030778274,43.263999999999996
EDF,2019-11-08,8,0.5,-3.552713678800501e-15,-1.1138430144220282e-14,31.896
LLF,2019-11-08,8,0.5,0.0,0.0,31.896
MPC,2019-11-08,8,0.5,1.5737499999999969,4.934004263857527,31.896
PPOLag,2019-11-08,8,0.5,0.054353541769287264,0.17040864612894174,31.896
EDF,2019-11-08,8,1.0,-3.552713678800501e-15,-1.1138430144220282e-14,31.896
LLF,2019-11-08,8,1.0,0.0,0.0,31.896
MPC,2019-11-08,8,1.0,1.5737499999999969,4.934004263857527,31.896
PPOLag,2019-11-08,8,1.0,0.09113398510600064,0.2857223009342884,31.896
EDF,2019-11-08,8,2.0,-3.552713678800501e-15,-1.1138430144220282e-14,31.896
LLF,2019-11-08,8,2.0,0.0,0.0,31.896
MPC,2019-11-08,8,2.0,1.5737499999999969,4.934004263857527,31.896
PPOLag,2019-11-08,8,2.0,0.13384470408376856,0.41962849286358345,31.896
EDF,2019-11-08,23,0.5,0.0,0.0,4.123
LLF,2019-11-08,23,0.5,0.0,0.0,4.123
MPC,2019-11-08,23,0.5,0.0,0.0,4.123
PPOLag,2019-11-08,23,0.5,0.009182894426436317,0.22272360966374766,4.123
EDF,2019-11-08,23,1.0,0.0,0.0,4.123
LLF,2019-11-08,23,1.0,0.0,0.0,4.123
MPC,2019-11-08,23,1.0,0.0,0.0,4.123
PPOLag,2019-11-08,23,1.0,0.017641833656138584,0.427888276889124,4.123
EDF,2019-11-08,23,2.0,0.0,0.0,4.123
LLF,2019-11-08,23,2.0,0.0,0.0,4.123
MPC,2019-11-08,23,2.0,0.0,0.0,4.123
PPOLag,2019-11-08,23,2.0,0.025118327843523323,0.6092245414388388,4.123
EDF,2019-11-11,6,0.5,0.1775000000000002,3.4940944881889804,5.08
LLF,2019-11-11,6,0.5,1.4977500000000004,29.48326771653544,5.08
MPC,2019-11-11,6,0.5,0.8034999999999988,15.816929133858244,5.08
PPOLag,2019-11-11,6,0.5,0.42750243268498167,8.4154022182083,5.08
EDF,2019-11-11,6,1.0,0.1775000000000002,3.4940944881889804,5.08
LLF,2019-11-11,6,1.0,1.4977500000000004,29.48326771653544,5.08
MPC,2019-11-11,6,1.0,0.8034999999999988,15.816929133858244,5.08
PPOLag,2019-11-11,6,1.0,0.46992527010304547,9.250497442973337,5.08
EDF,2019-11-11,6,2.0,0.1775000000000002,3.4940944881889804,5.08
LLF,2019-11-11,6,2.0,2.084499999999999,41.03346456692911,5.08
MPC,2019-11-11,6,2.0,0.8034999999999988,15.816929133858244,5.08
PPOLag,2019-11-11,6,2.0,0.4717695803492541,9.286802762780592,5.08
EDF,2019-11-11,1,0.5,0.0,0.0,3.923
LLF,2019-11-11,1,0.5,0.0,0.0,3.923
MPC,2019-11-11,1,0.5,0.0,0.0,3.923
PPOLag,2019-11-11,1,0.5,0.02457162280289422,0.6263477645397456,3.923
EDF,2019-11-11,1,1.0,0.0,0.0,3.923
LLF,2019-11-11,1,1.0,0.0,0.0,3.923
MPC,2019-11-11,1,1.0,1.4977499999999997,38.17868977823094,3.923
PPOLag,2019-11-11,1,1.0,0.04546752301283874,1.1589988022645614,3.923
EDF,2019-11-11,1,2.0,0.0,0.0,3.923
LLF,2019-11-11,1,2.0,0.0,0.0,3.923
MPC,2019-11-11,1,2.0,2.2590000000000003,57.583482029059404,3.923
PPOLag,2019-11-11,1,2.0,0.09731114302269708,2.4805287540835352,3.923
EDF,2019-11-11,8,0.5,0.0,0.0,16.748
LLF,2019-11-11,8,0.5,0.7729999999999979,4.615476474802948,16.748
MPC,2019-11-11,8,0.5,0.27825000000000344,1.6613924050633115,16.748
PPOLag,2019-11-11,8,0.5,0.0026713294646761197,0.0159501401043475,16.748
EDF,2019-11-11,8,1.0,0.0,0.0,16.748
LLF,2019-11-11,8,1.0,0.773000000000005,4.615476474802991,16.748
MPC,2019-11-11,8,1.0,0.27825000000000344,1.6613924050633115,16.748
PPOLag,2019-11-11,8,1.0,0.0021898814330519657,0.013075480254669009,16.748
EDF,2019-11-11,8,2.0,-3.552713678800501e-15,-2.121276378552962e-14,16.748
LLF,2019-11-11,8,2.0,0.7730000000000015,4.61547647480297,16.748
MPC,2019-11-11,8,2.0,0.27825000000000344,1.6613924050633115,16.748
PPOLag,2019-11-11,8,2.0,0.003159082204253849,0.018862444496380755,16.748
EDF,2019-11-11,9,0.5,0.0,0.0,2.351
LLF,2019-11-11,9,0.5,0.0,0.0,2.351
MPC,2019-11-11,9,0.5,0.0,0.0,2.351
PPOLag,2019-11-11,9,0.5,0.009775310075745614,0.41579370802831195,2.351
EDF,2019-11-11,9,1.0,0.0,0.0,2.351
LLF,2019-11-11,9,1.0,0.0,0.0,2.351
MPC,2019-11-11,9,1.0,0.0,0.0,2.351
PPOLag,2019-11-11,9,1.0,0.017089530609402902,0.7269047473161592,2.351
EDF,2019-11-11,9,2.0,0.0,0.0,2.351
LLF,2019-11-11,9,2.0,0.0,0.0,2.351
MPC,2019-11-11,9,2.0,0.0,0.0,2.351
PPOLag,2019-11-11,9,2.0,0.02065462439167831,0.8785463373746623,2.351
EDF,2019-11-11,14,0.5,0.0,0.0,44.298
LLF,2019-11-11,14,0.5,3.033999999999999,6.849067677999003,44.298
MPC,2019-11-11,14,0.5,4.09024999999999,9.233486839134928,44.298
PPOLag,2019-11-11,14,0.5,1.727335645399711,3.899353572169649,44.298
EDF,2019-11-11,14,1.0,0.880463859014009,1.9875928010610162,44.298
LLF,2019-11-11,14,1.0,4.43399999999999,10.009481240688046,44.298
MPC,2019-11-11,14,1.0,2.3472499999999954,5.2987719535870585,44.298
PPOLag,2019-11-11,14,1.0,2.6650748549822665,6.016241940905383,44.298
EDF,2019-11-11,14,2.0,10.439963859014012,23.567573838579648,44.298
LLF,2019-11-11,14,2.0,5.190999999999981,11.71836200279918,44.298
MPC,2019-11-11,14,2.0,6.258749999999978,14.128741703914345,44.298
PPOLag,2019-11-11,14,2.0,3.386582535357499,7.6450009827926735,44.298
EDF,2019-11-12,29,0.5,0.0,0.0,1.94
LLF,2019-11-12,29,0.5,0.0,0.0,1.94
MPC,2019-11-12,29,0.5,0.0,0.0,1.94
PPOLag,2019-11-12,29,0.5,0.008917303155989398,0.45965480185512364,1.94
EDF,2019-11-12,29,1.0,0.0,0.0,1.94
LLF,2019-11-12,29,1.0,0.0,0.0,1.94
MPC,2019-11-12,29,1.0,0.0,0.0,1.94
PPOLag,2019-11-12,29,1.0,0.013804776201535196,0.7115864021409896,1.94
EDF,2019-11-12,29,2.0,0.0,0.0,1.94
LLF,2019-11-12,29,2.0,0.0,0.0,1.94
MPC,2019-11-12,29,2.0,0.0,0.0,1.94
PPOLag,2019-11-12,29,2.0,0.013730352691332381,0.7077501387284733,1.94
EDF,2019-11-12,8,0.5,0.0,0.0,10.911
LLF,2019-11-12,8,0.5,0.9270000000000014,8.496013197690417,10.911
MPC,2019-11-12,8,0.5,1.3042499999999988,11.95353313170194,10.911
PPOLag,2019-11-12,8,0.5,1.0098287061774598,9.255143489849326,10.911
EDF,2019-11-12,8,1.0,0.0,0.0,10.911
LLF,2019-11-12,8,1.0,0.9270000000000014,8.496013197690417,10.911
MPC,2019-11-12,8,1.0,-0.011750000000001037,-0.10768948767300007,10.911
PPOLag,2019-11-12,8,1.0,1.316776100659143,12.068335630640117,10.911
EDF,2019-11-12,8,2.0,1.7763568394002505e-15,1.628042195399368e-14,10.911
LLF,2019-11-12,8,2.0,0.9270000000000014,8.496013197690417,10.911
MPC,2019-11-12,8,2.0,4.421250000000002,40.52103381908168,10.911
PPOLag,2019-11-12,8,2.0,1.5183342842194456,13.915629036930124,10.911
EDF,2019-11-12,10,0.5,0.0,0.0,16.15
LLF,2019-11-12,10,0.5,2.3737499999999994,14.698142414860678,16.15
MPC,2019-11-12,10,0.5,1.6640000000000001,10.30340557275542,16.15
PPOLag,2019-11-12,10,0.5,2.823531387009142,17.483166483028747,16.15
EDF,2019-11-12,10,1.0,0.0,0.0,16.15
LLF,2019-11-12,10,1.0,3.494249999999999,21.636222910216713,16.15
MPC,2019-11-12,10,1.0,4.8345,29.934984520123844,16.15
PPOLag,2019-11-12,10,1.0,4.727056587903843,29.269700234698725,16.15
EDF,2019-11-12,10,2.0,-3.552713678800501e-15,-2.1998227113315797e-14,16.15
LLF,2019-11-12,10,2.0,7.821249999999999,48.42879256965944,16.15
MPC,2019-11-12,10,2.0,7.2095,44.64086687306502,16.15
PPOLag,2019-11-12,10,2.0,5.841433254375491,36.16986535217022,16.15
EDF,2019-11-12,21,0.5,11.8915,71.84762250015106,16.551
LLF,2019-11-12,21,0.5,1.497749999999999,9.049302156969361,16.551
MPC,2019-11-12,21,0.5,0.24350000000000094,1.4712101987795358,16.551
PPOLag,2019-11-12,21,0.5,2.9805148616626416,18.008065142061756,16.551
EDF,2019-11-12,21,1.0,11.891499999999997,71.84762250015103,16.551
LLF,2019-11-12,21,1.0,2.3737499999999985,14.34203371397498,16.551
MPC,2019-11-12,21,1.0,0.24350000000000094,1.4712101987795358,16.551
PPOLag,2019-11-12,21,1.0,5.529791942245192,33.41062136574946,16.551
EDF,2019-11-12,21,2.0,11.891499999999997,71.84762250015103,16.551
LLF,2019-11-12,21,2.0,7.408749999999997,44.763156304754986,16.551
MPC,2019-11-12,21,2.0,0.24350000000000094,1.4712101987795358,16.551
PPOLag,2019-11-12,21,2.0,7.031550658878183,42.48414391201851,16.551
EDF,2019-11-12,12,0.5,4.440892098500626e-16,2.3927220358300785e-14,1.856
LLF,2019-11-12,12,0.5,0.0,0.0,1.856
MPC,2019-11-12,12,0.5,-0.19200000000000017,-10.344827586206906,1.856
PPOLag,2019-11-12,12,0.5,0.1537140562315495,8.282007340061934,1.856
EDF,2019-11-12,12,1.0,0.0,0.0,1.856
LLF,2019-11-12,12,1.0,0.0,0.0,1.856
MPC,2019-11-12,12,1.0,0.16625,8.957435344827585,1.856
PPOLag,2019-11-12,12,1.0,0.20017403995094912,10.7852392214951,1.856
EDF,2019-11-12,12,2.0,0.0,0.0,1.856
LLF,2019-11-12,12,2.0,1.6639999999999997,89.65517241379308,1.856
MPC,2019-11-12,12,2.0,0.5307499999999997,28.596443965517228,1.856
PPOLag,2019-11-12,12,2.0,0.6077911678327567,32.747368956506286,1.856
EDF,2019-11-13,29,0.5,0.0,0.0,4.142
LLF,2019-11-13,29,0.5,0.0,0.0,4.142
MPC,2019-11-13,29,0.5,0.0,0.0,4.142
PPOLag,2019-11-13,29,0.5,0.005484715726767853,0.13241708659507123,4.142
EDF,2019-11-13,29,1.0,0.0,0.0,4.142
LLF,2019-11-13,29,1.0,0.0,0.0,4.142
MPC,2019-11-13,29,1.0,0.0,0.0,4.142
PPOLag,2019-11-13,29,1.0,0.006263698184784694,0.1512240025298091,4.142
EDF,2019-11-13,29,2.0,0.0,0.0,4.142
LLF,2019-11-13,29,2.0,0.0,0.0,4.142
MPC,2019-11-13,29,2.0,0.0,0.0,4.142
PPOLag,2019-11-13,29,2.0,0.006559030911333252,0.15835419872847056,4.142
EDF,2019-11-13,12,0.5,0.0,0.0,4.502
LLF,2019-11-13,12,0.5,0.0,0.0,4.502
MPC,2019-11-13,12,0.5,0.0,0.0,4.502
PPOLag,2019-11-13,12,0.5,0.003972741501592126,0.08824392495762161,4.502
EDF,2019-11-13,12,1.0,0.0,0.0,4.502
LLF,2019-11-13,12,1.0,0.0,0.0,4.502
MPC,2019-11-13,12,1.0,0.0,0.0,4.502
PPOLag,2019-11-13,12,1.0,0.006215368267438137,0.1380579357494033,4.502
EDF,2019-11-13,12,2.0,0.0,0.0,4.502
LLF,2019-11-13,12,2.0,0.0,0.0,4.502
MPC,2019-11-13,12,2.0,0.0,0.0,4.502
PPOLag,2019-11-13,12,2.0,0.008064269754645359,0.179126382821976,4.502
EDF,2019-11-13,32,0.5,0.0,0.0,9.873
LLF,2019-11-13,32,0.5,0.0,0.0,9.873
MPC,2019-11-13,32,0.5,-1.7763568394002505e-15,-1.7992067653198123e-14,9.873
PPOLag,2019-11-13,32,0.5,0.0006709499651222472,0.00679580639240603,9.873
EDF,2019-11-13,32,1.0,0.0,0.0,9.873
LLF,2019-11-13,32,1.0,0.0,0.0,9.873
MPC,2019-11-13,32,1.0,-1.7763568394002505e-15,-1.7992067653198123e-14,9.873
PPOLag,2019-11-13,32,1.0,0.003441877253424863,0.03486151375898778,9.873
EDF,2019-11-13,32,2.0,0.0,0.0,9.873
LLF,2019-11-13,32,2.0,0.0,0.0,9.873
MPC,2019-11-13,32,2.0,0.0,0.0,9.873
PPOLag,2019-11-13,32,2.0,0.004183131537022433,0.04236940683705494,9.873
EDF,2019-11-13,11,0.5,8.881784197001252e-16,1.1247035832596242e-14,7.897
LLF,2019-11-13,11,0.5,0.0,0.0,7.897
MPC,2019-11-13,11,0.5,-8.881784197001252e-16,-1.1247035832596242e-14,7.897
PPOLag,2019-11-13,11,0.5,0.0027049909712207666,0.03425339966089359,7.897
EDF,2019-11-13,11,1.0,8.881784197001252e-16,1.1247035832596242e-14,7.897
LLF,2019-11-13,11,1.0,-8.881784197001252e-16,-1.1247035832596242e-14,7.897
MPC,2019-11-13,11,1.0,0.0,0.0,7.897
PPOLag,2019-11-13,11,1.0,0.004248194968123009,0.053795048349031385,7.897
EDF,2019-11-13,11,2.0,0.0,0.0,7.897
LLF,2019-11-13,11,2.0,-8.881784197001252e-16,-1.1247035832596242e-14,7.897
MPC,2019-11-13,11,2.0,0.0,0.0,7.897
PPOLag,2019-11-13,11,2.0,0.006715156157494739,0.08503426817139088,7.897
EDF,2019-11-13,6,0.5,0.0,0.0,0.589
LLF,2019-11-13,6,0.5,0.0,0.0,0.589
MPC,2019-11-13,6,0.5,1.1102230246251565e-16,1.884928734507906e-14,0.589
PPOLag,2019-11-13,6,0.5,0.000778314826476345,0.13214173624386166,0.589
EDF,2019-11-13,6,1.0,0.0,0.0,0.589
LLF,2019-11-13,6,1.0,0.0,0.0,0.589
MPC,2019-11-13,6,1.0,1.1102230246251565e-16,1.884928734507906e-14,0.589
PPOLag,2019-11-13,6,1.0,0.0012423968316201072,0.21093324815281958,0.589
EDF,2019-11-13,6,2.0,0.0,0.0,0.589
LLF,2019-11-13,6,2.0,0.0,0.0,0.589
MPC,2019-11-13,6,2.0,1.1102230246251565e-16,1.884928734507906e-14,0.589
PPOLag,2019-11-13,6,2.0,0.0016414323125132357,0.2786812075574255,0.589
EDF,2019-11-14,16,0.5,7.105427357601002e-15,2.8377440623032077e-14,25.039
LLF,2019-11-14,16,0.5,-7.105427357601002e-15,-2.8377440623032077e-14,25.039
MPC,2019-11-14,16,0.5,0.0,0.0,25.039
PPOLag,2019-11-14,16,0.5,0.002213210775300212,0.008839054176685218,25.039
EDF,2019-11-14,16,1.0,7.105427357601002e-15,2.8377440623032077e-14,25.039
LLF,2019-11-14,16,1.0,3.552713678800501e-15,1.4188720311516038e-14,25.039
MPC,2019-11-14,16,1.0,0.0,0.0,25.039
PPOLag,2019-11-14,16,1.0,0.005148799712389973,0.02056312038176434,25.039
EDF,2019-11-14,16,2.0,7.105427357601002e-15,2.8377440623032077e-14,25.039
LLF,2019-11-14,16,2.0,-1.0658141036401503e-14,-4.2566160934548115e-14,25.039
MPC,2019-11-14,16,2.0,3.552713678800501e-15,1.4188720311516038e-14,25.039
PPOLag,2019-11-14,16,2.0,0.005455678444301526,0.021788723368750852,25.039
EDF,2019-11-14,6,0.5,0.0,0.0,8.49
LLF,2019-11-14,6,0.5,-1.7763568394002505e-15,-2.0922930970556543e-14,8.49
MPC,2019-11-14,6,0.5,-1.7763568394002505e-15,-2.0922930970556543e-14,8.49
PPOLag,2019-11-14,6,0.5,0.0007263870395689765,0.008555795519069216,8.49
EDF,2019-11-14,6,1.0,0.0,0.0,8.49
LLF,2019-11-14,6,1.0,-1.7763568394002505e-15,-2.0922930970556543e-14,8.49
MPC,2019-11-14,6,1.0,-1.7763568394002505e-15,-2.0922930970556543e-14,8.49
PPOLag,2019-11-14,6,1.0,0.002067530129390249,0.024352533915079494,8.49
EDF,2019-11-14,6,2.0,-1.7763568394002505e-15,-2.0922930970556543e-14,8.49
LLF,2019-11-14,6,2.0,-1.7763568394002505e-15,-2.0922930970556543e-14,8.49
MPC,2019-11-14,6,2.0,-1.7763568394002505e-15,-2.0922930970556543e-14,8.49
PPOLag,2019-11-14,6,2.0,0.004101917064053851,0.048314688622542415,8.49
EDF,2019-11-14,29,0.5,0.0,0.0,0.6184274193545374
LLF,2019-11-14,29,0.5,0.0,0.0,0.6184274193545374
MPC,2019-11-14,29,0.5,0.0,0.0,0.6184274193545374
PPOLag,2019-11-14,29,0.5,0.003011403786883693,0.4869453864168479,0.6184274193545374
EDF,2019-11-14,29,1.0,0.0,0.0,0.6184274193545374
LLF,2019-11-14,29,1.0,0.0,0.0,0.6184274193545374
MPC,2019-11-14,29,1.0,0.0,0.0,0.6184274193545374
PPOLag,2019-11-14,29,1.0,0.0044242583227693585,0.7154046189263452,0.6184274193545374
EDF,2019-11-14,29,2.0,0.0,0.0,0.6184274193545374
LLF,2019-11-14,29,2.0,0.0,0.0,0.6184274193545374
MPC,2019-11-14,29,2.0,0.0,0.0,0.6184274193545374
PPOLag,2019-11-14,29,2.0,0.008343520208656563,1.3491510802294033,0.6184274193545374
EDF,2019-11-14,5,0.5,0.0,0.0,13.122
LLF,2019-11-14,5,0.5,0.0,0.0,13.122
MPC,2019-11-14,5,0.5,0.0,0.0,13.122
PPOLag,2019-11-14,5,0.5,0.0026543617704849255,0.020228332346326212,13.122
EDF,2019-11-14,5,1.0,0.0,0.0,13.122
LLF,2019-11-14,5,1.0,0.0,0.0,13.122
MPC,2019-11-14,5,1.0,0.0,0.0,13.122
PPOLag,2019-11-14,5,1.0,0.0025285326950463373,0.01926941544769347,13.122
EDF,2019-11-14,5,2.0,0.0,0.0,13.122
LLF,2019-11-14,5,2.0,0.0,0.0,13.122
MPC,2019-11-14,5,2.0,0.0,0.0,13.122
PPOLag,2019-11-14,5,2.0,0.002195592001232072,0.01673214449955854,13.122
EDF,2019-11-14,28,0.5,0.0,0.0,1.645
LLF,2019-11-14,28,0.5,0.0,0.0,1.645
MPC,2019-11-14,28,0.5,0.0,0.0,1.645
PPOLag,2019-11-14,28,0.5,0.004587452093825828,0.2788724677097768,1.645
EDF,2019-11-14,28,1.0,0.0,0.0,1.645
LLF,2019-11-14,28,1.0,0.0,0.0,1.645
MPC,2019-11-14,28,1.0,0.0,0.0,1.645
PPOLag,2019-11-14,28,1.0,0.00697908358843109,0.4242604005125282,1.645
EDF,2019-11-14,28,2.0,0.0,0.0,1.645
LLF,2019-11-14,28,2.0,0.0,0.0,1.645
MPC,2019-11-14,28,2.0,0.0,0.0,1.645
PPOLag,2019-11-14,28,2.0,0.008041127546148807,0.4888223432309305,1.645
EDF,2019-11-15,21,0.5,1.7763568394002505e-15,1.492235248152092e-14,11.904
LLF,2019-11-15,21,0.5,1.7763568394002505e-15,1.492235248152092e-14,11.904
MPC,2019-11-15,21,0.5,1.7763568394002505e-15,1.492235248152092e-14,11.904
PPOLag,2019-11-15,21,0.5,0.13365469622289616,1.1227713056358883,11.904
EDF,2019-11-15,21,1.0,1.7763568394002505e-15,1.492235248152092e-14,11.904
LLF,2019-11-15,21,1.0,0.0,0.0,11.904
MPC,2019-11-15,21,1.0,0.0,0.0,11.904
PPOLag,2019-11-15,21,1.0,0.17159628319157214,1.4415010348754382,11.904
EDF,2019-11-15,21,2.0,0.0,0.0,11.904
LLF,2019-11-15,21,2.0,0.0,0.0,11.904
MPC,2019-11-15,21,2.0,-1.7763568394002505e-15,-1.492235248152092e-14,11.904
PPOLag,2019-11-15,21,2.0,0.17539656657288383,1.473425458441564,11.904
EDF,2019-11-15,2,0.5,0.0,0.0,4.904
LLF,2019-11-15,2,0.5,0.0,0.0,4.904
MPC,2019-11-15,2,0.5,0.0,0.0,4.904
PPOLag,2019-11-15,2,0.5,0.008277552346750738,0.16879185046392206,4.904
EDF,2019-11-15,2,1.0,0.0,0.0,4.904
LLF,2019-11-15,2,1.0,0.0,0.0,4.904
MPC,2019-11-15,2,1.0,0.0,0.0,4.904
PPOLag,2019-11-15,2,1.0,0.011698423072462915,0.2385485944629469,4.904
EDF,2019-11-15,2,2.0,0.0,0.0,4.904
LLF,2019-11-15,2,2.0,0.0,0.0,4.904
MPC,2019-11-15,2,2.0,0.0,0.0,4.904
PPOLag,2019-11-15,2,2.0,0.014580693107074261,0.29732245324376555,4.904
EDF,2019-11-15,12,0.5,0.0,0.0,4.192
LLF,2019-11-15,12,0.5,0.0,0.0,4.192
MPC,2019-11-15,12,0.5,0.8640000000000003,20.61068702290077,4.192
PPOLag,2019-11-15,12,0.5,0.019431859867187384,0.46354627545771426,4.192
EDF,2019-11-15,12,1.0,0.0,0.0,4.192
LLF,2019-11-15,12,1.0,0.0,0.0,4.192
MPC,2019-11-15,12,1.0,0.8640000000000003,20.61068702290077,4.192
PPOLag,2019-11-15,12,1.0,0.017717118555442647,0.42264118691418523,4.192
EDF,2019-11-15,12,2.0,0.0,0.0,4.192
LLF,2019-11-15,12,2.0,0.0,0.0,4.192
MPC,2019-11-15,12,2.0,0.8640000000000003,20.61068702290077,4.192
PPOLag,2019-11-15,12,2.0,0.021603093157157537,0.5153409627184526,4.192
EDF,2019-11-15,1,0.5,0.0,0.0,11.014
LLF,2019-11-15,1,0.5,-1.7763568394002505e-15,-1.612817177592383e-14,11.014
MPC,2019-11-15,1,0.5,0.0,0.0,11.014
PPOLag,2019-11-15,1,0.5,0.008251528744257542,0.07491854679732651,11.014
EDF,2019-11-15,1,1.0,0.0,0.0,11.014
LLF,2019-11-15,1,1.0,0.0,0.0,11.014
MPC,2019-11-15,1,1.0,1.7763568394002505e-15,1.612817177592383e-14,11.014
PPOLag,2019-11-15,1,1.0,0.011698037884474743,0.10621062179475889,11.014
EDF,2019-11-15,1,2.0,0.0,0.0,11.014
LLF,2019-11-15,1,2.0,0.0,0.0,11.014
MPC,2019-11-15,1,2.0,1.7763568394002505e-15,1.612817177592383e-14,11.014
PPOLag,2019-11-15,1,2.0,0.014726382905812584,0.13370603691494995,11.014
EDF,2019-11-15,9,0.5,2.220446049250313e-16,1.3061447348531254e-14,1.7
LLF,2019-11-15,9,0.5,-2.220446049250313e-16,-1.3061447348531254e-14,1.7
MPC,2019-11-15,9,0.5,0.0,0.0,1.7
PPOLag,2019-11-15,9,0.5,0.05101760593346856,3.001035643145209,1.7
EDF,2019-11-15,9,1.0,2.220446049250313e-16,1.3061447348531254e-14,1.7
LLF,2019-11-15,9,1.0,-2.220446049250313e-16,-1.3061447348531254e-14,1.7
MPC,2019-11-15,9,1.0,0.0,0.0,1.7
PPOLag,2019-11-15,9,1.0,0.09743197501965768,5.731292648215158,1.7
EDF,2019-11-15,9,2.0,2.220446049250313e-16,1.3061447348531254e-14,1.7
LLF,2019-11-15,9,2.0,-2.220446049250313e-16,-1.3061447348531254e-14,1.7
MPC,2019-11-15,9,2.0,0.0,0.0,1.7
PPOLag,2019-11-15,9,2.0,0.1254916327637575,7.381860750809264,1.7
EDF,2019-11-18,10,0.5,0.0,0.0,3.923
LLF,2019-11-18,10,0.5,0.0,0.0,3.923
MPC,2019-11-18,10,0.5,0.0,0.0,3.923
PPOLag,2019-11-18,10,0.5,0.07402942186686978,1.8870614801649193,3.923
EDF,2019-11-18,10,1.0,-8.881784197001252e-16,-2.2640285997963935e-14,3.923
LLF,2019-11-18,10,1.0,0.0,0.0,3.923
MPC,2019-11-18,10,1.0,0.0,0.0,3.923
PPOLag,2019-11-18,10,1.0,0.14946816750067127,3.8100476038916966,3.923
EDF,2019-11-18,10,2.0,-8.881784197001252e-16,-2.2640285997963935e-14,3.923
LLF,2019-11-18,10,2.0,0.0,0.0,3.923
MPC,2019-11-18,10,2.0,0.0,0.0,3.923
PPOLag,2019-11-18,10,2.0,0.26168093261987463,6.670429075194356,3.923
EDF,2019-11-18,1,0.5,0.0,0.0,1.435
LLF,2019-11-18,1,0.5,0.0,0.0,1.435
MPC,2019-11-18,1,0.5,0.0,0.0,1.435
PPOLag,2019-11-18,1,0.5,0.005007602492939922,0.348961846197904,1.435
EDF,2019-11-18,1,1.0,0.0,0.0,1.435
LLF,2019-11-18,1,1.0,0.0,0.0,1.435
MPC,2019-11-18,1,1.0,0.0,0.0,1.435
PPOLag,2019-11-18,1,1.0,0.007177682344151748,0.5001869229374041,1.435
EDF,2019-11-18,1,2.0,0.0,0.0,1.435
LLF,2019-11-18,1,2.0,0.0,0.0,1.435
MPC,2019-11-18,1,2.0,0.0,0.0,1.435
PPOLag,2019-11-18,1,2.0,0.018555385698922545,1.2930582368587138,1.435
EDF,2019-11-18,19,0.5,-7.105427357601002e-15,-3.201941038078952e-14,22.191
LLF,2019-11-18,19,0.5,7.105427357601002e-15,3.201941038078952e-14,22.191
MPC,2019-11-18,19,0.5,1.49775,6.749357847776125,22.191
PPOLag,2019-11-18,19,0.5,0.03425459754121576,0.15436256834399423,22.191
EDF,2019-11-18,19,1.0,-7.105427357601002e-15,-3.201941038078952e-14,22.191
LLF,2019-11-18,19,1.0,1.0658141036401503e-14,4.802911557118428e-14,22.191
MPC,2019-11-18,19,1.0,1.4977500000000035,6.749357847776142,22.191
PPOLag,2019-11-18,19,1.0,0.033980470559897925,0.15312726132169766,22.191
EDF,2019-11-18,19,2.0,-7.105427357601002e-15,-3.201941038078952e-14,22.191
LLF,2019-11-18,19,2.0,1.0658141036401503e-14,4.802911557118428e-14,22.191
MPC,2019-11-18,19,2.0,1.4977499999999964,6.74935784777611,22.191
PPOLag,2019-11-18,19,2.0,0.029696365585288476,0.13382166457252254,22.191
EDF,2019-11-18,5,0.5,-7.105427357601002e-15,-2.7682045183111276e-14,25.668
LLF,2019-11-18,5,0.5,0.0,0.0,25.668
MPC,2019-11-18,5,0.5,0.7362500000000054,2.8683574879227263,25.668
PPOLag,2019-11-18,5,0.5,0.04869499285798114,0.18971089628323648,25.668
EDF,2019-11-18,5,1.0,-3.552713678800501e-15,-1.3841022591555638e-14,25.668
LLF,2019-11-18,5,1.0,7.105427357601002e-15,2.7682045183111276e-14,25.668
MPC,2019-11-18,5,1.0,0.7362500000000054,2.8683574879227263,25.668
PPOLag,2019-11-18,5,1.0,0.05824847189160778,0.2269303096914749,25.668
EDF,2019-11-18,5,2.0,-1.0658141036401503e-14,-4.152306777466691e-14,25.668
LLF,2019-11-18,5,2.0,0.0,0.0,25.668
MPC,2019-11-18,5,2.0,0.7362500000000018,2.8683574879227125,25.668
PPOLag,2019-11-18,5,2.0,0.055989753546538165,0.21813056547661747,25.668
EDF,2019-11-18,15,0.5,1.7763568394002505e-15,2.0932793299555153e-14,8.486
LLF,2019-11-18,15,0.5,0.06599999999999895,0.7777515908555143,8.486
MPC,2019-11-18,15,0.5,1.1955002777777803,14.087912771362012,8.486
PPOLag,2019-11-18,15,0.5,0.055752934989476796,0.6569989982262172,8.486
EDF,2019-11-18,15,1.0,0.0,0.0,8.486
LLF,2019-11-18,15,1.0,0.06599999999999895,0.7777515908555143,8.486
MPC,2019-11-18,15,1.0,1.1955002777777803,14.087912771362012,8.486
PPOLag,2019-11-18,15,1.0,0.07759891513625376,0.9144345408467329,8.486
EDF,2019-11-18,15,2.0,0.0,0.0,8.486
LLF,2019-11-18,15,2.0,0.06599999999999895,0.7777515908555143,8.486
MPC,2019-11-18,15,2.0,1.1955002777777803,14.087912771362012,8.486
PPOLag,2019-11-18,15,2.0,0.10635439817526304,1.2532924602317113,8.486
EDF,2019-11-19,21,0.5,0.0,0.0,0.899
LLF,2019-11-19,21,0.5,0.0,0.0,0.899
MPC,2019-11-19,21,0.5,0.0,0.0,0.899
PPOLag,2019-11-19,21,0.5,0.0003836881776158707,0.04267944133658183,0.899
EDF,2019-11-19,21,1.0,0.0,0.0,0.899
LLF,2019-11-19,21,1.0,0.0,0.0,0.899
MPC,2019-11-19,21,1.0,0.0,0.0,0.899
PPOLag,2019-11-19,21,1.0,0.0007529083749933108,0.08374954115609685,0.899
EDF,2019-11-19,21,2.0,0.0,0.0,0.899
LLF,2019-11-19,21,2.0,0.0,0.0,0.899
MPC,2019-11-19,21,2.0,0.0,0.0,0.899
PPOLag,2019-11-19,21,2.0,0.0008140843607111536,0.09055443389445536,0.899
EDF,2019-11-19,19,0.5,0.0,0.0,3.029
LLF,2019-11-19,19,0.5,0.0,0.0,3.029
MPC,2019-11-19,19,0.5,0.0,0.0,3.029
PPOLag,2019-11-19,19,0.5,0.0030483101584527716,0.10063750935796541,3.029
EDF,2019-11-19,19,1.0,0.0,0.0,3.029
LLF,2019-11-19,19,1.0,0.0,0.0,3.029
MPC,2019-11-19,19,1.0,0.0,0.0,3.029
PPOLag,2019-11-19,19,1.0,0.004704040316940983,0.15530010950614007,3.029
EDF,2019-11-19,19,2.0,0.0,0.0,3.029
LLF,2019-11-19,19,2.0,0.0,0.0,3.029
MPC,2019-11-19,19,2.0,0.0,0.0,3.029
PPOLag,2019-11-19,19,2.0,0.0066568186712583355,0.21976951704385392,3.029
EDF,2019-11-19,32,0.5,0.0,0.0,5.24
LLF,2019-11-19,32,0.5,0.0,0.0,5.24
MPC,2019-11-19,32,0.5,0.0,0.0,5.24
PPOLag,2019-11-19,32,0.5,0.0025216212354797207,0.04812254266182673,5.24
EDF,2019-11-19,32,1.0,0.0,0.0,5.24
LLF,2019-11-19,32,1.0,0.0,0.0,5.24
MPC,2019-11-19,32,1.0,0.0,0.0,5.24
PPOLag,2019-11-19,32,1.0,0.006125564101148129,0.11690007826618565,5.24
EDF,2019-11-19,32,2.0,0.0,0.0,5.24
LLF,2019-11-19,32,2.0,0.0,0.0,5.24
MPC,2019-11-19,32,2.0,0.0,0.0,5.24
PPOLag,2019-11-19,32,2.0,0.007938037335879677,0.15148926213510833,5.24
EDF,2019-11-19,22,0.5,0.0,0.0,0.986
LLF,2019-11-19,22,0.5,0.0,0.0,0.986
MPC,2019-11-19,22,0.5,0.0,0.0,0.986
PPOLag,2019-11-19,22,0.5,0.0005124075876419054,0.05196831517666384,0.986
EDF,2019-11-19,22,1.0,0.0,0.0,0.986
LLF,2019-11-19,22,1.0,0.0,0.0,0.986
MPC,2019-11-19,22,1.0,0.0,0.0,0.986
PPOLag,2019-11-19,22,1.0,0.0005391611156676968,0.054681654733032124,0.986
EDF,2019-11-19,22,2.0,0.0,0.0,0.986
LLF,2019-11-19,22,2.0,0.0,0.0,0.986
MPC,2019-11-19,22,2.0,0.0,0.0,0.986
PPOLag,2019-11-19,22,2.0,0.0003021634333506995,0.030645378635973587,0.986
EDF,2019-11-19,9,0.5,8.881784197001252e-16,1.439277944741736e-14,6.171
LLF,2019-11-19,9,0.5,8.881784197001252e-16,1.439277944741736e-14,6.171
MPC,2019-11-19,9,0.5,0.0,0.0,6.171
PPOLag,2019-11-19,9,0.5,-0.0010842678311606235,-0.017570374836503384,6.171
EDF,2019-11-19,9,1.0,8.881784197001252e-16,1.439277944741736e-14,6.171
LLF,2019-11-19,9,1.0,8.881784197001252e-16,1.439277944741736e-14,6.171
MPC,2019-11-19,9,1.0,0.0,0.0,6.171
PPOLag,2019-11-19,9,1.0,-0.0014443687771830583,-0.023405749103598415,6.171
EDF,2019-11-19,9,2.0,0.0,0.0,6.171
LLF,2019-11-19,9,2.0,0.0,0.0,6.171
MPC,2019-11-19,9,2.0,8.881784197001252e-16,1.439277944741736e-14,6.171
PPOLag,2019-11-19,9,2.0,0.00010601663476652589,0.0017179814416873412,6.171
EDF,2019-11-20,17,0.5,0.0,0.0,43.077
LLF,2019-11-20,17,0.5,2.3082499999999797,5.358427931378647,43.077
MPC,2019-11-20,17,0.5,1.8717499999999774,4.345126169417502,43.077
PPOLag,2019-11-20,17,0.5,1.7492099746711502,4.060658761453096,43.077
EDF,2019-11-20,17,1.0,18.11600000000001,42.05492490191985,43.077
LLF,2019-11-20,17,1.0,2.3082499999999726,5.358427931378631,43.077
MPC,2019-11-20,17,1.0,2.6032499999999743,6.043248137056839,43.077
PPOLag,2019-11-20,17,1.0,2.169339390017207,5.035957448330215,43.077
EDF,2019-11-20,17,2.0,26.436999999999994,61.37149755089722,43.077
LLF,2019-11-20,17,2.0,2.308249999999987,5.358427931378664,43.077
MPC,2019-11-20,17,2.0,2.60324999999996,6.043248137056806,43.077
PPOLag,2019-11-20,17,2.0,2.171996768952097,5.042126352698881,43.077
EDF,2019-11-20,5,0.5,0.0,0.0,1.655
LLF,2019-11-20,5,0.5,0.0,0.0,1.655
MPC,2019-11-20,5,0.5,0.0,0.0,1.655
PPOLag,2019-11-20,5,0.5,0.003987422277467711,0.24093185966572275,1.655
EDF,2019-11-20,5,1.0,0.0,0.0,1.655
LLF,2019-11-20,5,1.0,0.0,0.0,1.655
MPC,2019-11-20,5,1.0,0.0,0.0,1.655
PPOLag,2019-11-20,5,1.0,0.0053730354956560865,0.3246547127284644,1.655
EDF,2019-11-20,5,2.0,0.0,0.0,1.655
LLF,2019-11-20,5,2.0,0.0,0.0,1.655
MPC,2019-11-20,5,2.0,0.0,0.0,1.655
PPOLag,2019-11-20,5,2.0,0.0051291140246203515,0.3099162552640696,1.655
EDF,2019-11-20,27,0.5,1.7763568394002505e-15,1.1406645087011177e-14,15.573
LLF,2019-11-20,27,0.5,2.4272500000000043,15.586271110254955,15.573
MPC,2019-11-20,27,0.5,0.7632500000000046,4.901110897065464,15.573
PPOLag,2019-11-20,27,0.5,1.3920191995351943,8.938670773358982,15.573
EDF,2019-11-20,27,1.0,1.7763568394002505e-15,1.1406645087011177e-14,15.573
LLF,2019-11-20,27,1.0,2.4272500000000026,15.586271110254945,15.573
MPC,2019-11-20,27,1.0,0.7632500000000046,4.901110897065464,15.573
PPOLag,2019-11-20,27,1.0,1.3963591985262318,8.966539514070712,15.573
EDF,2019-11-20,27,2.0,3.552713678800501e-15,2.2813290174022353e-14,15.573
LLF,2019-11-20,27,2.0,2.4272500000000043,15.586271110254955,15.573
MPC,2019-11-20,27,2.0,0.7632500000000046,4.901110897065464,15.573
PPOLag,2019-11-20,27,2.0,1.3976935871409126,8.975108117516935,15.573
EDF,2019-11-20,25,0.5,0.0,0.0,15.128
LLF,2019-11-20,25,0.5,-1.7763568394002505e-15,-1.1742179001852527e-14,15.128
MPC,2019-11-20,25,0.5,0.15200000000000102,1.0047593865679603,15.128
PPOLag,2019-11-20,25,0.5,0.07604704347188154,0.5026906628231196,15.128
EDF,2019-11-20,25,1.0,0.0,0.0,15.128
LLF,2019-11-20,25,1.0,-1.7763568394002505e-15,-1.1742179001852527e-14,15.128
MPC,2019-11-20,25,1.0,0.1520000000000028,1.004759386567972,15.128
PPOLag,2019-11-20,25,1.0,0.08775901372475729,0.5801098210256299,15.128
EDF,2019-11-20,25,2.0,0.0,0.0,15.128
LLF,2019-11-20,25,2.0,-1.7763568394002505e-15,-1.1742179001852527e-14,15.128
MPC,2019-11-20,25,2.0,0.1520000000000028,1.004759386567972,15.128
PPOLag,2019-11-20,25,2.0,0.08886624134035834,0.5874288824719616,15.128
EDF,2019-11-20,14,0.5,0.0,0.0,8.899
LLF,2019-11-20,14,0.5,0.0,0.0,8.899
MPC,2019-11-20,14,0.5,-1.7763568394002505e-15,-1.9961308454885388e-14,8.899
PPOLag,2019-11-20,14,0.5,0.004309902904908114,0.04843131705706387,8.899
EDF,2019-11-20,14,1.0,0.0,0.0,8.899
LLF,2019-11-20,14,1.0,0.0,0.0,8.899
MPC,2019-11-20,14,1.0,-1.7763568394002505e-15,-1.9961308454885388e-14,8.899
PPOLag,2019-11-20,14,1.0,0.007125239510948944,0.08006786729912288,8.899
EDF,2019-11-20,14,2.0,0.0,0.0,8.899
LLF,2019-11-20,14,2.0,0.0,0.0,8.899
MPC,2019-11-20,14,2.0,0.0,0.0,8.899
PPOLag,2019-11-20,14,2.0,0.007296013660003453,0.08198689358358754,8.899
EDF,2019-11-21,1,0.5,0.0,0.0,0.885
LLF,2019-11-21,1,0.5,0.0,0.0,0.885
MPC,2019-11-21,1,0.5,0.0,0.0,0.885
PPOLag,2019-11-21,1,0.5,0.001526110349472698,0.17244184739804497,0.885
EDF,2019-11-21,1,1.0,0.0,0.0,0.885
LLF,2019-11-21,1,1.0,0.0,0.0,0.885
MPC,2019-11-21,1,1.0,0.0,0.0,0.885
PPOLag,2019-11-21,1,1.0,0.0018593124584697085,0.2100918032169162,0.885
EDF,2019-11-21,1,2.0,0.0,0.0,0.885
LLF,2019-11-21,1,2.0,0.0,0.0,0.885
MPC,2019-11-21,1,2.0,0.0,0.0,0.885
PPOLag,2019-11-21,1,2.0,0.002825942133767767,0.31931549534099063,0.885
EDF,2019-11-21,27,0.5,0.0,0.0,28.035
LLF,2019-11-21,27,0.5,0.0,0.0,28.035
MPC,2019-11-21,27,0.5,1.4109999999999907,5.032994471196685,28.035
PPOLag,2019-11-21,27,0.5,0.11784355277667587,0.42034440084421565,28.035
EDF,2019-11-21,27,1.0,0.0,0.0,28.035
LLF,2019-11-21,27,1.0,0.0,0.0,28.035
MPC,2019-11-21,27,1.0,1.4109999999999907,5.032994471196685,28.035
PPOLag,2019-11-21,27,1.0,0.12196994341183895,0.43506311186673424,28.035
EDF,2019-11-21,27,2.0,0.0,0.0,28.035
LLF,2019-11-21,27,2.0,0.0,0.0,28.035
MPC,2019-11-21,27,2.0,1.4109999999999907,5.032994471196685,28.035
PPOLag,2019-11-21,27,2.0,0.12066392339943448,0.4304045778471,28.035
EDF,2019-11-21,9,0.5,0.0,0.0,5.089
LLF,2019-11-21,9,0.5,1.3625000000000034,26.77343289447835,5.089
MPC,2019-11-21,9,0.5,0.5067499999999994,9.95775201414815,5.089
PPOLag,2019-11-21,9,0.5,0.06960024399054668,1.367660522510251,5.089
EDF,2019-11-21,9,1.0,-8.881784197001252e-16,-1.7452906655533998e-14,5.089
LLF,2019-11-21,9,1.0,1.761000000000001,34.604047946551404,5.089
MPC,2019-11-21,9,1.0,1.9994999999999967,39.29062684220862,5.089
PPOLag,2019-11-21,9,1.0,0.0951231719972668,1.8691918254522855,5.089
EDF,2019-11-21,9,2.0,0.0,0.0,5.089
LLF,2019-11-21,9,2.0,1.761000000000001,34.604047946551404,5.089
MPC,2019-11-21,9,2.0,2.170749999999999,42.65572804087245,5.089
PPOLag,2019-11-21,9,2.0,0.420024124177065,8.253568956122322,5.089
EDF,2019-11-21,15,0.5,0.0,0.0,0.899
LLF,2019-11-21,15,0.5,0.0,0.0,0.899
MPC,2019-11-21,15,0.5,0.0,0.0,0.899
PPOLag,2019-11-21,15,0.5,0.008522982600048357,0.9480514571800175,0.899
EDF,2019-11-21,15,1.0,0.0,0.0,0.899
LLF,2019-11-21,15,1.0,0.0,0.0,0.899
MPC,2019-11-21,15,1.0,0.0,0.0,0.899
PPOLag,2019-11-21,15,1.0,0.008539003531228185,0.9498335407372842,0.899
EDF,2019-11-21,15,2.0,0.0,0.0,0.899
LLF,2019-11-21,15,2.0,0.0,0.0,0.899
MPC,2019-11-21,15,2.0,0.0,0.0,0.899
PPOLag,2019-11-21,15,2.0,0.006049073041670239,0.6728668566930188,0.899
EDF,2019-11-21,28,0.5,0.0,0.0,0.942
LLF,2019-11-21,28,0.5,0.0,0.0,0.942
MPC,2019-11-21,28,0.5,0.0,0.0,0.942
PPOLag,2019-11-21,28,0.5,0.2814858620405953,29.881726331273388,0.942
EDF,2019-11-21,28,1.0,0.0,0.0,0.942
LLF,2019-11-21,28,1.0,-1.1102230246251565e-16,-1.1785807055468753e-14,0.942
MPC,2019-11-21,28,1.0,0.0,0.0,0.942
PPOLag,2019-11-21,28,1.0,0.414438550279125,43.99559981731689,0.942
EDF,2019-11-21,28,2.0,0.0,0.0,0.942
LLF,2019-11-21,28,2.0,-1.1102230246251565e-16,-1.1785807055468753e-14,0.942
MPC,2019-11-21,28,2.0,0.0,0.0,0.942
PPOLag,2019-11-21,28,2.0,0.48254744170548564,51.225843068522884,0.942
EDF,2019-11-22,1,0.5,-1.7763568394002505e-15,-1.265752343879329e-14,14.034
LLF,2019-11-22,1,0.5,-1.7763568394002505e-15,-1.265752343879329e-14,14.034
MPC,2019-11-22,1,0.5,1.6639999999999997,11.856918911215617,14.034
PPOLag,2019-11-22,1,0.5,0.19041202072749536,1.3567907989703243,14.034
EDF,2019-11-22,1,1.0,-1.7763568394002505e-15,-1.265752343879329e-14,14.034
LLF,2019-11-22,1,1.0,0.0,0.0,14.034
MPC,2019-11-22,1,1.0,1.6639999999999997,11.856918911215617,14.034
PPOLag,2019-11-22,1,1.0,0.2659125314955443,1.894773631862222,14.034
EDF,2019-11-22,1,2.0,-1.7763568394002505e-15,-1.265752343879329e-14,14.034
LLF,2019-11-22,1,2.0,0.0,0.0,14.034
MPC,2019-11-22,1,2.0,1.6639999999999997,11.856918911215617,14.034
PPOLag,2019-11-22,1,2.0,0.2971951598532062,2.1176796341257385,14.034
EDF,2019-11-22,33,0.5,0.0,0.0,13.312
LLF,2019-11-22,33,0.5,0.0,0.0,13.312
MPC,2019-11-22,33,0.5,-0.16625000000000156,-1.2488731971153963,13.312
PPOLag,2019-11-22,33,0.5,0.17804348300240277,1.3374660682271844,13.312
EDF,2019-11-22,33,1.0,0.0,0.0,13.312
LLF,2019-11-22,33,1.0,0.0,0.0,13.312
MPC,2019-11-22,33,1.0,1.49775,11.251126802884615,13.312
PPOLag,2019-11-22,33,1.0,0.23031208911095363,1.7301088424801203,13.312
EDF,2019-11-22,33,2.0,0.0,0.0,13.312
LLF,2019-11-22,33,2.0,0.0,0.0,13.312
MPC,2019-11-22,33,2.0,-0.16625000000000156,-1.2488731971153963,13.312
PPOLag,2019-11-22,33,2.0,0.24895173031492987,1.8701301856590287,13.312
EDF,2019-11-22,0,0.5,0.0,0.0,4.417
LLF,2019-11-22,0,0.5,0.0,0.0,4.417
MPC,2019-11-22,0,0.5,0.0,0.0,4.417
PPOLag,2019-11-22,0,0.5,0.0048431986159389595,0.10964905175320264,4.417
EDF,2019-11-22,0,1.0,0.0,0.0,4.417
LLF,2019-11-22,0,1.0,0.0,0.0,4.417
MPC,2019-11-22,0,1.0,0.0,0.0,4.417
PPOLag,2019-11-22,0,1.0,0.006244731113898183,0.141379468279334,4.417
EDF,2019-11-22,0,2.0,0.0,0.0,4.417
LLF,2019-11-22,0,2.0,0.0,0.0,4.417
MPC,2019-11-22,0,2.0,0.0,0.0,4.417
PPOLag,2019-11-22,0,2.0,0.010216880645725368,0.23130814230757007,4.417
EDF,2019-11-22,16,0.5,0.0,0.0,15.892
LLF,2019-11-22,16,0.5,0.9002499999999998,5.664799899320411,15.892
MPC,2019-11-22,16,0.5,0.8830000000000133,5.556254719355735,15.892
PPOLag,2019-11-22,16,0.5,0.25222616969468065,1.587126665584449,15.892
EDF,2019-11-22,16,1.0,0.0,0.0,15.892
LLF,2019-11-22,16,1.0,0.900249999999998,5.664799899320401,15.892
MPC,2019-11-22,16,1.0,0.8830000000000133,5.556254719355735,15.892
PPOLag,2019-11-22,16,1.0,0.4735808568971954,2.9799953240447743,15.892
EDF,2019-11-22,16,2.0,0.0,0.0,15.892
LLF,2019-11-22,16,2.0,0.9002499999999998,5.664799899320411,15.892
MPC,2019-11-22,16,2.0,0.8830000000000133,5.556254719355735,15.892
PPOLag,2019-11-22,16,2.0,0.60006008612371,3.7758626108967404,15.892
EDF,2019-11-22,7,0.5,0.0,0.0,2.065
LLF,2019-11-22,7,0.5,0.0,0.0,2.065
MPC,2019-11-22,7,0.5,0.0,0.0,2.065
PPOLag,2019-11-22,7,0.5,0.004610371844609417,0.22326255906098877,2.065
EDF,2019-11-22,7,1.0,0.0,0.0,2.065
LLF,2019-11-22,7,1.0,0.0,0.0,2.065
MPC,2019-11-22,7,1.0,0.0,0.0,2.065
PPOLag,2019-11-22,7,1.0,0.006473201334371926,0.3134722195821756,2.065
EDF,2019-11-22,7,2.0,0.0,0.0,2.065
LLF,2019-11-22,7,2.0,0.0,0.0,2.065
MPC,2019-11-22,7,2.0,0.0,0.0,2.065
PPOLag,2019-11-22,7,2.0,0.008093938856543748,0.39195829813771177,2.065
EDF,2019-11-25,10,0.5,-4.440892098500626e-16,-1.1277024120113321e-14,3.938
LLF,2019-11-25,10,0.5,0.0,0.0,3.938
MPC,2019-11-25,10,0.5,0.0,0.0,3.938
PPOLag,2019-11-25,10,0.5,0.010882977672108395,0.27635799065790745,3.938
EDF,2019-11-25,10,1.0,0.0,0.0,3.938
LLF,2019-11-25,10,1.0,4.440892098500626e-16,1.1277024120113321e-14,3.938
MPC,2019-11-25,10,1.0,0.0,0.0,3.938
PPOLag,2019-11-25,10,1.0,0.013837380548369093,0.3513809179372548,3.938
EDF,2019-11-25,10,2.0,0.0,0.0,3.938
LLF,2019-11-25,10,2.0,0.0,0.0,3.938
MPC,2019-11-25,10,2.0,8.881784197001252e-16,2.2554048240226642e-14,3.938
PPOLag,2019-11-25,10,2.0,0.016279226318053654,0.4133881746585488,3.938
EDF,2019-11-25,3,0.5,0.0,0.0,1.493
LLF,2019-11-25,3,0.5,0.0,0.0,1.493
MPC,2019-11-25,3,0.5,0.0,0.0,1.493
PPOLag,2019-11-25,3,0.5,0.0031361285115474313,0.2100554930708259,1.493
EDF,2019-11-25,3,1.0,0.0,0.0,1.493
LLF,2019-11-25,3,1.0,0.0,0.0,1.493
MPC,2019-11-25,3,1.0,0.0,0.0,1.493
PPOLag,2019-11-25,3,1.0,0.00463476045035951,0.31043271603211714,1.493
EDF,2019-11-25,3,2.0,0.0,0.0,1.493
LLF,2019-11-25,3,2.0,0.0,0.0,1.493
MPC,2019-11-25,3,2.0,0.0,0.0,1.493
PPOLag,2019-11-25,3,2.0,0.0052506784654038794,0.3516864343873998,1.493
EDF,2019-11-25,0,0.5,0.0,0.0,21.142
LLF,2019-11-25,0,0.5,0.0,0.0,21.142
MPC,2019-11-25,0,0.5,-3.552713678800501e-15,-1.6804056753384262e-14,21.142
PPOLag,2019-11-25,0,0.5,0.007953243752649542,0.03761821848760544,21.142
EDF,2019-11-25,0,1.0,0.0,0.0,21.142
LLF,2019-11-25,0,1.0,7.105427357601002e-15,3.3608113506768525e-14,21.142
MPC,2019-11-25,0,1.0,0.0,0.0,21.142
PPOLag,2019-11-25,0,1.0,0.010050882902798009,0.047539886968110914,21.142
EDF,2019-11-25,0,2.0,0.0,0.0,21.142
LLF,2019-11-25,0,2.0,0.0,0.0,21.142
MPC,2019-11-25,0,2.0,0.0,0.0,21.142
PPOLag,2019-11-25,0,2.0,0.01223094089878174,0.05785139011816167,21.142
EDF,2019-11-25,5,0.5,0.0,0.0,16.246
LLF,2019-11-25,5,0.5,0.0,0.0,16.246
MPC,2019-11-25,5,0.5,-3.552713678800501e-15,-2.186823635849133e-14,16.246
PPOLag,2019-11-25,5,0.5,0.1870209003151487,1.1511812157771064,16.246
EDF,2019-11-25,5,1.0,0.0,0.0,16.246
LLF,2019-11-25,5,1.0,-3.552713678800501e-15,-2.186823635849133e-14,16.246
MPC,2019-11-25,5,1.0,0.0,0.0,16.246
PPOLag,2019-11-25,5,1.0,0.24672971849312048,1.5187105656353597,16.246
EDF,2019-11-25,5,2.0,0.0,0.0,16.246
LLF,2019-11-25,5,2.0,0.0,0.0,16.246
MPC,2019-11-25,5,2.0,0.0,0.0,16.246
PPOLag,2019-11-25,5,2.0,0.29046153847476647,1.7878957187908806,16.246
EDF,2019-11-25,1,0.5,0.0,0.0,0.891
LLF,2019-11-25,1,0.5,0.0,0.0,0.891
MPC,2019-11-25,1,0.5,0.0,0.0,0.891
PPOLag,2019-11-25,1,0.5,0.00039429212877575284,0.04425276417236283,0.891
EDF,2019-11-25,1,1.0,0.0,0.0,0.891
LLF,2019-11-25,1,1.0,0.0,0.0,0.891
MPC,2019-11-25,1,1.0,0.0,0.0,0.891
PPOLag,2019-11-25,1,1.0,0.00045503147044807514,0.051069749769705394,0.891
EDF,2019-11-25,1,2.0,0.0,0.0,0.891
LLF,2019-11-25,1,2.0,0.0,0.0,0.891
MPC,2019-11-25,1,2.0,0.0,0.0,0.891
PPOLag,2019-11-25,1,2.0,0.0005650266834960948,0.06341489152593657,0.891
EDF,2019-11-26,19,0.5,0.0,0.0,0.888
LLF,2019-11-26,19,0.5,0.0,0.0,0.888
MPC,2019-11-26,19,0.5,0.0,0.0,0.888
PPOLag,2019-11-26,19,0.5,0.008378951430522207,0.9435756115452938,0.888
EDF,2019-11-26,19,1.0,0.0,0.0,0.888
LLF,2019-11-26,19,1.0,0.0,0.0,0.888
MPC,2019-11-26,19,1.0,0.0,0.0,0.888
PPOLag,2019-11-26,19,1.0,0.009924538052752752,1.1176281590937784,0.888
EDF,2019-11-26,19,2.0,0.0,0.0,0.888
LLF,2019-11-26,19,2.0,0.0,0.0,0.888
MPC,2019-11-26,19,2.0,0.0,0.0,0.888
PPOLag,2019-11-26,19,2.0,0.0107841169620142,1.21442758581241,0.888
EDF,2019-11-26,10,0.5,0.0,0.0,1.064
LLF,2019-11-26,10,0.5,0.0,0.0,1.064
MPC,2019-11-26,10,0.5,0.0,0.0,1.064
PPOLag,2019-11-26,10,0.5,0.0027915009519714484,0.2623591120273917,1.064
EDF,2019-11-26,10,1.0,-2.220446049250313e-16,-2.0868853846337527e-14,1.064
LLF,2019-11-26,10,1.0,0.0,0.0,1.064
MPC,2019-11-26,10,1.0,0.0,0.0,1.064
PPOLag,2019-11-26,10,1.0,0.0020781445703676573,0.19531433932026848,1.064
EDF,2019-11-26,10,2.0,-2.220446049250313e-16,-2.0868853846337527e-14,1.064
LLF,2019-11-26,10,2.0,0.0,0.0,1.064
MPC,2019-11-26,10,2.0,0.0,0.0,1.064
PPOLag,2019-11-26,10,2.0,-0.000618045582875082,-0.058086990871718244,1.064
EDF,2019-11-26,13,0.5,0.0,0.0,6.696
LLF,2019-11-26,13,0.5,0.0,0.0,6.696
MPC,2019-11-26,13,0.5,0.0,0.0,6.696
PPOLag,2019-11-26,13,0.5,0.0712549611136156,1.0641421910635545,6.696
EDF,2019-11-26,13,1.0,0.0,0.0,6.696
LLF,2019-11-26,13,1.0,0.0,0.0,6.696
MPC,2019-11-26,13,1.0,8.881784197001252e-16,1.3264313316907487e-14,6.696
PPOLag,2019-11-26,13,1.0,0.10266669902075379,1.5332541669766095,6.696
EDF,2019-11-26,13,2.0,0.0,0.0,6.696
LLF,2019-11-26,13,2.0,0.0,0.0,6.696
MPC,2019-11-26,13,2.0,-8.881784197001252e-16,-1.3264313316907487e-14,6.696
PPOLag,2019-11-26,13,2.0,0.10937417475228131,1.633425548869195,6.696
EDF,2019-11-26,20,0.5,1.7763568394002505e-15,1.4574637671482198e-14,12.188
LLF,2019-11-26,20,0.5,0.0,0.0,12.188
MPC,2019-11-26,20,0.5,3.552713678800501e-15,2.9149275342964396e-14,12.188
PPOLag,2019-11-26,20,0.5,0.001096745436074542,0.008998567739371036,12.188
EDF,2019-11-26,20,1.0,0.0,0.0,12.188
LLF,2019-11-26,20,1.0,-1.7763568394002505e-15,-1.4574637671482198e-14,12.188
MPC,2019-11-26,20,1.0,1.7763568394002505e-15,1.4574637671482198e-14,12.188
PPOLag,2019-11-26,20,1.0,-0.0008874626815408959,-0.0072814463533056786,12.188
EDF,2019-11-26,20,2.0,-1.7763568394002505e-15,-1.4574637671482198e-14,12.188
LLF,2019-11-26,20,2.0,0.0,0.0,12.188
MPC,2019-11-26,20,2.0,1.7763568394002505e-15,1.4574637671482198e-14,12.188
PPOLag,2019-11-26,20,2.0,0.00166559287329342,0.013665842412975221,12.188
EDF,2019-11-26,21,0.5,0.0,0.0,4.941
LLF,2019-11-26,21,0.5,0.0,0.0,4.941
MPC,2019-11-26,21,0.5,0.0,0.0,4.941
PPOLag,2019-11-26,21,0.5,0.06968309542968161,1.4103034897729532,4.941
EDF,2019-11-26,21,1.0,0.0,0.0,4.941
LLF,2019-11-26,21,1.0,0.0,0.0,4.941
MPC,2019-11-26,21,1.0,0.0,0.0,4.941
PPOLag,2019-11-26,21,1.0,0.09546848169236082,1.932169230770306,4.941
EDF,2019-11-26,21,2.0,0.0,0.0,4.941
LLF,2019-11-26,21,2.0,0.0,0.0,4.941
MPC,2019-11-26,21,2.0,8.881784197001252e-16,1.7975681434934734e-14,4.941
PPOLag,2019-11-26,21,2.0,0.09574182538955309,1.9377013841237218,4.941
EDF,2019-11-27,4,0.5,0.0,0.0,5.83
LLF,2019-11-27,4,0.5,0.0,0.0,5.83
MPC,2019-11-27,4,0.5,-8.881784197001252e-16,-1.523462126415309e-14,5.83
PPOLag,2019-11-27,4,0.5,0.003080240091963482,0.0528343068947424,5.83
EDF,2019-11-27,4,1.0,0.0,0.0,5.83
LLF,2019-11-27,4,1.0,0.0,0.0,5.83
MPC,2019-11-27,4,1.0,-8.881784197001252e-16,-1.523462126415309e-14,5.83
PPOLag,2019-11-27,4,1.0,0.004561739198800652,0.07824595538251546,5.83
EDF,2019-11-27,4,2.0,0.0,0.0,5.83
LLF,2019-11-27,4,2.0,0.0,0.0,5.83
MPC,2019-11-27,4,2.0,-8.881784197001252e-16,-1.523462126415309e-14,5.83
PPOLag,2019-11-27,4,2.0,0.00608216192756128,0.10432524747103396,5.83
EDF,2019-11-27,7,0.5,0.0,0.0,35.72
LLF,2019-11-27,7,0.5,0.0,0.0,35.72
MPC,2019-11-27,7,0.5,0.0,0.0,35.72
PPOLag,2019-11-27,7,0.5,0.0014346637144328155,0.004016415773888062,35.72
EDF,2019-11-27,7,1.0,0.0,0.0,35.72
LLF,2019-11-27,7,1.0,0.0,0.0,35.72
MPC,2019-11-27,7,1.0,0.0,0.0,35.72
PPOLag,2019-11-27,7,1.0,-6.167967239463223e-05,-0.000172675454632229,35.72
EDF,2019-11-27,7,2.0,0.0,0.0,35.72
LLF,2019-11-27,7,2.0,0.0,0.0,35.72
MPC,2019-11-27,7,2.0,0.0,0.0,35.72
PPOLag,2019-11-27,7,2.0,0.004378562669401731,0.012258014192054119,35.72
EDF,2019-11-27,3,0.5,0.0,0.0,6.739
LLF,2019-11-27,3,0.5,0.0,0.0,6.739
MPC,2019-11-27,3,0.5,0.0,0.0,6.739
PPOLag,2019-11-27,3,0.5,0.0013302502833228758,0.019739579808916392,6.739
EDF,2019-11-27,3,1.0,0.0,0.0,6.739
LLF,2019-11-27,3,1.0,0.0,0.0,6.739
MPC,2019-11-27,3,1.0,0.0,0.0,6.739
PPOLag,2019-11-27,3,1.0,0.0021312235557530814,0.031625219702523834,6.739
EDF,2019-11-27,3,2.0,0.0,0.0,6.739
LLF,2019-11-27,3,2.0,0.0,0.0,6.739
MPC,2019-11-27,3,2.0,0.0,0.0,6.739
PPOLag,2019-11-27,3,2.0,0.001972226520341458,0.02926586318951563,6.739
EDF,2019-11-27,2,0.5,0.0,0.0,0.878
LLF,2019-11-27,2,0.5,0.0,0.0,0.878
MPC,2019-11-27,2,0.5,0.0,0.0,0.878
PPOLag,2019-11-27,2,0.5,0.0009773841776772318,0.11131938242337494,0.878
EDF,2019-11-27,2,1.0,0.0,0.0,0.878
LLF,2019-11-27,2,1.0,0.0,0.0,0.878
MPC,2019-11-27,2,1.0,0.0,0.0,0.878
PPOLag,2019-11-27,2,1.0,0.0010503914165038487,0.11963455768836546,0.878
EDF,2019-11-27,2,2.0,0.0,0.0,0.878
LLF,2019-11-27,2,2.0,0.0,0.0,0.878
MPC,2019-11-27,2,2.0,0.0,0.0,0.878
PPOLag,2019-11-27,2,2.0,0.0008366437075524091,0.09528971612214227,0.878
EDF,2019-11-27,5,0.5,0.0,0.0,12.263
LLF,2019-11-27,5,0.5,0.0,0.0,12.263
MPC,2019-11-27,5,0.5,0.0,0.0,12.263
PPOLag,2019-11-27,5,0.5,0.0009708304483822871,0.007916745073654792,12.263
EDF,2019-11-27,5,1.0,0.0,0.0,12.263
LLF,2019-11-27,5,1.0,0.0,0.0,12.263
MPC,2019-11-27,5,1.0,0.0,0.0,12.263
PPOLag,2019-11-27,5,1.0,0.0015095958377504104,0.0123101674773743,12.263
EDF,2019-11-27,5,2.0,0.0,0.0,12.263
LLF,2019-11-27,5,2.0,0.0,0.0,12.263
MPC,2019-11-27,5,2.0,0.0,0.0,12.263
PPOLag,2019-11-27,5,2.0,0.0019852644268198104,0.016189059992006937,12.263
EDF,2019-11-28,0,0.5,0.0,0.0,22.616
LLF,2019-11-28,0,0.5,0.0,0.0,22.616
MPC,2019-11-28,0,0.5,0.0,0.0,22.616
PPOLag,2019-11-28,0,0.5,0.0014574915275630928,0.006444515067045865,22.616
EDF,2019-11-28,0,1.0,0.0,0.0,22.616
LLF,2019-11-28,0,1.0,0.0,0.0,22.616
MPC,2019-11-28,0,1.0,0.0,0.0,22.616
PPOLag,2019-11-28,0,1.0,-0.0019518873744132747,-0.008630559667550738,22.616
EDF,2019-11-28,0,2.0,0.0,0.0,22.616
LLF,2019-11-28,0,2.0,0.0,0.0,22.616
MPC,2019-11-28,0,2.0,0.0,0.0,22.616
PPOLag,2019-11-28,0,2.0,-0.002131587642247723,-0.009425131067596935,22.616
EDF,2019-11-29,2,0.5,0.0,0.0,13.312
LLF,2019-11-29,2,0.5,0.0,0.0,13.312
MPC,2019-11-29,2,0.5,0.0,0.0,13.312
PPOLag,2019-11-29,2,0.5,0.24940980834960946,1.8735712766647346,13.312
EDF,2019-11-29,2,1.0,0.0,0.0,13.312
LLF,2019-11-29,2,1.0,0.0,0.0,13.312
MPC,2019-11-29,2,1.0,0.0,0.0,13.312
PPOLag,2019-11-29,2,1.0,0.2761627197265625,2.0745396614074707,13.312
EDF,2019-11-29,2,2.0,0.0,0.0,13.312
LLF,2019-11-29,2,2.0,0.0,0.0,13.312
MPC,2019-11-29,2,2.0,0.0,0.0,13.312
PPOLag,2019-11-29,2,2.0,0.2807335083007814,2.1088755130767836,13.312
EDF,2019-11-29,0,0.5,0.0,0.0,8.255
LLF,2019-11-29,0,0.5,0.0,0.0,8.255
MPC,2019-11-29,0,0.5,0.0,0.0,8.255
PPOLag,2019-11-29,0,0.5,0.09307262589961773,1.1274697262218987,8.255
EDF,2019-11-29,0,1.0,0.0,0.0,8.255
LLF,2019-11-29,0,1.0,0.0,0.0,8.255
MPC,2019-11-29,0,1.0,0.0,0.0,8.255
PPOLag,2019-11-29,0,1.0,0.09599878544248028,1.162916843639979,8.255
EDF,2019-11-29,0,2.0,0.0,0.0,8.255
LLF,2019-11-29,0,2.0,0.0,0.0,8.255
MPC,2019-11-29,0,2.0,0.0,0.0,8.255
PPOLag,2019-11-29,0,2.0,0.09984362699495826,1.2094927558444366,8.255
EDF,2019-11-29,4,0.5,0.0,0.0,10.627
LLF,2019-11-29,4,0.5,0.0,0.0,10.627
MPC,2019-11-29,4,0.5,0.0,0.0,10.627
PPOLag,2019-11-29,4,0.5,0.010922973226585597,0.10278510611259617,10.627
EDF,2019-11-29,4,1.0,0.0,0.0,10.627
LLF,2019-11-29,4,1.0,0.0,0.0,10.627
MPC,2019-11-29,4,1.0,0.0,0.0,10.627
PPOLag,2019-11-29,4,1.0,0.01253910485612586,0.11799289410111846,10.627
EDF,2019-11-29,4,2.0,0.0,0.0,10.627
LLF,2019-11-29,4,2.0,0.0,0.0,10.627
MPC,2019-11-29,4,2.0,3.552713678800501e-15,3.343101231580409e-14,10.627
PPOLag,2019-11-29,4,2.0,0.013754666728755893,0.12943132331566665,10.627
EDF,2019-11-29,3,0.5,0.0,0.0,14.975999999999999
LLF,2019-11-29,3,0.5,0.0,0.0,14.975999999999999
MPC,2019-11-29,3,0.5,0.0,0.0,14.975999999999999
PPOLag,2019-11-29,3,0.5,0.23400672454833932,1.5625449021657272,14.975999999999999
EDF,2019-11-29,3,1.0,0.0,0.0,14.975999999999999
LLF,2019-11-29,3,1.0,0.0,0.0,14.975999999999999
MPC,2019-11-29,3,1.0,0.0,0.0,14.975999999999999
PPOLag,2019-11-29,3,1.0,0.2736462112426761,1.8272316455841087,14.975999999999999
EDF,2019-11-29,3,2.0,0.0,0.0,14.975999999999999
LLF,2019-11-29,3,2.0,0.0,0.0,14.975999999999999
MPC,2019-11-29,3,2.0,0.0,0.0,14.975999999999999
PPOLag,2019-11-29,3,2.0,0.2833645919799803,1.8921246793535011,14.975999999999999
EDF,2019-12-02,31,0.5,0.0,0.0,2.128
LLF,2019-12-02,31,0.5,1.6639999999999997,78.1954887218045,2.128
MPC,2019-12-02,31,0.5,0.0,0.0,2.128
PPOLag,2019-12-02,31,0.5,0.23894307572086979,11.228527994401777,2.128
EDF,2019-12-02,31,1.0,0.0,0.0,2.128
LLF,2019-12-02,31,1.0,1.6639999999999997,78.1954887218045,2.128
MPC,2019-12-02,31,1.0,0.0,0.0,2.128
PPOLag,2019-12-02,31,1.0,0.2565979965155091,12.058176527984447,2.128
EDF,2019-12-02,31,2.0,0.0,0.0,2.128
LLF,2019-12-02,31,2.0,2.128,100.0,2.128
MPC,2019-12-02,31,2.0,2.128,100.0,2.128
PPOLag,2019-12-02,31,2.0,0.27334900028059095,12.845347757546566,2.128
EDF,2019-12-02,12,0.5,8.881784197001252e-16,1.4942436401415296e-14,5.944
LLF,2019-12-02,12,0.5,0.0,0.0,5.944
MPC,2019-12-02,12,0.5,-8.881784197001252e-16,-1.4942436401415296e-14,5.944
PPOLag,2019-12-02,12,0.5,0.00807812596544899,0.13590386886690764,5.944
EDF,2019-12-02,12,1.0,8.881784197001252e-16,1.4942436401415296e-14,5.944
LLF,2019-12-02,12,1.0,8.881784197001252e-16,1.4942436401415296e-14,5.944
MPC,2019-12-02,12,1.0,-1.7763568394002505e-15,-2.988487280283059e-14,5.944
PPOLag,2019-12-02,12,1.0,0.00884156959798954,0.14874780615729374,5.944
EDF,2019-12-02,12,2.0,8.881784197001252e-16,1.4942436401415296e-14,5.944
LLF,2019-12-02,12,2.0,8.881784197001252e-16,1.4942436401415296e-14,5.944
MPC,2019-12-02,12,2.0,-1.7763568394002505e-15,-2.988487280283059e-14,5.944
PPOLag,2019-12-02,12,2.0,0.008501971542332143,0.1430345145076067,5.944
EDF,2019-12-02,9,0.5,0.0,0.0,15.941
LLF,2019-12-02,9,0.5,2.9447499999999938,18.472805972021792,15.941
MPC,2019-12-02,9,0.5,5.250999999999959,32.940217050372986,15.941
PPOLag,2019-12-02,9,0.5,2.0548454767720323,12.890317274775935,15.941
EDF,2019-12-02,9,1.0,-1.7763568394002505e-15,-1.1143321243336368e-14,15.941
LLF,2019-12-02,9,1.0,2.9447499999999955,18.472805972021803,15.941
MPC,2019-12-02,9,1.0,5.570249999999955,34.94291449720817,15.941
PPOLag,2019-12-02,9,1.0,2.0808251212184032,13.053291018244797,15.941
EDF,2019-12-02,9,2.0,-1.7763568394002505e-15,-1.1143321243336368e-14,15.941
LLF,2019-12-02,9,2.0,2.944749999999992,18.47280597202178,15.941
MPC,2019-12-02,9,2.0,7.579999999999959,47.550341885703276,15.941
PPOLag,2019-12-02,9,2.0,2.080704069583496,13.052531645339041,15.941
EDF,2019-12-02,7,0.5,-3.552713678800501e-15,-1.74649182912226e-14,20.342
LLF,2019-12-02,7,0.5,7.105427357601002e-15,3.49298365824452e-14,20.342
MPC,2019-12-02,7,0.5,0.0,0.0,20.342
PPOLag,2019-12-02,7,0.5,0.2950778325385734,1.4505841733289422,20.342
EDF,2019-12-02,7,1.0,-3.552713678800501e-15,-1.74649182912226e-14,20.342
LLF,2019-12-02,7,1.0,3.552713678800501e-15,1.74649182912226e-14,20.342
MPC,2019-12-02,7,1.0,0.0,0.0,20.342
PPOLag,2019-12-02,7,1.0,0.480435556985109,2.36179115615529,20.342
EDF,2019-12-02,7,2.0,-3.552713678800501e-15,-1.74649182912226e-14,20.342
LLF,2019-12-02,7,2.0,3.552713678800501e-15,1.74649182912226e-14,20.342
MPC,2019-12-02,7,2.0,0.0,0.0,20.342
PPOLag,2019-12-02,7,2.0,0.5594184202051146,2.7500659728891685,20.342
EDF,2019-12-02,3,0.5,3.552713678800501e-15,1.3125142894933134e-14,27.068
LLF,2019-12-02,3,0.5,-1.0658141036401503e-14,-3.93754286847994e-14,27.068
MPC,2019-12-02,3,0.5,1.174500000000009,4.339071966898215,27.068
PPOLag,2019-12-02,3,0.5,0.2943430405101616,1.0874207200759625,27.068
EDF,2019-12-02,3,1.0,1.0658141036401503e-14,3.93754286847994e-14,27.068
LLF,2019-12-02,3,1.0,0.0,0.0,27.068
MPC,2019-12-02,3,1.0,1.174500000000009,4.339071966898215,27.068
PPOLag,2019-12-02,3,1.0,0.4811213519871842,1.777454381510212,27.068
EDF,2019-12-02,3,2.0,3.552713678800501e-15,1.3125142894933134e-14,27.068
LLF,2019-12-02,3,2.0,0.0,0.0,27.068
MPC,2019-12-02,3,2.0,1.174500000000009,4.339071966898215,27.068
PPOLag,2019-12-02,3,2.0,0.55936733896785,2.0665263003097754,27.068
EDF,2019-12-03,26,0.5,0.0,0.0,4.867
LLF,2019-12-03,26,0.5,0.0,0.0,4.867
MPC,2019-12-03,26,0.5,8.881784197001252e-16,1.824899156975807e-14,4.867
PPOLag,2019-12-03,26,0.5,0.0007052538447911872,0.014490524857020487,4.867
EDF,2019-12-03,26,1.0,0.0,0.0,4.867
LLF,2019-12-03,26,1.0,0.0,0.0,4.867
MPC,2019-12-03,26,1.0,0.0,0.0,4.867
PPOLag,2019-12-03,26,1.0,0.002593332474371124,0.05328400399365366,4.867
EDF,2019-12-03,26,2.0,0.0,0.0,4.867
LLF,2019-12-03,26,2.0,0.0,0.0,4.867
MPC,2019-12-03,26,2.0,0.0,0.0,4.867
PPOLag,2019-12-03,26,2.0,0.0050780879486787,0.10433712653952538,4.867
EDF,2019-12-03,32,0.5,0.0,0.0,6.882
LLF,2019-12-03,32,0.5,0.0,0.0,6.882
MPC,2019-12-03,32,0.5,0.0,0.0,6.882
PPOLag,2019-12-03,32,0.5,0.0012714273842345137,0.018474678643337895,6.882
EDF,2019-12-03,32,1.0,0.0,0.0,6.882
LLF,2019-12-03,32,1.0,0.0,0.0,6.882
MPC,2019-12-03,32,1.0,0.0,0.0,6.882
PPOLag,2019-12-03,32,1.0,0.0028852998106559725,0.04192530965788975,6.882
EDF,2019-12-03,32,2.0,0.0,0.0,6.882
LLF,2019-12-03,32,2.0,0.0,0.0,6.882
MPC,2019-12-03,32,2.0,0.0,0.0,6.882
PPOLag,2019-12-03,32,2.0,0.0029704873097516683,0.0431631402172576,6.882
EDF,2019-12-03,22,0.5,0.0,0.0,7.856
LLF,2019-12-03,22,0.5,0.0,0.0,7.856
MPC,2019-12-03,22,0.5,0.0,0.0,7.856
PPOLag,2019-12-03,22,0.5,0.004133757316763109,0.05261911044759558,7.856
EDF,2019-12-03,22,1.0,8.881784197001252e-16,1.1305733448321349e-14,7.856
LLF,2019-12-03,22,1.0,-8.881784197001252e-16,-1.1305733448321349e-14,7.856
MPC,2019-12-03,22,1.0,-8.881784197001252e-16,-1.1305733448321349e-14,7.856
PPOLag,2019-12-03,22,1.0,0.004362090664322693,0.055525593995960965,7.856
EDF,2019-12-03,22,2.0,8.881784197001252e-16,1.1305733448321349e-14,7.856
LLF,2019-12-03,22,2.0,0.0,0.0,7.856
MPC,2019-12-03,22,2.0,-8.881784197001252e-16,-1.1305733448321349e-14,7.856
PPOLag,2019-12-03,22,2.0,0.006505368261864319,0.08280764080784521,7.856
EDF,2019-12-03,17,0.5,0.0,0.0,0.833
LLF,2019-12-03,17,0.5,0.0,0.0,0.833
MPC,2019-12-03,17,0.5,0.0,0.0,0.833
PPOLag,2019-12-03,17,0.5,0.0027934832054682833,0.3353521255063966,0.833
EDF,2019-12-03,17,1.0,1.1102230246251565e-16,1.332800749850128e-14,0.833
LLF,2019-12-03,17,1.0,1.1102230246251565e-16,1.332800749850128e-14,0.833
MPC,2019-12-03,17,1.0,0.0,0.0,0.833
PPOLag,2019-12-03,17,1.0,0.004296225099102502,0.5157533132175873,0.833
EDF,2019-12-03,17,2.0,1.1102230246251565e-16,1.332800749850128e-14,0.833
LLF,2019-12-03,17,2.0,1.1102230246251565e-16,1.332800749850128e-14,0.833
MPC,2019-12-03,17,2.0,0.0,0.0,0.833
PPOLag,2019-12-03,17,2.0,0.006134525412255787,0.7364376245205027,0.833
EDF,2019-12-03,6,0.5,0.0,0.0,19.772
LLF,2019-12-03,6,0.5,0.0,0.0,19.772
MPC,2019-12-03,6,0.5,3.552713678800501e-15,1.796840824803005e-14,19.772
PPOLag,2019-12-03,6,0.5,0.003582116464793472,0.018117117463046086,19.772
EDF,2019-12-03,6,1.0,0.0,0.0,19.772
LLF,2019-12-03,6,1.0,-3.552713678800501e-15,-1.796840824803005e-14,19.772
MPC,2019-12-03,6,1.0,3.552713678800501e-15,1.796840824803005e-14,19.772
PPOLag,2019-12-03,6,1.0,0.006282304765197466,0.031773744513440554,19.772
EDF,2019-12-03,6,2.0,0.0,0.0,19.772
LLF,2019-12-03,6,2.0,-3.552713678800501e-15,-1.796840824803005e-14,19.772
MPC,2019-12-03,6,2.0,3.552713678800501e-15,1.796840824803005e-14,19.772
PPOLag,2019-12-03,6,2.0,0.007188387740104929,0.036356401679672926,19.772
EDF,2019-12-04,4,0.5,0.0,0.0,5.869
LLF,2019-12-04,4,0.5,0.0,0.0,5.869
MPC,2019-12-04,4,0.5,0.0,0.0,5.869
PPOLag,2019-12-04,4,0.5,0.0048147143432199615,0.08203636638643655,5.869
EDF,2019-12-04,4,1.0,0.0,0.0,5.869
LLF,2019-12-04,4,1.0,0.0,0.0,5.869
MPC,2019-12-04,4,1.0,0.0,0.0,5.869
PPOLag,2019-12-04,4,1.0,0.0047105983630636675,0.08026236774686774,5.869
EDF,2019-12-04,4,2.0,0.0,0.0,5.869
LLF,2019-12-04,4,2.0,0.0,0.0,5.869
MPC,2019-12-04,4,2.0,0.0,0.0,5.869
PPOLag,2019-12-04,4,2.0,0.003638693055984099,0.061998518588926556,5.869
EDF,2019-12-04,22,0.5,1.7763568394002505e-15,2.241176935907457e-14,7.926
LLF,2019-12-04,22,0.5,0.0,0.0,7.926
MPC,2019-12-04,22,0.5,0.0,0.0,7.926
PPOLag,2019-12-04,22,0.5,0.15646840548861612,1.9741156382616214,7.926
EDF,2019-12-04,22,1.0,8.881784197001252e-16,1.1205884679537285e-14,7.926
LLF,2019-12-04,22,1.0,-8.881784197001252e-16,-1.1205884679537285e-14,7.926
MPC,2019-12-04,22,1.0,-8.881784197001252e-16,-1.1205884679537285e-14,7.926
PPOLag,2019-12-04,22,1.0,0.19649730089221062,2.479148383701875,7.926
EDF,2019-12-04,22,2.0,8.881784197001252e-16,1.1205884679537285e-14,7.926
LLF,2019-12-04,22,2.0,-8.881784197001252e-16,-1.1205884679537285e-14,7.926
MPC,2019-12-04,22,2.0,0.0,0.0,7.926
PPOLag,2019-12-04,22,2.0,0.2704067393896562,3.4116419302252865,7.926
EDF,2019-12-04,26,0.5,6.140000000000011,21.64334308576267,28.369
LLF,2019-12-04,26,0.5,0.0,0.0,28.369
MPC,2019-12-04,26,0.5,3.552713678800501e-15,1.2523224924391065e-14,28.369
PPOLag,2019-12-04,26,0.5,0.17421347305372378,0.6140980403035842,28.369
EDF,2019-12-04,26,1.0,6.139999999999997,21.643343085762616,28.369
LLF,2019-12-04,26,1.0,0.0,0.0,28.369
MPC,2019-12-04,26,1.0,7.105427357601002e-15,2.504644984878213e-14,28.369
PPOLag,2019-12-04,26,1.0,0.27732056680795764,0.9775479107756976,28.369
EDF,2019-12-04,26,2.0,6.139999999999997,21.643343085762616,28.369
LLF,2019-12-04,26,2.0,7.105427357601002e-15,2.504644984878213e-14,28.369
MPC,2019-12-04,26,2.0,7.105427357601002e-15,2.504644984878213e-14,28.369
PPOLag,2019-12-04,26,2.0,0.3330170748865463,1.1738766783691577,28.369
EDF,2019-12-04,21,0.5,0.0,0.0,5.905
LLF,2019-12-04,21,0.5,-8.881784197001252e-16,-1.5041124804405167e-14,5.905
MPC,2019-12-04,21,0.5,0.0,0.0,5.905
PPOLag,2019-12-04,21,0.5,0.06077429617413088,1.0292006126017086,5.905
EDF,2019-12-04,21,1.0,0.0,0.0,5.905
LLF,2019-12-04,21,1.0,0.0,0.0,5.905
MPC,2019-12-04,21,1.0,0.0,0.0,5.905
PPOLag,2019-12-04,21,1.0,0.08464658248330306,1.4334730310466224,5.905
EDF,2019-12-04,21,2.0,0.0,0.0,5.905
LLF,2019-12-04,21,2.0,8.881784197001252e-16,1.5041124804405167e-14,5.905
MPC,2019-12-04,21,2.0,8.881784197001252e-16,1.5041124804405167e-14,5.905
PPOLag,2019-12-04,21,2.0,0.1900749413400291,3.2188813097380033,5.905
EDF,2019-12-04,37,0.5,0.0,0.0,0.89
LLF,2019-12-04,37,0.5,0.0,0.0,0.89
MPC,2019-12-04,37,0.5,1.1102230246251565e-16,1.247441600702423e-14,0.89
PPOLag,2019-12-04,37,0.5,0.007269704638143715,0.8168207458588445,0.89
EDF,2019-12-04,37,1.0,0.0,0.0,0.89
LLF,2019-12-04,37,1.0,0.0,0.0,0.89
MPC,2019-12-04,37,1.0,1.1102230246251565e-16,1.247441600702423e-14,0.89
PPOLag,2019-12-04,37,1.0,0.009378030046917396,1.0537112412266736,0.89
EDF,2019-12-04,37,2.0,0.0,0.0,0.89
LLF,2019-12-04,37,2.0,0.0,0.0,0.89
MPC,2019-12-04,37,2.0,1.1102230246251565e-16,1.247441600702423e-14,0.89
PPOLag,2019-12-04,37,2.0,0.01195666142509857,1.3434451039436595,0.89
EDF,2019-12-05,24,0.5,0.0,0.0,13.301
LLF,2019-12-05,24,0.5,0.0,0.0,13.301
MPC,2019-12-05,24,0.5,0.0,0.0,13.301
PPOLag,2019-12-05,24,0.5,0.0026762513086932673,0.02012067745803524,13.301
EDF,2019-12-05,24,1.0,0.0,0.0,13.301
LLF,2019-12-05,24,1.0,0.0,0.0,13.301
MPC,2019-12-05,24,1.0,-1.7763568394002505e-15,-1.3355062321631836e-14,13.301
PPOLag,2019-12-05,24,1.0,0.006935676725004924,0.052144024697428196,13.301
EDF,2019-12-05,24,2.0,0.0,0.0,13.301
LLF,2019-12-05,24,2.0,0.0,0.0,13.301
MPC,2019-12-05,24,2.0,0.0,0.0,13.301
PPOLag,2019-12-05,24,2.0,0.008082507336515832,0.06076616296906873,13.301
EDF,2019-12-05,11,0.5,0.0,0.0,1.588
LLF,2019-12-05,11,0.5,0.0,0.0,1.588
MPC,2019-12-05,11,0.5,0.0,0.0,1.588
PPOLag,2019-12-05,11,0.5,0.0038136669914193176,0.24015535210449107,1.588
EDF,2019-12-05,11,1.0,0.0,0.0,1.588
LLF,2019-12-05,11,1.0,0.0,0.0,1.588
MPC,2019-12-05,11,1.0,0.0,0.0,1.588
PPOLag,2019-12-05,11,1.0,0.006083839765102672,0.3831133353339214,1.588
EDF,2019-12-05,11,2.0,0.0,0.0,1.588
LLF,2019-12-05,11,2.0,0.0,0.0,1.588
MPC,2019-12-05,11,2.0,0.0,0.0,1.588
PPOLag,2019-12-05,11,2.0,0.00821800923694913,0.5175068789010788,1.588
EDF,2019-12-05,14,0.5,0.0,0.0,7.743
LLF,2019-12-05,14,0.5,0.0,0.0,7.743
MPC,2019-12-05,14,0.5,0.0,0.0,7.743
PPOLag,2019-12-05,14,0.5,0.0029531746348776975,0.03813992812705279,7.743
EDF,2019-12-05,14,1.0,0.0,0.0,7.743
LLF,2019-12-05,14,1.0,0.0,0.0,7.743
MPC,2019-12-05,14,1.0,0.0,0.0,7.743
PPOLag,2019-12-05,14,1.0,0.005014903188278197,0.06476692739607641,7.743
EDF,2019-12-05,14,2.0,0.0,0.0,7.743
LLF,2019-12-05,14,2.0,-8.881784197001252e-16,-1.1470727362780901e-14,7.743
MPC,2019-12-05,14,2.0,0.0,0.0,7.743
PPOLag,2019-12-05,14,2.0,0.008956957332443949,0.11567812646834494,7.743
EDF,2019-12-05,5,0.5,0.0,0.0,12.944
LLF,2019-12-05,5,0.5,0.0,0.0,12.944
MPC,2019-12-05,5,0.5,-1.7763568394002505e-15,-1.3723399562733702e-14,12.944
PPOLag,2019-12-05,5,0.5,0.005004602657527002,0.038663493954936665,12.944
EDF,2019-12-05,5,1.0,0.0,0.0,12.944
LLF,2019-12-05,5,1.0,-1.7763568394002505e-15,-1.3723399562733702e-14,12.944
MPC,2019-12-05,5,1.0,0.0,0.0,12.944
PPOLag,2019-12-05,5,1.0,0.005693030657786835,0.04398200446374254,12.944
EDF,2019-12-05,5,2.0,0.0,0.0,12.944
LLF,2019-12-05,5,2.0,-1.7763568394002505e-15,-1.3723399562733702e-14,12.944
MPC,2019-12-05,5,2.0,-1.7763568394002505e-15,-1.3723399562733702e-14,12.944
PPOLag,2019-12-05,5,2.0,0.007884522824350171,0.06091256817328623,12.944
EDF,2019-12-05,7,0.5,1.7763568394002505e-15,1.4667301126250933e-14,12.111
LLF,2019-12-05,7,0.5,0.0,0.0,12.111
MPC,2019-12-05,7,0.5,1.7763568394002505e-15,1.4667301126250933e-14,12.111
PPOLag,2019-12-05,7,0.5,0.003096631925791726,0.025568755063923095,12.111
EDF,2019-12-05,7,1.0,1.7763568394002505e-15,1.4667301126250933e-14,12.111
LLF,2019-12-05,7,1.0,-1.7763568394002505e-15,-1.4667301126250933e-14,12.111
MPC,2019-12-05,7,1.0,1.7763568394002505e-15,1.4667301126250933e-14,12.111
PPOLag,2019-12-05,7,1.0,0.0061191610268725325,0.05052564632873034,12.111
EDF,2019-12-05,7,2.0,0.0,0.0,12.111
LLF,2019-12-05,7,2.0,0.0,0.0,12.111
MPC,2019-12-05,7,2.0,1.7763568394002505e-15,1.4667301126250933e-14,12.111
PPOLag,2019-12-05,7,2.0,0.007689857978032321,0.0634948227068972,12.111
EDF,2019-12-06,6,0.5,0.0,0.0,3.776
LLF,2019-12-06,6,0.5,4.440892098500626e-16,1.176083712526649e-14,3.776
MPC,2019-12-06,6,0.5,0.0,0.0,3.776
PPOLag,2019-12-06,6,0.5,0.002784319799011925,0.0737372828128158,3.776
EDF,2019-12-06,6,1.0,0.0,0.0,3.776
LLF,2019-12-06,6,1.0,4.440892098500626e-16,1.176083712526649e-14,3.776
MPC,2019-12-06,6,1.0,0.0,0.0,3.776
PPOLag,2019-12-06,6,1.0,0.004428837419170684,0.11728912656702022,3.776
EDF,2019-12-06,6,2.0,0.0,0.0,3.776
LLF,2019-12-06,6,2.0,4.440892098500626e-16,1.176083712526649e-14,3.776
MPC,2019-12-06,6,2.0,0.0,0.0,3.776
PPOLag,2019-12-06,6,2.0,0.006691011579284645,0.17719839987512304,3.776
EDF,2019-12-06,0,0.5,0.0,0.0,2.875
LLF,2019-12-06,0,0.5,0.0,0.0,2.875
MPC,2019-12-06,0,0.5,0.0,0.0,2.875
PPOLag,2019-12-06,0,0.5,0.000967840100418993,0.033664003492834535,2.875
EDF,2019-12-06,0,1.0,0.0,0.0,2.875
LLF,2019-12-06,0,1.0,0.0,0.0,2.875
MPC,2019-12-06,0,1.0,0.0,0.0,2.875
PPOLag,2019-12-06,0,1.0,0.001616640890201282,0.05623098748526197,2.875
EDF,2019-12-06,0,2.0,0.0,0.0,2.875
LLF,2019-12-06,0,2.0,0.0,0.0,2.875
MPC,2019-12-06,0,2.0,0.0,0.0,2.875
PPOLag,2019-12-06,0,2.0,0.0033943174638778827,0.11806321613488288,2.875
EDF,2019-12-06,27,0.5,0.0,0.0,1.514
LLF,2019-12-06,27,0.5,0.0,0.0,1.514
MPC,2019-12-06,27,0.5,0.0,0.0,1.514
PPOLag,2019-12-06,27,0.5,-0.0006849544800033413,-0.045241379128358086,1.514
EDF,2019-12-06,27,1.0,0.0,0.0,1.514
LLF,2019-12-06,27,1.0,0.0,0.0,1.514
MPC,2019-12-06,27,1.0,0.0,0.0,1.514
PPOLag,2019-12-06,27,1.0,0.0008483722797000936,0.05603515717966273,1.514
EDF,2019-12-06,27,2.0,0.0,0.0,1.514
LLF,2019-12-06,27,2.0,0.0,0.0,1.514
MPC,2019-12-06,27,2.0,0.0,0.0,1.514
PPOLag,2019-12-06,27,2.0,0.004503034861484778,0.2974263448801042,1.514
EDF,2019-12-06,16,0.5,0.0,0.0,2.335
LLF,2019-12-06,16,0.5,0.0,0.0,2.335
MPC,2019-12-06,16,0.5,0.0,0.0,2.335
PPOLag,2019-12-06,16,0.5,0.002096016578106408,0.08976516394459991,2.335
EDF,2019-12-06,16,1.0,0.0,0.0,2.335
LLF,2019-12-06,16,1.0,0.0,0.0,2.335
MPC,2019-12-06,16,1.0,0.0,0.0,2.335
PPOLag,2019-12-06,16,1.0,0.00411578278221425,0.17626478724686295,2.335
EDF,2019-12-06,16,2.0,0.0,0.0,2.335
LLF,2019-12-06,16,2.0,0.0,0.0,2.335
MPC,2019-12-06,16,2.0,0.0,0.0,2.335
PPOLag,2019-12-06,16,2.0,0.006571580341350902,0.281438130250574,2.335
EDF,2019-12-06,24,0.5,0.0,0.0,7.766
LLF,2019-12-06,24,0.5,0.0,0.0,7.766
MPC,2019-12-06,24,0.5,0.0,0.0,7.766
PPOLag,2019-12-06,24,0.5,0.003307962420652544,0.04259544708540489,7.766
EDF,2019-12-06,24,1.0,0.0,0.0,7.766
LLF,2019-12-06,24,1.0,0.0,0.0,7.766
MPC,2019-12-06,24,1.0,1.7763568394002505e-15,2.287351067988991e-14,7.766
PPOLag,2019-12-06,24,1.0,0.00670677759764633,0.08636077256819893,7.766
EDF,2019-12-06,24,2.0,0.0,0.0,7.766
LLF,2019-12-06,24,2.0,0.0,0.0,7.766
MPC,2019-12-06,24,2.0,1.7763568394002505e-15,2.287351067988991e-14,7.766
PPOLag,2019-12-06,24,2.0,0.0074191644343319044,0.09553392266716335,7.766
EDF,2019-12-09,21,0.5,0.0,0.0,2.176
LLF,2019-12-09,21,0.5,0.0,0.0,2.176
MPC,2019-12-09,21,0.5,0.0,0.0,2.176
PPOLag,2019-12-09,21,0.5,0.010904730480698089,0.501136511061493,2.176
EDF,2019-12-09,21,1.0,0.0,0.0,2.176
LLF,2019-12-09,21,1.0,0.0,0.0,2.176
MPC,2019-12-09,21,1.0,0.0,0.0,2.176
PPOLag,2019-12-09,21,1.0,0.011168299425662553,0.5132490544881688,2.176
EDF,2019-12-09,21,2.0,0.0,0.0,2.176
LLF,2019-12-09,21,2.0,0.0,0.0,2.176
MPC,2019-12-09,21,2.0,0.0,0.0,2.176
PPOLag,2019-12-09,21,2.0,0.008538726467380098,0.39240470897886476,2.176
EDF,2019-12-09,26,0.5,0.0,0.0,1.178
LLF,2019-12-09,26,0.5,0.0,0.0,1.178
MPC,2019-12-09,26,0.5,0.0,0.0,1.178
PPOLag,2019-12-09,26,0.5,0.0021322444405099004,0.18100547033191006,1.178
EDF,2019-12-09,26,1.0,0.0,0.0,1.178
LLF,2019-12-09,26,1.0,-2.220446049250313e-16,-1.884928734507906e-14,1.178
MPC,2019-12-09,26,1.0,0.0,0.0,1.178
PPOLag,2019-12-09,26,1.0,0.0027057682546175687,0.22969170242933523,1.178
EDF,2019-12-09,26,2.0,0.0,0.0,1.178
LLF,2019-12-09,26,2.0,-2.220446049250313e-16,-1.884928734507906e-14,1.178
MPC,2019-12-09,26,2.0,0.0,0.0,1.178
PPOLag,2019-12-09,26,2.0,0.0016097824724883747,0.13665386014332553,1.178
EDF,2019-12-09,0,0.5,0.0,0.0,3.432
LLF,2019-12-09,0,0.5,0.0,0.0,3.432
MPC,2019-12-09,0,0.5,-4.440892098500626e-16,-1.2939662291668492e-14,3.432
PPOLag,2019-12-09,0,0.5,0.0019713189282409616,0.05743936271098373,3.432
EDF,2019-12-09,0,1.0,0.0,0.0,3.432
LLF,2019-12-09,0,1.0,0.0,0.0,3.432
MPC,2019-12-09,0,1.0,0.0,0.0,3.432
PPOLag,2019-12-09,0,1.0,0.0048805743346330924,0.1422078768832486,3.432
EDF,2019-12-09,0,2.0,0.0,0.0,3.432
LLF,2019-12-09,0,2.0,0.0,0.0,3.432
MPC,2019-12-09,0,2.0,0.0,0.0,3.432
PPOLag,2019-12-09,0,2.0,0.012710441729185007,0.37035086623499436,3.432
EDF,2019-12-09,29,0.5,0.0,0.0,0.849
LLF,2019-12-09,29,0.5,0.0,0.0,0.849
MPC,2019-12-09,29,0.5,0.0,0.0,0.849
PPOLag,2019-12-09,29,0.5,0.005659382040517058,0.6665938799195593,0.849
EDF,2019-12-09,29,1.0,0.0,0.0,0.849
LLF,2019-12-09,29,1.0,0.0,0.0,0.849
MPC,2019-12-09,29,1.0,0.0,0.0,0.849
PPOLag,2019-12-09,29,1.0,0.00852013891307699,1.0035499308689033,0.849
EDF,2019-12-09,29,2.0,0.0,0.0,0.849
LLF,2019-12-09,29,2.0,0.0,0.0,0.849
MPC,2019-12-09,29,2.0,0.0,0.0,0.849
PPOLag,2019-12-09,29,2.0,0.011499001899916395,1.354417184913592,0.849
EDF,2019-12-09,10,0.5,0.0,0.0,4.017
LLF,2019-12-09,10,0.5,0.0,0.0,4.017
MPC,2019-12-09,10,0.5,0.0,0.0,4.017
PPOLag,2019-12-09,10,0.5,-0.0014897668580847955,-0.037086553599322766,4.017
EDF,2019-12-09,10,1.0,0.0,0.0,4.017
LLF,2019-12-09,10,1.0,0.0,0.0,4.017
MPC,2019-12-09,10,1.0,0.0,0.0,4.017
PPOLag,2019-12-09,10,1.0,0.002579994423803722,0.06422689628587806,4.017
EDF,2019-12-09,10,2.0,0.0,0.0,4.017
LLF,2019-12-09,10,2.0,0.0,0.0,4.017
MPC,2019-12-09,10,2.0,0.0,0.0,4.017
PPOLag,2019-12-09,10,2.0,0.0027189060177490454,0.06768498923945843,4.017
EDF,2019-12-10,11,0.5,0.0,0.0,15.737
LLF,2019-12-10,11,0.5,-1.7763568394002505e-15,-1.128777301518873e-14,15.737
MPC,2019-12-10,11,0.5,5.329070518200751e-15,3.386331904556619e-14,15.737
PPOLag,2019-12-10,11,0.5,0.009814470062213943,0.062365571978229284,15.737
EDF,2019-12-10,11,1.0,-1.7763568394002505e-15,-1.128777301518873e-14,15.737
LLF,2019-12-10,11,1.0,-1.7763568394002505e-15,-1.128777301518873e-14,15.737
MPC,2019-12-10,11,1.0,3.552713678800501e-15,2.257554603037746e-14,15.737
PPOLag,2019-12-10,11,1.0,0.012066076151879912,0.07667329320632847,15.737
EDF,2019-12-10,11,2.0,0.0,0.0,15.737
LLF,2019-12-10,11,2.0,0.0,0.0,15.737
MPC,2019-12-10,11,2.0,5.329070518200751e-15,3.386331904556619e-14,15.737
PPOLag,2019-12-10,11,2.0,0.012799328565100864,0.08133270995171167,15.737
EDF,2019-12-10,26,0.5,0.0,0.0,5.761
LLF,2019-12-10,26,0.5,-1.7763568394002505e-15,-3.083417530637477e-14,5.761
MPC,2019-12-10,26,0.5,1.6575000000000006,28.771046693282425,5.761
PPOLag,2019-12-10,26,0.5,0.014753392144122125,0.2560908200680806,5.761
EDF,2019-12-10,26,1.0,0.0,0.0,5.761
LLF,2019-12-10,26,1.0,-1.7763568394002505e-15,-3.083417530637477e-14,5.761
MPC,2019-12-10,26,1.0,1.6575000000000006,28.771046693282425,5.761
PPOLag,2019-12-10,26,1.0,0.01656431487405303,0.28752499347427585,5.761
EDF,2019-12-10,26,2.0,0.0,0.0,5.761
LLF,2019-12-10,26,2.0,-8.881784197001252e-16,-1.5417087653187384e-14,5.761
MPC,2019-12-10,26,2.0,1.6575000000000006,28.771046693282425,5.761
PPOLag,2019-12-10,26,2.0,0.018201673738535186,0.3159464283724212,5.761
EDF,2019-12-10,15,0.5,0.0,0.0,13.433
LLF,2019-12-10,15,0.5,0.0,0.0,13.433
MPC,2019-12-10,15,0.5,0.2657500000000024,1.9783369314375223,13.433
PPOLag,2019-12-10,15,0.5,0.008401690935098927,0.0625451569649291,13.433
EDF,2019-12-10,15,1.0,0.0,0.0,13.433
LLF,2019-12-10,15,1.0,0.0,0.0,13.433
MPC,2019-12-10,15,1.0,0.2657499999999988,1.978336931437496,13.433
PPOLag,2019-12-10,15,1.0,0.010361313250943027,0.0771332781280654,13.433
EDF,2019-12-10,15,2.0,0.0,0.0,13.433
LLF,2019-12-10,15,2.0,-1.7763568394002505e-15,-1.3223828179857445e-14,13.433
MPC,2019-12-10,15,2.0,0.2657500000000024,1.9783369314375223,13.433
PPOLag,2019-12-10,15,2.0,0.011656372575199114,0.08677415748677968,13.433
EDF,2019-12-10,17,0.5,0.0,0.0,4.233
LLF,2019-12-10,17,0.5,0.0,0.0,4.233
MPC,2019-12-10,17,0.5,0.0,0.0,4.233
PPOLag,2019-12-10,17,0.5,0.01102203407234601,0.2603835122217343,4.233
EDF,2019-12-10,17,1.0,0.0,0.0,4.233
LLF,2019-12-10,17,1.0,0.0,0.0,4.233
MPC,2019-12-10,17,1.0,0.0,0.0,4.233
PPOLag,2019-12-10,17,1.0,0.015576272317605699,0.3679724147792511,4.233
EDF,2019-12-10,17,2.0,-8.881784197001252e-16,-2.0982244736596392e-14,4.233
LLF,2019-12-10,17,2.0,-8.881784197001252e-16,-2.0982244736596392e-14,4.233
MPC,2019-12-10,17,2.0,0.0,0.0,4.233
PPOLag,2019-12-10,17,2.0,0.017018148928118572,0.40203517429998986,4.233
EDF,2019-12-10,24,0.5,0.0,0.0,4.218
LLF,2019-12-10,24,0.5,0.0,0.0,4.218
MPC,2019-12-10,24,0.5,0.0,0.0,4.218
PPOLag,2019-12-10,24,0.5,0.003860231473943543,0.09151805296215132,4.218
EDF,2019-12-10,24,1.0,0.0,0.0,4.218
LLF,2019-12-10,24,1.0,0.0,0.0,4.218
MPC,2019-12-10,24,1.0,0.0,0.0,4.218
PPOLag,2019-12-10,24,1.0,0.0025418613462843353,0.06026224149559828,4.218
EDF,2019-12-10,24,2.0,0.0,0.0,4.218
LLF,2019-12-10,24,2.0,0.0,0.0,4.218
MPC,2019-12-10,24,2.0,0.0,0.0,4.218
PPOLag,2019-12-10,24,2.0,0.0014208718250490193,0.03368591334872023,4.218
EDF,2019-12-11,5,0.5,0.0,0.0,9.69
LLF,2019-12-11,5,0.5,1.7763568394002505e-15,1.8331855927763164e-14,9.69
MPC,2019-12-11,5,0.5,-1.2887500000000003,-13.29979360165119,9.69
PPOLag,2019-12-11,5,0.5,0.23342039355548252,2.408879190459056,9.69
EDF,2019-12-11,5,1.0,-1.7763568394002505e-15,-1.8331855927763164e-14,9.69
LLF,2019-12-11,5,1.0,1.7763568394002505e-15,1.8331855927763164e-14,9.69
MPC,2019-12-11,5,1.0,-1.7763568394002505e-15,-1.8331855927763164e-14,9.69
PPOLag,2019-12-11,5,1.0,0.27299312336497117,2.8172664949945423,9.69
EDF,2019-12-11,5,2.0,-1.7763568394002505e-15,-1.8331855927763164e-14,9.69
LLF,2019-12-11,5,2.0,0.0,0.0,9.69
MPC,2019-12-11,5,2.0,-1.7763568394002505e-15,-1.8331855927763164e-14,9.69
PPOLag,2019-12-11,5,2.0,0.2872205674008789,2.9640925428367284,9.69
EDF,2019-12-11,24,0.5,-8.881784197001252e-16,-2.1673460705225117e-14,4.098
LLF,2019-12-11,24,0.5,0.0,0.0,4.098
MPC,2019-12-11,24,0.5,0.32099999999999707,7.833089311859373,4.098
PPOLag,2019-12-11,24,0.5,0.3361918685426673,8.203803527151472,4.098
EDF,2019-12-11,24,1.0,0.0,0.0,4.098
LLF,2019-12-11,24,1.0,-8.881784197001252e-16,-2.1673460705225117e-14,4.098
MPC,2019-12-11,24,1.0,0.32099999999999707,7.833089311859373,4.098
PPOLag,2019-12-11,24,1.0,0.4010679961581979,9.786920355251292,4.098
EDF,2019-12-11,24,2.0,0.0,0.0,4.098
LLF,2019-12-11,24,2.0,-8.881784197001252e-16,-2.1673460705225117e-14,4.098
MPC,2019-12-11,24,2.0,0.32099999999999707,7.833089311859373,4.098
PPOLag,2019-12-11,24,2.0,0.4238770549796606,10.343510370416316,4.098
EDF,2019-12-11,11,0.5,0.0,0.0,10.308
LLF,2019-12-11,11,0.5,0.0,0.0,10.308
MPC,2019-12-11,11,0.5,1.7763568394002505e-15,1.7232798209160367e-14,10.308
PPOLag,2019-12-11,11,0.5,0.005318028570326305,0.051591274450196976,10.308
EDF,2019-12-11,11,1.0,0.0,0.0,10.308
LLF,2019-12-11,11,1.0,0.0,0.0,10.308
MPC,2019-12-11,11,1.0,1.7763568394002505e-15,1.7232798209160367e-14,10.308
PPOLag,2019-12-11,11,1.0,0.005444310350385706,0.05281635962733514,10.308
EDF,2019-12-11,11,2.0,0.0,0.0,10.308
LLF,2019-12-11,11,2.0,0.0,0.0,10.308
MPC,2019-12-11,11,2.0,1.7763568394002505e-15,1.7232798209160367e-14,10.308
PPOLag,2019-12-11,11,2.0,0.005294533639792931,0.05136334536081617,10.308
EDF,2019-12-11,23,0.5,-8.881784197001252e-16,-2.2193363810597833e-14,4.002
LLF,2019-12-11,23,0.5,1.8302499999999993,45.73338330834581,4.002
MPC,2019-12-11,23,0.5,1.6492500000000003,41.21064467766118,4.002
PPOLag,2019-12-11,23,0.5,0.46426916638791005,11.600928695350076,4.002
EDF,2019-12-11,23,1.0,0.0,0.0,4.002
LLF,2019-12-11,23,1.0,2.504249999999999,62.574962518740605,4.002
MPC,2019-12-11,23,1.0,1.6492499999999994,41.21064467766116,4.002
PPOLag,2019-12-11,23,1.0,0.5060378250347906,12.644623314212657,4.002
EDF,2019-12-11,23,2.0,0.0,0.0,4.002
LLF,2019-12-11,23,2.0,2.504249999999999,62.574962518740605,4.002
MPC,2019-12-11,23,2.0,1.6492499999999994,41.21064467766116,4.002
PPOLag,2019-12-11,23,2.0,0.7302888393777935,18.248096935976854,4.002
EDF,2019-12-11,31,0.5,0.0,0.0,13.765
LLF,2019-12-11,31,0.5,0.0,0.0,13.765
MPC,2019-12-11,31,0.5,4.825750000000001,35.05811841627316,13.765
PPOLag,2019-12-11,31,0.5,0.8415930866811582,6.114007168043285,13.765
EDF,2019-12-11,31,1.0,-1.7763568394002505e-15,-1.2904880780241558e-14,13.765
LLF,2019-12-11,31,1.0,-3.552713678800501e-15,-2.5809761560483115e-14,13.765
MPC,2019-12-11,31,1.0,6.38325,46.373047584453325,13.765
PPOLag,2019-12-11,31,1.0,1.10658824710375,8.039144548519797,13.765
EDF,2019-12-11,31,2.0,-1.7763568394002505e-15,-1.2904880780241558e-14,13.765
LLF,2019-12-11,31,2.0,-1.7763568394002505e-15,-1.2904880780241558e-14,13.765
MPC,2019-12-11,31,2.0,7.275250000000003,52.8532509989103,13.765
PPOLag,2019-12-11,31,2.0,1.2645666377101161,9.18682628194781,13.765
EDF,2019-12-12,15,0.5,0.0,0.0,17.854
LLF,2019-12-12,15,0.5,0.0,0.0,17.854
MPC,2019-12-12,15,0.5,3.552713678800501e-15,1.9898698772266724e-14,17.854
PPOLag,2019-12-12,15,0.5,0.005511719305822282,0.030871061419414602,17.854
EDF,2019-12-12,15,1.0,0.0,0.0,17.854
LLF,2019-12-12,15,1.0,0.0,0.0,17.854
MPC,2019-12-12,15,1.0,3.552713678800501e-15,1.9898698772266724e-14,17.854
PPOLag,2019-12-12,15,1.0,0.006455077365298223,0.03615479648985226,17.854
EDF,2019-12-12,15,2.0,0.0,0.0,17.854
LLF,2019-12-12,15,2.0,0.0,0.0,17.854
MPC,2019-12-12,15,2.0,0.0,0.0,17.854
PPOLag,2019-12-12,15,2.0,0.009835621095456304,0.05508917382914923,17.854
EDF,2019-12-12,24,0.5,0.0,0.0,3.974
LLF,2019-12-12,24,0.5,4.440892098500626e-16,1.1174866880977922e-14,3.974
MPC,2019-12-12,24,0.5,0.0,0.0,3.974
PPOLag,2019-12-12,24,0.5,-0.0011607466994328242,-0.029208522884570313,3.974
EDF,2019-12-12,24,1.0,4.440892098500626e-16,1.1174866880977922e-14,3.974
LLF,2019-12-12,24,1.0,4.440892098500626e-16,1.1174866880977922e-14,3.974
MPC,2019-12-12,24,1.0,0.0,0.0,3.974
PPOLag,2019-12-12,24,1.0,0.0007806806999321126,0.019644708100959047,3.974
EDF,2019-12-12,24,2.0,4.440892098500626e-16,1.1174866880977922e-14,3.974
LLF,2019-12-12,24,2.0,4.440892098500626e-16,1.1174866880977922e-14,3.974
MPC,2019-12-12,24,2.0,0.0,0.0,3.974
PPOLag,2019-12-12,24,2.0,0.0012103482767384043,0.03045667530796186,3.974
EDF,2019-12-12,28,0.5,0.0,0.0,9.773
LLF,2019-12-12,28,0.5,0.0,0.0,9.773
MPC,2019-12-12,28,0.5,0.0,0.0,9.773
PPOLag,2019-12-12,28,0.5,0.00050807286554857,0.005198740054728026,9.773
EDF,2019-12-12,28,1.0,0.0,0.0,9.773
LLF,2019-12-12,28,1.0,0.0,0.0,9.773
MPC,2019-12-12,28,1.0,3.552713678800501e-15,3.635233478768547e-14,9.773
PPOLag,2019-12-12,28,1.0,0.0023310818450770652,0.02385226486316449,9.773
EDF,2019-12-12,28,2.0,0.0,0.0,9.773
LLF,2019-12-12,28,2.0,0.0,0.0,9.773
MPC,2019-12-12,28,2.0,3.552713678800501e-15,3.635233478768547e-14,9.773
PPOLag,2019-12-12,28,2.0,0.002327020268282709,0.023810705702268585,9.773
EDF,2019-12-12,5,0.5,0.0,0.0,2.386
LLF,2019-12-12,5,0.5,0.0,0.0,2.386
MPC,2019-12-12,5,0.5,0.0,0.0,2.386
PPOLag,2019-12-12,5,0.5,0.004384248616552977,0.1837488942394374,2.386
EDF,2019-12-12,5,1.0,0.0,0.0,2.386
LLF,2019-12-12,5,1.0,0.0,0.0,2.386
MPC,2019-12-12,5,1.0,0.0,0.0,2.386
PPOLag,2019-12-12,5,1.0,0.010975849374824964,0.4600104515852877,2.386
EDF,2019-12-12,5,2.0,0.0,0.0,2.386
LLF,2019-12-12,5,2.0,0.0,0.0,2.386
MPC,2019-12-12,5,2.0,0.0,0.0,2.386
PPOLag,2019-12-12,5,2.0,0.014027785546367345,0.5879206012727303,2.386
EDF,2019-12-12,23,0.5,0.0,0.0,2.671
LLF,2019-12-12,23,0.5,-4.440892098500626e-16,-1.6626327587048396e-14,2.671
MPC,2019-12-12,23,0.5,0.0,0.0,2.671
PPOLag,2019-12-12,23,0.5,0.006941015224753322,0.2598657890210903,2.671
EDF,2019-12-12,23,1.0,0.0,0.0,2.671
LLF,2019-12-12,23,1.0,-4.440892098500626e-16,-1.6626327587048396e-14,2.671
MPC,2019-12-12,23,1.0,0.0,0.0,2.671
PPOLag,2019-12-12,23,1.0,0.01214045821595704,0.4545285741653703,2.671
EDF,2019-12-12,23,2.0,0.0,0.0,2.671
LLF,2019-12-12,23,2.0,-4.440892098500626e-16,-1.6626327587048396e-14,2.671
MPC,2019-12-12,23,2.0,0.0,0.0,2.671
PPOLag,2019-12-12,23,2.0,0.014029128866870267,0.5252388194260676,2.671
EDF,2019-12-13,30,0.5,0.0,0.0,5.79
LLF,2019-12-13,30,0.5,0.8477500000000004,14.641623488773757,5.79
MPC,2019-12-13,30,0.5,0.798,13.78238341968912,5.79
PPOLag,2019-12-13,30,0.5,0.33862927427121986,5.848519417464937,5.79
EDF,2019-12-13,30,1.0,0.0,0.0,5.79
LLF,2019-12-13,30,1.0,0.8477500000000013,14.64162348877377,5.79
MPC,2019-12-13,30,1.0,0.7980000000000009,13.782383419689136,5.79
PPOLag,2019-12-13,30,1.0,0.3549765263322836,6.1308553770688015,5.79
EDF,2019-12-13,30,2.0,0.0,0.0,5.79
LLF,2019-12-13,30,2.0,0.8477500000000013,14.64162348877377,5.79
MPC,2019-12-13,30,2.0,0.7980000000000009,13.782383419689136,5.79
PPOLag,2019-12-13,30,2.0,0.5455656470121436,9.42255003475205,5.79
EDF,2019-12-13,36,0.5,0.0,0.0,6.873
LLF,2019-12-13,36,0.5,1.8302499999999995,26.629564964353257,6.873
MPC,2019-12-13,36,0.5,0.0,0.0,6.873
PPOLag,2019-12-13,36,0.5,0.007211268379176339,0.10492169910048506,6.873
EDF,2019-12-13,36,1.0,0.0,0.0,6.873
LLF,2019-12-13,36,1.0,2.047250000000001,29.78684708278773,6.873
MPC,2019-12-13,36,1.0,0.0,0.0,6.873
PPOLag,2019-12-13,36,1.0,0.00765234743834764,0.11133926143383732,6.873
EDF,2019-12-13,36,2.0,0.0,0.0,6.873
LLF,2019-12-13,36,2.0,2.04725,29.78684708278772,6.873
MPC,2019-12-13,36,2.0,0.0,0.0,6.873
PPOLag,2019-12-13,36,2.0,0.007337973904037653,0.10676522485141356,6.873
EDF,2019-12-13,6,0.5,0.0,0.0,9.698
LLF,2019-12-13,6,0.5,1.8767499999999995,19.351928232625276,9.698
MPC,2019-12-13,6,0.5,2.9955,30.887811919983495,9.698
PPOLag,2019-12-13,6,0.5,0.007031288539256053,0.0725024596747376,9.698
EDF,2019-12-13,6,1.0,0.0,0.0,9.698
LLF,2019-12-13,6,1.0,1.8767499999999995,19.351928232625276,9.698
MPC,2019-12-13,6,1.0,2.473246117085239,25.502640926843046,9.698
PPOLag,2019-12-13,6,1.0,0.005956126010108776,0.061416024026693904,9.698
EDF,2019-12-13,6,2.0,0.0,0.0,9.698
LLF,2019-12-13,6,2.0,1.8767500000000013,19.351928232625294,9.698
MPC,2019-12-13,6,2.0,2.9955,30.887811919983495,9.698
PPOLag,2019-12-13,6,2.0,0.006460593564856865,0.06661779299708048,9.698
EDF,2019-12-13,9,0.5,0.0,0.0,13.312
LLF,2019-12-13,9,0.5,0.0,0.0,13.312
MPC,2019-12-13,9,0.5,0.0,0.0,13.312
PPOLag,2019-12-13,9,0.5,0.06131634842018947,0.46060958849300987,13.312
EDF,2019-12-13,9,1.0,0.0,0.0,13.312
LLF,2019-12-13,9,1.0,0.0,0.0,13.312
MPC,2019-12-13,9,1.0,0.0,0.0,13.312
PPOLag,2019-12-13,9,1.0,0.0894157534504739,0.6716928594536802,13.312
EDF,2019-12-13,9,2.0,0.0,0.0,13.312
LLF,2019-12-13,9,2.0,0.0,0.0,13.312
MPC,2019-12-13,9,2.0,0.0,0.0,13.312
PPOLag,2019-12-13,9,2.0,0.10437481443926763,0.7840656132757484,13.312
EDF,2019-12-13,3,0.5,0.0,0.0,10.552
LLF,2019-12-13,3,0.5,0.0,0.0,10.552
MPC,2019-12-13,3,0.5,0.0,0.0,10.552
PPOLag,2019-12-13,3,0.5,0.008644649826121764,0.08192427810956941,10.552
EDF,2019-12-13,3,1.0,0.0,0.0,10.552
LLF,2019-12-13,3,1.0,0.0,0.0,10.552
MPC,2019-12-13,3,1.0,0.0,0.0,10.552
PPOLag,2019-12-13,3,1.0,0.008359591684635603,0.07922281732975364,10.552
EDF,2019-12-13,3,2.0,0.0,0.0,10.552
LLF,2019-12-13,3,2.0,0.0,0.0,10.552
MPC,2019-12-13,3,2.0,1.7763568394002505e-15,1.6834314247538385e-14,10.552
PPOLag,2019-12-13,3,2.0,0.009018360892859078,0.08546589170639764,10.552
EDF,2019-12-16,12,0.5,0.2967500000000012,7.632458847736656,3.888
LLF,2019-12-16,12,0.5,1.6639999999999997,42.798353909465014,3.888
MPC,2019-12-16,12,0.5,0.7262500000000003,18.67926954732511,3.888
PPOLag,2019-12-16,12,0.5,0.26235665027037414,6.747856231233902,3.888
EDF,2019-12-16,12,1.0,0.2967500000000012,7.632458847736656,3.888
LLF,2019-12-16,12,1.0,1.6639999999999997,42.798353909465014,3.888
MPC,2019-12-16,12,1.0,0.7262500000000003,18.67926954732511,3.888
PPOLag,2019-12-16,12,1.0,0.27919786146043996,7.18101495525823,3.888
EDF,2019-12-16,12,2.0,0.2967500000000012,7.632458847736656,3.888
LLF,2019-12-16,12,2.0,2.224,57.20164609053499,3.888
MPC,2019-12-16,12,2.0,0.7262500000000003,18.67926954732511,3.888
PPOLag,2019-12-16,12,2.0,0.28231920379225706,7.261296393833772,3.888
EDF,2019-12-16,2,0.5,0.0,0.0,12.102
LLF,2019-12-16,2,0.5,0.0,0.0,12.102
MPC,2019-12-16,2,0.5,3.2932500000000022,27.212444224095208,12.102
PPOLag,2019-12-16,2,0.5,0.041376779753902325,0.3419003450165454,12.102
EDF,2019-12-16,2,1.0,0.0,0.0,12.102
LLF,2019-12-16,2,1.0,0.0,0.0,12.102
MPC,2019-12-16,2,1.0,5.123500000000002,42.33597752437615,12.102
PPOLag,2019-12-16,2,1.0,0.055460721653955505,0.45827732320240866,12.102
EDF,2019-12-16,2,2.0,1.7763568394002505e-15,1.467820888613659e-14,12.102
LLF,2019-12-16,2,2.0,0.0,0.0,12.102
MPC,2019-12-16,2,2.0,5.743750000000002,47.46116344405885,12.102
PPOLag,2019-12-16,2,2.0,0.06465280242425919,0.5342323783197752,12.102
EDF,2019-12-16,18,0.5,0.0,0.0,29.429
LLF,2019-12-16,18,0.5,0.0,0.0,29.429
MPC,2019-12-16,18,0.5,1.1982499999999945,4.0716640048931145,29.429
PPOLag,2019-12-16,18,0.5,0.10591271608479431,0.35989233777836255,29.429
EDF,2019-12-16,18,1.0,0.0,0.0,29.429
LLF,2019-12-16,18,1.0,0.0,0.0,29.429
MPC,2019-12-16,18,1.0,0.05725000000001046,0.19453600190292045,29.429
PPOLag,2019-12-16,18,1.0,0.16055377037696986,0.5455631192937914,29.429
EDF,2019-12-16,18,2.0,0.0,0.0,29.429
LLF,2019-12-16,18,2.0,0.0,0.0,29.429
MPC,2019-12-16,18,2.0,1.1982499999999945,4.0716640048931145,29.429
PPOLag,2019-12-16,18,2.0,0.20776812259268168,0.7059979020445197,29.429
EDF,2019-12-16,8,0.5,0.0,0.0,39.149
LLF,2019-12-16,8,0.5,2.3274999999999864,5.94523487189963,39.149
MPC,2019-12-16,8,0.5,2.0679999999999836,5.2823826917673085,39.149
PPOLag,2019-12-16,8,0.5,0.30463489853672454,0.7781422221173582,39.149
EDF,2019-12-16,8,1.0,-1.4210854715202004e-14,-3.62994066647986e-14,39.149
LLF,2019-12-16,8,1.0,2.3274999999999864,5.94523487189963,39.149
MPC,2019-12-16,8,1.0,6.367749999999994,16.265421849855663,39.149
PPOLag,2019-12-16,8,1.0,0.45060155345013014,1.1509912218706229,39.149
EDF,2019-12-16,8,2.0,-2.1316282072803006e-14,-5.4449109997197897e-14,39.149
LLF,2019-12-16,8,2.0,2.3274999999999864,5.94523487189963,39.149
MPC,2019-12-16,8,2.0,6.367749999999987,16.265421849855645,39.149
PPOLag,2019-12-16,8,2.0,0.5693193669605705,1.4542373163058329,39.149
EDF,2019-12-16,1,0.5,0.0,0.0,3.786
LLF,2019-12-16,1,0.5,0.0,0.0,3.786
MPC,2019-12-16,1,0.5,1.6639999999999997,43.95139989434759,3.786
PPOLag,2019-12-16,1,0.5,0.014193693017845455,0.37489944579623496,3.786
EDF,2019-12-16,1,1.0,0.0,0.0,3.786
LLF,2019-12-16,1,1.0,0.0,0.0,3.786
MPC,2019-12-16,1,1.0,1.6639999999999997,43.95139989434759,3.786
PPOLag,2019-12-16,1,1.0,0.013800065962404861,0.3645025346646821,3.786
EDF,2019-12-16,1,2.0,0.0,0.0,3.786
LLF,2019-12-16,1,2.0,0.0,0.0,3.786
MPC,2019-12-16,1,2.0,1.6639999999999997,43.95139989434759,3.786
PPOLag,2019-12-16,1,2.0,0.01106435016684948,0.29224379732830114,3.786
EDF,2019-12-17,28,0.5,0.0,0.0,6.385
LLF,2019-12-17,28,0.5,0.0,0.0,6.385
MPC,2019-12-17,28,0.5,0.6242499999999787,9.776820673453072,6.385
PPOLag,2019-12-17,28,0.5,0.5006297801142751,7.840716994741973,6.385
EDF,2019-12-17,28,1.0,0.0,0.0,6.385
LLF,2019-12-17,28,1.0,8.881784197001252e-16,1.3910390285045032e-14,6.385
MPC,2019-12-17,28,1.0,0.6242499999999795,9.776820673453086,6.385
PPOLag,2019-12-17,28,1.0,0.6793478549622108,10.639747141146605,6.385
EDF,2019-12-17,28,2.0,0.0,0.0,6.385
LLF,2019-12-17,28,2.0,8.881784197001252e-16,1.3910390285045032e-14,6.385
MPC,2019-12-17,28,2.0,0.6242499999999795,9.776820673453086,6.385
PPOLag,2019-12-17,28,2.0,0.7996750691516118,12.524276729077709,6.385
EDF,2019-12-17,6,0.5,0.0,0.0,5.477
LLF,2019-12-17,6,0.5,1.6639999999999993,30.38159576410442,5.477
MPC,2019-12-17,6,0.5,0.16625000000000068,3.035420850830759,5.477
PPOLag,2019-12-17,6,0.5,0.7053595905875429,12.878575690844311,5.477
EDF,2019-12-17,6,1.0,0.0,0.0,5.477
LLF,2019-12-17,6,1.0,2.1490000000000005,39.23680847179113,5.477
MPC,2019-12-17,6,1.0,0.1662499999999998,3.0354208508307425,5.477
PPOLag,2019-12-17,6,1.0,0.7836670009459497,14.308325743033587,5.477
EDF,2019-12-17,6,2.0,0.0,0.0,5.477
LLF,2019-12-17,6,2.0,2.1490000000000005,39.23680847179113,5.477
MPC,2019-12-17,6,2.0,0.1662499999999998,3.0354208508307425,5.477
PPOLag,2019-12-17,6,2.0,1.247885894211593,22.78411346013498,5.477
EDF,2019-12-17,9,0.5,1.7763568394002505e-15,1.1261296053000194e-14,15.774
LLF,2019-12-17,9,0.5,2.1362499999999986,13.542855331558252,15.774
MPC,2019-12-17,9,0.5,2.3115000000000006,14.653860783567902,15.774
PPOLag,2019-12-17,9,0.5,2.1134246617750287,13.398153047895454,15.774
EDF,2019-12-17,9,1.0,0.0,0.0,15.774
LLF,2019-12-17,9,1.0,2.136249999999997,13.542855331558242,15.774
MPC,2019-12-17,9,1.0,2.3115000000000006,14.653860783567902,15.774
PPOLag,2019-12-17,9,1.0,2.1251347028500454,13.47238939298875,15.774
EDF,2019-12-17,9,2.0,1.7763568394002505e-15,1.1261296053000194e-14,15.774
LLF,2019-12-17,9,2.0,2.136249999999995,13.542855331558231,15.774
MPC,2019-12-17,9,2.0,2.3115000000000006,14.653860783567902,15.774
PPOLag,2019-12-17,9,2.0,2.1262393458212796,13.479392328016228,15.774
EDF,2019-12-17,4,0.5,0.0,0.0,4.651
LLF,2019-12-17,4,0.5,1.4892499999999997,32.019995699849495,4.651
MPC,2019-12-17,4,0.5,3.15325,67.79724790367663,4.651
PPOLag,2019-12-17,4,0.5,0.39687524260144735,8.533116375004244,4.651
EDF,2019-12-17,4,1.0,0.0,0.0,4.651
LLF,2019-12-17,4,1.0,1.4892499999999997,32.019995699849495,4.651
MPC,2019-12-17,4,1.0,3.15325,67.79724790367663,4.651
PPOLag,2019-12-17,4,1.0,0.7619220231393913,16.381896863887153,4.651
EDF,2019-12-17,4,2.0,0.0,0.0,4.651
LLF,2019-12-17,4,2.0,1.4892499999999997,32.019995699849495,4.651
MPC,2019-12-17,4,2.0,3.15325,67.79724790367663,4.651
PPOLag,2019-12-17,4,2.0,1.1202904160229845,24.08708699253891,4.651
EDF,2019-12-17,24,0.5,0.0,0.0,7.752
LLF,2019-12-17,24,0.5,8.881784197001252e-16,1.1457409954851977e-14,7.752
MPC,2019-12-17,24,0.5,0.1362500000000031,1.757610939112527,7.752
PPOLag,2019-12-17,24,0.5,0.06158133370227148,0.7943928496165051,7.752
EDF,2019-12-17,24,1.0,0.0,0.0,7.752
LLF,2019-12-17,24,1.0,0.0,0.0,7.752
MPC,2019-12-17,24,1.0,0.1362500000000031,1.757610939112527,7.752
PPOLag,2019-12-17,24,1.0,0.07092585667982938,0.9149362316799456,7.752
EDF,2019-12-17,24,2.0,0.0,0.0,7.752
LLF,2019-12-17,24,2.0,0.0,0.0,7.752
MPC,2019-12-17,24,2.0,0.1362500000000031,1.757610939112527,7.752
PPOLag,2019-12-17,24,2.0,0.07371191623038324,0.9508761123630449,7.752
EDF,2019-12-18,29,0.5,0.0,0.0,5.488
LLF,2019-12-18,29,0.5,0.0,0.0,5.488
MPC,2019-12-18,29,0.5,0.0,0.0,5.488
PPOLag,2019-12-18,29,0.5,0.11991205172819601,2.184986365309694,5.488
EDF,2019-12-18,29,1.0,0.0,0.0,5.488
LLF,2019-12-18,29,1.0,0.0,0.0,5.488
MPC,2019-12-18,29,1.0,8.881784197001252e-16,1.618400910532298e-14,5.488
PPOLag,2019-12-18,29,1.0,0.1321231961322841,2.4074926408943886,5.488
EDF,2019-12-18,29,2.0,0.0,0.0,5.488
LLF,2019-12-18,29,2.0,0.0,0.0,5.488
MPC,2019-12-18,29,2.0,8.881784197001252e-16,1.618400910532298e-14,5.488
PPOLag,2019-12-18,29,2.0,0.1375342850302399,2.5060911995306103,5.488
EDF,2019-12-18,4,0.5,0.2060000000000013,2.209826217549896,9.322
LLF,2019-12-18,4,0.5,1.5825000000000022,16.975970821712107,9.322
MPC,2019-12-18,4,0.5,2.586750000000002,27.748873632267777,9.322
PPOLag,2019-12-18,4,0.5,0.36165925518322306,3.8796315724439294,9.322
EDF,2019-12-18,4,1.0,0.20599999999999952,2.209826217549877,9.322
LLF,2019-12-18,4,1.0,1.5825000000000022,16.975970821712107,9.322
MPC,2019-12-18,4,1.0,2.83225,30.382428663376963,9.322
PPOLag,2019-12-18,4,1.0,0.3867304572358449,4.1485781724506,9.322
EDF,2019-12-18,4,2.0,0.20599999999999952,2.209826217549877,9.322
LLF,2019-12-18,4,2.0,1.5825000000000022,16.975970821712107,9.322
MPC,2019-12-18,4,2.0,2.83225,30.382428663376963,9.322
PPOLag,2019-12-18,4,2.0,0.3904831003879178,4.188833945375647,9.322
EDF,2019-12-18,33,0.5,0.0,0.0,7.822
LLF,2019-12-18,33,0.5,0.0,0.0,7.822
MPC,2019-12-18,33,0.5,1.332250000000002,17.032088979800587,7.822
PPOLag,2019-12-18,33,0.5,0.552377402178015,7.061843546126504,7.822
EDF,2019-12-18,33,1.0,0.0,0.0,7.822
LLF,2019-12-18,33,1.0,0.0,0.0,7.822
MPC,2019-12-18,33,1.0,1.332250000000002,17.032088979800587,7.822
PPOLag,2019-12-18,33,1.0,0.6003362449580185,7.674971170519287,7.822
EDF,2019-12-18,33,2.0,0.0,0.0,7.822
LLF,2019-12-18,33,2.0,0.0,0.0,7.822
MPC,2019-12-18,33,2.0,1.332250000000002,17.032088979800587,7.822
PPOLag,2019-12-18,33,2.0,0.6020739956350614,7.697187364293805,7.822
EDF,2019-12-18,15,0.5,-4.440892098500626e-16,-1.3693777670368876e-14,3.243
LLF,2019-12-18,15,0.5,1.5789999999999997,48.68948504471168,3.243
MPC,2019-12-18,15,0.5,1.7452499999999995,53.81591119333949,3.243
PPOLag,2019-12-18,15,0.5,0.3792662406100747,11.69491953777597,3.243
EDF,2019-12-18,15,1.0,0.0,0.0,3.243
LLF,2019-12-18,15,1.0,1.5790000000000002,48.68948504471169,3.243
MPC,2019-12-18,15,1.0,1.7452500000000004,53.81591119333951,3.243
PPOLag,2019-12-18,15,1.0,0.4217536431243132,13.005046041452767,3.243
EDF,2019-12-18,15,2.0,0.0,0.0,3.243
LLF,2019-12-18,15,2.0,1.5790000000000006,48.68948504471171,3.243
MPC,2019-12-18,15,2.0,1.74525,53.8159111933395,3.243
PPOLag,2019-12-18,15,2.0,0.4763990319768442,14.690071908012461,3.243
EDF,2019-12-18,6,0.5,0.0,0.0,4.9
LLF,2019-12-18,6,0.5,0.0,0.0,4.9
MPC,2019-12-18,6,0.5,8.881784197001252e-16,1.812609019796174e-14,4.9
PPOLag,2019-12-18,6,0.5,0.2256966970329545,4.606055041488867,4.9
EDF,2019-12-18,6,1.0,0.0,0.0,4.9
LLF,2019-12-18,6,1.0,0.0,0.0,4.9
MPC,2019-12-18,6,1.0,0.0,0.0,4.9
PPOLag,2019-12-18,6,1.0,0.29770979396778896,6.075710080975284,4.9
EDF,2019-12-18,6,2.0,0.0,0.0,4.9
LLF,2019-12-18,6,2.0,0.0,0.0,4.9
MPC,2019-12-18,6,2.0,0.0,0.0,4.9
PPOLag,2019-12-18,6,2.0,0.32008873789601944,6.5324232223677425,4.9
EDF,2019-12-19,31,0.5,0.0,0.0,1.669
LLF,2019-12-19,31,0.5,0.0,0.0,1.669
MPC,2019-12-19,31,0.5,0.0,0.0,1.669
PPOLag,2019-12-19,31,0.5,-0.00016654400565632165,-0.009978670201097772,1.669
EDF,2019-12-19,31,1.0,0.0,0.0,1.669
LLF,2019-12-19,31,1.0,0.0,0.0,1.669
MPC,2019-12-19,31,1.0,0.0,0.0,1.669
PPOLag,2019-12-19,31,1.0,0.0020173409487516114,0.12087123719302646,1.669
EDF,2019-12-19,31,2.0,0.0,0.0,1.669
LLF,2019-12-19,31,2.0,0.0,0.0,1.669
MPC,2019-12-19,31,2.0,-4.440892098500626e-16,-2.66081012492548e-14,1.669
PPOLag,2019-12-19,31,2.0,0.0006678125249489408,0.04001273366979872,1.669
EDF,2019-12-19,27,0.5,0.0,0.0,3.388
LLF,2019-12-19,27,0.5,0.0,0.0,3.388
MPC,2019-12-19,27,0.5,0.0,0.0,3.388
PPOLag,2019-12-19,27,0.5,0.044706143516691464,1.3195437873875877,3.388
EDF,2019-12-19,27,1.0,0.0,0.0,3.388
LLF,2019-12-19,27,1.0,0.0,0.0,3.388
MPC,2019-12-19,27,1.0,0.0,0.0,3.388
PPOLag,2019-12-19,27,1.0,0.04991429899678686,1.4732673847930005,3.388
EDF,2019-12-19,27,2.0,0.0,0.0,3.388
LLF,2019-12-19,27,2.0,0.0,0.0,3.388
MPC,2019-12-19,27,2.0,0.0,0.0,3.388
PPOLag,2019-12-19,27,2.0,0.052245840077787965,1.5420850081991724,3.388
EDF,2019-12-19,19,0.5,8.881784197001252e-16,1.767871058320313e-14,5.024
LLF,2019-12-19,19,0.5,0.0,0.0,5.024
MPC,2019-12-19,19,0.5,0.0,0.0,5.024
PPOLag,2019-12-19,19,0.5,0.01852412158897092,0.3687126112454403,5.024
EDF,2019-12-19,19,1.0,8.881784197001252e-16,1.767871058320313e-14,5.024
LLF,2019-12-19,19,1.0,-8.881784197001252e-16,-1.767871058320313e-14,5.024
MPC,2019-12-19,19,1.0,0.0,0.0,5.024
PPOLag,2019-12-19,19,1.0,0.02120991044294751,0.4221717842943374,5.024
EDF,2019-12-19,19,2.0,8.881784197001252e-16,1.767871058320313e-14,5.024
LLF,2019-12-19,19,2.0,-8.881784197001252e-16,-1.767871058320313e-14,5.024
MPC,2019-12-19,19,2.0,0.0,0.0,5.024
PPOLag,2019-12-19,19,2.0,0.022663610297705184,0.45110689286833566,5.024
EDF,2019-12-19,24,0.5,0.0,0.0,4.121
LLF,2019-12-19,24,0.5,0.0,0.0,4.121
MPC,2019-12-19,24,0.5,0.25574999999999903,6.206017956806576,4.121
PPOLag,2019-12-19,24,0.5,0.2490648497857575,6.04379640343988,4.121
EDF,2019-12-19,24,1.0,0.0,0.0,4.121
LLF,2019-12-19,24,1.0,0.0,0.0,4.121
MPC,2019-12-19,24,1.0,0.25574999999999903,6.206017956806576,4.121
PPOLag,2019-12-19,24,1.0,0.2879534517795572,6.987465464196973,4.121
EDF,2019-12-19,24,2.0,0.0,0.0,4.121
LLF,2019-12-19,24,2.0,0.0,0.0,4.121
MPC,2019-12-19,24,2.0,0.25574999999999903,6.206017956806576,4.121
PPOLag,2019-12-19,24,2.0,0.2941822170577402,7.138612401304056,4.121
EDF,2019-12-19,0,0.5,0.0,0.0,9.135
LLF,2019-12-19,0,0.5,0.0,0.0,9.135
MPC,2019-12-19,0,0.5,1.7763568394002505e-15,1.9445614005476196e-14,9.135
PPOLag,2019-12-19,0,0.5,0.004658805945519618,0.050999517739678354,9.135
EDF,2019-12-19,0,1.0,0.0,0.0,9.135
LLF,2019-12-19,0,1.0,0.0,0.0,9.135
MPC,2019-12-19,0,1.0,1.7763568394002505e-15,1.9445614005476196e-14,9.135
PPOLag,2019-12-19,0,1.0,0.006556197616107795,0.07177008884628129,9.135
EDF,2019-12-19,0,2.0,0.0,0.0,9.135
LLF,2019-12-19,0,2.0,0.0,0.0,9.135
MPC,2019-12-19,0,2.0,0.0,0.0,9.135
PPOLag,2019-12-19,0,2.0,0.007000405577317181,0.07663279230779618,9.135
EDF,2019-12-20,5,0.5,0.0,0.0,7.883
LLF,2019-12-20,5,0.5,0.0,0.0,7.883
MPC,2019-12-20,5,0.5,-8.881784197001252e-16,-1.1267010271471842e-14,7.883
PPOLag,2019-12-20,5,0.5,0.001727524511867351,0.02191455679141635,7.883
EDF,2019-12-20,5,1.0,0.0,0.0,7.883
LLF,2019-12-20,5,1.0,0.0,0.0,7.883
MPC,2019-12-20,5,1.0,-1.7763568394002505e-15,-2.2534020542943683e-14,7.883
PPOLag,2019-12-20,5,1.0,0.0006831107829697203,0.008665619471898013,7.883
EDF,2019-12-20,5,2.0,0.0,0.0,7.883
LLF,2019-12-20,5,2.0,0.0,0.0,7.883
MPC,2019-12-20,5,2.0,0.0,0.0,7.883
PPOLag,2019-12-20,5,2.0,-0.0006174567267805742,-0.007832763247248182,7.883
EDF,2019-12-20,16,0.5,0.0,0.0,6.623
LLF,2019-12-20,16,0.5,0.0,0.0,6.623
MPC,2019-12-20,16,0.5,8.881784197001252e-16,1.3410515169864491e-14,6.623
PPOLag,2019-12-20,16,0.5,-0.002138034166128122,-0.03228195932550388,6.623
EDF,2019-12-20,16,1.0,0.0,0.0,6.623
LLF,2019-12-20,16,1.0,0.0,0.0,6.623
MPC,2019-12-20,16,1.0,8.881784197001252e-16,1.3410515169864491e-14,6.623
PPOLag,2019-12-20,16,1.0,5.444929646252206e-05,0.0008221243615056925,6.623
EDF,2019-12-20,16,2.0,-8.881784197001252e-16,-1.3410515169864491e-14,6.623
LLF,2019-12-20,16,2.0,0.0,0.0,6.623
MPC,2019-12-20,16,2.0,0.0,0.0,6.623
PPOLag,2019-12-20,16,2.0,0.0005863765667102783,0.008853639841616764,6.623
EDF,2019-12-20,3,0.5,0.0,0.0,7.881
LLF,2019-12-20,3,0.5,-8.881784197001252e-16,-1.1269869555895511e-14,7.881
MPC,2019-12-20,3,0.5,-8.881784197001252e-16,-1.1269869555895511e-14,7.881
PPOLag,2019-12-20,3,0.5,0.0048409478523455006,0.06142555325904708,7.881
EDF,2019-12-20,3,1.0,0.0,0.0,7.881
LLF,2019-12-20,3,1.0,-1.7763568394002505e-15,-2.2539739111791023e-14,7.881
MPC,2019-12-20,3,1.0,-8.881784197001252e-16,-1.1269869555895511e-14,7.881
PPOLag,2019-12-20,3,1.0,0.0038933976827220107,0.04940233070323576,7.881
EDF,2019-12-20,3,2.0,0.0,0.0,7.881
LLF,2019-12-20,3,2.0,-8.881784197001252e-16,-1.1269869555895511e-14,7.881
MPC,2019-12-20,3,2.0,-8.881784197001252e-16,-1.1269869555895511e-14,7.881
PPOLag,2019-12-20,3,2.0,0.0056672971033359335,0.07191088825448462,7.881
EDF,2019-12-20,10,0.5,0.0,0.0,6.326
LLF,2019-12-20,10,0.5,0.0,0.0,6.326
MPC,2019-12-20,10,0.5,-8.881784197001252e-16,-1.4040126773634607e-14,6.326
PPOLag,2019-12-20,10,0.5,0.003106806734854395,0.04911170937171032,6.326
EDF,2019-12-20,10,1.0,0.0,0.0,6.326
LLF,2019-12-20,10,1.0,0.0,0.0,6.326
MPC,2019-12-20,10,1.0,-8.881784197001252e-16,-1.4040126773634607e-14,6.326
PPOLag,2019-12-20,10,1.0,0.004448584814248058,0.07032223860651372,6.326
EDF,2019-12-20,10,2.0,0.0,0.0,6.326
LLF,2019-12-20,10,2.0,0.0,0.0,6.326
MPC,2019-12-20,10,2.0,0.0,0.0,6.326
PPOLag,2019-12-20,10,2.0,0.0049224415186404965,0.07781285992160128,6.326
EDF,2019-12-20,18,0.5,0.0,0.0,11.293
LLF,2019-12-20,18,0.5,0.0,0.0,11.293
MPC,2019-12-20,18,0.5,0.0,0.0,11.293
PPOLag,2019-12-20,18,0.5,0.0027739405881234804,0.024563363040144164,11.293
EDF,2019-12-20,18,1.0,0.0,0.0,11.293
LLF,2019-12-20,18,1.0,0.0,0.0,11.293
MPC,2019-12-20,18,1.0,0.0,0.0,11.293
PPOLag,2019-12-20,18,1.0,0.006223790998350509,0.05511193658328619,11.293
EDF,2019-12-20,18,2.0,0.0,0.0,11.293
LLF,2019-12-20,18,2.0,0.0,0.0,11.293
MPC,2019-12-20,18,2.0,1.7763568394002505e-15,1.5729716102012315e-14,11.293
PPOLag,2019-12-20,18,2.0,0.006701695173458688,0.059343798578399796,11.293
EDF,2019-12-23,1,0.5,0.0,0.0,3.64
LLF,2019-12-23,1,0.5,0.0,0.0,3.64
MPC,2019-12-23,1,0.5,0.0,0.0,3.64
PPOLag,2019-12-23,1,0.5,0.0008565783892092504,0.02353237332992446,3.64
EDF,2019-12-23,1,1.0,0.0,0.0,3.64
LLF,2019-12-23,1,1.0,0.0,0.0,3.64
MPC,2019-12-23,1,1.0,0.0,0.0,3.64
PPOLag,2019-12-23,1,1.0,0.0012186186617530125,0.0334785346635443,3.64
EDF,2019-12-23,1,2.0,0.0,0.0,3.64
LLF,2019-12-23,1,2.0,0.0,0.0,3.64
MPC,2019-12-23,1,2.0,0.0,0.0,3.64
PPOLag,2019-12-23,1,2.0,0.0014819523552697333,0.040712976793124536,3.64
EDF,2019-12-23,6,0.5,0.0,0.0,2.895
LLF,2019-12-23,6,0.5,0.0,0.0,2.895
MPC,2019-12-23,6,0.5,0.0,0.0,2.895
PPOLag,2019-12-23,6,0.5,0.0021725481171884554,0.07504483997196736,2.895
EDF,2019-12-23,6,1.0,0.0,0.0,2.895
LLF,2019-12-23,6,1.0,0.0,0.0,2.895
MPC,2019-12-23,6,1.0,0.0,0.0,2.895
PPOLag,2019-12-23,6,1.0,0.0034607345620554673,0.1195417810727277,2.895
EDF,2019-12-23,6,2.0,0.0,0.0,2.895
LLF,2019-12-23,6,2.0,0.0,0.0,2.895
MPC,2019-12-23,6,2.0,0.0,0.0,2.895
PPOLag,2019-12-23,6,2.0,0.005096145830389087,0.1760326711706075,2.895
EDF,2019-12-23,7,0.5,0.0,0.0,21.631999999999998
LLF,2019-12-23,7,0.5,0.0,0.0,21.631999999999998
MPC,2019-12-23,7,0.5,0.0,0.0,21.631999999999998
PPOLag,2019-12-23,7,0.5,0.02360994873047062,0.10914362393893592,21.631999999999998
EDF,2019-12-23,7,1.0,0.0,0.0,21.631999999999998
LLF,2019-12-23,7,1.0,0.0,0.0,21.631999999999998
MPC,2019-12-23,7,1.0,0.0,0.0,21.631999999999998
PPOLag,2019-12-23,7,1.0,0.0341024063110396,0.15764795816863722,21.631999999999998
EDF,2019-12-23,7,2.0,0.0,0.0,21.631999999999998
LLF,2019-12-23,7,2.0,0.0,0.0,21.631999999999998
MPC,2019-12-23,7,2.0,0.0,0.0,21.631999999999998
PPOLag,2019-12-23,7,2.0,0.04280464630126914,0.19787650841932852,21.631999999999998
EDF,2019-12-23,3,0.5,0.0,0.0,0.871
LLF,2019-12-23,3,0.5,0.0,0.0,0.871
MPC,2019-12-23,3,0.5,-1.1102230246251565e-16,-1.2746533003733141e-14,0.871
PPOLag,2019-12-23,3,0.5,0.0008805525877218834,0.10109673797036547,0.871
EDF,2019-12-23,3,1.0,0.0,0.0,0.871
LLF,2019-12-23,3,1.0,0.0,0.0,0.871
MPC,2019-12-23,3,1.0,-1.1102230246251565e-16,-1.2746533003733141e-14,0.871
PPOLag,2019-12-23,3,1.0,0.001247063769397494,0.14317609292738162,0.871
EDF,2019-12-23,3,2.0,0.0,0.0,0.871
LLF,2019-12-23,3,2.0,0.0,0.0,0.871
MPC,2019-12-23,3,2.0,-1.1102230246251565e-16,-1.2746533003733141e-14,0.871
PPOLag,2019-12-23,3,2.0,0.0012797866387392665,0.14693302396547264,0.871
EDF,2019-12-23,10,0.5,0.0,0.0,13.312
LLF,2019-12-23,10,0.5,0.0,0.0,13.312
MPC,2019-12-23,10,0.5,0.0,0.0,13.312
PPOLag,2019-12-23,10,0.5,0.024487988281249783,0.18395423889159995,13.312
EDF,2019-12-23,10,1.0,0.0,0.0,13.312
LLF,2019-12-23,10,1.0,0.0,0.0,13.312
MPC,2019-12-23,10,1.0,0.0,0.0,13.312
PPOLag,2019-12-23,10,1.0,0.02936150054931517,0.22056415677069685,13.312
EDF,2019-12-23,10,2.0,0.0,0.0,13.312
LLF,2019-12-23,10,2.0,0.0,0.0,13.312
MPC,2019-12-23,10,2.0,0.0,0.0,13.312
PPOLag,2019-12-23,10,2.0,0.031832444763183435,0.23912593722343325,13.312
EDF,2019-12-24,5,0.5,0.0,0.0,1.71
LLF,2019-12-24,5,0.5,0.0,0.0,1.71
MPC,2019-12-24,5,0.5,0.0,0.0,1.71
PPOLag,2019-12-24,5,0.5,0.0005765167724586906,0.033714431137935125,1.71
EDF,2019-12-24,5,1.0,0.0,0.0,1.71
LLF,2019-12-24,5,1.0,0.0,0.0,1.71
MPC,2019-12-24,5,1.0,0.0,0.0,1.71
PPOLag,2019-12-24,5,1.0,0.0015330110172077748,0.08964976708817399,1.71
EDF,2019-12-24,5,2.0,0.0,0.0,1.71
LLF,2019-12-24,5,2.0,0.0,0.0,1.71
MPC,2019-12-24,5,2.0,0.0,0.0,1.71
PPOLag,2019-12-24,5,2.0,0.003963567317867289,0.23178756244837947,1.71
EDF,2019-12-24,4,0.5,0.0,0.0,4.021
LLF,2019-12-24,4,0.5,0.0,0.0,4.021
MPC,2019-12-24,4,0.5,0.0,0.0,4.021
PPOLag,2019-12-24,4,0.5,0.0029230130545006895,0.07269368451879357,4.021
EDF,2019-12-24,4,1.0,0.0,0.0,4.021
LLF,2019-12-24,4,1.0,0.0,0.0,4.021
MPC,2019-12-24,4,1.0,0.0,0.0,4.021
PPOLag,2019-12-24,4,1.0,0.004794731122733875,0.11924225622317522,4.021
EDF,2019-12-24,4,2.0,0.0,0.0,4.021
LLF,2019-12-24,4,2.0,0.0,0.0,4.021
MPC,2019-12-24,4,2.0,0.0,0.0,4.021
PPOLag,2019-12-24,4,2.0,0.011705108809787656,0.29109944814194627,4.021
EDF,2019-12-24,0,0.5,0.0,0.0,9.797
LLF,2019-12-24,0,0.5,0.0,0.0,9.797
MPC,2019-12-24,0,0.5,0.0,0.0,9.797
PPOLag,2019-12-24,0,0.5,0.0026596284471605003,0.0271473762086404,9.797
EDF,2019-12-24,0,1.0,0.0,0.0,9.797
LLF,2019-12-24,0,1.0,0.0,0.0,9.797
MPC,2019-12-24,0,1.0,0.0,0.0,9.797
PPOLag,2019-12-24,0,1.0,0.0037881895959106515,0.03866683266214811,9.797
EDF,2019-12-24,0,2.0,0.0,0.0,9.797
LLF,2019-12-24,0,2.0,0.0,0.0,9.797
MPC,2019-12-24,0,2.0,0.0,0.0,9.797
PPOLag,2019-12-24,0,2.0,0.004936247166693164,0.050385293117211016,9.797
EDF,2019-12-24,6,0.5,0.0,0.0,8.729
LLF,2019-12-24,6,0.5,0.0,0.0,8.729
MPC,2019-12-24,6,0.5,0.0,0.0,8.729
PPOLag,2019-12-24,6,0.5,0.004760623168012757,0.054538013151709905,8.729
EDF,2019-12-24,6,1.0,0.0,0.0,8.729
LLF,2019-12-24,6,1.0,0.0,0.0,8.729
MPC,2019-12-24,6,1.0,0.0,0.0,8.729
PPOLag,2019-12-24,6,1.0,0.005677764866054247,0.06504484896384749,8.729
EDF,2019-12-24,6,2.0,0.0,0.0,8.729
LLF,2019-12-24,6,2.0,0.0,0.0,8.729
MPC,2019-12-24,6,2.0,0.0,0.0,8.729
PPOLag,2019-12-24,6,2.0,0.006295815931581572,0.07212528275382715,8.729
EDF,2019-12-24,1,0.5,0.0,0.0,2.085
LLF,2019-12-24,1,0.5,0.0,0.0,2.085
MPC,2019-12-24,1,0.5,0.0,0.0,2.085
PPOLag,2019-12-24,1,0.5,0.001852689723282186,0.08885802030130388,2.085
EDF,2019-12-24,1,1.0,0.0,0.0,2.085
LLF,2019-12-24,1,1.0,0.0,0.0,2.085
MPC,2019-12-24,1,1.0,0.0,0.0,2.085
PPOLag,2019-12-24,1,1.0,0.0024779162872276216,0.11884490586223606,2.085
EDF,2019-12-24,1,2.0,0.0,0.0,2.085
LLF,2019-12-24,1,2.0,0.0,0.0,2.085
MPC,2019-12-24,1,2.0,0.0,0.0,2.085
PPOLag,2019-12-24,1,2.0,0.0029594779378716574,0.14194138790751354,2.085
EDF,2019-12-26,0,0.5,0.0,0.0,17.791
LLF,2019-12-26,0,0.5,0.0,0.0,17.791
MPC,2019-12-26,0,0.5,0.0,0.0,17.791
PPOLag,2019-12-26,0,0.5,0.0022891705484497037,0.012867014493000418,17.791
EDF,2019-12-26,0,1.0,0.0,0.0,17.791
LLF,2019-12-26,0,1.0,0.0,0.0,17.791
MPC,2019-12-26,0,1.0,0.0,0.0,17.791
PPOLag,2019-12-26,0,1.0,0.006751725427834998,0.03795023004797368,17.791
EDF,2019-12-26,0,2.0,0.0,0.0,17.791
LLF,2019-12-26,0,2.0,0.0,0.0,17.791
MPC,2019-12-26,0,2.0,0.0,0.0,17.791
PPOLag,2019-12-26,0,2.0,0.007947060946854378,0.04466899526083064,17.791
EDF,2019-12-27,5,0.5,0.0,0.0,2.336
LLF,2019-12-27,5,0.5,0.0,0.0,2.336
MPC,2019-12-27,5,0.5,0.0,0.0,2.336
PPOLag,2019-12-27,5,0.5,0.0011695757353366253,0.05006745442365691,2.336
EDF,2019-12-27,5,1.0,0.0,0.0,2.336
LLF,2019-12-27,5,1.0,0.0,0.0,2.336
MPC,2019-12-27,5,1.0,0.0,0.0,2.336
PPOLag,2019-12-27,5,1.0,0.0016355453060828752,0.07001478193847925,2.336
EDF,2019-12-27,5,2.0,0.0,0.0,2.336
LLF,2019-12-27,5,2.0,0.0,0.0,2.336
MPC,2019-12-27,5,2.0,0.0,0.0,2.336
PPOLag,2019-12-27,5,2.0,0.002133381755973396,0.09132627380023099,2.336
EDF,2019-12-27,3,0.5,0.0,0.0,1.701
LLF,2019-12-27,3,0.5,0.0,0.0,1.701
MPC,2019-12-27,3,0.5,0.0,0.0,1.701
PPOLag,2019-12-27,3,0.5,0.0030213809186836913,0.17762380474330933,1.701
EDF,2019-12-27,3,1.0,0.0,0.0,1.701
LLF,2019-12-27,3,1.0,0.0,0.0,1.701
MPC,2019-12-27,3,1.0,0.0,0.0,1.701
PPOLag,2019-12-27,3,1.0,0.004765742537356133,0.2801729886746697,1.701
EDF,2019-12-27,3,2.0,0.0,0.0,1.701
LLF,2019-12-27,3,2.0,0.0,0.0,1.701
MPC,2019-12-27,3,2.0,0.0,0.0,1.701
PPOLag,2019-12-27,3,2.0,0.0069674629610097846,0.4096098154620685,1.701
EDF,2019-12-27,4,0.5,0.0,0.0,11.091
LLF,2019-12-27,4,0.5,0.0,0.0,11.091
MPC,2019-12-27,4,0.5,0.0,0.0,11.091
PPOLag,2019-12-27,4,0.5,0.00407837165327507,0.0367719020221357,11.091
EDF,2019-12-27,4,1.0,0.0,0.0,11.091
LLF,2019-12-27,4,1.0,0.0,0.0,11.091
MPC,2019-12-27,4,1.0,0.0,0.0,11.091
PPOLag,2019-12-27,4,1.0,0.008538884154237892,0.07698930803568563,11.091
EDF,2019-12-27,4,2.0,0.0,0.0,11.091
LLF,2019-12-27,4,2.0,0.0,0.0,11.091
MPC,2019-12-27,4,2.0,0.0,0.0,11.091
PPOLag,2019-12-27,4,2.0,0.010180626002936321,0.09179177714305582,11.091
EDF,2019-12-27,1,0.5,0.0,0.0,0.836
LLF,2019-12-27,1,0.5,0.0,0.0,0.836
MPC,2019-12-27,1,0.5,0.0,0.0,0.836
PPOLag,2019-12-27,1,0.5,0.0021462759898706273,0.25673157773572103,0.836
EDF,2019-12-27,1,1.0,0.0,0.0,0.836
LLF,2019-12-27,1,1.0,0.0,0.0,0.836
MPC,2019-12-27,1,1.0,0.0,0.0,0.836
PPOLag,2019-12-27,1,1.0,0.0029657326923890003,0.35475271440059813,0.836
EDF,2019-12-27,1,2.0,0.0,0.0,0.836
LLF,2019-12-27,1,2.0,0.0,0.0,0.836
MPC,2019-12-27,1,2.0,0.0,0.0,0.836
PPOLag,2019-12-27,1,2.0,0.003678503751815043,0.4400124105041918,0.836
EDF,2019-12-27,0,0.5,0.0,0.0,4.045
LLF,2019-12-27,0,0.5,0.0,0.0,4.045
MPC,2019-12-27,0,0.5,0.0,0.0,4.045
PPOLag,2019-12-27,0,0.5,0.0012012416003344129,0.029696949328415646,4.045
EDF,2019-12-27,0,1.0,0.0,0.0,4.045
LLF,2019-12-27,0,1.0,0.0,0.0,4.045
MPC,2019-12-27,0,1.0,0.0,0.0,4.045
PPOLag,2019-12-27,0,1.0,0.001818333738672706,0.044952626419597186,4.045
EDF,2019-12-27,0,2.0,0.0,0.0,4.045
LLF,2019-12-27,0,2.0,0.0,0.0,4.045
MPC,2019-12-27,0,2.0,0.0,0.0,4.045
PPOLag,2019-12-27,0,2.0,0.00281985605604973,0.06971213982817626,4.045
EDF,2019-12-30,6,0.5,0.0,0.0,1.418
LLF,2019-12-30,6,0.5,0.0,0.0,1.418
MPC,2019-12-30,6,0.5,0.0,0.0,1.418
PPOLag,2019-12-30,6,0.5,0.004888156991625303,0.3447219317084135,1.418
EDF,2019-12-30,6,1.0,0.0,0.0,1.418
LLF,2019-12-30,6,1.0,0.0,0.0,1.418
MPC,2019-12-30,6,1.0,0.0,0.0,1.418
PPOLag,2019-12-30,6,1.0,0.0056052315018224165,0.3952913612004525,1.418
EDF,2019-12-30,6,2.0,0.0,0.0,1.418
LLF,2019-12-30,6,2.0,0.0,0.0,1.418
MPC,2019-12-30,6,2.0,0.0,0.0,1.418
PPOLag,2019-12-30,6,2.0,0.008027149930375056,0.5660895578543762,1.418
EDF,2019-12-30,1,0.5,0.0,0.0,2.011
LLF,2019-12-30,1,0.5,0.0,0.0,2.011
MPC,2019-12-30,1,0.5,0.0,0.0,2.011
PPOLag,2019-12-30,1,0.5,0.001856873523422653,0.09233582911102203,2.011
EDF,2019-12-30,1,1.0,0.0,0.0,2.011
LLF,2019-12-30,1,1.0,0.0,0.0,2.011
MPC,2019-12-30,1,1.0,0.0,0.0,2.011
PPOLag,2019-12-30,1,1.0,0.0027470956763341547,0.13660346476052482,2.011
EDF,2019-12-30,1,2.0,0.0,0.0,2.011
LLF,2019-12-30,1,2.0,0.0,0.0,2.011
MPC,2019-12-30,1,2.0,0.0,0.0,2.011
PPOLag,2019-12-30,1,2.0,0.003420654641359366,0.1700971974818183,2.011
EDF,2019-12-30,3,0.5,0.0,0.0,13.312
LLF,2019-12-30,3,0.5,0.0,0.0,13.312
MPC,2019-12-30,3,0.5,0.0,0.0,13.312
PPOLag,2019-12-30,3,0.5,0.009712211608887245,0.07295832037926114,13.312
EDF,2019-12-30,3,1.0,0.0,0.0,13.312
LLF,2019-12-30,3,1.0,0.0,0.0,13.312
MPC,2019-12-30,3,1.0,0.0,0.0,13.312
PPOLag,2019-12-30,3,1.0,0.01339952545166021,0.10065749287605327,13.312
EDF,2019-12-30,3,2.0,0.0,0.0,13.312
LLF,2019-12-30,3,2.0,0.0,0.0,13.312
MPC,2019-12-30,3,2.0,0.0,0.0,13.312
PPOLag,2019-12-30,3,2.0,0.015348652648926731,0.1152993738651347,13.312
EDF,2019-12-30,0,0.5,0.0,0.0,5.814
LLF,2019-12-30,0,0.5,0.0,0.0,5.814
MPC,2019-12-30,0,0.5,0.0,0.0,5.814
PPOLag,2019-12-30,0,0.5,0.0012668851197378927,0.021790249737493855,5.814
EDF,2019-12-30,0,1.0,0.0,0.0,5.814
LLF,2019-12-30,0,1.0,0.0,0.0,5.814
MPC,2019-12-30,0,1.0,0.0,0.0,5.814
PPOLag,2019-12-30,0,1.0,0.001461210097178345,0.025132612610566644,5.814
EDF,2019-12-30,0,2.0,0.0,0.0,5.814
LLF,2019-12-30,0,2.0,0.0,0.0,5.814
MPC,2019-12-30,0,2.0,1.7763568394002505e-15,3.0553093212938605e-14,5.814
PPOLag,2019-12-30,0,2.0,0.0017047323185453323,0.029321161309689238,5.814
EDF,2019-12-30,5,0.5,0.0,0.0,6.509
LLF,2019-12-30,5,0.5,0.0,0.0,6.509
MPC,2019-12-30,5,0.5,0.0,0.0,6.509
PPOLag,2019-12-30,5,0.5,0.0029660138903738085,0.0455678889287726,6.509
EDF,2019-12-30,5,1.0,0.0,0.0,6.509
LLF,2019-12-30,5,1.0,0.0,0.0,6.509
MPC,2019-12-30,5,1.0,0.0,0.0,6.509
PPOLag,2019-12-30,5,1.0,0.005946465807640244,0.09135759421785596,6.509
EDF,2019-12-30,5,2.0,0.0,0.0,6.509
LLF,2019-12-30,5,2.0,0.0,0.0,6.509
MPC,2019-12-30,5,2.0,0.0,0.0,6.509
PPOLag,2019-12-30,5,2.0,0.0058764151736038885,0.09028138229534319,6.509
EDF,2019-12-31,2,0.5,0.0,0.0,13.312
LLF,2019-12-31,2,0.5,0.0,0.0,13.312
MPC,2019-12-31,2,0.5,0.0,0.0,13.312
PPOLag,2019-12-31,2,0.5,0.0235808486938474,0.17713978886604118,13.312
EDF,2019-12-31,2,1.0,0.0,0.0,13.312
LLF,2019-12-31,2,1.0,0.0,0.0,13.312
MPC,2019-12-31,2,1.0,0.0,0.0,13.312
PPOLag,2019-12-31,2,1.0,0.029646907043457203,0.2227081358432783,13.312
EDF,2019-12-31,2,2.0,0.0,0.0,13.312
LLF,2019-12-31,2,2.0,0.0,0.0,13.312
MPC,2019-12-31,2,2.0,0.0,0.0,13.312
PPOLag,2019-12-31,2,2.0,0.03208662872314498,0.2410353720188175,13.312
EDF,2019-12-31,1,0.5,0.0,0.0,25.159
LLF,2019-12-31,1,0.5,0.0,0.0,25.159
MPC,2019-12-31,1,0.5,3.552713678800501e-15,1.4121044869829886e-14,25.159
PPOLag,2019-12-31,1,0.5,0.001757752666956236,0.006986576044183934,25.159
EDF,2019-12-31,1,1.0,0.0,0.0,25.159
LLF,2019-12-31,1,1.0,0.0,0.0,25.159
MPC,2019-12-31,1,1.0,3.552713678800501e-15,1.4121044869829886e-14,25.159
PPOLag,2019-12-31,1,1.0,0.002076356266407231,0.008252936390187333,25.159
EDF,2019-12-31,1,2.0,0.0,0.0,25.159
LLF,2019-12-31,1,2.0,0.0,0.0,25.159
MPC,2019-12-31,1,2.0,3.552713678800501e-15,1.4121044869829886e-14,25.159
PPOLag,2019-12-31,1,2.0,0.0023013124966666963,0.009147074592260013,25.159
EDF,2019-12-31,3,0.5,0.0,0.0,6.618
LLF,2019-12-31,3,0.5,0.0,0.0,6.618
MPC,2019-12-31,3,0.5,1.7763568394002505e-15,2.684129403747734e-14,6.618
PPOLag,2019-12-31,3,0.5,0.0027096467658227043,0.040943589692092844,6.618
EDF,2019-12-31,3,1.0,0.0,0.0,6.618
LLF,2019-12-31,3,1.0,0.0,0.0,6.618
MPC,2019-12-31,3,1.0,1.7763568394002505e-15,2.684129403747734e-14,6.618
PPOLag,2019-12-31,3,1.0,0.0047681836790671285,0.07204871077466196,6.618
EDF,2019-12-31,3,2.0,0.0,0.0,6.618
LLF,2019-12-31,3,2.0,0.0,0.0,6.618
MPC,2019-12-31,3,2.0,1.7763568394002505e-15,2.684129403747734e-14,6.618
PPOLag,2019-12-31,3,2.0,0.011209784702405124,0.169383268395363,6.618
EDF,2020-01-01,3,0.5,0.0,0.0,8.336
LLF,2020-01-01,3,0.5,0.0,0.0,8.336
MPC,2020-01-01,3,0.5,0.0,0.0,8.336
PPOLag,2020-01-01,3,0.5,-0.0016445801132856986,-0.019728648192006943,8.336
EDF,2020-01-01,3,1.0,0.0,0.0,8.336
LLF,2020-01-01,3,1.0,0.0,0.0,8.336
MPC,2020-01-01,3,1.0,0.0,0.0,8.336
PPOLag,2020-01-01,3,1.0,0.00041752086222999194,0.005008647579534451,8.336
EDF,2020-01-01,3,2.0,0.0,0.0,8.336
LLF,2020-01-01,3,2.0,0.0,0.0,8.336
MPC,2020-01-01,3,2.0,1.7763568394002505e-15,2.1309463044628725e-14,8.336
PPOLag,2020-01-01,3,2.0,-0.0022556402041274738,-0.02705902356198985,8.336
EDF,2020-01-01,2,0.5,0.0,0.0,19.868
LLF,2020-01-01,2,0.5,0.0,0.0,19.868
MPC,2020-01-01,2,0.5,0.0,0.0,19.868
PPOLag,2020-01-01,2,0.5,0.00292294861235618,0.014711841213791927,19.868
EDF,2020-01-01,2,1.0,0.0,0.0,19.868
LLF,2020-01-01,2,1.0,0.0,0.0,19.868
MPC,2020-01-01,2,1.0,0.0,0.0,19.868
PPOLag,2020-01-01,2,1.0,0.006569122880898703,0.033063835720247146,19.868
EDF,2020-01-01,2,2.0,0.0,0.0,19.868
LLF,2020-01-01,2,2.0,0.0,0.0,19.868
MPC,2020-01-01,2,2.0,0.0,0.0,19.868
PPOLag,2020-01-01,2,2.0,0.007374291162933843,0.03711642421448482,19.868
EDF,2020-01-01,1,0.5,0.0,0.0,2.328
LLF,2020-01-01,1,0.5,0.0,0.0,2.328
MPC,2020-01-01,1,0.5,0.0,0.0,2.328
PPOLag,2020-01-01,1,0.5,0.0003319761281031397,0.01426014295975686,2.328
EDF,2020-01-01,1,1.0,0.0,0.0,2.328
LLF,2020-01-01,1,1.0,0.0,0.0,2.328
MPC,2020-01-01,1,1.0,0.0,0.0,2.328
PPOLag,2020-01-01,1,1.0,0.00041803428100752884,0.017956799012350897,2.328
EDF,2020-01-01,1,2.0,0.0,0.0,2.328
LLF,2020-01-01,1,2.0,0.0,0.0,2.328
MPC,2020-01-01,1,2.0,0.0,0.0,2.328
PPOLag,2020-01-01,1,2.0,0.0007013884865329168,0.030128371414644188,2.328
EDF,2020-01-01,0,0.5,0.0,0.0,32.02
LLF,2020-01-01,0,0.5,0.0,0.0,32.02
MPC,2020-01-01,0,0.5,0.0,0.0,32.02
PPOLag,2020-01-01,0,0.5,0.00018349335563954127,0.0005730585747643388,32.02
EDF,2020-01-01,0,1.0,0.0,0.0,32.02
LLF,2020-01-01,0,1.0,0.0,0.0,32.02
MPC,2020-01-01,0,1.0,0.0,0.0,32.02
PPOLag,2020-01-01,0,1.0,0.00026279192955769304,0.0008207118349709339,32.02
EDF,2020-01-01,0,2.0,0.0,0.0,32.02
LLF,2020-01-01,0,2.0,0.0,0.0,32.02
MPC,2020-01-01,0,2.0,0.0,0.0,32.02
PPOLag,2020-01-01,0,2.0,0.00032739243692105904,0.0010224623264242943,32.02
EDF,2020-01-02,12,0.5,0.0,0.0,14.975999999999999
LLF,2020-01-02,12,0.5,0.0,0.0,14.975999999999999
MPC,2020-01-02,12,0.5,0.0,0.0,14.975999999999999
PPOLag,2020-01-02,12,0.5,0.019759638977051706,0.13194203376770638,14.975999999999999
EDF,2020-01-02,12,1.0,0.0,0.0,14.975999999999999
LLF,2020-01-02,12,1.0,0.0,0.0,14.975999999999999
MPC,2020-01-02,12,1.0,0.0,0.0,14.975999999999999
PPOLag,2020-01-02,12,1.0,0.029036718750001002,0.19388834635417335,14.975999999999999
EDF,2020-01-02,12,2.0,0.0,0.0,14.975999999999999
LLF,2020-01-02,12,2.0,0.0,0.0,14.975999999999999
MPC,2020-01-02,12,2.0,0.0,0.0,14.975999999999999
PPOLag,2020-01-02,12,2.0,0.03492002410888766,0.23317323790656821,14.975999999999999
EDF,2020-01-02,2,0.5,0.3325000000000031,0.6660657051282115,49.919999999999995
LLF,2020-01-02,2,0.5,0.0,0.0,49.919999999999995
MPC,2020-01-02,2,0.5,0.0,0.0,49.919999999999995
PPOLag,2020-01-02,2,0.5,0.03482567622453416,0.06976297320619824,49.919999999999995
EDF,2020-01-02,2,1.0,0.3325000000000031,0.6660657051282115,49.919999999999995
LLF,2020-01-02,2,1.0,0.0,0.0,49.919999999999995
MPC,2020-01-02,2,1.0,0.0,0.0,49.919999999999995
PPOLag,2020-01-02,2,1.0,0.05371681477461578,0.10760579882735537,49.919999999999995
EDF,2020-01-02,2,2.0,0.3325000000000031,0.6660657051282115,49.919999999999995
LLF,2020-01-02,2,2.0,0.0,0.0,49.919999999999995
MPC,2020-01-02,2,2.0,0.0,0.0,49.919999999999995
PPOLag,2020-01-02,2,2.0,0.07258350190306544,0.1453996432353074,49.919999999999995
EDF,2020-01-02,13,0.5,0.0,0.0,2.35
LLF,2020-01-02,13,0.5,0.0,0.0,2.35
MPC,2020-01-02,13,0.5,0.0,0.0,2.35
PPOLag,2020-01-02,13,0.5,0.004597327453547351,0.19563095547010007,2.35
EDF,2020-01-02,13,1.0,0.0,0.0,2.35
LLF,2020-01-02,13,1.0,0.0,0.0,2.35
MPC,2020-01-02,13,1.0,0.0,0.0,2.35
PPOLag,2020-01-02,13,1.0,0.010872668046711543,0.46266672539198056,2.35
EDF,2020-01-02,13,2.0,0.0,0.0,2.35
LLF,2020-01-02,13,2.0,0.0,0.0,2.35
MPC,2020-01-02,13,2.0,0.0,0.0,2.35
PPOLag,2020-01-02,13,2.0,0.011906744473094566,0.5066699775784922,2.35
EDF,2020-01-02,3,0.5,0.0,0.0,4.187
LLF,2020-01-02,3,0.5,0.0,0.0,4.187
MPC,2020-01-02,3,0.5,0.0,0.0,4.187
PPOLag,2020-01-02,3,0.5,0.0036010284982916476,0.08600497965826719,4.187
EDF,2020-01-02,3,1.0,0.0,0.0,4.187
LLF,2020-01-02,3,1.0,0.0,0.0,4.187
MPC,2020-01-02,3,1.0,0.0,0.0,4.187
PPOLag,2020-01-02,3,1.0,0.0055550024186722165,0.13267261568359726,4.187
EDF,2020-01-02,3,2.0,0.0,0.0,4.187
LLF,2020-01-02,3,2.0,0.0,0.0,4.187
MPC,2020-01-02,3,2.0,0.0,0.0,4.187
PPOLag,2020-01-02,3,2.0,0.007512868220164925,0.179433203252088,4.187
EDF,2020-01-02,9,0.5,0.0,0.0,8.379
LLF,2020-01-02,9,0.5,0.0,0.0,8.379
MPC,2020-01-02,9,0.5,0.0,0.0,8.379
PPOLag,2020-01-02,9,0.5,0.0013148534970497394,0.01569224844312853,8.379
EDF,2020-01-02,9,1.0,0.0,0.0,8.379
LLF,2020-01-02,9,1.0,0.0,0.0,8.379
MPC,2020-01-02,9,1.0,0.0,0.0,8.379
PPOLag,2020-01-02,9,1.0,0.00048518733983762277,0.005790516050096941,8.379
EDF,2020-01-02,9,2.0,0.0,0.0,8.379
LLF,2020-01-02,9,2.0,0.0,0.0,8.379
MPC,2020-01-02,9,2.0,1.7763568394002505e-15,2.1200105494692093e-14,8.379
PPOLag,2020-01-02,9,2.0,0.000724629966481416,0.008648167639114643,8.379
EDF,2020-01-03,6,0.5,0.0,0.0,4.008
LLF,2020-01-03,6,0.5,0.0,0.0,4.008
MPC,2020-01-03,6,0.5,0.0,0.0,4.008
PPOLag,2020-01-03,6,0.5,0.0020221537669667276,0.050452938297573045,4.008
EDF,2020-01-03,6,1.0,0.0,0.0,4.008
LLF,2020-01-03,6,1.0,0.0,0.0,4.008
MPC,2020-01-03,6,1.0,0.0,0.0,4.008
PPOLag,2020-01-03,6,1.0,0.003276141820505352,0.08174006538187004,4.008
EDF,2020-01-03,6,2.0,0.0,0.0,4.008
LLF,2020-01-03,6,2.0,0.0,0.0,4.008
MPC,2020-01-03,6,2.0,0.0,0.0,4.008
PPOLag,2020-01-03,6,2.0,0.004561758678674544,0.11381633429826706,4.008
EDF,2020-01-03,11,0.5,0.0,0.0,3.695
LLF,2020-01-03,11,0.5,0.0,0.0,3.695
MPC,2020-01-03,11,0.5,0.0,0.0,3.695
PPOLag,2020-01-03,11,0.5,0.0009751371417277887,0.02639072102104977,3.695
EDF,2020-01-03,11,1.0,0.0,0.0,3.695
LLF,2020-01-03,11,1.0,0.0,0.0,3.695
MPC,2020-01-03,11,1.0,0.0,0.0,3.695
PPOLag,2020-01-03,11,1.0,0.0024480938309734412,0.06625423087884821,3.695
EDF,2020-01-03,11,2.0,0.0,0.0,3.695
LLF,2020-01-03,11,2.0,0.0,0.0,3.695
MPC,2020-01-03,11,2.0,0.0,0.0,3.695
PPOLag,2020-01-03,11,2.0,0.0035912668882859045,0.09719260861396224,3.695
EDF,2020-01-03,0,0.5,0.0,0.0,10.325
LLF,2020-01-03,0,0.5,0.0,0.0,10.325
MPC,2020-01-03,0,0.5,0.0,0.0,10.325
PPOLag,2020-01-03,0,0.5,0.0008926452765923188,0.008645474833823913,10.325
EDF,2020-01-03,0,1.0,0.0,0.0,10.325
LLF,2020-01-03,0,1.0,0.0,0.0,10.325
MPC,2020-01-03,0,1.0,0.0,0.0,10.325
PPOLag,2020-01-03,0,1.0,0.0013016917485838774,0.012607184005654987,10.325
EDF,2020-01-03,0,2.0,0.0,0.0,10.325
LLF,2020-01-03,0,2.0,0.0,0.0,10.325
MPC,2020-01-03,0,2.0,0.0,0.0,10.325
PPOLag,2020-01-03,0,2.0,0.0016086023398017347,0.015579683678467165,10.325
EDF,2020-01-03,5,0.5,0.0,0.0,0.914
LLF,2020-01-03,5,0.5,0.0,0.0,0.914
MPC,2020-01-03,5,0.5,0.0,0.0,0.914
PPOLag,2020-01-03,5,0.5,0.0002165198103578403,0.023689257150748388,0.914
EDF,2020-01-03,5,1.0,0.0,0.0,0.914
LLF,2020-01-03,5,1.0,0.0,0.0,0.914
MPC,2020-01-03,5,1.0,0.0,0.0,0.914
PPOLag,2020-01-03,5,1.0,0.0004513497659397236,0.04938181246605292,0.914
EDF,2020-01-03,5,2.0,0.0,0.0,0.914
LLF,2020-01-03,5,2.0,0.0,0.0,0.914
MPC,2020-01-03,5,2.0,-1.1102230246251565e-16,-1.2146860225658167e-14,0.914
PPOLag,2020-01-03,5,2.0,0.0009771742788617476,0.1069118467025982,0.914
EDF,2020-01-03,9,0.5,0.0,0.0,9.566
LLF,2020-01-03,9,0.5,0.0,0.0,9.566
MPC,2020-01-03,9,0.5,1.7763568394002505e-15,1.856948399958447e-14,9.566
PPOLag,2020-01-03,9,0.5,-0.00017857001291297082,-0.0018667155855422411,9.566
EDF,2020-01-03,9,1.0,0.0,0.0,9.566
LLF,2020-01-03,9,1.0,0.0,0.0,9.566
MPC,2020-01-03,9,1.0,1.7763568394002505e-15,1.856948399958447e-14,9.566
PPOLag,2020-01-03,9,1.0,0.00031852083670216305,0.003329718134038919,9.566
EDF,2020-01-03,9,2.0,1.7763568394002505e-15,1.856948399958447e-14,9.566
LLF,2020-01-03,9,2.0,1.7763568394002505e-15,1.856948399958447e-14,9.566
MPC,2020-01-03,9,2.0,3.552713678800501e-15,3.713896799916894e-14,9.566
PPOLag,2020-01-03,9,2.0,0.0004871728122935792,0.005092753630499469,9.566
EDF,2020-01-06,15,0.5,0.0,0.0,5.961
LLF,2020-01-06,15,0.5,0.0,0.0,5.961
MPC,2020-01-06,15,0.5,-8.881784197001252e-16,-1.489982250797056e-14,5.961
PPOLag,2020-01-06,15,0.5,8.303086103556012e-05,0.0013929015439617554,5.961
EDF,2020-01-06,15,1.0,0.0,0.0,5.961
LLF,2020-01-06,15,1.0,0.0,0.0,5.961
MPC,2020-01-06,15,1.0,-8.881784197001252e-16,-1.489982250797056e-14,5.961
PPOLag,2020-01-06,15,1.0,-0.000671545099948112,-0.011265645025131893,5.961
EDF,2020-01-06,15,2.0,0.0,0.0,5.961
LLF,2020-01-06,15,2.0,-8.881784197001252e-16,-1.489982250797056e-14,5.961
MPC,2020-01-06,15,2.0,-8.881784197001252e-16,-1.489982250797056e-14,5.961
PPOLag,2020-01-06,15,2.0,0.0024268635206350806,0.040712355655679926,5.961
EDF,2020-01-06,4,0.5,0.0,0.0,0.964
LLF,2020-01-06,4,0.5,0.0,0.0,0.964
MPC,2020-01-06,4,0.5,0.0,0.0,0.964
PPOLag,2020-01-06,4,0.5,0.0033687819190577396,0.349458705296446,0.964
EDF,2020-01-06,4,1.0,0.0,0.0,0.964
LLF,2020-01-06,4,1.0,0.0,0.0,0.964
MPC,2020-01-06,4,1.0,0.0,0.0,0.964
PPOLag,2020-01-06,4,1.0,0.0054906340464672574,0.5695678471439065,0.964
EDF,2020-01-06,4,2.0,0.0,0.0,0.964
LLF,2020-01-06,4,2.0,0.0,0.0,0.964
MPC,2020-01-06,4,2.0,0.0,0.0,0.964
PPOLag,2020-01-06,4,2.0,0.008008163020737525,0.83072230505576,0.964
EDF,2020-01-06,1,0.5,0.0,0.0,24.261
LLF,2020-01-06,1,0.5,-7.105427357601002e-15,-2.928744634434278e-14,24.261
MPC,2020-01-06,1,0.5,3.552713678800501e-15,1.464372317217139e-14,24.261
PPOLag,2020-01-06,1,0.5,0.003465459163260931,0.014284073876843209,24.261
EDF,2020-01-06,1,1.0,0.0,0.0,24.261
LLF,2020-01-06,1,1.0,3.552713678800501e-15,1.464372317217139e-14,24.261
MPC,2020-01-06,1,1.0,3.552713678800501e-15,1.464372317217139e-14,24.261
PPOLag,2020-01-06,1,1.0,0.00559865263820356,0.02307675956557257,24.261
EDF,2020-01-06,1,2.0,-3.552713678800501e-15,-1.464372317217139e-14,24.261
LLF,2020-01-06,1,2.0,3.552713678800501e-15,1.464372317217139e-14,24.261
MPC,2020-01-06,1,2.0,3.552713678800501e-15,1.464372317217139e-14,24.261
PPOLag,2020-01-06,1,2.0,0.008136804974993339,0.03353862155308247,24.261
EDF,2020-01-06,7,0.5,3.552713678800501e-15,1.664970324679211e-14,21.338
LLF,2020-01-06,7,0.5,0.0,0.0,21.338
MPC,2020-01-06,7,0.5,0.0,0.0,21.338
PPOLag,2020-01-06,7,0.5,-0.0014971387454927765,-0.0070163030532045005,21.338
EDF,2020-01-06,7,1.0,-3.552713678800501e-15,-1.664970324679211e-14,21.338
LLF,2020-01-06,7,1.0,0.0,0.0,21.338
MPC,2020-01-06,7,1.0,-3.552713678800501e-15,-1.664970324679211e-14,21.338
PPOLag,2020-01-06,7,1.0,0.0005328981702078295,0.002497413863566545,21.338
EDF,2020-01-06,7,2.0,-3.552713678800501e-15,-1.664970324679211e-14,21.338
LLF,2020-01-06,7,2.0,0.0,0.0,21.338
MPC,2020-01-06,7,2.0,-3.552713678800501e-15,-1.664970324679211e-14,21.338
PPOLag,2020-01-06,7,2.0,0.00310561076092668,0.014554366674133845,21.338
EDF,2020-01-06,17,0.5,-8.881784197001252e-16,-1.509480658905719e-14,5.884
LLF,2020-01-06,17,0.5,0.0,0.0,5.884
MPC,2020-01-06,17,0.5,0.0,0.0,5.884
PPOLag,2020-01-06,17,0.5,0.007639136707385319,0.12982897191341464,5.884
EDF,2020-01-06,17,1.0,-8.881784197001252e-16,-1.509480658905719e-14,5.884
LLF,2020-01-06,17,1.0,0.0,0.0,5.884
MPC,2020-01-06,17,1.0,0.0,0.0,5.884
PPOLag,2020-01-06,17,1.0,0.008260269701098898,0.14038527704110976,5.884
EDF,2020-01-06,17,2.0,-8.881784197001252e-16,-1.509480658905719e-14,5.884
LLF,2020-01-06,17,2.0,0.0,0.0,5.884
MPC,2020-01-06,17,2.0,8.881784197001252e-16,1.509480658905719e-14,5.884
PPOLag,2020-01-06,17,2.0,0.00960374865312641,0.1632180260558533,5.884
EDF,2020-01-07,22,0.5,-4.440892098500626e-16,-1.907599698668654e-14,2.328
LLF,2020-01-07,22,0.5,0.0,0.0,2.328
MPC,2020-01-07,22,0.5,0.0,0.0,2.328
PPOLag,2020-01-07,22,0.5,0.0035565574334892602,0.15277308563098196,2.328
EDF,2020-01-07,22,1.0,-4.440892098500626e-16,-1.907599698668654e-14,2.328
LLF,2020-01-07,22,1.0,0.0,0.0,2.328
MPC,2020-01-07,22,1.0,0.0,0.0,2.328
PPOLag,2020-01-07,22,1.0,0.004368511010142751,0.18765081658688793,2.328
EDF,2020-01-07,22,2.0,-4.440892098500626e-16,-1.907599698668654e-14,2.328
LLF,2020-01-07,22,2.0,0.0,0.0,2.328
MPC,2020-01-07,22,2.0,0.0,0.0,2.328
PPOLag,2020-01-07,22,2.0,0.006246772596043027,0.2683321561874152,2.328
EDF,2020-01-07,28,0.5,0.0,0.0,15.307
LLF,2020-01-07,28,0.5,0.0,0.0,15.307
MPC,2020-01-07,28,0.5,0.0,0.0,15.307
PPOLag,2020-01-07,28,0.5,0.004107804616593924,0.026836118224302114,15.307
EDF,2020-01-07,28,1.0,0.0,0.0,15.307
LLF,2020-01-07,28,1.0,0.0,0.0,15.307
MPC,2020-01-07,28,1.0,0.0,0.0,15.307
PPOLag,2020-01-07,28,1.0,0.006658957364063056,0.04350269395742508,15.307
EDF,2020-01-07,28,2.0,0.0,0.0,15.307
LLF,2020-01-07,28,2.0,0.0,0.0,15.307
MPC,2020-01-07,28,2.0,0.0,0.0,15.307
PPOLag,2020-01-07,28,2.0,0.00785144419756172,0.051293161282823005,15.307
EDF,2020-01-07,26,0.5,0.0,0.0,6.083
LLF,2020-01-07,26,0.5,0.0,0.0,6.083
MPC,2020-01-07,26,0.5,0.0,0.0,6.083
PPOLag,2020-01-07,26,0.5,0.005094638435032195,0.0837520702783527,6.083
EDF,2020-01-07,26,1.0,0.0,0.0,6.083
LLF,2020-01-07,26,1.0,0.0,0.0,6.083
MPC,2020-01-07,26,1.0,0.0,0.0,6.083
PPOLag,2020-01-07,26,1.0,0.007550680232212592,0.1241275724513002,6.083
EDF,2020-01-07,26,2.0,0.0,0.0,6.083
LLF,2020-01-07,26,2.0,0.0,0.0,6.083
MPC,2020-01-07,26,2.0,8.881784197001252e-16,1.4600993254974934e-14,6.083
PPOLag,2020-01-07,26,2.0,0.007937875943133044,0.13049278223135036,6.083
EDF,2020-01-07,17,0.5,1.7763568394002505e-15,1.1811668590998408e-14,15.039
LLF,2020-01-07,17,0.5,0.0,0.0,15.039
MPC,2020-01-07,17,0.5,-1.7763568394002505e-15,-1.1811668590998408e-14,15.039
PPOLag,2020-01-07,17,0.5,0.0007215706917605757,0.004797996487536245,15.039
EDF,2020-01-07,17,1.0,1.7763568394002505e-15,1.1811668590998408e-14,15.039
LLF,2020-01-07,17,1.0,0.0,0.0,15.039
MPC,2020-01-07,17,1.0,0.0,0.0,15.039
PPOLag,2020-01-07,17,1.0,0.004447661770032596,0.029574185584364625,15.039
EDF,2020-01-07,17,2.0,1.7763568394002505e-15,1.1811668590998408e-14,15.039
LLF,2020-01-07,17,2.0,0.0,0.0,15.039
MPC,2020-01-07,17,2.0,1.7763568394002505e-15,1.1811668590998408e-14,15.039
PPOLag,2020-01-07,17,2.0,0.007054045403381437,0.04690501631346125,15.039
EDF,2020-01-07,32,0.5,0.0,0.0,14.975999999999999
LLF,2020-01-07,32,0.5,0.0,0.0,14.975999999999999
MPC,2020-01-07,32,0.5,0.0,0.0,14.975999999999999
PPOLag,2020-01-07,32,0.5,0.020475476074219047,0.13672192891439,14.975999999999999
EDF,2020-01-07,32,1.0,0.0,0.0,14.975999999999999
LLF,2020-01-07,32,1.0,0.0,0.0,14.975999999999999
MPC,2020-01-07,32,1.0,0.0,0.0,14.975999999999999
PPOLag,2020-01-07,32,1.0,0.026230598449707897,0.1751508977678145,14.975999999999999
EDF,2020-01-07,32,2.0,0.0,0.0,14.975999999999999
LLF,2020-01-07,32,2.0,0.0,0.0,14.975999999999999
MPC,2020-01-07,32,2.0,0.0,0.0,14.975999999999999
PPOLag,2020-01-07,32,2.0,0.029769734191895835,0.1987829473283643,14.975999999999999
EDF,2020-01-08,12,0.5,0.0,0.0,12.886
LLF,2020-01-08,12,0.5,0.0,0.0,12.886
MPC,2020-01-08,12,0.5,3.552713678800501e-15,2.7570337411147768e-14,12.886
PPOLag,2020-01-08,12,0.5,0.0037363308990506993,0.028995273157307926,12.886
EDF,2020-01-08,12,1.0,0.0,0.0,12.886
LLF,2020-01-08,12,1.0,0.0,0.0,12.886
MPC,2020-01-08,12,1.0,1.7763568394002505e-15,1.3785168705573884e-14,12.886
PPOLag,2020-01-08,12,1.0,0.0049457387014278705,0.038380713188172204,12.886
EDF,2020-01-08,12,2.0,0.0,0.0,12.886
LLF,2020-01-08,12,2.0,0.0,0.0,12.886
MPC,2020-01-08,12,2.0,1.7763568394002505e-15,1.3785168705573884e-14,12.886
PPOLag,2020-01-08,12,2.0,0.005978574470177378,0.046395890657902984,12.886
EDF,2020-01-08,18,0.5,0.0,0.0,22.388
LLF,2020-01-08,18,0.5,0.0,0.0,22.388
MPC,2020-01-08,18,0.5,-3.552713678800501e-15,-1.5868830082189122e-14,22.388
PPOLag,2020-01-08,18,0.5,0.003444630475538446,0.01538605715355747,22.388
EDF,2020-01-08,18,1.0,0.0,0.0,22.388
LLF,2020-01-08,18,1.0,0.0,0.0,22.388
MPC,2020-01-08,18,1.0,0.0,0.0,22.388
PPOLag,2020-01-08,18,1.0,0.0058378017623475385,0.02607558407337653,22.388
EDF,2020-01-08,18,2.0,3.552713678800501e-15,1.5868830082189122e-14,22.388
LLF,2020-01-08,18,2.0,0.0,0.0,22.388
MPC,2020-01-08,18,2.0,0.0,0.0,22.388
PPOLag,2020-01-08,18,2.0,0.006687037225681536,0.029868845924966657,22.388
EDF,2020-01-08,1,0.5,0.0,0.0,15.141
LLF,2020-01-08,1,0.5,0.0,0.0,15.141
MPC,2020-01-08,1,0.5,-1.7763568394002505e-15,-1.1732097215509217e-14,15.141
PPOLag,2020-01-08,1,0.5,-0.0008567901811751711,-0.00565874236295602,15.141
EDF,2020-01-08,1,1.0,0.0,0.0,15.141
LLF,2020-01-08,1,1.0,0.0,0.0,15.141
MPC,2020-01-08,1,1.0,-1.7763568394002505e-15,-1.1732097215509217e-14,15.141
PPOLag,2020-01-08,1,1.0,0.0010713581989328703,0.007075874770047357,15.141
EDF,2020-01-08,1,2.0,0.0,0.0,15.141
LLF,2020-01-08,1,2.0,0.0,0.0,15.141
MPC,2020-01-08,1,2.0,0.0,0.0,15.141
PPOLag,2020-01-08,1,2.0,0.004003718207125218,0.026442891533750863,15.141
EDF,2020-01-08,3,0.5,0.0,0.0,2.616
LLF,2020-01-08,3,0.5,0.0,0.0,2.616
MPC,2020-01-08,3,0.5,0.0,0.0,2.616
PPOLag,2020-01-08,3,0.5,0.001349313950703479,0.05157927946114216,2.616
EDF,2020-01-08,3,1.0,0.0,0.0,2.616
LLF,2020-01-08,3,1.0,0.0,0.0,2.616
MPC,2020-01-08,3,1.0,0.0,0.0,2.616
PPOLag,2020-01-08,3,1.0,0.0019884064791775733,0.0760094219869103,2.616
EDF,2020-01-08,3,2.0,0.0,0.0,2.616
LLF,2020-01-08,3,2.0,0.0,0.0,2.616
MPC,2020-01-08,3,2.0,0.0,0.0,2.616
PPOLag,2020-01-08,3,2.0,0.002347299429785554,0.08972857147498295,2.616
EDF,2020-01-08,7,0.5,0.0,0.0,10.929
LLF,2020-01-08,7,0.5,0.0,0.0,10.929
MPC,2020-01-08,7,0.5,0.0,0.0,10.929
PPOLag,2020-01-08,7,0.5,0.003618658542926312,0.03311060978064152,10.929
EDF,2020-01-08,7,1.0,0.0,0.0,10.929
LLF,2020-01-08,7,1.0,0.0,0.0,10.929
MPC,2020-01-08,7,1.0,-1.7763568394002505e-15,-1.6253608192883617e-14,10.929
PPOLag,2020-01-08,7,1.0,0.0061439679596954734,0.056217110071328326,10.929
EDF,2020-01-08,7,2.0,0.0,0.0,10.929
LLF,2020-01-08,7,2.0,0.0,0.0,10.929
MPC,2020-01-08,7,2.0,0.0,0.0,10.929
PPOLag,2020-01-08,7,2.0,0.008532520383780806,0.07807228825858545,10.929
EDF,2020-01-09,30,0.5,0.0,0.0,0.923
LLF,2020-01-09,30,0.5,0.0,0.0,0.923
MPC,2020-01-09,30,0.5,0.0,0.0,0.923
PPOLag,2020-01-09,30,0.5,0.00027836241914411806,0.030158441944108126,0.923
EDF,2020-01-09,30,1.0,0.0,0.0,0.923
LLF,2020-01-09,30,1.0,0.0,0.0,0.923
MPC,2020-01-09,30,1.0,0.0,0.0,0.923
PPOLag,2020-01-09,30,1.0,0.0014394040079849456,0.15594842990086086,0.923
EDF,2020-01-09,30,2.0,0.0,0.0,0.923
LLF,2020-01-09,30,2.0,0.0,0.0,0.923
MPC,2020-01-09,30,2.0,0.0,0.0,0.923
PPOLag,2020-01-09,30,2.0,0.0029308652797137126,0.31753686670787784,0.923
EDF,2020-01-09,5,0.5,0.0,0.0,27.671
LLF,2020-01-09,5,0.5,1.0658141036401503e-14,3.8517368495542273e-14,27.671
MPC,2020-01-09,5,0.5,0.0,0.0,27.671
PPOLag,2020-01-09,5,0.5,-0.001014969030578783,-0.0036679882569433074,27.671
EDF,2020-01-09,5,1.0,-7.105427357601002e-15,-2.567824566369485e-14,27.671
LLF,2020-01-09,5,1.0,7.105427357601002e-15,2.567824566369485e-14,27.671
MPC,2020-01-09,5,1.0,0.0,0.0,27.671
PPOLag,2020-01-09,5,1.0,0.0018347478687012141,0.006630580277912667,27.671
EDF,2020-01-09,5,2.0,-7.105427357601002e-15,-2.567824566369485e-14,27.671
LLF,2020-01-09,5,2.0,7.105427357601002e-15,2.567824566369485e-14,27.671
MPC,2020-01-09,5,2.0,0.0,0.0,27.671
PPOLag,2020-01-09,5,2.0,0.0027197316693914784,0.00982881597843041,27.671
EDF,2020-01-09,19,0.5,0.0,0.0,8.502
LLF,2020-01-09,19,0.5,0.0,0.0,8.502
MPC,2020-01-09,19,0.5,0.0,0.0,8.502
PPOLag,2020-01-09,19,0.5,-0.0007232423807938204,-0.008506732307619624,8.502
EDF,2020-01-09,19,1.0,0.0,0.0,8.502
LLF,2020-01-09,19,1.0,0.0,0.0,8.502
MPC,2020-01-09,19,1.0,1.7763568394002505e-15,2.0893399663611506e-14,8.502
PPOLag,2020-01-09,19,1.0,0.0023137776748615837,0.02721451040768741,8.502
EDF,2020-01-09,19,2.0,0.0,0.0,8.502
LLF,2020-01-09,19,2.0,0.0,0.0,8.502
MPC,2020-01-09,19,2.0,1.7763568394002505e-15,2.0893399663611506e-14,8.502
PPOLag,2020-01-09,19,2.0,0.002879255432439365,0.033865624940477124,8.502
EDF,2020-01-09,21,0.5,0.0,0.0,4.39
LLF,2020-01-09,21,0.5,0.0,0.0,4.39
MPC,2020-01-09,21,0.5,0.0,0.0,4.39
PPOLag,2020-01-09,21,0.5,0.0010264399854099438,0.02338132085216273,4.39
EDF,2020-01-09,21,1.0,0.0,0.0,4.39
LLF,2020-01-09,21,1.0,0.0,0.0,4.39
MPC,2020-01-09,21,1.0,8.881784197001252e-16,2.0231854662873012e-14,4.39
PPOLag,2020-01-09,21,1.0,0.0010661350611952613,0.02428553670148659,4.39
EDF,2020-01-09,21,2.0,0.0,0.0,4.39
LLF,2020-01-09,21,2.0,0.0,0.0,4.39
MPC,2020-01-09,21,2.0,0.0,0.0,4.39
PPOLag,2020-01-09,21,2.0,0.0016142783425275198,0.036771716230695216,4.39
EDF,2020-01-09,0,0.5,0.0,0.0,0.843
LLF,2020-01-09,0,0.5,0.0,0.0,0.843
MPC,2020-01-09,0,0.5,0.0,0.0,0.843
PPOLag,2020-01-09,0,0.5,0.0004956983878505073,0.058801706743832415,0.843
EDF,2020-01-09,0,1.0,0.0,0.0,0.843
LLF,2020-01-09,0,1.0,0.0,0.0,0.843
MPC,2020-01-09,0,1.0,0.0,0.0,0.843
PPOLag,2020-01-09,0,1.0,0.0007601305083832389,0.09016969257215171,0.843
EDF,2020-01-09,0,2.0,0.0,0.0,0.843
LLF,2020-01-09,0,2.0,0.0,0.0,0.843
MPC,2020-01-09,0,2.0,0.0,0.0,0.843
PPOLag,2020-01-09,0,2.0,0.0007880706122307624,0.09348405839036326,0.843
EDF,2020-01-10,29,0.5,0.0,0.0,0.85
LLF,2020-01-10,29,0.5,0.0,0.0,0.85
MPC,2020-01-10,29,0.5,0.0,0.0,0.85
PPOLag,2020-01-10,29,0.5,0.003039889668110374,0.35763407860122043,0.85
EDF,2020-01-10,29,1.0,0.0,0.0,0.85
LLF,2020-01-10,29,1.0,1.1102230246251565e-16,1.3061447348531254e-14,0.85
MPC,2020-01-10,29,1.0,0.0,0.0,0.85
PPOLag,2020-01-10,29,1.0,0.0061923533996272925,0.7285121646620345,0.85
EDF,2020-01-10,29,2.0,0.0,0.0,0.85
LLF,2020-01-10,29,2.0,1.1102230246251565e-16,1.3061447348531254e-14,0.85
MPC,2020-01-10,29,2.0,0.0,0.0,0.85
PPOLag,2020-01-10,29,2.0,0.007745320582064963,0.9112141861252898,0.85
EDF,2020-01-10,12,0.5,0.0,0.0,15.847
LLF,2020-01-10,12,0.5,-1.7763568394002505e-15,-1.1209420328139398e-14,15.847
MPC,2020-01-10,12,0.5,1.7763568394002505e-15,1.1209420328139398e-14,15.847
PPOLag,2020-01-10,12,0.5,0.0029912570526608563,0.018875856961323004,15.847
EDF,2020-01-10,12,1.0,-1.7763568394002505e-15,-1.1209420328139398e-14,15.847
LLF,2020-01-10,12,1.0,-3.552713678800501e-15,-2.2418840656278796e-14,15.847
MPC,2020-01-10,12,1.0,1.7763568394002505e-15,1.1209420328139398e-14,15.847
PPOLag,2020-01-10,12,1.0,0.0042193848705437634,0.026625764312133295,15.847
EDF,2020-01-10,12,2.0,-1.7763568394002505e-15,-1.1209420328139398e-14,15.847
LLF,2020-01-10,12,2.0,-1.7763568394002505e-15,-1.1209420328139398e-14,15.847
MPC,2020-01-10,12,2.0,-1.7763568394002505e-15,-1.1209420328139398e-14,15.847
PPOLag,2020-01-10,12,2.0,0.005742616865165573,0.036237880136086156,15.847
EDF,2020-01-10,25,0.5,1.7763568394002505e-15,1.2084060131974494e-14,14.7
LLF,2020-01-10,25,0.5,0.0,0.0,14.7
MPC,2020-01-10,25,0.5,0.0,0.0,14.7
PPOLag,2020-01-10,25,0.5,0.0013165378103746407,0.008956039526358098,14.7
EDF,2020-01-10,25,1.0,1.7763568394002505e-15,1.2084060131974494e-14,14.7
LLF,2020-01-10,25,1.0,1.7763568394002505e-15,1.2084060131974494e-14,14.7
MPC,2020-01-10,25,1.0,1.7763568394002505e-15,1.2084060131974494e-14,14.7
PPOLag,2020-01-10,25,1.0,-0.0024029889787968274,-0.016346863801338964,14.7
EDF,2020-01-10,25,2.0,0.0,0.0,14.7
LLF,2020-01-10,25,2.0,-1.7763568394002505e-15,-1.2084060131974494e-14,14.7
MPC,2020-01-10,25,2.0,1.7763568394002505e-15,1.2084060131974494e-14,14.7
PPOLag,2020-01-10,25,2.0,0.0031381532994380736,0.02134798162883043,14.7
EDF,2020-01-10,8,0.5,0.0,0.0,9.525
LLF,2020-01-10,8,0.5,0.0,0.0,9.525
MPC,2020-01-10,8,0.5,0.0,0.0,9.525
PPOLag,2020-01-10,8,0.5,0.0012530948292479138,0.01315585122569988,9.525
EDF,2020-01-10,8,1.0,0.0,0.0,9.525
LLF,2020-01-10,8,1.0,0.0,0.0,9.525
MPC,2020-01-10,8,1.0,1.7763568394002505e-15,1.8649415636748037e-14,9.525
PPOLag,2020-01-10,8,1.0,0.0006442490215572861,0.006763769255194603,9.525
EDF,2020-01-10,8,2.0,0.0,0.0,9.525
LLF,2020-01-10,8,2.0,0.0,0.0,9.525
MPC,2020-01-10,8,2.0,0.0,0.0,9.525
PPOLag,2020-01-10,8,2.0,2.4083001090957622e-05,0.0002528399064667446,9.525
EDF,2020-01-10,3,0.5,0.0,0.0,9.301
LLF,2020-01-10,3,0.5,0.0,0.0,9.301
MPC,2020-01-10,3,0.5,0.0,0.0,9.301
PPOLag,2020-01-10,3,0.5,0.0034201909342719715,0.0367722925951185,9.301
EDF,2020-01-10,3,1.0,0.0,0.0,9.301
LLF,2020-01-10,3,1.0,0.0,0.0,9.301
MPC,2020-01-10,3,1.0,0.0,0.0,9.301
PPOLag,2020-01-10,3,1.0,0.006775875626946615,0.07285104426348364,9.301
EDF,2020-01-10,3,2.0,0.0,0.0,9.301
LLF,2020-01-10,3,2.0,0.0,0.0,9.301
MPC,2020-01-10,3,2.0,0.0,0.0,9.301
PPOLag,2020-01-10,3,2.0,0.007045394570571873,0.07574878583562919,9.301
EDF,2020-01-13,18,0.5,2.4159999999999995,20.314470697048677,11.893
LLF,2020-01-13,18,0.5,1.8302500000000004,15.389304632977383,11.893
MPC,2020-01-13,18,0.5,-1.251750000000003,-10.525098797612065,11.893
PPOLag,2020-01-13,18,0.5,1.045098167438225,8.787506663064196,11.893
EDF,2020-01-13,18,1.0,4.469999999999998,37.585134112503134,11.893
LLF,2020-01-13,18,1.0,3.49425,29.38072815942151,11.893
MPC,2020-01-13,18,1.0,-1.251750000000003,-10.525098797612065,11.893
PPOLag,2020-01-13,18,1.0,2.3014862120016253,19.35160356513601,11.893
EDF,2020-01-13,18,2.0,7.0672500000000005,59.42361052720087,11.893
LLF,2020-01-13,18,2.0,5.569500000000001,46.83006810729,11.893
MPC,2020-01-13,18,2.0,0.8352499999999976,7.023038762297129,11.893
PPOLag,2020-01-13,18,2.0,4.644270481394004,39.05045389215508,11.893
EDF,2020-01-13,33,0.5,1.249249999999999,28.321242348673753,4.411
LLF,2020-01-13,33,0.5,0.0,0.0,4.411
MPC,2020-01-13,33,0.5,0.0,0.0,4.411
PPOLag,2020-01-13,33,0.5,1.0322278555832645,23.40122093818328,4.411
EDF,2020-01-13,33,1.0,1.249249999999999,28.321242348673753,4.411
LLF,2020-01-13,33,1.0,0.0,0.0,4.411
MPC,2020-01-13,33,1.0,0.0,0.0,4.411
PPOLag,2020-01-13,33,1.0,1.670156849585581,37.863451588881915,4.411
EDF,2020-01-13,33,2.0,1.249249999999999,28.321242348673753,4.411
LLF,2020-01-13,33,2.0,1.4977500000000006,33.954885513489025,4.411
MPC,2020-01-13,33,2.0,4.411,100.0,4.411
PPOLag,2020-01-13,33,2.0,2.8735609536219435,65.14534014105517,4.411
EDF,2020-01-13,21,0.5,0.0,0.0,4.816
LLF,2020-01-13,21,0.5,0.0,0.0,4.816
MPC,2020-01-13,21,0.5,0.0,0.0,4.816
PPOLag,2020-01-13,21,0.5,0.011261748788271663,0.2338402987597937,4.816
EDF,2020-01-13,21,1.0,0.0,0.0,4.816
LLF,2020-01-13,21,1.0,0.0,0.0,4.816
MPC,2020-01-13,21,1.0,0.0,0.0,4.816
PPOLag,2020-01-13,21,1.0,0.02306934754215435,0.47901469148991593,4.816
EDF,2020-01-13,21,2.0,0.0,0.0,4.816
LLF,2020-01-13,21,2.0,0.0,0.0,4.816
MPC,2020-01-13,21,2.0,0.0,0.0,4.816
PPOLag,2020-01-13,21,2.0,0.02456138730393844,0.5099955835535391,4.816
EDF,2020-01-13,4,0.5,12.330249999999994,50.14131186206333,24.591
LLF,2020-01-13,4,0.5,2.162750000000001,8.794884307266889,24.591
MPC,2020-01-13,4,0.5,-4.2682500000000045,-17.35695986336466,24.591
PPOLag,2020-01-13,4,0.5,2.773706992342169,11.279358270676951,24.591
EDF,2020-01-13,4,1.0,12.330249999999998,50.14131186206335,24.591
LLF,2020-01-13,4,1.0,3.6605000000000008,14.885527225407671,24.591
MPC,2020-01-13,4,1.0,-1.106250000000001,-4.4985970477003825,24.591
PPOLag,2020-01-13,4,1.0,4.704277929297408,19.130079823095475,24.591
EDF,2020-01-13,4,2.0,12.330249999999998,50.14131186206335,24.591
LLF,2020-01-13,4,2.0,5.158250000000001,20.976170143548455,24.591
MPC,2020-01-13,4,2.0,2.7572500000000364,11.212435443861724,24.591
PPOLag,2020-01-13,4,2.0,6.1065708576459725,24.832543847936126,24.591
EDF,2020-01-13,20,0.5,-1.1102230246251565e-16,-1.2093932730121531e-14,0.918
LLF,2020-01-13,20,0.5,0.0,0.0,0.918
MPC,2020-01-13,20,0.5,0.0,0.0,0.918
PPOLag,2020-01-13,20,0.5,0.0,0.0,0.918
EDF,2020-01-13,20,1.0,-1.1102230246251565e-16,-1.2093932730121531e-14,0.918
LLF,2020-01-13,20,1.0,0.0,0.0,0.918
MPC,2020-01-13,20,1.0,0.0,0.0,0.918
PPOLag,2020-01-13,20,1.0,0.0,0.0,0.918
EDF,2020-01-13,20,2.0,0.0,0.0,0.918
LLF,2020-01-13,20,2.0,0.0,0.0,0.918
MPC,2020-01-13,20,2.0,0.918,99.99999999999999,0.918
PPOLag,2020-01-13,20,2.0,0.011358722510782937,1.2373336068390999,0.918
EDF,2020-01-14,15,0.5,-4.440892098500626e-16,-1.1351973666923892e-14,3.912
LLF,2020-01-14,15,0.5,1.6639999999999997,42.53578732106339,3.912
MPC,2020-01-14,15,0.5,2.7384999999999944,70.00255623721867,3.912
PPOLag,2020-01-14,15,0.5,0.5523079689154338,14.118301863891455,3.912
EDF,2020-01-14,15,1.0,4.440892098500626e-16,1.1351973666923892e-14,3.912
LLF,2020-01-14,15,1.0,1.8302499999999995,46.785531697341504,3.912
MPC,2020-01-14,15,1.0,3.328,85.07157464212679,3.912
PPOLag,2020-01-14,15,1.0,0.7614822076473182,19.46529160652654,3.912
EDF,2020-01-14,15,2.0,0.0,0.0,3.912
LLF,2020-01-14,15,2.0,2.4142499999999996,61.71395705521471,3.912
MPC,2020-01-14,15,2.0,3.328,85.07157464212679,3.912
PPOLag,2020-01-14,15,2.0,1.019303082411828,26.055804765128528,3.912
EDF,2020-01-14,5,0.5,8.881784197001252e-16,1.5620443540276562e-14,5.686
LLF,2020-01-14,5,0.5,-8.881784197001252e-16,-1.5620443540276562e-14,5.686
MPC,2020-01-14,5,0.5,0.694,12.205416813225465,5.686
PPOLag,2020-01-14,5,0.5,0.47860300933467015,8.41721789192174,5.686
EDF,2020-01-14,5,1.0,8.881784197001252e-16,1.5620443540276562e-14,5.686
LLF,2020-01-14,5,1.0,-8.881784197001252e-16,-1.5620443540276562e-14,5.686
MPC,2020-01-14,5,1.0,0.6939999999999991,12.20541681322545,5.686
PPOLag,2020-01-14,5,1.0,0.5452456065793904,9.589264976774363,5.686
EDF,2020-01-14,5,2.0,8.881784197001252e-16,1.5620443540276562e-14,5.686
LLF,2020-01-14,5,2.0,-8.881784197001252e-16,-1.5620443540276562e-14,5.686
MPC,2020-01-14,5,2.0,0.694,12.205416813225465,5.686
PPOLag,2020-01-14,5,2.0,0.5537970398639305,9.739659512204193,5.686
EDF,2020-01-14,19,0.5,0.03500000000000014,0.2973661852166537,11.77
LLF,2020-01-14,19,0.5,3.782499999999999,32.13678844519965,11.77
MPC,2020-01-14,19,0.5,0.3324999999999996,2.824978759558195,11.77
PPOLag,2020-01-14,19,0.5,2.4356397967170897,20.693626140332114,11.77
EDF,2020-01-14,19,1.0,0.03500000000000014,0.2973661852166537,11.77
LLF,2020-01-14,19,1.0,3.5980000000000008,30.569243840271884,11.77
MPC,2020-01-14,19,1.0,0.33250000000000135,2.8249787595582103,11.77
PPOLag,2020-01-14,19,1.0,4.321345693494834,36.7149166821991,11.77
EDF,2020-01-14,19,2.0,0.03500000000000014,0.2973661852166537,11.77
LLF,2020-01-14,19,2.0,3.7825000000000006,32.13678844519966,11.77
MPC,2020-01-14,19,2.0,0.3324999999999996,2.824978759558195,11.77
PPOLag,2020-01-14,19,2.0,4.370282241613408,37.130690243104574,11.77
EDF,2020-01-14,22,0.5,-8.881784197001252e-16,-1.5366408645330887e-14,5.78
LLF,2020-01-14,22,0.5,-8.881784197001252e-16,-1.5366408645330887e-14,5.78
MPC,2020-01-14,22,0.5,0.0,0.0,5.78
PPOLag,2020-01-14,22,0.5,1.2742604730030098,22.046028944688754,5.78
EDF,2020-01-14,22,1.0,-8.881784197001252e-16,-1.5366408645330887e-14,5.78
LLF,2020-01-14,22,1.0,0.0,0.0,5.78
MPC,2020-01-14,22,1.0,0.0,0.0,5.78
PPOLag,2020-01-14,22,1.0,1.8713232590264635,32.37583493125369,5.78
EDF,2020-01-14,22,2.0,-8.881784197001252e-16,-1.5366408645330887e-14,5.78
LLF,2020-01-14,22,2.0,0.0,0.0,5.78
MPC,2020-01-14,22,2.0,0.0,0.0,5.78
PPOLag,2020-01-14,22,2.0,1.9743695773538015,34.15864320681317,5.78
EDF,2020-01-14,21,0.5,1.1102230246251565e-16,1.3740383968133125e-14,0.808
LLF,2020-01-14,21,0.5,0.0,0.0,0.808
MPC,2020-01-14,21,0.5,0.0,0.0,0.808
PPOLag,2020-01-14,21,0.5,0.13568812602756064,16.793084904401066,0.808
EDF,2020-01-14,21,1.0,0.0,0.0,0.808
LLF,2020-01-14,21,1.0,1.1102230246251565e-16,1.3740383968133125e-14,0.808
MPC,2020-01-14,21,1.0,0.0,0.0,0.808
PPOLag,2020-01-14,21,1.0,0.2860501526447919,35.40224661445445,0.808
EDF,2020-01-14,21,2.0,0.0,0.0,0.808
LLF,2020-01-14,21,2.0,0.0,0.0,0.808
MPC,2020-01-14,21,2.0,0.0,0.0,0.808
PPOLag,2020-01-14,21,2.0,0.35783107522541036,44.28602416156068,0.808
EDF,2020-01-15,19,0.5,-1.7763568394002505e-15,-1.4436057207641206e-14,12.305
LLF,2020-01-15,19,0.5,1.7079999999999984,13.880536367330341,12.305
MPC,2020-01-15,19,0.5,3.3279999999999994,27.04591629418935,12.305
PPOLag,2020-01-15,19,0.5,2.7674183350247237,22.490193701948183,12.305
EDF,2020-01-15,19,1.0,0.0,0.0,12.305
LLF,2020-01-15,19,1.0,2.641750000000002,21.46891507517271,12.305
MPC,2020-01-15,19,1.0,2.3822499999999955,19.36001625355543,12.305
PPOLag,2020-01-15,19,1.0,3.8591539766499907,31.362486604225843,12.305
EDF,2020-01-15,19,2.0,-1.7763568394002505e-15,-1.4436057207641206e-14,12.305
LLF,2020-01-15,19,2.0,3.768749999999999,30.627793579845584,12.305
MPC,2020-01-15,19,2.0,3.3279999999999994,27.04591629418935,12.305
PPOLag,2020-01-15,19,2.0,4.913895816024372,39.934139098125726,12.305
EDF,2020-01-15,6,0.5,1.7763568394002505e-15,2.0378075477804868e-14,8.717
LLF,2020-01-15,6,0.5,1.6639999999999997,19.089136170700925,8.717
MPC,2020-01-15,6,0.5,2.3217500000000033,26.634736721349125,8.717
PPOLag,2020-01-15,6,0.5,2.232486042099135,25.610715178377138,8.717
EDF,2020-01-15,6,1.0,0.0,0.0,8.717
LLF,2020-01-15,6,1.0,3.4942499999999983,40.085465182975774,8.717
MPC,2020-01-15,6,1.0,3.6115000000000013,41.43053802913848,8.717
PPOLag,2020-01-15,6,1.0,3.066807998020179,35.18192036274152,8.717
EDF,2020-01-15,6,2.0,0.0,0.0,8.717
LLF,2020-01-15,6,2.0,4.0575,46.54697717104508,8.717
MPC,2020-01-15,6,2.0,4.174750000000003,47.89205001720779,8.717
PPOLag,2020-01-15,6,2.0,4.113738687287854,47.19213820451822,8.717
EDF,2020-01-15,31,0.5,3.1927499999999904,47.802814792633484,6.679
LLF,2020-01-15,31,0.5,1.830249999999999,27.403054349453495,6.679
MPC,2020-01-15,31,0.5,0.023000000000000576,0.3443629285821317,6.679
PPOLag,2020-01-15,31,0.5,1.3822962139842832,20.696155322417773,6.679
EDF,2020-01-15,31,1.0,3.215749999999992,48.14717772121563,6.679
LLF,2020-01-15,31,1.0,3.327999999999999,49.82781853570892,6.679
MPC,2020-01-15,31,1.0,0.023000000000000576,0.3443629285821317,6.679
PPOLag,2020-01-15,31,1.0,3.019897209819888,45.214810747415605,6.679
EDF,2020-01-15,31,2.0,3.215749999999992,48.14717772121563,6.679
LLF,2020-01-15,31,2.0,5.18125,77.57523581374457,6.679
MPC,2020-01-15,31,2.0,0.023000000000000576,0.3443629285821317,6.679
PPOLag,2020-01-15,31,2.0,3.279107367872258,49.09578331894382,6.679
EDF,2020-01-15,23,0.5,0.0,0.0,4.243
LLF,2020-01-15,23,0.5,3.1617500000000005,74.51685128446854,4.243
MPC,2020-01-15,23,0.5,0.9687499999999911,22.831722837614684,4.243
PPOLag,2020-01-15,23,0.5,1.2032650440237018,28.358827339705442,4.243
EDF,2020-01-15,23,1.0,0.0,0.0,4.243
LLF,2020-01-15,23,1.0,4.243,100.0,4.243
MPC,2020-01-15,23,1.0,0.9687499999999911,22.831722837614684,4.243
PPOLag,2020-01-15,23,1.0,1.7083703251574824,40.26326479277592,4.243
EDF,2020-01-15,23,2.0,0.0,0.0,4.243
LLF,2020-01-15,23,2.0,4.243,100.0,4.243
MPC,2020-01-15,23,2.0,0.9687499999999911,22.831722837614684,4.243
PPOLag,2020-01-15,23,2.0,2.689550275397972,63.38793955686947,4.243
EDF,2020-01-15,2,0.5,-7.105427357601002e-15,-2.0477326025536766e-14,34.699
LLF,2020-01-15,2,0.5,2.3865000000000123,6.877719819014993,34.699
MPC,2020-01-15,2,0.5,2.451000000000004,7.063604138447807,34.699
PPOLag,2020-01-15,2,0.5,1.895245385355721,5.461959668450736,34.699
EDF,2020-01-15,2,1.0,-7.105427357601002e-15,-2.0477326025536766e-14,34.699
LLF,2020-01-15,2,1.0,2.593999999999994,7.475719761376392,34.699
MPC,2020-01-15,2,1.0,6.456000000000003,18.605723507882082,34.699
PPOLag,2020-01-15,2,1.0,2.6246396021121634,7.564020871241718,34.699
EDF,2020-01-15,2,2.0,-7.105427357601002e-15,-2.0477326025536766e-14,34.699
LLF,2020-01-15,2,2.0,2.593999999999994,7.475719761376392,34.699
MPC,2020-01-15,2,2.0,10.525999999999993,30.3351681604657,34.699
PPOLag,2020-01-15,2,2.0,3.172596592906441,9.143193155152717,34.699
EDF,2020-01-16,16,0.5,0.0,0.0,3.55
LLF,2020-01-16,16,0.5,0.0,0.0,3.55
MPC,2020-01-16,16,0.5,0.0,0.0,3.55
PPOLag,2020-01-16,16,0.5,0.0033926205155509594,0.09556677508594252,3.55
EDF,2020-01-16,16,1.0,0.0,0.0,3.55
LLF,2020-01-16,16,1.0,0.0,0.0,3.55
MPC,2020-01-16,16,1.0,0.0,0.0,3.55
PPOLag,2020-01-16,16,1.0,0.005163679633114704,0.1454557643130903,3.55
EDF,2020-01-16,16,2.0,0.0,0.0,3.55
LLF,2020-01-16,16,2.0,0.0,0.0,3.55
MPC,2020-01-16,16,2.0,0.0,0.0,3.55
PPOLag,2020-01-16,16,2.0,0.005315741356718995,0.14973919314701395,3.55
EDF,2020-01-16,20,0.5,0.0,0.0,0.862
LLF,2020-01-16,20,0.5,0.0,0.0,0.862
MPC,2020-01-16,20,0.5,0.0,0.0,0.862
PPOLag,2020-01-16,20,0.5,0.005278888876295041,0.6124001016583575,0.862
EDF,2020-01-16,20,1.0,0.0,0.0,0.862
LLF,2020-01-16,20,1.0,0.0,0.0,0.862
MPC,2020-01-16,20,1.0,0.0,0.0,0.862
PPOLag,2020-01-16,20,1.0,0.007615744821153947,0.8834970790201796,0.862
EDF,2020-01-16,20,2.0,0.0,0.0,0.862
LLF,2020-01-16,20,2.0,0.0,0.0,0.862
MPC,2020-01-16,20,2.0,0.0,0.0,0.862
PPOLag,2020-01-16,20,2.0,0.009571751561731378,1.1104120141219698,0.862
EDF,2020-01-16,14,0.5,4.5182500000000045,17.61981827399292,25.643
LLF,2020-01-16,14,0.5,2.0224999999999937,7.887142690012844,25.643
MPC,2020-01-16,14,0.5,1.3577499999999993,5.294817299067969,25.643
PPOLag,2020-01-16,14,0.5,2.6602497484560033,10.374175207487436,25.643
EDF,2020-01-16,14,1.0,16.64,64.89100339273875,25.643
LLF,2020-01-16,14,1.0,2.0224999999999973,7.887142690012857,25.643
MPC,2020-01-16,14,1.0,1.357750000000003,5.294817299067983,25.643
PPOLag,2020-01-16,14,1.0,3.0807182363587273,12.01387605334293,25.643
EDF,2020-01-16,14,2.0,20.81725000000002,81.18102406114735,25.643
LLF,2020-01-16,14,2.0,2.0224999999999973,7.887142690012857,25.643
MPC,2020-01-16,14,2.0,1.3577499999999993,5.294817299067969,25.643
PPOLag,2020-01-16,14,2.0,3.12748945741334,12.196269771139645,25.643
EDF,2020-01-16,22,0.5,0.0,0.0,15.06
LLF,2020-01-16,22,0.5,0.0,0.0,15.06
MPC,2020-01-16,22,0.5,-1.7763568394002505e-15,-1.179519813678785e-14,15.06
PPOLag,2020-01-16,22,0.5,0.002563067053934631,0.017019037542726635,15.06
EDF,2020-01-16,22,1.0,0.0,0.0,15.06
LLF,2020-01-16,22,1.0,0.0,0.0,15.06
MPC,2020-01-16,22,1.0,1.7763568394002505e-15,1.179519813678785e-14,15.06
PPOLag,2020-01-16,22,1.0,0.0026287047459721434,0.017454878791315694,15.06
EDF,2020-01-16,22,2.0,0.0,0.0,15.06
LLF,2020-01-16,22,2.0,0.0,0.0,15.06
MPC,2020-01-16,22,2.0,1.7763568394002505e-15,1.179519813678785e-14,15.06
PPOLag,2020-01-16,22,2.0,0.002603179500233921,0.017285388447768398,15.06
EDF,2020-01-16,19,0.5,0.0,0.0,13.149
LLF,2020-01-16,19,0.5,1.7763568394002505e-15,1.3509444363831855e-14,13.149
MPC,2020-01-16,19,0.5,0.0,0.0,13.149
PPOLag,2020-01-16,19,0.5,0.5272422449395731,4.009751653658628,13.149
EDF,2020-01-16,19,1.0,0.0,0.0,13.149
LLF,2020-01-16,19,1.0,1.7763568394002505e-15,1.3509444363831855e-14,13.149
MPC,2020-01-16,19,1.0,0.0,0.0,13.149
PPOLag,2020-01-16,19,1.0,0.660647486610431,5.024317336758925,13.149
EDF,2020-01-16,19,2.0,0.0,0.0,13.149
LLF,2020-01-16,19,2.0,1.7763568394002505e-15,1.3509444363831855e-14,13.149
MPC,2020-01-16,19,2.0,-1.7763568394002505e-15,-1.3509444363831855e-14,13.149
PPOLag,2020-01-16,19,2.0,0.7045865781909992,5.3584803269526144,13.149
EDF,2020-01-17,21,0.5,0.0,0.0,8.062
LLF,2020-01-17,21,0.5,0.07449999999999957,0.9240883155544477,8.062
MPC,2020-01-17,21,0.5,0.0,0.0,8.062
PPOLag,2020-01-17,21,0.5,1.277934522000489,15.851333688917004,8.062
EDF,2020-01-17,21,1.0,1.7763568394002505e-15,2.2033699322751807e-14,8.062
LLF,2020-01-17,21,1.0,0.07449999999999957,0.9240883155544477,8.062
MPC,2020-01-17,21,1.0,0.0,0.0,8.062
PPOLag,2020-01-17,21,1.0,1.3766984822451849,17.076389013212413,8.062
EDF,2020-01-17,21,2.0,1.7763568394002505e-15,2.2033699322751807e-14,8.062
LLF,2020-01-17,21,2.0,0.07450000000000134,0.9240883155544697,8.062
MPC,2020-01-17,21,2.0,0.0,0.0,8.062
PPOLag,2020-01-17,21,2.0,1.7531640274877076,21.746018698681567,8.062
EDF,2020-01-17,4,0.5,-3.552713678800501e-15,-1.428973404714223e-14,24.862
LLF,2020-01-17,4,0.5,-7.105427357601002e-15,-2.857946809428446e-14,24.862
MPC,2020-01-17,4,0.5,-3.552713678800501e-15,-1.428973404714223e-14,24.862
PPOLag,2020-01-17,4,0.5,1.0767625663599496,4.330957148901737,24.862
EDF,2020-01-17,4,1.0,0.0,0.0,24.862
LLF,2020-01-17,4,1.0,3.552713678800501e-15,1.428973404714223e-14,24.862
MPC,2020-01-17,4,1.0,3.552713678800501e-15,1.428973404714223e-14,24.862
PPOLag,2020-01-17,4,1.0,1.431202271405148,5.756585437234125,24.862
EDF,2020-01-17,4,2.0,-7.105427357601002e-15,-2.857946809428446e-14,24.862
LLF,2020-01-17,4,2.0,3.552713678800501e-15,1.428973404714223e-14,24.862
MPC,2020-01-17,4,2.0,3.552713678800501e-15,1.428973404714223e-14,24.862
PPOLag,2020-01-17,4,2.0,1.6566576501822603,6.663412638493526,24.862
EDF,2020-01-17,27,0.5,0.0,0.0,10.541
LLF,2020-01-17,27,0.5,0.0,0.0,10.541
MPC,2020-01-17,27,0.5,0.16725000000000279,1.5866616070581803,10.541
PPOLag,2020-01-17,27,0.5,0.4294417016435375,4.074012917593563,10.541
EDF,2020-01-17,27,1.0,0.0,0.0,10.541
LLF,2020-01-17,27,1.0,0.0,0.0,10.541
MPC,2020-01-17,27,1.0,0.16725000000000279,1.5866616070581803,10.541
PPOLag,2020-01-17,27,1.0,0.4648071460506696,4.409516611807889,10.541
EDF,2020-01-17,27,2.0,0.0,0.0,10.541
LLF,2020-01-17,27,2.0,0.0,0.0,10.541
MPC,2020-01-17,27,2.0,0.16725000000000279,1.5866616070581803,10.541
PPOLag,2020-01-17,27,2.0,0.4624435514584427,4.387093743083604,10.541
EDF,2020-01-17,15,0.5,0.0,0.0,3.69
LLF,2020-01-17,15,0.5,4.440892098500626e-16,1.203493793631606e-14,3.69
MPC,2020-01-17,15,0.5,0.5282499999999999,14.31571815718157,3.69
PPOLag,2020-01-17,15,0.5,0.46052439754667035,12.480335976874535,3.69
EDF,2020-01-17,15,1.0,-4.440892098500626e-16,-1.203493793631606e-14,3.69
LLF,2020-01-17,15,1.0,0.0,0.0,3.69
MPC,2020-01-17,15,1.0,0.5282500000000003,14.31571815718158,3.69
PPOLag,2020-01-17,15,1.0,0.5473021263041511,14.832035943201925,3.69
EDF,2020-01-17,15,2.0,-4.440892098500626e-16,-1.203493793631606e-14,3.69
LLF,2020-01-17,15,2.0,4.440892098500626e-16,1.203493793631606e-14,3.69
MPC,2020-01-17,15,2.0,0.5282499999999999,14.31571815718157,3.69
PPOLag,2020-01-17,15,2.0,0.9751735360535978,26.427467101723522,3.69
EDF,2020-01-17,10,0.5,0.0,0.0,7.747
LLF,2020-01-17,10,0.5,-1.7763568394002505e-15,-2.2929609389444307e-14,7.747
MPC,2020-01-17,10,0.5,-8.881784197001252e-16,-1.1464804694722153e-14,7.747
PPOLag,2020-01-17,10,0.5,0.6662514049566173,8.600121401272974,7.747
EDF,2020-01-17,10,1.0,0.0,0.0,7.747
LLF,2020-01-17,10,1.0,0.0,0.0,7.747
MPC,2020-01-17,10,1.0,-8.881784197001252e-16,-1.1464804694722153e-14,7.747
PPOLag,2020-01-17,10,1.0,0.8240189714783552,10.636620259175878,7.747
EDF,2020-01-17,10,2.0,0.0,0.0,7.747
LLF,2020-01-17,10,2.0,0.0,0.0,7.747
MPC,2020-01-17,10,2.0,0.0,0.0,7.747
PPOLag,2020-01-17,10,2.0,0.9036723901143047,11.664804312821799,7.747
EDF,2020-01-20,3,0.5,0.0,0.0,0.823
LLF,2020-01-20,3,0.5,0.0,0.0,0.823
MPC,2020-01-20,3,0.5,0.0,0.0,0.823
PPOLag,2020-01-20,3,0.5,0.0027664820299857728,0.3361460546762786,0.823
EDF,2020-01-20,3,1.0,0.0,0.0,0.823
LLF,2020-01-20,3,1.0,0.0,0.0,0.823
MPC,2020-01-20,3,1.0,0.0,0.0,0.823
PPOLag,2020-01-20,3,1.0,0.004237594078095608,0.5148959997686038,0.823
EDF,2020-01-20,3,2.0,0.0,0.0,0.823
LLF,2020-01-20,3,2.0,0.0,0.0,0.823
MPC,2020-01-20,3,2.0,0.0,0.0,0.823
PPOLag,2020-01-20,3,2.0,0.005960457415685361,0.7242354089532639,0.823
EDF,2020-01-20,2,0.5,0.0,0.0,46.592
LLF,2020-01-20,2,0.5,0.0,0.0,46.592
MPC,2020-01-20,2,0.5,0.0,0.0,46.592
PPOLag,2020-01-20,2,0.5,0.042617945861813666,0.09147052253995036,46.592
EDF,2020-01-20,2,1.0,0.0,0.0,46.592
LLF,2020-01-20,2,1.0,0.0,0.0,46.592
MPC,2020-01-20,2,1.0,0.0,0.0,46.592
PPOLag,2020-01-20,2,1.0,0.07133107299804493,0.15309725488934783,46.592
EDF,2020-01-20,2,2.0,0.0,0.0,46.592
LLF,2020-01-20,2,2.0,0.0,0.0,46.592
MPC,2020-01-20,2,2.0,0.0,0.0,46.592
PPOLag,2020-01-20,2,2.0,0.0973320449829103,0.20890291248049087,46.592
EDF,2020-01-20,1,0.5,0.0,0.0,0.837
LLF,2020-01-20,1,0.5,0.0,0.0,0.837
MPC,2020-01-20,1,0.5,0.0,0.0,0.837
PPOLag,2020-01-20,1,0.5,0.002401536693911921,0.2869219467039333,0.837
EDF,2020-01-20,1,1.0,0.0,0.0,0.837
LLF,2020-01-20,1,1.0,0.0,0.0,0.837
MPC,2020-01-20,1,1.0,0.0,0.0,0.837
PPOLag,2020-01-20,1,1.0,0.0037071308243760816,0.44290690852760833,0.837
EDF,2020-01-20,1,2.0,0.0,0.0,0.837
LLF,2020-01-20,1,2.0,0.0,0.0,0.837
MPC,2020-01-20,1,2.0,0.0,0.0,0.837
PPOLag,2020-01-20,1,2.0,0.00491128904214635,0.58677288436635,0.837
EDF,2020-01-20,8,0.5,0.0,0.0,7.32
LLF,2020-01-20,8,0.5,0.0,0.0,7.32
MPC,2020-01-20,8,0.5,0.0,0.0,7.32
PPOLag,2020-01-20,8,0.5,-0.0002725718462896154,-0.0037236591023171507,7.32
EDF,2020-01-20,8,1.0,0.0,0.0,7.32
LLF,2020-01-20,8,1.0,0.0,0.0,7.32
MPC,2020-01-20,8,1.0,0.0,0.0,7.32
PPOLag,2020-01-20,8,1.0,0.0011224136194819324,0.015333519391829675,7.32
EDF,2020-01-20,8,2.0,0.0,0.0,7.32
LLF,2020-01-20,8,2.0,0.0,0.0,7.32
MPC,2020-01-20,8,2.0,1.7763568394002505e-15,2.4267169937161892e-14,7.32
PPOLag,2020-01-20,8,2.0,0.0013790826324305173,0.01883992667254805,7.32
EDF,2020-01-20,5,0.5,0.0,0.0,0.846
LLF,2020-01-20,5,0.5,0.0,0.0,0.846
MPC,2020-01-20,5,0.5,0.0,0.0,0.846
PPOLag,2020-01-20,5,0.5,0.0034364915447492317,0.40620467432024016,0.846
EDF,2020-01-20,5,1.0,0.0,0.0,0.846
LLF,2020-01-20,5,1.0,0.0,0.0,0.846
MPC,2020-01-20,5,1.0,0.0,0.0,0.846
PPOLag,2020-01-20,5,1.0,0.0050777433981464394,0.6002060754310212,0.846
EDF,2020-01-20,5,2.0,0.0,0.0,0.846
LLF,2020-01-20,5,2.0,0.0,0.0,0.846
MPC,2020-01-20,5,2.0,0.0,0.0,0.846
PPOLag,2020-01-20,5,2.0,0.006791012634237292,0.8027201695315949,0.846
EDF,2020-01-21,6,0.5,0.0,0.0,15.858
LLF,2020-01-21,6,0.5,2.546000000000003,16.054988018665675,15.858
MPC,2020-01-21,6,0.5,1.6639999999999997,10.493126497666792,15.858
PPOLag,2020-01-21,6,0.5,0.16556025477321085,1.044017245385363,15.858
EDF,2020-01-21,6,1.0,-1.7763568394002505e-15,-1.1201644844244232e-14,15.858
LLF,2020-01-21,6,1.0,2.546000000000003,16.054988018665675,15.858
MPC,2020-01-21,6,1.0,3.1617499999999996,19.9378862403834,15.858
PPOLag,2020-01-21,6,1.0,0.1701472465028342,1.0729426567211133,15.858
EDF,2020-01-21,6,2.0,-1.7763568394002505e-15,-1.1201644844244232e-14,15.858
LLF,2020-01-21,6,2.0,2.5460000000000047,16.054988018665686,15.858
MPC,2020-01-21,6,2.0,4.542500000000002,28.64484802623283,15.858
PPOLag,2020-01-21,6,2.0,0.17007135393819794,1.0724640808311132,15.858
EDF,2020-01-21,23,0.5,0.14700000000000557,0.9720293592541531,15.123
LLF,2020-01-21,23,0.5,1.6639999999999997,11.003107848971764,15.123
MPC,2020-01-21,23,0.5,0.14700000000000024,0.9720293592541179,15.123
PPOLag,2020-01-21,23,0.5,2.3906868550035965,15.808284434329142,15.123
EDF,2020-01-21,23,1.0,0.14700000000000202,0.9720293592541296,15.123
LLF,2020-01-21,23,1.0,1.9772500000000015,13.07445612642995,15.123
MPC,2020-01-21,23,1.0,0.14700000000000202,0.9720293592541296,15.123
PPOLag,2020-01-21,23,1.0,2.7982181863132647,18.50306279384556,15.123
EDF,2020-01-21,23,2.0,0.1470000000000038,0.9720293592541414,15.123
LLF,2020-01-21,23,2.0,1.9772500000000015,13.07445612642995,15.123
MPC,2020-01-21,23,2.0,0.14700000000000024,0.9720293592541179,15.123
PPOLag,2020-01-21,23,2.0,2.8116581150682443,18.591933578445047,15.123
EDF,2020-01-21,30,0.5,0.0,0.0,17.918
LLF,2020-01-21,30,0.5,0.0,0.0,17.918
MPC,2020-01-21,30,0.5,2.269249999999996,12.664638910592679,17.918
PPOLag,2020-01-21,30,0.5,0.2069931286011645,1.1552245150193354,17.918
EDF,2020-01-21,30,1.0,0.0,0.0,17.918
LLF,2020-01-21,30,1.0,0.0,0.0,17.918
MPC,2020-01-21,30,1.0,2.2692499999999924,12.66463891059266,17.918
PPOLag,2020-01-21,30,1.0,0.2568602215977222,1.43353176469317,17.918
EDF,2020-01-21,30,2.0,0.0,0.0,17.918
LLF,2020-01-21,30,2.0,0.0,0.0,17.918
MPC,2020-01-21,30,2.0,2.269249999999996,12.664638910592679,17.918
PPOLag,2020-01-21,30,2.0,0.2672175226051309,1.4913356546775915,17.918
EDF,2020-01-21,22,0.5,9.659000000000006,19.044896188654704,50.717
LLF,2020-01-21,22,0.5,1.8302499999999995,3.6087505175779317,50.717
MPC,2020-01-21,22,0.5,1.4619999999999749,2.882662618057012,50.717
PPOLag,2020-01-21,22,0.5,0.4163534168369253,0.8209346310643874,50.717
EDF,2020-01-21,22,1.0,26.45900000000001,52.16988386537061,50.717
LLF,2020-01-21,22,1.0,1.8302499999999995,3.6087505175779317,50.717
MPC,2020-01-21,22,1.0,1.4619999999999749,2.882662618057012,50.717
PPOLag,2020-01-21,22,1.0,0.5593078529780229,1.1028015319873472,50.717
EDF,2020-01-21,22,2.0,34.07699999999999,67.19048839639566,50.717
LLF,2020-01-21,22,2.0,1.8302499999999995,3.6087505175779317,50.717
MPC,2020-01-21,22,2.0,1.4619999999999749,2.882662618057012,50.717
PPOLag,2020-01-21,22,2.0,0.6413975292133287,1.2646598363730674,50.717
EDF,2020-01-21,9,0.5,0.0,0.0,11.175
LLF,2020-01-21,9,0.5,-1.7763568394002505e-15,-1.589581064340269e-14,11.175
MPC,2020-01-21,9,0.5,1.1910000000000007,10.657718120805376,11.175
PPOLag,2020-01-21,9,0.5,0.07553780882813577,0.6759535465604991,11.175
EDF,2020-01-21,9,1.0,0.0,0.0,11.175
LLF,2020-01-21,9,1.0,0.0,0.0,11.175
MPC,2020-01-21,9,1.0,1.1910000000000007,10.657718120805376,11.175
PPOLag,2020-01-21,9,1.0,0.08203116493836049,0.7340596415065815,11.175
EDF,2020-01-21,9,2.0,0.0,0.0,11.175
LLF,2020-01-21,9,2.0,-1.7763568394002505e-15,-1.589581064340269e-14,11.175
MPC,2020-01-21,9,2.0,1.1910000000000025,10.657718120805391,11.175
PPOLag,2020-01-21,9,2.0,0.08359822948505986,0.7480825904703343,11.175
EDF,2020-01-22,14,0.5,8.881784197001252e-16,1.464915750783647e-14,6.063
LLF,2020-01-22,14,0.5,0.0,0.0,6.063
MPC,2020-01-22,14,0.5,8.881784197001252e-16,1.464915750783647e-14,6.063
PPOLag,2020-01-22,14,0.5,0.0034606045434660616,0.0570774293825839,6.063
EDF,2020-01-22,14,1.0,8.881784197001252e-16,1.464915750783647e-14,6.063
LLF,2020-01-22,14,1.0,-8.881784197001252e-16,-1.464915750783647e-14,6.063
MPC,2020-01-22,14,1.0,0.0,0.0,6.063
PPOLag,2020-01-22,14,1.0,0.005112003660263831,0.08431475606570725,6.063
EDF,2020-01-22,14,2.0,8.881784197001252e-16,1.464915750783647e-14,6.063
LLF,2020-01-22,14,2.0,0.0,0.0,6.063
MPC,2020-01-22,14,2.0,0.0,0.0,6.063
PPOLag,2020-01-22,14,2.0,0.006580915321728398,0.10854222862821043,6.063
EDF,2020-01-22,8,0.5,-8.881784197001252e-16,-2.3527905157619212e-14,3.775
LLF,2020-01-22,8,0.5,0.0,0.0,3.775
MPC,2020-01-22,8,0.5,0.0,0.0,3.775
PPOLag,2020-01-22,8,0.5,0.003127069289578266,0.0828362725716097,3.775
EDF,2020-01-22,8,1.0,-8.881784197001252e-16,-2.3527905157619212e-14,3.775
LLF,2020-01-22,8,1.0,4.440892098500626e-16,1.1763952578809606e-14,3.775
MPC,2020-01-22,8,1.0,0.0,0.0,3.775
PPOLag,2020-01-22,8,1.0,0.004880736153994025,0.1292910239468616,3.775
EDF,2020-01-22,8,2.0,-8.881784197001252e-16,-2.3527905157619212e-14,3.775
LLF,2020-01-22,8,2.0,-4.440892098500626e-16,-1.1763952578809606e-14,3.775
MPC,2020-01-22,8,2.0,0.0,0.0,3.775
PPOLag,2020-01-22,8,2.0,0.006432319875207604,0.17039257947569814,3.775
EDF,2020-01-22,22,0.5,0.0,0.0,11.319
LLF,2020-01-22,22,0.5,-1.7763568394002505e-15,-1.569358458697986e-14,11.319
MPC,2020-01-22,22,0.5,0.0,0.0,11.319
PPOLag,2020-01-22,22,0.5,0.002150793301277787,0.01900161941229602,11.319
EDF,2020-01-22,22,1.0,1.7763568394002505e-15,1.569358458697986e-14,11.319
LLF,2020-01-22,22,1.0,1.7763568394002505e-15,1.569358458697986e-14,11.319
MPC,2020-01-22,22,1.0,-1.7763568394002505e-15,-1.569358458697986e-14,11.319
PPOLag,2020-01-22,22,1.0,0.0013190614985276738,0.011653516198671911,11.319
EDF,2020-01-22,22,2.0,0.0,0.0,11.319
LLF,2020-01-22,22,2.0,0.0,0.0,11.319
MPC,2020-01-22,22,2.0,0.0,0.0,11.319
PPOLag,2020-01-22,22,2.0,0.0019877137833713477,0.01756086035313497,11.319
EDF,2020-01-22,0,0.5,0.0,0.0,0.838
LLF,2020-01-22,0,0.5,0.0,0.0,0.838
MPC,2020-01-22,0,0.5,0.0,0.0,0.838
PPOLag,2020-01-22,0,0.5,-0.00038258152873122954,-0.04565412037365508,0.838
EDF,2020-01-22,0,1.0,0.0,0.0,0.838
LLF,2020-01-22,0,1.0,0.0,0.0,0.838
MPC,2020-01-22,0,1.0,0.0,0.0,0.838
PPOLag,2020-01-22,0,1.0,-0.000548095573014984,-0.06540519964379284,0.838
EDF,2020-01-22,0,2.0,0.0,0.0,0.838
LLF,2020-01-22,0,2.0,0.0,0.0,0.838
MPC,2020-01-22,0,2.0,0.0,0.0,0.838
PPOLag,2020-01-22,0,2.0,-0.0007825681025054543,-0.09338521509611628,0.838
EDF,2020-01-22,27,0.5,0.0,0.0,21.269
LLF,2020-01-22,27,0.5,0.0,0.0,21.269
MPC,2020-01-22,27,0.5,-3.552713678800501e-15,-1.6703717517516108e-14,21.269
PPOLag,2020-01-22,27,0.5,0.006743889659419011,0.03170760101283093,21.269
EDF,2020-01-22,27,1.0,0.0,0.0,21.269
LLF,2020-01-22,27,1.0,0.0,0.0,21.269
MPC,2020-01-22,27,1.0,-3.552713678800501e-15,-1.6703717517516108e-14,21.269
PPOLag,2020-01-22,27,1.0,0.008134108184519562,0.03824396156151941,21.269
EDF,2020-01-22,27,2.0,0.0,0.0,21.269
LLF,2020-01-22,27,2.0,0.0,0.0,21.269
MPC,2020-01-22,27,2.0,-3.552713678800501e-15,-1.6703717517516108e-14,21.269
PPOLag,2020-01-22,27,2.0,0.008915125313766481,0.041916053005625474,21.269
EDF,2020-01-23,12,0.5,0.0,0.0,5.303
LLF,2020-01-23,12,0.5,0.0,0.0,5.303
MPC,2020-01-23,12,0.5,0.0,0.0,5.303
PPOLag,2020-01-23,12,0.5,0.0020492209265382754,0.038642672572850756,5.303
EDF,2020-01-23,12,1.0,0.0,0.0,5.303
LLF,2020-01-23,12,1.0,-8.881784197001252e-16,-1.6748603049219787e-14,5.303
MPC,2020-01-23,12,1.0,0.0,0.0,5.303
PPOLag,2020-01-23,12,1.0,0.0039912851132370974,0.07526466364769183,5.303
EDF,2020-01-23,12,2.0,8.881784197001252e-16,1.6748603049219787e-14,5.303
LLF,2020-01-23,12,2.0,0.0,0.0,5.303
MPC,2020-01-23,12,2.0,0.0,0.0,5.303
PPOLag,2020-01-23,12,2.0,0.005139211178986969,0.09691139315457228,5.303
EDF,2020-01-23,27,0.5,0.0,0.0,4.778
LLF,2020-01-23,27,0.5,0.0,0.0,4.778
MPC,2020-01-23,27,0.5,0.0,0.0,4.778
PPOLag,2020-01-23,27,0.5,0.004032632885520115,0.08440001853327994,4.778
EDF,2020-01-23,27,1.0,0.0,0.0,4.778
LLF,2020-01-23,27,1.0,0.0,0.0,4.778
MPC,2020-01-23,27,1.0,0.0,0.0,4.778
PPOLag,2020-01-23,27,1.0,0.005981584845237897,0.12519013907990578,4.778
EDF,2020-01-23,27,2.0,0.0,0.0,4.778
LLF,2020-01-23,27,2.0,0.0,0.0,4.778
MPC,2020-01-23,27,2.0,0.0,0.0,4.778
PPOLag,2020-01-23,27,2.0,0.006871381845807889,0.1438129310549998,4.778
EDF,2020-01-23,1,0.5,-8.881784197001252e-16,-1.4882346174599953e-14,5.968
LLF,2020-01-23,1,0.5,8.881784197001252e-16,1.4882346174599953e-14,5.968
MPC,2020-01-23,1,0.5,0.0,0.0,5.968
PPOLag,2020-01-23,1,0.5,0.0028293639960747185,0.047408914143343146,5.968
EDF,2020-01-23,1,1.0,-8.881784197001252e-16,-1.4882346174599953e-14,5.968
LLF,2020-01-23,1,1.0,8.881784197001252e-16,1.4882346174599953e-14,5.968
MPC,2020-01-23,1,1.0,0.0,0.0,5.968
PPOLag,2020-01-23,1,1.0,0.004376283473989062,0.07332914668212234,5.968
EDF,2020-01-23,1,2.0,-8.881784197001252e-16,-1.4882346174599953e-14,5.968
LLF,2020-01-23,1,2.0,8.881784197001252e-16,1.4882346174599953e-14,5.968
MPC,2020-01-23,1,2.0,8.881784197001252e-16,1.4882346174599953e-14,5.968
PPOLag,2020-01-23,1,2.0,0.006634775252323521,0.11117250757914747,5.968
EDF,2020-01-23,7,0.5,0.0,0.0,0.949
LLF,2020-01-23,7,0.5,0.0,0.0,0.949
MPC,2020-01-23,7,0.5,0.0,0.0,0.949
PPOLag,2020-01-23,7,0.5,0.0025421940202417837,0.2678813509211574,0.949
EDF,2020-01-23,7,1.0,0.0,0.0,0.949
LLF,2020-01-23,7,1.0,0.0,0.0,0.949
MPC,2020-01-23,7,1.0,0.0,0.0,0.949
PPOLag,2020-01-23,7,1.0,0.003579580870733956,0.3771950337970449,0.949
EDF,2020-01-23,7,2.0,0.0,0.0,0.949
LLF,2020-01-23,7,2.0,0.0,0.0,0.949
MPC,2020-01-23,7,2.0,0.0,0.0,0.949
PPOLag,2020-01-23,7,2.0,0.003893315478222026,0.41025452879051905,0.949
EDF,2020-01-23,4,0.5,0.0,0.0,0.868
LLF,2020-01-23,4,0.5,0.0,0.0,0.868
MPC,2020-01-23,4,0.5,0.0,0.0,0.868
PPOLag,2020-01-23,4,0.5,0.0029922230108953675,0.34472615332895934,0.868
EDF,2020-01-23,4,1.0,0.0,0.0,0.868
LLF,2020-01-23,4,1.0,0.0,0.0,0.868
MPC,2020-01-23,4,1.0,0.0,0.0,0.868
PPOLag,2020-01-23,4,1.0,0.004813608542624692,0.5545631961549186,0.868
EDF,2020-01-23,4,2.0,0.0,0.0,0.868
LLF,2020-01-23,4,2.0,0.0,0.0,0.868
MPC,2020-01-23,4,2.0,0.0,0.0,0.868
PPOLag,2020-01-23,4,2.0,0.0068941718381730025,0.794259428360945,0.868
EDF,2020-01-24,26,0.5,8.881784197001252e-16,1.3514583379490646e-14,6.572
LLF,2020-01-24,26,0.5,8.881784197001252e-16,1.3514583379490646e-14,6.572
MPC,2020-01-24,26,0.5,1.1652499999999995,17.73052343274497,6.572
PPOLag,2020-01-24,26,0.5,0.20712337662063884,3.151603417842953,6.572
EDF,2020-01-24,26,1.0,0.0,0.0,6.572
LLF,2020-01-24,26,1.0,8.881784197001252e-16,1.3514583379490646e-14,6.572
MPC,2020-01-24,26,1.0,2.9955,45.57973219720024,6.572
PPOLag,2020-01-24,26,1.0,0.21398088204515897,3.25594768784478,6.572
EDF,2020-01-24,26,2.0,0.0,0.0,6.572
LLF,2020-01-24,26,2.0,8.881784197001252e-16,1.3514583379490646e-14,6.572
MPC,2020-01-24,26,2.0,2.9955000000000007,45.57973219720025,6.572
PPOLag,2020-01-24,26,2.0,0.22534831489690638,3.428915321011966,6.572
EDF,2020-01-24,28,0.5,-1.1102230246251565e-16,-1.3843179858169033e-14,0.802
LLF,2020-01-24,28,0.5,0.0,0.0,0.802
MPC,2020-01-24,28,0.5,0.0,0.0,0.802
PPOLag,2020-01-24,28,0.5,0.17258962540367725,21.519903416917366,0.802
EDF,2020-01-24,28,1.0,0.0,0.0,0.802
LLF,2020-01-24,28,1.0,-1.1102230246251565e-16,-1.3843179858169033e-14,0.802
MPC,2020-01-24,28,1.0,-1.1102230246251565e-16,-1.3843179858169033e-14,0.802
PPOLag,2020-01-24,28,1.0,0.23457804518145003,29.24913281564215,0.802
EDF,2020-01-24,28,2.0,0.0,0.0,0.802
LLF,2020-01-24,28,2.0,0.0,0.0,0.802
MPC,2020-01-24,28,2.0,-1.1102230246251565e-16,-1.3843179858169033e-14,0.802
PPOLag,2020-01-24,28,2.0,0.29246617352896953,36.467103931292954,0.802
EDF,2020-01-24,2,0.5,0.0,0.0,7.026
LLF,2020-01-24,2,0.5,0.0,0.0,7.026
MPC,2020-01-24,2,0.5,0.0,0.0,7.026
PPOLag,2020-01-24,2,0.5,0.0034472510843325923,0.0490642055840107,7.026
EDF,2020-01-24,2,1.0,0.0,0.0,7.026
LLF,2020-01-24,2,1.0,0.0,0.0,7.026
MPC,2020-01-24,2,1.0,0.0,0.0,7.026
PPOLag,2020-01-24,2,1.0,0.008126692229134137,0.11566598675112635,7.026
EDF,2020-01-24,2,2.0,0.0,0.0,7.026
LLF,2020-01-24,2,2.0,0.0,0.0,7.026
MPC,2020-01-24,2,2.0,0.0,0.0,7.026
PPOLag,2020-01-24,2,2.0,0.013617145871443626,0.19381078667013416,7.026
EDF,2020-01-24,4,0.5,0.0,0.0,0.848
LLF,2020-01-24,4,0.5,0.0,0.0,0.848
MPC,2020-01-24,4,0.5,0.0,0.0,0.848
PPOLag,2020-01-24,4,0.5,0.0021606446823923876,0.2547930049991023,0.848
EDF,2020-01-24,4,1.0,0.0,0.0,0.848
LLF,2020-01-24,4,1.0,0.0,0.0,0.848
MPC,2020-01-24,4,1.0,0.0,0.0,0.848
PPOLag,2020-01-24,4,1.0,0.002657497391193364,0.31338412631997226,0.848
EDF,2020-01-24,4,2.0,0.0,0.0,0.848
LLF,2020-01-24,4,2.0,0.0,0.0,0.848
MPC,2020-01-24,4,2.0,0.0,0.0,0.848
PPOLag,2020-01-24,4,2.0,0.003240862411158396,0.3821771711271694,0.848
EDF,2020-01-24,8,0.5,-8.881784197001252e-16,-1.8103922130047397e-14,4.906
LLF,2020-01-24,8,0.5,8.881784197001252e-16,1.8103922130047397e-14,4.906
MPC,2020-01-24,8,0.5,0.32824999999997306,6.690786791683103,4.906
PPOLag,2020-01-24,8,0.5,0.14561168347273307,2.968032683912211,4.906
EDF,2020-01-24,8,1.0,0.0,0.0,4.906
LLF,2020-01-24,8,1.0,0.0,0.0,4.906
MPC,2020-01-24,8,1.0,0.32824999999997306,6.690786791683103,4.906
PPOLag,2020-01-24,8,1.0,0.3280310655472391,6.686324206017919,4.906
EDF,2020-01-24,8,2.0,0.0,0.0,4.906
LLF,2020-01-24,8,2.0,8.881784197001252e-16,1.8103922130047397e-14,4.906
MPC,2020-01-24,8,2.0,0.3282499999999722,6.690786791683086,4.906
PPOLag,2020-01-24,8,2.0,0.5463397462501502,11.136154632086226,4.906
EDF,2020-01-27,4,0.5,-8.881784197001252e-16,-1.1497455271199033e-14,7.725
LLF,2020-01-27,4,0.5,3.4942499999999987,45.23300970873785,7.725
MPC,2020-01-27,4,0.5,-0.16625,-2.1521035598705502,7.725
PPOLag,2020-01-27,4,0.5,1.1049501588192225,14.303561926462427,7.725
EDF,2020-01-27,4,1.0,0.0,0.0,7.725
LLF,2020-01-27,4,1.0,4.56325,59.07119741100324,7.725
MPC,2020-01-27,4,1.0,2.82925,36.62459546925567,7.725
PPOLag,2020-01-27,4,1.0,1.420366187498507,18.38661731389653,7.725
EDF,2020-01-27,4,2.0,0.0,0.0,7.725
LLF,2020-01-27,4,2.0,4.56325,59.07119741100324,7.725
MPC,2020-01-27,4,2.0,6.061,78.45954692556634,7.725
PPOLag,2020-01-27,4,2.0,1.7236215538378858,22.312253124115024,7.725
EDF,2020-01-27,7,0.5,0.0,0.0,1.314
LLF,2020-01-27,7,0.5,1.314,100.0,1.314
MPC,2020-01-27,7,0.5,-0.02149999999999852,-1.63622526636214,1.314
PPOLag,2020-01-27,7,0.5,0.36510866723128793,27.786047734496798,1.314
EDF,2020-01-27,7,1.0,0.0,0.0,1.314
LLF,2020-01-27,7,1.0,1.314,100.0,1.314
MPC,2020-01-27,7,1.0,1.0322500000000012,78.55783866057848,1.314
PPOLag,2020-01-27,7,1.0,0.6952391709453591,52.91013477514148,1.314
EDF,2020-01-27,7,2.0,0.0,0.0,1.314
LLF,2020-01-27,7,2.0,1.314,100.0,1.314
MPC,2020-01-27,7,2.0,1.0322500000000012,78.55783866057848,1.314
PPOLag,2020-01-27,7,2.0,0.8736823339519688,66.49028416681651,1.314
EDF,2020-01-27,22,0.5,0.0,0.0,2.108
LLF,2020-01-27,22,0.5,0.4440000000000002,21.062618595825434,2.108
MPC,2020-01-27,22,0.5,0.0,0.0,2.108
PPOLag,2020-01-27,22,0.5,0.3492570246342922,16.568170049065095,2.108
EDF,2020-01-27,22,1.0,0.0,0.0,2.108
LLF,2020-01-27,22,1.0,0.4440000000000002,21.062618595825434,2.108
MPC,2020-01-27,22,1.0,0.0,0.0,2.108
PPOLag,2020-01-27,22,1.0,0.4585349556899758,21.752132622864128,2.108
EDF,2020-01-27,22,2.0,0.0,0.0,2.108
LLF,2020-01-27,22,2.0,0.4440000000000002,21.062618595825434,2.108
MPC,2020-01-27,22,2.0,0.0,0.0,2.108
PPOLag,2020-01-27,22,2.0,0.5460621041044375,25.904274388256045,2.108
EDF,2020-01-27,19,0.5,0.0,0.0,1.6860005555555557
LLF,2020-01-27,19,0.5,0.0,0.0,1.6860005555555557
MPC,2020-01-27,19,0.5,0.0,0.0,1.6860005555555557
PPOLag,2020-01-27,19,0.5,0.005529609667356228,0.3279719955687773,1.6860005555555557
EDF,2020-01-27,19,1.0,0.0,0.0,1.6860005555555557
LLF,2020-01-27,19,1.0,0.0,0.0,1.6860005555555557
MPC,2020-01-27,19,1.0,0.0,0.0,1.6860005555555557
PPOLag,2020-01-27,19,1.0,0.006433983322907633,0.3816121709869523,1.6860005555555557
EDF,2020-01-27,19,2.0,0.0,0.0,1.6860005555555557
LLF,2020-01-27,19,2.0,0.0,0.0,1.6860005555555557
MPC,2020-01-27,19,2.0,0.0,0.0,1.6860005555555557
PPOLag,2020-01-27,19,2.0,0.0066236142967932565,0.39285955600475486,1.6860005555555557
EDF,2020-01-27,6,0.5,0.0,0.0,12.735
LLF,2020-01-27,6,0.5,0.0,0.0,12.735
MPC,2020-01-27,6,0.5,1.9182500000000005,15.062819002748336,12.735
PPOLag,2020-01-27,6,0.5,0.013013486902082505,0.1021867836834119,12.735
EDF,2020-01-27,6,1.0,0.0,0.0,12.735
LLF,2020-01-27,6,1.0,1.7763568394002505e-15,1.3948620647037695e-14,12.735
MPC,2020-01-27,6,1.0,1.9182500000000005,15.062819002748336,12.735
PPOLag,2020-01-27,6,1.0,0.014683075586701478,0.11529702070436967,12.735
EDF,2020-01-27,6,2.0,0.0,0.0,12.735
LLF,2020-01-27,6,2.0,0.0,0.0,12.735
MPC,2020-01-27,6,2.0,1.9182500000000005,15.062819002748336,12.735
PPOLag,2020-01-27,6,2.0,0.010039604482872732,0.07883474270021777,12.735
EDF,2020-01-28,17,0.5,4.440892098500626e-16,1.1785807055468753e-14,3.768
LLF,2020-01-28,17,0.5,2.104,55.83864118895966,3.768
MPC,2020-01-28,17,0.5,0.0,0.0,3.768
PPOLag,2020-01-28,17,0.5,0.7119512639471486,18.894672610062333,3.768
EDF,2020-01-28,17,1.0,4.440892098500626e-16,1.1785807055468753e-14,3.768
LLF,2020-01-28,17,1.0,2.104,55.83864118895966,3.768
MPC,2020-01-28,17,1.0,0.0,0.0,3.768
PPOLag,2020-01-28,17,1.0,0.8026793521643238,21.30253057760945,3.768
EDF,2020-01-28,17,2.0,4.440892098500626e-16,1.1785807055468753e-14,3.768
LLF,2020-01-28,17,2.0,2.104,55.83864118895966,3.768
MPC,2020-01-28,17,2.0,0.0,0.0,3.768
PPOLag,2020-01-28,17,2.0,1.5216339287472271,40.38306604955486,3.768
EDF,2020-01-28,22,0.5,0.0,0.0,11.224
LLF,2020-01-28,22,0.5,2.829250000000002,25.2071454027085,11.224
MPC,2020-01-28,22,0.5,0.691749999999999,6.163132573057724,11.224
PPOLag,2020-01-28,22,0.5,2.139084294219413,19.058128066815865,11.224
EDF,2020-01-28,22,1.0,0.0,0.0,11.224
LLF,2020-01-28,22,1.0,2.9955000000000016,26.68834640057022,11.224
MPC,2020-01-28,22,1.0,0.691749999999999,6.163132573057724,11.224
PPOLag,2020-01-28,22,1.0,2.74851768782894,24.487862507385426,11.224
EDF,2020-01-28,22,2.0,0.0,0.0,11.224
LLF,2020-01-28,22,2.0,3.0702500000000015,27.354330007127597,11.224
MPC,2020-01-28,22,2.0,0.691749999999999,6.163132573057724,11.224
PPOLag,2020-01-28,22,2.0,2.831419823680587,25.226477402713716,11.224
EDF,2020-01-28,16,0.5,8.881784197001252e-16,1.3384243817060356e-14,6.636
LLF,2020-01-28,16,0.5,0.0,0.0,6.636
MPC,2020-01-28,16,0.5,0.8807499999999431,13.272302591921987,6.636
PPOLag,2020-01-28,16,0.5,1.161988219827264,17.510371004027483,6.636
EDF,2020-01-28,16,1.0,8.881784197001252e-16,1.3384243817060356e-14,6.636
LLF,2020-01-28,16,1.0,0.0,0.0,6.636
MPC,2020-01-28,16,1.0,0.8807499999999422,13.272302591921974,6.636
PPOLag,2020-01-28,16,1.0,1.4373250177150234,21.659509007158277,6.636
EDF,2020-01-28,16,2.0,8.881784197001252e-16,1.3384243817060356e-14,6.636
LLF,2020-01-28,16,2.0,0.0,0.0,6.636
MPC,2020-01-28,16,2.0,0.8807499999999422,13.272302591921974,6.636
PPOLag,2020-01-28,16,2.0,1.9642115728360694,29.599330512900384,6.636
EDF,2020-01-28,21,0.5,-1.7763568394002505e-15,-1.4887335227960528e-14,11.932
LLF,2020-01-28,21,0.5,-1.7763568394002505e-15,-1.4887335227960528e-14,11.932
MPC,2020-01-28,21,0.5,0.0,0.0,11.932
PPOLag,2020-01-28,21,0.5,0.7573530051026968,6.34724275144734,11.932
EDF,2020-01-28,21,1.0,-1.7763568394002505e-15,-1.4887335227960528e-14,11.932
LLF,2020-01-28,21,1.0,0.0,0.0,11.932
MPC,2020-01-28,21,1.0,-1.7763568394002505e-15,-1.4887335227960528e-14,11.932
PPOLag,2020-01-28,21,1.0,0.9464397680679191,7.931945759871934,11.932
EDF,2020-01-28,21,2.0,-1.7763568394002505e-15,-1.4887335227960528e-14,11.932
LLF,2020-01-28,21,2.0,-1.7763568394002505e-15,-1.4887335227960528e-14,11.932
MPC,2020-01-28,21,2.0,0.0,0.0,11.932
PPOLag,2020-01-28,21,2.0,0.9931851730904743,8.323710803641251,11.932
EDF,2020-01-28,4,0.5,0.0,0.0,12.864
LLF,2020-01-28,4,0.5,-1.7763568394002505e-15,-1.3808744087377568e-14,12.864
MPC,2020-01-28,4,0.5,-1.7763568394002505e-15,-1.3808744087377568e-14,12.864
PPOLag,2020-01-28,4,0.5,0.07071820489450964,0.549737289291897,12.864
EDF,2020-01-28,4,1.0,0.0,0.0,12.864
LLF,2020-01-28,4,1.0,0.0,0.0,12.864
MPC,2020-01-28,4,1.0,-1.7763568394002505e-15,-1.3808744087377568e-14,12.864
PPOLag,2020-01-28,4,1.0,0.07452758870426379,0.5793500365692148,12.864
EDF,2020-01-28,4,2.0,-1.7763568394002505e-15,-1.3808744087377568e-14,12.864
LLF,2020-01-28,4,2.0,-3.552713678800501e-15,-2.7617488174755136e-14,12.864
MPC,2020-01-28,4,2.0,-1.7763568394002505e-15,-1.3808744087377568e-14,12.864
PPOLag,2020-01-28,4,2.0,0.07682640011311684,0.5972201501330598,12.864
EDF,2020-01-29,14,0.5,0.0,0.0,11.838
LLF,2020-01-29,14,0.5,1.7763568394002505e-15,1.500554856732768e-14,11.838
MPC,2020-01-29,14,0.5,1.7763568394002505e-15,1.500554856732768e-14,11.838
PPOLag,2020-01-29,14,0.5,0.004442611484504866,0.03752839571299938,11.838
EDF,2020-01-29,14,1.0,0.0,0.0,11.838
LLF,2020-01-29,14,1.0,0.0,0.0,11.838
MPC,2020-01-29,14,1.0,0.0,0.0,11.838
PPOLag,2020-01-29,14,1.0,0.006373755244745638,0.05384148711560769,11.838
EDF,2020-01-29,14,2.0,0.0,0.0,11.838
LLF,2020-01-29,14,2.0,0.0,0.0,11.838
MPC,2020-01-29,14,2.0,0.0,0.0,11.838
PPOLag,2020-01-29,14,2.0,0.008381593833486889,0.0708024483315331,11.838
EDF,2020-01-29,16,0.5,-4.440892098500626e-16,-1.179519813678785e-14,3.765
LLF,2020-01-29,16,0.5,-8.881784197001252e-16,-2.35903962735757e-14,3.765
MPC,2020-01-29,16,0.5,8.881784197001252e-16,2.35903962735757e-14,3.765
PPOLag,2020-01-29,16,0.5,0.0015568604380681527,0.04135087484908772,3.765
EDF,2020-01-29,16,1.0,-4.440892098500626e-16,-1.179519813678785e-14,3.765
LLF,2020-01-29,16,1.0,-4.440892098500626e-16,-1.179519813678785e-14,3.765
MPC,2020-01-29,16,1.0,0.0,0.0,3.765
PPOLag,2020-01-29,16,1.0,0.002645768869276743,0.07027274553191881,3.765
EDF,2020-01-29,16,2.0,-8.881784197001252e-16,-2.35903962735757e-14,3.765
LLF,2020-01-29,16,2.0,-4.440892098500626e-16,-1.179519813678785e-14,3.765
MPC,2020-01-29,16,2.0,0.0,0.0,3.765
PPOLag,2020-01-29,16,2.0,0.002524826213778031,0.06706045720525979,3.765
EDF,2020-01-29,11,0.5,0.0,0.0,8.498
LLF,2020-01-29,11,0.5,0.0,0.0,8.498
MPC,2020-01-29,11,0.5,1.7763568394002505e-15,2.0903234165688993e-14,8.498
PPOLag,2020-01-29,11,0.5,0.003687596382943781,0.04339369713984209,8.498
EDF,2020-01-29,11,1.0,0.0,0.0,8.498
LLF,2020-01-29,11,1.0,0.0,0.0,8.498
MPC,2020-01-29,11,1.0,0.0,0.0,8.498
PPOLag,2020-01-29,11,1.0,0.005470507775122968,0.06437406183952657,8.498
EDF,2020-01-29,11,2.0,1.7763568394002505e-15,2.0903234165688993e-14,8.498
LLF,2020-01-29,11,2.0,0.0,0.0,8.498
MPC,2020-01-29,11,2.0,0.0,0.0,8.498
PPOLag,2020-01-29,11,2.0,0.006766509977970614,0.07962473497258901,8.498
EDF,2020-01-29,21,0.5,0.0,0.0,12.527
LLF,2020-01-29,21,0.5,0.0,0.0,12.527
MPC,2020-01-29,21,0.5,0.0,0.0,12.527
PPOLag,2020-01-29,21,0.5,0.01727039618008348,0.13786538021939396,12.527
EDF,2020-01-29,21,1.0,-1.7763568394002505e-15,-1.4180225428276927e-14,12.527
LLF,2020-01-29,21,1.0,1.7763568394002505e-15,1.4180225428276927e-14,12.527
MPC,2020-01-29,21,1.0,0.0,0.0,12.527
PPOLag,2020-01-29,21,1.0,0.02008084313296301,0.16030049599236057,12.527
EDF,2020-01-29,21,2.0,-1.7763568394002505e-15,-1.4180225428276927e-14,12.527
LLF,2020-01-29,21,2.0,0.0,0.0,12.527
MPC,2020-01-29,21,2.0,-1.7763568394002505e-15,-1.4180225428276927e-14,12.527
PPOLag,2020-01-29,21,2.0,0.0228657858246887,0.18253201743983954,12.527
EDF,2020-01-29,9,0.5,1.7763568394002505e-15,1.7888789923466772e-14,9.93
LLF,2020-01-29,9,0.5,0.0,0.0,9.93
MPC,2020-01-29,9,0.5,0.0,0.0,9.93
PPOLag,2020-01-29,9,0.5,0.007354973951671085,0.07406821703596259,9.93
EDF,2020-01-29,9,1.0,1.7763568394002505e-15,1.7888789923466772e-14,9.93
LLF,2020-01-29,9,1.0,0.0,0.0,9.93
MPC,2020-01-29,9,1.0,0.0,0.0,9.93
PPOLag,2020-01-29,9,1.0,0.009353132132369168,0.09419065591509737,9.93
EDF,2020-01-29,9,2.0,0.0,0.0,9.93
LLF,2020-01-29,9,2.0,0.0,0.0,9.93
MPC,2020-01-29,9,2.0,1.7763568394002505e-15,1.7888789923466772e-14,9.93
PPOLag,2020-01-29,9,2.0,0.01131199457619907,0.11391736733332396,9.93
EDF,2020-01-30,12,0.5,0.0,0.0,5.017
LLF,2020-01-30,12,0.5,0.0,0.0,5.017
MPC,2020-01-30,12,0.5,0.0,0.0,5.017
PPOLag,2020-01-30,12,0.5,0.0026198079640288086,0.052218615986223,5.017
EDF,2020-01-30,12,1.0,-8.881784197001252e-16,-1.7703376912500003e-14,5.017
LLF,2020-01-30,12,1.0,-8.881784197001252e-16,-1.7703376912500003e-14,5.017
MPC,2020-01-30,12,1.0,8.881784197001252e-16,1.7703376912500003e-14,5.017
PPOLag,2020-01-30,12,1.0,0.004541066487862367,0.09051358357309877,5.017
EDF,2020-01-30,12,2.0,8.881784197001252e-16,1.7703376912500003e-14,5.017
LLF,2020-01-30,12,2.0,-8.881784197001252e-16,-1.7703376912500003e-14,5.017
MPC,2020-01-30,12,2.0,0.0,0.0,5.017
PPOLag,2020-01-30,12,2.0,0.005567391407775624,0.11097052835909156,5.017
EDF,2020-01-30,6,0.5,-1.1102230246251565e-16,-1.2281228148508369e-14,0.904
LLF,2020-01-30,6,0.5,0.0,0.0,0.904
MPC,2020-01-30,6,0.5,0.0,0.0,0.904
PPOLag,2020-01-30,6,0.5,0.004646106421429974,0.5139498253794219,0.904
EDF,2020-01-30,6,1.0,-1.1102230246251565e-16,-1.2281228148508369e-14,0.904
LLF,2020-01-30,6,1.0,0.0,0.0,0.904
MPC,2020-01-30,6,1.0,0.0,0.0,0.904
PPOLag,2020-01-30,6,1.0,0.006717428173899198,0.7430783378207078,0.904
EDF,2020-01-30,6,2.0,-1.1102230246251565e-16,-1.2281228148508369e-14,0.904
LLF,2020-01-30,6,2.0,1.1102230246251565e-16,1.2281228148508369e-14,0.904
MPC,2020-01-30,6,2.0,0.0,0.0,0.904
PPOLag,2020-01-30,6,2.0,0.00878375600439112,0.9716544252645043,0.904
EDF,2020-01-30,20,0.5,0.0,0.0,12.061
LLF,2020-01-30,20,0.5,0.0,0.0,12.061
MPC,2020-01-30,20,0.5,0.0,0.0,12.061
PPOLag,2020-01-30,20,0.5,0.00326976233551477,0.02711020923235859,12.061
EDF,2020-01-30,20,1.0,0.0,0.0,12.061
LLF,2020-01-30,20,1.0,0.0,0.0,12.061
MPC,2020-01-30,20,1.0,1.7763568394002505e-15,1.4728105790566708e-14,12.061
PPOLag,2020-01-30,20,1.0,0.0053284334129863,0.04417903501356687,12.061
EDF,2020-01-30,20,2.0,0.0,0.0,12.061
LLF,2020-01-30,20,2.0,0.0,0.0,12.061
MPC,2020-01-30,20,2.0,0.0,0.0,12.061
PPOLag,2020-01-30,20,2.0,0.006440438288601413,0.053398874791488374,12.061
EDF,2020-01-30,14,0.5,0.0,0.0,7.771
LLF,2020-01-30,14,0.5,0.0,0.0,7.771
MPC,2020-01-30,14,0.5,0.0,0.0,7.771
PPOLag,2020-01-30,14,0.5,0.004928028912013005,0.06341563392115565,7.771
EDF,2020-01-30,14,1.0,0.0,0.0,7.771
LLF,2020-01-30,14,1.0,8.881784197001252e-16,1.14293967275785e-14,7.771
MPC,2020-01-30,14,1.0,0.0,0.0,7.771
PPOLag,2020-01-30,14,1.0,0.0066819314297255515,0.08598547715513513,7.771
EDF,2020-01-30,14,2.0,8.881784197001252e-16,1.14293967275785e-14,7.771
LLF,2020-01-30,14,2.0,1.7763568394002505e-15,2.2858793455157e-14,7.771
MPC,2020-01-30,14,2.0,-8.881784197001252e-16,-1.14293967275785e-14,7.771
PPOLag,2020-01-30,14,2.0,0.0087753776883849,0.11292469036655386,7.771
EDF,2020-01-30,19,0.5,0.0,0.0,2.057
LLF,2020-01-30,19,0.5,0.0,0.0,2.057
MPC,2020-01-30,19,0.5,0.0,0.0,2.057
PPOLag,2020-01-30,19,0.5,0.003655914813715988,0.17773042361283367,2.057
EDF,2020-01-30,19,1.0,0.0,0.0,2.057
LLF,2020-01-30,19,1.0,0.0,0.0,2.057
MPC,2020-01-30,19,1.0,0.0,0.0,2.057
PPOLag,2020-01-30,19,1.0,0.005470626517311406,0.2659517023486342,2.057
EDF,2020-01-30,19,2.0,0.0,0.0,2.057
LLF,2020-01-30,19,2.0,0.0,0.0,2.057
MPC,2020-01-30,19,2.0,0.0,0.0,2.057
PPOLag,2020-01-30,19,2.0,0.007572744443536994,0.3681450871918811,2.057
EDF,2020-01-31,11,0.5,0.0,0.0,5.537
LLF,2020-01-31,11,0.5,0.0,0.0,5.537
MPC,2020-01-31,11,0.5,0.0,0.0,5.537
PPOLag,2020-01-31,11,0.5,-0.0031552631755761952,-0.05698506728510376,5.537
EDF,2020-01-31,11,1.0,0.0,0.0,5.537
LLF,2020-01-31,11,1.0,8.881784197001252e-16,1.604078778580685e-14,5.537
MPC,2020-01-31,11,1.0,0.0,0.0,5.537
PPOLag,2020-01-31,11,1.0,0.003783592426117366,0.06833289554122027,5.537
EDF,2020-01-31,11,2.0,-8.881784197001252e-16,-1.604078778580685e-14,5.537
LLF,2020-01-31,11,2.0,8.881784197001252e-16,1.604078778580685e-14,5.537
MPC,2020-01-31,11,2.0,0.0,0.0,5.537
PPOLag,2020-01-31,11,2.0,0.005234702143013336,0.09454040352200355,5.537
EDF,2020-01-31,25,0.5,0.0,0.0,1.846
LLF,2020-01-31,25,0.5,0.0,0.0,1.846
MPC,2020-01-31,25,0.5,0.0,0.0,1.846
PPOLag,2020-01-31,25,0.5,0.0372771763566321,2.019348665039659,1.846
EDF,2020-01-31,25,1.0,0.0,0.0,1.846
LLF,2020-01-31,25,1.0,0.0,0.0,1.846
MPC,2020-01-31,25,1.0,0.0,0.0,1.846
PPOLag,2020-01-31,25,1.0,0.08601886965463601,4.659743751605417,1.846
EDF,2020-01-31,25,2.0,0.0,0.0,1.846
LLF,2020-01-31,25,2.0,0.0,0.0,1.846
MPC,2020-01-31,25,2.0,0.0,0.0,1.846
PPOLag,2020-01-31,25,2.0,0.1376955782913066,7.459132085119535,1.846
EDF,2020-01-31,18,0.5,0.0,0.0,11.812
LLF,2020-01-31,18,0.5,0.33025000000000304,2.7958855401287086,11.812
MPC,2020-01-31,18,0.5,0.504500000000002,4.271080257365408,11.812
PPOLag,2020-01-31,18,0.5,0.04764383689311984,0.403351142000676,11.812
EDF,2020-01-31,18,1.0,1.7763568394002505e-15,1.503857805113656e-14,11.812
LLF,2020-01-31,18,1.0,0.33025000000000126,2.7958855401286935,11.812
MPC,2020-01-31,18,1.0,0.5045000000000002,4.2710802573653925,11.812
PPOLag,2020-01-31,18,1.0,0.05932504278155406,0.5022438433927705,11.812
EDF,2020-01-31,18,2.0,0.0,0.0,11.812
LLF,2020-01-31,18,2.0,0.33025000000000304,2.7958855401287086,11.812
MPC,2020-01-31,18,2.0,0.5045000000000002,4.2710802573653925,11.812
PPOLag,2020-01-31,18,2.0,0.07012083661325334,0.5936406756963541,11.812
EDF,2020-01-31,1,0.5,0.0,0.0,2.589
LLF,2020-01-31,1,0.5,0.0,0.0,2.589
MPC,2020-01-31,1,0.5,0.0,0.0,2.589
PPOLag,2020-01-31,1,0.5,0.0048047919449967225,0.1855848568944273,2.589
EDF,2020-01-31,1,1.0,0.0,0.0,2.589
LLF,2020-01-31,1,1.0,0.0,0.0,2.589
MPC,2020-01-31,1,1.0,0.0,0.0,2.589
PPOLag,2020-01-31,1,1.0,0.008003450863389184,0.30913290318227826,2.589
EDF,2020-01-31,1,2.0,0.0,0.0,2.589
LLF,2020-01-31,1,2.0,0.0,0.0,2.589
MPC,2020-01-31,1,2.0,0.0,0.0,2.589
PPOLag,2020-01-31,1,2.0,0.05078185508832833,1.9614467009783056,2.589
EDF,2020-01-31,28,0.5,0.0,0.0,6.524
LLF,2020-01-31,28,0.5,0.0,0.0,6.524
MPC,2020-01-31,28,0.5,8.881784197001252e-16,1.361401624310431e-14,6.524
PPOLag,2020-01-31,28,0.5,0.0014678559084957854,0.022499324164558326,6.524
EDF,2020-01-31,28,1.0,8.881784197001252e-16,1.361401624310431e-14,6.524
LLF,2020-01-31,28,1.0,0.0,0.0,6.524
MPC,2020-01-31,28,1.0,0.0,0.0,6.524
PPOLag,2020-01-31,28,1.0,0.00210859099848939,0.03232052419511634,6.524
EDF,2020-01-31,28,2.0,0.0,0.0,6.524
LLF,2020-01-31,28,2.0,0.0,0.0,6.524
MPC,2020-01-31,28,2.0,-8.881784197001252e-16,-1.361401624310431e-14,6.524
PPOLag,2020-01-31,28,2.0,0.0023734963688102793,0.03638099890880257,6.524
EDF,2020-02-03,7,0.5,0.0,0.0,4.436
LLF,2020-02-03,7,0.5,0.0,0.0,4.436
MPC,2020-02-03,7,0.5,0.0,0.0,4.436
PPOLag,2020-02-03,7,0.5,0.0029008309887304405,0.0653929438397304,4.436
EDF,2020-02-03,7,1.0,0.0,0.0,4.436
LLF,2020-02-03,7,1.0,0.0,0.0,4.436
MPC,2020-02-03,7,1.0,-8.881784197001252e-16,-2.0022056350318422e-14,4.436
PPOLag,2020-02-03,7,1.0,0.003640047674451097,0.08205698093893365,4.436
EDF,2020-02-03,7,2.0,0.0,0.0,4.436
LLF,2020-02-03,7,2.0,0.0,0.0,4.436
MPC,2020-02-03,7,2.0,0.0,0.0,4.436
PPOLag,2020-02-03,7,2.0,0.005693692909161996,0.12835195917858425,4.436
EDF,2020-02-03,17,0.5,0.0,0.0,4.446
LLF,2020-02-03,17,0.5,1.1180000000000003,25.146198830409368,4.446
MPC,2020-02-03,17,0.5,1.1179999999999999,25.146198830409354,4.446
PPOLag,2020-02-03,17,0.5,0.8304967130848976,18.67963817105033,4.446
EDF,2020-02-03,17,1.0,0.0,0.0,4.446
LLF,2020-02-03,17,1.0,1.1180000000000003,25.146198830409368,4.446
MPC,2020-02-03,17,1.0,1.1179999999999999,25.146198830409354,4.446
PPOLag,2020-02-03,17,1.0,1.3052532508207353,29.357922870461884,4.446
EDF,2020-02-03,17,2.0,0.0,0.0,4.446
LLF,2020-02-03,17,2.0,1.1180000000000003,25.146198830409368,4.446
MPC,2020-02-03,17,2.0,1.1179999999999999,25.146198830409354,4.446
PPOLag,2020-02-03,17,2.0,1.5485416170986137,34.829995886158656,4.446
EDF,2020-02-03,9,0.5,0.0,0.0,6.219
LLF,2020-02-03,9,0.5,0.9892499999999993,15.906898215147118,6.219
MPC,2020-02-03,9,0.5,0.3797499999999996,6.106287184434789,6.219
PPOLag,2020-02-03,9,0.5,0.9354834735251647,15.042345610631363,6.219
EDF,2020-02-03,9,1.0,-8.881784197001252e-16,-1.4281691907061026e-14,6.219
LLF,2020-02-03,9,1.0,0.9892500000000002,15.90689821514713,6.219
MPC,2020-02-03,9,1.0,0.3797499999999996,6.106287184434789,6.219
PPOLag,2020-02-03,9,1.0,1.2338718388638226,19.840357595494815,6.219
EDF,2020-02-03,9,2.0,0.0,0.0,6.219
LLF,2020-02-03,9,2.0,0.9892500000000002,15.90689821514713,6.219
MPC,2020-02-03,9,2.0,0.3797499999999996,6.106287184434789,6.219
PPOLag,2020-02-03,9,2.0,1.3356937992127862,21.47762983136817,6.219
EDF,2020-02-03,25,0.5,6.0595,19.088045361474247,31.745
LLF,2020-02-03,25,0.5,2.5134999999999934,7.917782327925637,31.745
MPC,2020-02-03,25,0.5,0.3857500000000158,1.215151992439804,31.745
PPOLag,2020-02-03,25,0.5,1.7874164407962603,5.630544781213609,31.745
EDF,2020-02-03,25,1.0,12.384499999999996,39.012442904394376,31.745
LLF,2020-02-03,25,1.0,3.034749999999981,9.5597731926287,31.745
MPC,2020-02-03,25,1.0,0.38575000000001225,1.2151519924397929,31.745
PPOLag,2020-02-03,25,1.0,2.165381654968008,6.821173901301018,31.745
EDF,2020-02-03,25,2.0,12.384499999999996,39.012442904394376,31.745
LLF,2020-02-03,25,2.0,3.0347499999999883,9.559773192628723,31.745
MPC,2020-02-03,25,2.0,0.3857500000000087,1.2151519924397816,31.745
PPOLag,2020-02-03,25,2.0,2.572756753490985,8.104447168029562,31.745
EDF,2020-02-03,11,0.5,0.5687500000000014,4.137868315751192,13.745
LLF,2020-02-03,11,0.5,1.6700000000000035,12.149872680974925,13.745
MPC,2020-02-03,11,0.5,1.6120000000000019,11.72790105492908,13.745
PPOLag,2020-02-03,11,0.5,2.4993523554183996,18.1837203013343,13.745
EDF,2020-02-03,11,1.0,0.5687499999999979,4.137868315751167,13.745
LLF,2020-02-03,11,1.0,1.6700000000000017,12.149872680974912,13.745
MPC,2020-02-03,11,1.0,1.6120000000000019,11.72790105492908,13.745
PPOLag,2020-02-03,11,1.0,2.6856202395839266,19.53888861101438,13.745
EDF,2020-02-03,11,2.0,0.5687500000000014,4.137868315751192,13.745
LLF,2020-02-03,11,2.0,1.6700000000000035,12.149872680974925,13.745
MPC,2020-02-03,11,2.0,1.612,11.727901054929067,13.745
PPOLag,2020-02-03,11,2.0,2.7241627636609413,19.819299844750397,13.745
EDF,2020-02-04,17,0.5,0.0,0.0,13.234
LLF,2020-02-04,17,0.5,0.0,0.0,13.234
MPC,2020-02-04,17,0.5,-1.7763568394002505e-15,-1.3422675225935095e-14,13.234
PPOLag,2020-02-04,17,0.5,0.0031961832086626176,0.024151301259351804,13.234
EDF,2020-02-04,17,1.0,0.0,0.0,13.234
LLF,2020-02-04,17,1.0,0.0,0.0,13.234
MPC,2020-02-04,17,1.0,0.0,0.0,13.234
PPOLag,2020-02-04,17,1.0,0.004769309378571762,0.03603830571687896,13.234
EDF,2020-02-04,17,2.0,0.0,0.0,13.234
LLF,2020-02-04,17,2.0,-1.7763568394002505e-15,-1.3422675225935095e-14,13.234
MPC,2020-02-04,17,2.0,0.0,0.0,13.234
PPOLag,2020-02-04,17,2.0,0.006183023625858652,0.04672074675728164,13.234
EDF,2020-02-04,9,0.5,0.0,0.0,5.442
LLF,2020-02-04,9,0.5,-8.881784197001252e-16,-1.632080888827867e-14,5.442
MPC,2020-02-04,9,0.5,0.5595000000000026,10.281146637265758,5.442
PPOLag,2020-02-04,9,0.5,0.0074826901479543295,0.13749890018291674,5.442
EDF,2020-02-04,9,1.0,0.0,0.0,5.442
LLF,2020-02-04,9,1.0,0.0,0.0,5.442
MPC,2020-02-04,9,1.0,0.5595000000000026,10.281146637265758,5.442
PPOLag,2020-02-04,9,1.0,0.007832572589236442,0.1439281989936869,5.442
EDF,2020-02-04,9,2.0,8.881784197001252e-16,1.632080888827867e-14,5.442
LLF,2020-02-04,9,2.0,-8.881784197001252e-16,-1.632080888827867e-14,5.442
MPC,2020-02-04,9,2.0,0.5595000000000017,10.281146637265742,5.442
PPOLag,2020-02-04,9,2.0,0.008548471544522051,0.1570832698368624,5.442
EDF,2020-02-04,16,0.5,0.0,0.0,4.672
LLF,2020-02-04,16,0.5,0.0,0.0,4.672
MPC,2020-02-04,16,0.5,0.0,0.0,4.672
PPOLag,2020-02-04,16,0.5,0.00447082964511587,0.0956941276779938,4.672
EDF,2020-02-04,16,1.0,0.0,0.0,4.672
LLF,2020-02-04,16,1.0,0.0,0.0,4.672
MPC,2020-02-04,16,1.0,0.0,0.0,4.672
PPOLag,2020-02-04,16,1.0,0.004462921363859706,0.09552485795932592,4.672
EDF,2020-02-04,16,2.0,0.0,0.0,4.672
LLF,2020-02-04,16,2.0,0.0,0.0,4.672
MPC,2020-02-04,16,2.0,0.0,0.0,4.672
PPOLag,2020-02-04,16,2.0,0.004207975351634552,0.09006796557436969,4.672
EDF,2020-02-04,10,0.5,0.0,0.0,14.128
LLF,2020-02-04,10,0.5,0.0,0.0,14.128
MPC,2020-02-04,10,0.5,3.552713678800501e-15,2.514661437429573e-14,14.128
PPOLag,2020-02-04,10,0.5,0.053594190780352234,0.3793473299855056,14.128
EDF,2020-02-04,10,1.0,0.0,0.0,14.128
LLF,2020-02-04,10,1.0,0.0,0.0,14.128
MPC,2020-02-04,10,1.0,3.552713678800501e-15,2.514661437429573e-14,14.128
PPOLag,2020-02-04,10,1.0,0.07800313983390765,0.5521173544302637,14.128
EDF,2020-02-04,10,2.0,0.0,0.0,14.128
LLF,2020-02-04,10,2.0,0.0,0.0,14.128
MPC,2020-02-04,10,2.0,3.552713678800501e-15,2.514661437429573e-14,14.128
PPOLag,2020-02-04,10,2.0,0.09352540041572474,0.6619861297828762,14.128
EDF,2020-02-04,18,0.5,8.881784197001252e-16,1.1410308577853614e-14,7.784
LLF,2020-02-04,18,0.5,-1.7763568394002505e-15,-2.2820617155707227e-14,7.784
MPC,2020-02-04,18,0.5,0.0,0.0,7.784
PPOLag,2020-02-04,18,0.5,0.23220328206279195,2.983084301937204,7.784
EDF,2020-02-04,18,1.0,8.881784197001252e-16,1.1410308577853614e-14,7.784
LLF,2020-02-04,18,1.0,0.0,0.0,7.784
MPC,2020-02-04,18,1.0,8.881784197001252e-16,1.1410308577853614e-14,7.784
PPOLag,2020-02-04,18,1.0,0.2891114680573896,3.714176105567698,7.784
EDF,2020-02-04,18,2.0,8.881784197001252e-16,1.1410308577853614e-14,7.784
LLF,2020-02-04,18,2.0,0.0,0.0,7.784
MPC,2020-02-04,18,2.0,8.881784197001252e-16,1.1410308577853614e-14,7.784
PPOLag,2020-02-04,18,2.0,0.2961364062727599,3.8044245410169566,7.784
EDF,2020-02-05,6,0.5,0.0,0.0,0.995
LLF,2020-02-05,6,0.5,0.0,0.0,0.995
MPC,2020-02-05,6,0.5,0.0,0.0,0.995
PPOLag,2020-02-05,6,0.5,0.005844309216134325,0.58736776041551,0.995
EDF,2020-02-05,6,1.0,0.0,0.0,0.995
LLF,2020-02-05,6,1.0,0.0,0.0,0.995
MPC,2020-02-05,6,1.0,0.0,0.0,0.995
PPOLag,2020-02-05,6,1.0,0.008269377130815613,0.8310931789764435,0.995
EDF,2020-02-05,6,2.0,0.0,0.0,0.995
LLF,2020-02-05,6,2.0,0.0,0.0,0.995
MPC,2020-02-05,6,2.0,0.0,0.0,0.995
PPOLag,2020-02-05,6,2.0,0.011074770852064963,1.113042296689946,0.995
EDF,2020-02-05,30,0.5,3.174249999999997,8.70182027523438,36.478
LLF,2020-02-05,30,0.5,4.493250000000003,12.31769833872472,36.478
MPC,2020-02-05,30,0.5,1.5339999999999776,4.205274411974279,36.478
PPOLag,2020-02-05,30,0.5,0.5458514719819825,1.4963854158177048,36.478
EDF,2020-02-05,30,1.0,12.300000000000008,33.71895389001592,36.478
LLF,2020-02-05,30,1.0,4.659500000000008,12.773452491912956,36.478
MPC,2020-02-05,30,1.0,1.5339999999999847,4.205274411974298,36.478
PPOLag,2020-02-05,30,1.0,0.7943068839195184,2.1774957067808502,36.478
EDF,2020-02-05,30,2.0,21.34824999999999,58.52363068150663,36.478
LLF,2020-02-05,30,2.0,4.659500000000008,12.773452491912956,36.478
MPC,2020-02-05,30,2.0,1.5339999999999847,4.205274411974298,36.478
PPOLag,2020-02-05,30,2.0,0.985324852228009,2.7011482324360134,36.478
EDF,2020-02-05,32,0.5,1.7763568394002505e-15,2.113955538974474e-14,8.403
LLF,2020-02-05,32,0.5,1.6639999999999997,19.80245150541473,8.403
MPC,2020-02-05,32,0.5,0.16625,1.9784600737831726,8.403
PPOLag,2020-02-05,32,0.5,2.1956019283999355,26.128786485778118,8.403
EDF,2020-02-05,32,1.0,1.7763568394002505e-15,2.113955538974474e-14,8.403
LLF,2020-02-05,32,1.0,3.368249999999999,40.08389860764011,8.403
MPC,2020-02-05,32,1.0,1.0704999999999956,12.739497798405278,8.403
PPOLag,2020-02-05,32,1.0,2.532051366640827,30.132706969425527,8.403
EDF,2020-02-05,32,2.0,1.7763568394002505e-15,2.113955538974474e-14,8.403
LLF,2020-02-05,32,2.0,3.5772499999999985,42.57110555753896,8.403
MPC,2020-02-05,32,2.0,0.6327499999999979,7.530048792098035,8.403
PPOLag,2020-02-05,32,2.0,2.9320650844243255,34.89307490687047,8.403
EDF,2020-02-05,10,0.5,0.0,0.0,3.47
LLF,2020-02-05,10,0.5,-8.881784197001252e-16,-2.5595919876084298e-14,3.47
MPC,2020-02-05,10,0.5,0.0,0.0,3.47
PPOLag,2020-02-05,10,0.5,0.018588200447158965,0.5356830100045811,3.47
EDF,2020-02-05,10,1.0,0.0,0.0,3.47
LLF,2020-02-05,10,1.0,-8.881784197001252e-16,-2.5595919876084298e-14,3.47
MPC,2020-02-05,10,1.0,0.0,0.0,3.47
PPOLag,2020-02-05,10,1.0,0.02916651519042359,0.8405335789747432,3.47
EDF,2020-02-05,10,2.0,0.0,0.0,3.47
LLF,2020-02-05,10,2.0,-8.881784197001252e-16,-2.5595919876084298e-14,3.47
MPC,2020-02-05,10,2.0,0.0,0.0,3.47
PPOLag,2020-02-05,10,2.0,0.04320876038947121,1.2452092331259714,3.47
EDF,2020-02-05,4,0.5,1.4210854715202004e-14,4.893208014324772e-14,29.042
LLF,2020-02-05,4,0.5,2.1655000000000086,7.456442393774563,29.042
MPC,2020-02-05,4,0.5,-0.4174999999999969,-1.43757316989187,29.042
PPOLag,2020-02-05,4,0.5,1.8633118324404527,6.4159211915172945,29.042
EDF,2020-02-05,4,1.0,1.4210854715202004e-14,4.893208014324772e-14,29.042
LLF,2020-02-05,4,1.0,2.5642500000000013,8.829453894359897,29.042
MPC,2020-02-05,4,1.0,0.7317500000000052,2.5196267474692005,29.042
PPOLag,2020-02-05,4,1.0,2.238986098976278,7.709476272213616,29.042
EDF,2020-02-05,4,2.0,1.0658141036401503e-14,3.669906010743579e-14,29.042
LLF,2020-02-05,4,2.0,2.5642499999999977,8.829453894359885,29.042
MPC,2020-02-05,4,2.0,9.063750000000013,31.209110942772583,29.042
PPOLag,2020-02-05,4,2.0,2.53684223197184,8.735081027380483,29.042
EDF,2020-02-06,11,0.5,7.105427357601002e-15,3.123264772571869e-14,22.75
LLF,2020-02-06,11,0.5,1.0658141036401503e-14,4.684897158857803e-14,22.75
MPC,2020-02-06,11,0.5,0.0,0.0,22.75
PPOLag,2020-02-06,11,0.5,0.0017650635381393442,0.007758521046766348,22.75
EDF,2020-02-06,11,1.0,3.552713678800501e-15,1.5616323862859346e-14,22.75
LLF,2020-02-06,11,1.0,3.552713678800501e-15,1.5616323862859346e-14,22.75
MPC,2020-02-06,11,1.0,0.0,0.0,22.75
PPOLag,2020-02-06,11,1.0,0.0019973667129491446,0.008779633903073163,22.75
EDF,2020-02-06,11,2.0,3.552713678800501e-15,1.5616323862859346e-14,22.75
LLF,2020-02-06,11,2.0,-3.552713678800501e-15,-1.5616323862859346e-14,22.75
MPC,2020-02-06,11,2.0,-7.105427357601002e-15,-3.123264772571869e-14,22.75
PPOLag,2020-02-06,11,2.0,0.003171137678658198,0.013939066719376694,22.75
EDF,2020-02-06,18,0.5,-3.552713678800501e-15,-1.727637462945196e-14,20.564
LLF,2020-02-06,18,0.5,-3.552713678800501e-15,-1.727637462945196e-14,20.564
MPC,2020-02-06,18,0.5,0.0,0.0,20.564
PPOLag,2020-02-06,18,0.5,0.0015753451419726616,0.00766069413524928,20.564
EDF,2020-02-06,18,1.0,-3.552713678800501e-15,-1.727637462945196e-14,20.564
LLF,2020-02-06,18,1.0,-3.552713678800501e-15,-1.727637462945196e-14,20.564
MPC,2020-02-06,18,1.0,0.0,0.0,20.564
PPOLag,2020-02-06,18,1.0,0.003477347728075131,0.016909880023707115,20.564
EDF,2020-02-06,18,2.0,0.0,0.0,20.564
LLF,2020-02-06,18,2.0,-3.552713678800501e-15,-1.727637462945196e-14,20.564
MPC,2020-02-06,18,2.0,-3.552713678800501e-15,-1.727637462945196e-14,20.564
PPOLag,2020-02-06,18,2.0,0.006355072253536776,0.030903872075164252,20.564
EDF,2020-02-06,19,0.5,0.0,0.0,7.97
LLF,2020-02-06,19,0.5,0.0,0.0,7.97
MPC,2020-02-06,19,0.5,-8.881784197001252e-16,-1.1144020322460794e-14,7.97
PPOLag,2020-02-06,19,0.5,0.0047442882068024165,0.05952682819074549,7.97
EDF,2020-02-06,19,1.0,0.0,0.0,7.97
LLF,2020-02-06,19,1.0,0.0,0.0,7.97
MPC,2020-02-06,19,1.0,-1.7763568394002505e-15,-2.2288040644921588e-14,7.97
PPOLag,2020-02-06,19,1.0,0.005630549047433142,0.0706467885499767,7.97
EDF,2020-02-06,19,2.0,8.881784197001252e-16,1.1144020322460794e-14,7.97
LLF,2020-02-06,19,2.0,-8.881784197001252e-16,-1.1144020322460794e-14,7.97
MPC,2020-02-06,19,2.0,0.0,0.0,7.97
PPOLag,2020-02-06,19,2.0,0.007714469503895138,0.09679384572013976,7.97
EDF,2020-02-06,7,0.5,0.0,0.0,8.942
LLF,2020-02-06,7,0.5,-1.7763568394002505e-15,-1.9865319161264265e-14,8.942
MPC,2020-02-06,7,0.5,0.0,0.0,8.942
PPOLag,2020-02-06,7,0.5,0.0016418121276991827,0.0183606813654572,8.942
EDF,2020-02-06,7,1.0,0.0,0.0,8.942
LLF,2020-02-06,7,1.0,-1.7763568394002505e-15,-1.9865319161264265e-14,8.942
MPC,2020-02-06,7,1.0,1.7763568394002505e-15,1.9865319161264265e-14,8.942
PPOLag,2020-02-06,7,1.0,0.003414562605241045,0.038185669931123295,8.942
EDF,2020-02-06,7,2.0,0.0,0.0,8.942
LLF,2020-02-06,7,2.0,-1.7763568394002505e-15,-1.9865319161264265e-14,8.942
MPC,2020-02-06,7,2.0,0.0,0.0,8.942
PPOLag,2020-02-06,7,2.0,0.005132720642552968,0.057400141383951775,8.942
EDF,2020-02-06,20,0.5,0.0,0.0,1.565
LLF,2020-02-06,20,0.5,0.0,0.0,1.565
MPC,2020-02-06,20,0.5,0.0,0.0,1.565
PPOLag,2020-02-06,20,0.5,0.0031192111069862083,0.19931061386493346,1.565
EDF,2020-02-06,20,1.0,0.0,0.0,1.565
LLF,2020-02-06,20,1.0,0.0,0.0,1.565
MPC,2020-02-06,20,1.0,0.0,0.0,1.565
PPOLag,2020-02-06,20,1.0,0.0043687514252433775,0.2791534457024522,1.565
EDF,2020-02-06,20,2.0,-2.220446049250313e-16,-1.4188153669331074e-14,1.565
LLF,2020-02-06,20,2.0,0.0,0.0,1.565
MPC,2020-02-06,20,2.0,0.0,0.0,1.565
PPOLag,2020-02-06,20,2.0,0.006144669458209994,0.3926306363073479,1.565
EDF,2020-02-07,23,0.5,0.0,0.0,0.978
LLF,2020-02-07,23,0.5,0.9779999999999999,99.99999999999999,0.978
MPC,2020-02-07,23,0.5,0.0,0.0,0.978
PPOLag,2020-02-07,23,0.5,0.05341589115032299,5.46174756138272,0.978
EDF,2020-02-07,23,1.0,0.0,0.0,0.978
LLF,2020-02-07,23,1.0,0.9779999999999999,99.99999999999999,0.978
MPC,2020-02-07,23,1.0,-1.1102230246251565e-16,-1.1351973666923892e-14,0.978
PPOLag,2020-02-07,23,1.0,0.07065747538124041,7.224690734278161,0.978
EDF,2020-02-07,23,2.0,-1.1102230246251565e-16,-1.1351973666923892e-14,0.978
LLF,2020-02-07,23,2.0,0.978,100.0,0.978
MPC,2020-02-07,23,2.0,0.0,0.0,0.978
PPOLag,2020-02-07,23,2.0,0.27157102711498143,27.76799868251344,0.978
EDF,2020-02-07,35,0.5,0.0,0.0,18.304
LLF,2020-02-07,35,0.5,0.0,0.0,18.304
MPC,2020-02-07,35,0.5,1.49775,8.182637674825175,18.304
PPOLag,2020-02-07,35,0.5,0.2726988343853847,1.4898319186264462,18.304
EDF,2020-02-07,35,1.0,0.0,0.0,18.304
LLF,2020-02-07,35,1.0,0.0,0.0,18.304
MPC,2020-02-07,35,1.0,-0.1662499999999998,-0.908271416083915,18.304
PPOLag,2020-02-07,35,1.0,0.3044958124172609,1.6635479262306654,18.304
EDF,2020-02-07,35,2.0,0.0,0.0,18.304
LLF,2020-02-07,35,2.0,0.0,0.0,18.304
MPC,2020-02-07,35,2.0,-1.172749999999997,-6.407069493006977,18.304
PPOLag,2020-02-07,35,2.0,0.3063785756969395,1.6738340018407976,18.304
EDF,2020-02-07,10,0.5,5.551499999999997,16.078255329008336,34.528
LLF,2020-02-07,10,0.5,0.1322499999999991,0.38302247451343574,34.528
MPC,2020-02-07,10,0.5,2.538249999999991,7.351280120481901,34.528
PPOLag,2020-02-07,10,0.5,0.33972668912701637,0.9839165000203207,34.528
EDF,2020-02-07,10,1.0,5.551499999999997,16.078255329008336,34.528
LLF,2020-02-07,10,1.0,0.1322499999999991,0.38302247451343574,34.528
MPC,2020-02-07,10,1.0,2.5382499999999837,7.3512801204818805,34.528
PPOLag,2020-02-07,10,1.0,0.517789582390894,1.4996222844963334,34.528
EDF,2020-02-07,10,2.0,5.55149999999999,16.07825532900831,34.528
LLF,2020-02-07,10,2.0,0.13224999999999199,0.38302247451341515,34.528
MPC,2020-02-07,10,2.0,2.5382499999999837,7.3512801204818805,34.528
PPOLag,2020-02-07,10,2.0,0.6169294222694134,1.786751107128746,34.528
EDF,2020-02-07,21,0.5,0.0,0.0,13.331
LLF,2020-02-07,21,0.5,-1.7763568394002505e-15,-1.3325008171931967e-14,13.331
MPC,2020-02-07,21,0.5,1.4489999999999963,10.869402145375414,13.331
PPOLag,2020-02-07,21,0.5,0.008366196080249822,0.06275745315617601,13.331
EDF,2020-02-07,21,1.0,0.0,0.0,13.331
LLF,2020-02-07,21,1.0,-1.7763568394002505e-15,-1.3325008171931967e-14,13.331
MPC,2020-02-07,21,1.0,1.448999999999998,10.869402145375426,13.331
PPOLag,2020-02-07,21,1.0,0.011036725480761334,0.0827899293433451,13.331
EDF,2020-02-07,21,2.0,0.0,0.0,13.331
LLF,2020-02-07,21,2.0,-1.7763568394002505e-15,-1.3325008171931967e-14,13.331
MPC,2020-02-07,21,2.0,1.4489999999999963,10.869402145375414,13.331
PPOLag,2020-02-07,21,2.0,0.013256605422451172,0.09944194300841029,13.331
EDF,2020-02-07,1,0.5,0.0,0.0,0.881
LLF,2020-02-07,1,0.5,0.0,0.0,0.881
MPC,2020-02-07,1,0.5,0.0,0.0,0.881
PPOLag,2020-02-07,1,0.5,-0.00030109051767612804,-0.03417599519592827,0.881
EDF,2020-02-07,1,1.0,0.0,0.0,0.881
LLF,2020-02-07,1,1.0,0.0,0.0,0.881
MPC,2020-02-07,1,1.0,0.0,0.0,0.881
PPOLag,2020-02-07,1,1.0,-0.0008046326567483053,-0.09133174310423443,0.881
EDF,2020-02-07,1,2.0,0.0,0.0,0.881
LLF,2020-02-07,1,2.0,0.0,0.0,0.881
MPC,2020-02-07,1,2.0,0.0,0.0,0.881
PPOLag,2020-02-07,1,2.0,-0.001495901587944859,-0.1697958669630941,0.881
EDF,2020-02-10,5,0.5,3.552713678800501e-15,1.5207232594814232e-14,23.362
LLF,2020-02-10,5,0.5,3.552713678800501e-15,1.5207232594814232e-14,23.362
MPC,2020-02-10,5,0.5,3.552713678800501e-15,1.5207232594814232e-14,23.362
PPOLag,2020-02-10,5,0.5,0.0042215495815163704,0.018070154873368594,23.362
EDF,2020-02-10,5,1.0,-3.552713678800501e-15,-1.5207232594814232e-14,23.362
LLF,2020-02-10,5,1.0,0.0,0.0,23.362
MPC,2020-02-10,5,1.0,7.105427357601002e-15,3.0414465189628465e-14,23.362
PPOLag,2020-02-10,5,1.0,0.006089193333092169,0.02606452073064023,23.362
EDF,2020-02-10,5,2.0,-3.552713678800501e-15,-1.5207232594814232e-14,23.362
LLF,2020-02-10,5,2.0,-3.552713678800501e-15,-1.5207232594814232e-14,23.362
MPC,2020-02-10,5,2.0,3.552713678800501e-15,1.5207232594814232e-14,23.362
PPOLag,2020-02-10,5,2.0,0.008006596183867032,0.03427187819479082,23.362
EDF,2020-02-10,24,0.5,0.0,0.0,7.168
LLF,2020-02-10,24,0.5,8.881784197001252e-16,1.2390881971262908e-14,7.168
MPC,2020-02-10,24,0.5,-1.7763568394002505e-15,-2.4781763942525817e-14,7.168
PPOLag,2020-02-10,24,0.5,0.004977429168396696,0.06943958103231998,7.168
EDF,2020-02-10,24,1.0,0.0,0.0,7.168
LLF,2020-02-10,24,1.0,8.881784197001252e-16,1.2390881971262908e-14,7.168
MPC,2020-02-10,24,1.0,-1.7763568394002505e-15,-2.4781763942525817e-14,7.168
PPOLag,2020-02-10,24,1.0,0.006803732458587497,0.09491814255841932,7.168
EDF,2020-02-10,24,2.0,0.0,0.0,7.168
LLF,2020-02-10,24,2.0,8.881784197001252e-16,1.2390881971262908e-14,7.168
MPC,2020-02-10,24,2.0,-1.7763568394002505e-15,-2.4781763942525817e-14,7.168
PPOLag,2020-02-10,24,2.0,0.010106559422894002,0.14099552766314177,7.168
EDF,2020-02-10,28,0.5,0.0,0.0,4.295
LLF,2020-02-10,28,0.5,0.0,0.0,4.295
MPC,2020-02-10,28,0.5,0.0,0.0,4.295
PPOLag,2020-02-10,28,0.5,0.0035317366855107226,0.08222902643796792,4.295
EDF,2020-02-10,28,1.0,0.0,0.0,4.295
LLF,2020-02-10,28,1.0,0.0,0.0,4.295
MPC,2020-02-10,28,1.0,0.0,0.0,4.295
PPOLag,2020-02-10,28,1.0,0.006461186208134073,0.1504350688739016,4.295
EDF,2020-02-10,28,2.0,0.0,0.0,4.295
LLF,2020-02-10,28,2.0,0.0,0.0,4.295
MPC,2020-02-10,28,2.0,0.0,0.0,4.295
PPOLag,2020-02-10,28,2.0,0.008411840688126126,0.19585193685974683,4.295
EDF,2020-02-10,16,0.5,0.0,0.0,1.029
LLF,2020-02-10,16,0.5,0.0,0.0,1.029
MPC,2020-02-10,16,0.5,0.0,0.0,1.029
PPOLag,2020-02-10,16,0.5,0.0031465398209274296,0.3057861827917813,1.029
EDF,2020-02-10,16,1.0,-2.220446049250313e-16,-2.157867880709731e-14,1.029
LLF,2020-02-10,16,1.0,0.0,0.0,1.029
MPC,2020-02-10,16,1.0,0.0,0.0,1.029
PPOLag,2020-02-10,16,1.0,0.0049235629594166054,0.4784803653466089,1.029
EDF,2020-02-10,16,2.0,-2.220446049250313e-16,-2.157867880709731e-14,1.029
LLF,2020-02-10,16,2.0,0.0,0.0,1.029
MPC,2020-02-10,16,2.0,0.0,0.0,1.029
PPOLag,2020-02-10,16,2.0,0.00695607910597138,0.6760038003859457,1.029
EDF,2020-02-10,17,0.5,-1.7763568394002505e-15,-1.2683733233846843e-14,14.005
LLF,2020-02-10,17,0.5,1.7763568394002505e-15,1.2683733233846843e-14,14.005
MPC,2020-02-10,17,0.5,1.7763568394002505e-15,1.2683733233846843e-14,14.005
PPOLag,2020-02-10,17,0.5,0.0077692626908174136,0.055474921034040794,14.005
EDF,2020-02-10,17,1.0,0.0,0.0,14.005
LLF,2020-02-10,17,1.0,0.0,0.0,14.005
MPC,2020-02-10,17,1.0,1.7763568394002505e-15,1.2683733233846843e-14,14.005
PPOLag,2020-02-10,17,1.0,0.009324025283606829,0.0665764033102951,14.005
EDF,2020-02-10,17,2.0,0.0,0.0,14.005
LLF,2020-02-10,17,2.0,0.0,0.0,14.005
MPC,2020-02-10,17,2.0,3.552713678800501e-15,2.5367466467693687e-14,14.005
PPOLag,2020-02-10,17,2.0,0.009589203971626502,0.06846986056141738,14.005
EDF,2020-02-11,17,0.5,0.0,0.0,12.612
LLF,2020-02-11,17,0.5,-1.7763568394002505e-15,-1.4084656195688633e-14,12.612
MPC,2020-02-11,17,0.5,0.0,0.0,12.612
PPOLag,2020-02-11,17,0.5,0.014797313331104078,0.11732725444896985,12.612
EDF,2020-02-11,17,1.0,0.0,0.0,12.612
LLF,2020-02-11,17,1.0,-1.7763568394002505e-15,-1.4084656195688633e-14,12.612
MPC,2020-02-11,17,1.0,-1.7763568394002505e-15,-1.4084656195688633e-14,12.612
PPOLag,2020-02-11,17,1.0,0.022795278516660744,0.18074277288820761,12.612
EDF,2020-02-11,17,2.0,0.0,0.0,12.612
LLF,2020-02-11,17,2.0,-1.7763568394002505e-15,-1.4084656195688633e-14,12.612
MPC,2020-02-11,17,2.0,-1.7763568394002505e-15,-1.4084656195688633e-14,12.612
PPOLag,2020-02-11,17,2.0,0.026946175710387266,0.2136550563779517,12.612
EDF,2020-02-11,0,0.5,-1.7763568394002505e-15,-2.19927799851461e-14,8.077
LLF,2020-02-11,0,0.5,0.08950000000000014,1.1080846849077644,8.077
MPC,2020-02-11,0,0.5,2.541499999999978,31.465890801039716,8.077
PPOLag,2020-02-11,0,0.5,0.4130899401182827,5.114398169100937,8.077
EDF,2020-02-11,0,1.0,-1.7763568394002505e-15,-2.19927799851461e-14,8.077
LLF,2020-02-11,0,1.0,0.08949999999999836,1.1080846849077424,8.077
MPC,2020-02-11,0,1.0,2.5414999999999797,31.465890801039738,8.077
PPOLag,2020-02-11,0,1.0,0.6348771009797745,7.860308294908684,8.077
EDF,2020-02-11,0,2.0,-1.7763568394002505e-15,-2.19927799851461e-14,8.077
LLF,2020-02-11,0,2.0,0.08950000000000014,1.1080846849077644,8.077
MPC,2020-02-11,0,2.0,2.5414999999999797,31.465890801039738,8.077
PPOLag,2020-02-11,0,2.0,0.8229775279828659,10.189148545039817,8.077
EDF,2020-02-11,1,0.5,0.0,0.0,0.902
LLF,2020-02-11,1,0.5,0.0,0.0,0.902
MPC,2020-02-11,1,0.5,0.0,0.0,0.902
PPOLag,2020-02-11,1,0.5,0.000294395654749513,0.032638099196176606,0.902
EDF,2020-02-11,1,1.0,0.0,0.0,0.902
LLF,2020-02-11,1,1.0,0.0,0.0,0.902
MPC,2020-02-11,1,1.0,0.0,0.0,0.902
PPOLag,2020-02-11,1,1.0,0.0007749228240132133,0.08591162128749592,0.902
EDF,2020-02-11,1,2.0,0.0,0.0,0.902
LLF,2020-02-11,1,2.0,0.0,0.0,0.902
MPC,2020-02-11,1,2.0,0.0,0.0,0.902
PPOLag,2020-02-11,1,2.0,0.0012082275010512288,0.1339498338194267,0.902
EDF,2020-02-11,33,0.5,8.881784197001252e-16,1.3780890918543447e-14,6.445
LLF,2020-02-11,33,0.5,3.1617500000000005,49.05740884406517,6.445
MPC,2020-02-11,33,0.5,1.7855000000000016,27.70364623739335,6.445
PPOLag,2020-02-11,33,0.5,1.8925834079275248,29.36514209352249,6.445
EDF,2020-02-11,33,1.0,-8.881784197001252e-16,-1.3780890918543447e-14,6.445
LLF,2020-02-11,33,1.0,4.659500000000001,72.2963537626067,6.445
MPC,2020-02-11,33,1.0,1.7855000000000016,27.70364623739335,6.445
PPOLag,2020-02-11,33,1.0,2.458634906716187,38.14794269536365,6.445
EDF,2020-02-11,33,2.0,0.0,0.0,6.445
LLF,2020-02-11,33,2.0,4.781000000000001,74.18153607447634,6.445
MPC,2020-02-11,33,2.0,1.7855000000000008,27.703646237393336,6.445
PPOLag,2020-02-11,33,2.0,2.6576036276972226,41.235122229592285,6.445
EDF,2020-02-11,26,0.5,2.6912499999999993,41.61512293180763,6.467
LLF,2020-02-11,26,0.5,1.6639999999999997,25.730632441626717,6.467
MPC,2020-02-11,26,0.5,1.4750000000000005,22.808102675119848,6.467
PPOLag,2020-02-11,26,0.5,1.5832848558843569,24.48252444540524,6.467
EDF,2020-02-11,26,1.0,2.69125,41.61512293180764,6.467
LLF,2020-02-11,26,1.0,1.9964999999999984,30.872119993814728,6.467
MPC,2020-02-11,26,1.0,1.4749999999999996,22.808102675119837,6.467
PPOLag,2020-02-11,26,1.0,2.4416919912547703,37.75617738139432,6.467
EDF,2020-02-11,26,2.0,2.691250000000001,41.61512293180766,6.467
LLF,2020-02-11,26,2.0,3.471499999999999,53.680222668934576,6.467
MPC,2020-02-11,26,2.0,1.4750000000000005,22.808102675119848,6.467
PPOLag,2020-02-11,26,2.0,2.476456267916226,38.29374157903551,6.467
EDF,2020-02-12,15,0.5,0.0,0.0,4.345
LLF,2020-02-12,15,0.5,0.0,0.0,4.345
MPC,2020-02-12,15,0.5,0.0,0.0,4.345
PPOLag,2020-02-12,15,0.5,0.004286094114651018,0.0986442834211972,4.345
EDF,2020-02-12,15,1.0,0.0,0.0,4.345
LLF,2020-02-12,15,1.0,0.0,0.0,4.345
MPC,2020-02-12,15,1.0,0.0,0.0,4.345
PPOLag,2020-02-12,15,1.0,0.0046803886816003445,0.10771895699885721,4.345
EDF,2020-02-12,15,2.0,0.0,0.0,4.345
LLF,2020-02-12,15,2.0,0.0,0.0,4.345
MPC,2020-02-12,15,2.0,0.0,0.0,4.345
PPOLag,2020-02-12,15,2.0,0.004222217161658648,0.09717415792079742,4.345
EDF,2020-02-12,16,0.5,-8.881784197001252e-16,-1.3637009361279368e-14,6.513
LLF,2020-02-12,16,0.5,8.881784197001252e-16,1.3637009361279368e-14,6.513
MPC,2020-02-12,16,0.5,-8.881784197001252e-16,-1.3637009361279368e-14,6.513
PPOLag,2020-02-12,16,0.5,0.004188119004590085,0.0643039920864438,6.513
EDF,2020-02-12,16,1.0,-8.881784197001252e-16,-1.3637009361279368e-14,6.513
LLF,2020-02-12,16,1.0,8.881784197001252e-16,1.3637009361279368e-14,6.513
MPC,2020-02-12,16,1.0,-8.881784197001252e-16,-1.3637009361279368e-14,6.513
PPOLag,2020-02-12,16,1.0,0.007240593274190132,0.11117139988008802,6.513
EDF,2020-02-12,16,2.0,0.0,0.0,6.513
LLF,2020-02-12,16,2.0,1.7763568394002505e-15,2.7274018722558736e-14,6.513
MPC,2020-02-12,16,2.0,-8.881784197001252e-16,-1.3637009361279368e-14,6.513
PPOLag,2020-02-12,16,2.0,0.010062807978703781,0.15450342359440783,6.513
EDF,2020-02-12,2,0.5,1.7763568394002505e-15,1.454242193532747e-14,12.215
LLF,2020-02-12,2,0.5,1.7763568394002505e-15,1.454242193532747e-14,12.215
MPC,2020-02-12,2,0.5,0.0,0.0,12.215
PPOLag,2020-02-12,2,0.5,0.2026821197349687,1.6592887411786221,12.215
EDF,2020-02-12,2,1.0,0.0,0.0,12.215
LLF,2020-02-12,2,1.0,0.0,0.0,12.215
MPC,2020-02-12,2,1.0,0.0,0.0,12.215
PPOLag,2020-02-12,2,1.0,0.33694884154070015,2.7584841714343034,12.215
EDF,2020-02-12,2,2.0,0.0,0.0,12.215
LLF,2020-02-12,2,2.0,0.0,0.0,12.215
MPC,2020-02-12,2,2.0,0.0,0.0,12.215
PPOLag,2020-02-12,2,2.0,0.34813560264061605,2.8500663335293988,12.215
EDF,2020-02-12,28,0.5,0.0,0.0,9.063
LLF,2020-02-12,28,0.5,1.7763568394002505e-15,1.9600097532828536e-14,9.063
MPC,2020-02-12,28,0.5,0.0,0.0,9.063
PPOLag,2020-02-12,28,0.5,0.2111951331645688,2.330300487306287,9.063
EDF,2020-02-12,28,1.0,1.7763568394002505e-15,1.9600097532828536e-14,9.063
LLF,2020-02-12,28,1.0,0.0,0.0,9.063
MPC,2020-02-12,28,1.0,0.0,0.0,9.063
PPOLag,2020-02-12,28,1.0,0.25640044467625955,2.8290901983477825,9.063
EDF,2020-02-12,28,2.0,1.7763568394002505e-15,1.9600097532828536e-14,9.063
LLF,2020-02-12,28,2.0,-1.7763568394002505e-15,-1.9600097532828536e-14,9.063
MPC,2020-02-12,28,2.0,1.7763568394002505e-15,1.9600097532828536e-14,9.063
PPOLag,2020-02-12,28,2.0,0.2641105150178298,2.914162142975061,9.063
EDF,2020-02-12,20,0.5,1.7763568394002505e-15,1.1243476418762266e-14,15.799
LLF,2020-02-12,20,0.5,1.7763568394002505e-15,1.1243476418762266e-14,15.799
MPC,2020-02-12,20,0.5,-1.7763568394002505e-15,-1.1243476418762266e-14,15.799
PPOLag,2020-02-12,20,0.5,0.0031724854734385133,0.020080292888401248,15.799
EDF,2020-02-12,20,1.0,1.7763568394002505e-15,1.1243476418762266e-14,15.799
LLF,2020-02-12,20,1.0,1.7763568394002505e-15,1.1243476418762266e-14,15.799
MPC,2020-02-12,20,1.0,-1.7763568394002505e-15,-1.1243476418762266e-14,15.799
PPOLag,2020-02-12,20,1.0,0.005807798527496288,0.03676054514523887,15.799
EDF,2020-02-12,20,2.0,0.0,0.0,15.799
LLF,2020-02-12,20,2.0,1.7763568394002505e-15,1.1243476418762266e-14,15.799
MPC,2020-02-12,20,2.0,-3.552713678800501e-15,-2.2486952837524533e-14,15.799
PPOLag,2020-02-12,20,2.0,0.007034398211359161,0.044524325662125205,15.799
EDF,2020-02-13,7,0.5,0.0,0.0,1.041
LLF,2020-02-13,7,0.5,-2.220446049250313e-16,-2.1329933230070253e-14,1.041
MPC,2020-02-13,7,0.5,0.0,0.0,1.041
PPOLag,2020-02-13,7,0.5,0.018586371479769537,1.7854343400354984,1.041
EDF,2020-02-13,7,1.0,0.0,0.0,1.041
LLF,2020-02-13,7,1.0,0.0,0.0,1.041
MPC,2020-02-13,7,1.0,-2.220446049250313e-16,-2.1329933230070253e-14,1.041
PPOLag,2020-02-13,7,1.0,0.018247195446283837,1.7528525884998885,1.041
EDF,2020-02-13,7,2.0,0.0,0.0,1.041
LLF,2020-02-13,7,2.0,0.0,0.0,1.041
MPC,2020-02-13,7,2.0,0.0,0.0,1.041
PPOLag,2020-02-13,7,2.0,0.017783640018079173,1.7083227683073177,1.041
EDF,2020-02-13,15,0.5,0.0,0.0,4.618
LLF,2020-02-13,15,0.5,0.0,0.0,4.618
MPC,2020-02-13,15,0.5,0.0,0.0,4.618
PPOLag,2020-02-13,15,0.5,0.05121159071976962,1.1089560571626162,4.618
EDF,2020-02-13,15,1.0,0.0,0.0,4.618
LLF,2020-02-13,15,1.0,0.0,0.0,4.618
MPC,2020-02-13,15,1.0,0.0,0.0,4.618
PPOLag,2020-02-13,15,1.0,0.0531850003731071,1.1516890509551123,4.618
EDF,2020-02-13,15,2.0,0.0,0.0,4.618
LLF,2020-02-13,15,2.0,0.0,0.0,4.618
MPC,2020-02-13,15,2.0,0.0,0.0,4.618
PPOLag,2020-02-13,15,2.0,0.054353212219766966,1.1769859727104148,4.618
EDF,2020-02-13,12,0.5,0.0,0.0,16.717
LLF,2020-02-13,12,0.5,0.0,0.0,16.717
MPC,2020-02-13,12,0.5,0.0,0.0,16.717
PPOLag,2020-02-13,12,0.5,0.11308438745075051,0.6764634052207366,16.717
EDF,2020-02-13,12,1.0,0.0,0.0,16.717
LLF,2020-02-13,12,1.0,0.0,0.0,16.717
MPC,2020-02-13,12,1.0,0.0,0.0,16.717
PPOLag,2020-02-13,12,1.0,0.13430101933651245,0.8033799086948165,16.717
EDF,2020-02-13,12,2.0,0.0,0.0,16.717
LLF,2020-02-13,12,2.0,3.552713678800501e-15,2.1252100728602627e-14,16.717
MPC,2020-02-13,12,2.0,0.0,0.0,16.717
PPOLag,2020-02-13,12,2.0,0.13866244413255374,0.8294696664027861,16.717
EDF,2020-02-13,35,0.5,0.0,0.0,4.24
LLF,2020-02-13,35,0.5,0.0,0.0,4.24
MPC,2020-02-13,35,0.5,0.0,0.0,4.24
PPOLag,2020-02-13,35,0.5,0.0014778085079910851,0.034853974245072764,4.24
EDF,2020-02-13,35,1.0,0.0,0.0,4.24
LLF,2020-02-13,35,1.0,0.0,0.0,4.24
MPC,2020-02-13,35,1.0,0.0,0.0,4.24
PPOLag,2020-02-13,35,1.0,0.0036696581306477683,0.08654854081716433,4.24
EDF,2020-02-13,35,2.0,0.0,0.0,4.24
LLF,2020-02-13,35,2.0,0.0,0.0,4.24
MPC,2020-02-13,35,2.0,0.0,0.0,4.24
PPOLag,2020-02-13,35,2.0,0.0028048064410461037,0.06615109530769112,4.24
EDF,2020-02-13,9,0.5,3.552713678800501e-15,1.49179663187088e-14,23.815
LLF,2020-02-13,9,0.5,3.552713678800501e-15,1.49179663187088e-14,23.815
MPC,2020-02-13,9,0.5,3.552713678800501e-15,1.49179663187088e-14,23.815
PPOLag,2020-02-13,9,0.5,0.1439432826316903,0.6044227698160415,23.815
EDF,2020-02-13,9,1.0,3.552713678800501e-15,1.49179663187088e-14,23.815
LLF,2020-02-13,9,1.0,3.552713678800501e-15,1.49179663187088e-14,23.815
MPC,2020-02-13,9,1.0,0.0,0.0,23.815
PPOLag,2020-02-13,9,1.0,0.18224635808429923,0.7652586944543321,23.815
EDF,2020-02-13,9,2.0,7.105427357601002e-15,2.98359326374176e-14,23.815
LLF,2020-02-13,9,2.0,7.105427357601002e-15,2.98359326374176e-14,23.815
MPC,2020-02-13,9,2.0,0.0,0.0,23.815
PPOLag,2020-02-13,9,2.0,0.1913891634519352,0.8036496470792998,23.815
EDF,2020-02-14,0,0.5,0.0,0.0,14.375
LLF,2020-02-14,0,0.5,0.0,0.0,14.375
MPC,2020-02-14,0,0.5,0.0,0.0,14.375
PPOLag,2020-02-14,0,0.5,0.0016760837839022713,0.011659713279320147,14.375
EDF,2020-02-14,0,1.0,0.0,0.0,14.375
LLF,2020-02-14,0,1.0,0.0,0.0,14.375
MPC,2020-02-14,0,1.0,-1.7763568394002505e-15,-1.2357264969740872e-14,14.375
PPOLag,2020-02-14,0,1.0,0.0020542663094420986,0.014290548239597207,14.375
EDF,2020-02-14,0,2.0,0.0,0.0,14.375
LLF,2020-02-14,0,2.0,0.0,0.0,14.375
MPC,2020-02-14,0,2.0,0.0,0.0,14.375
PPOLag,2020-02-14,0,2.0,0.0018938533244455158,0.013174631822229676,14.375
EDF,2020-02-14,13,0.5,0.0,0.0,1.22
LLF,2020-02-14,13,0.5,0.0,0.0,1.22
MPC,2020-02-14,13,0.5,0.0,0.0,1.22
PPOLag,2020-02-14,13,0.5,-0.0015009927982850614,-0.12303219658074269,1.22
EDF,2020-02-14,13,1.0,0.0,0.0,1.22
LLF,2020-02-14,13,1.0,-2.220446049250313e-16,-1.820037745287142e-14,1.22
MPC,2020-02-14,13,1.0,0.0,0.0,1.22
PPOLag,2020-02-14,13,1.0,0.0005095860240662998,0.04176934623494262,1.22
EDF,2020-02-14,13,2.0,0.0,0.0,1.22
LLF,2020-02-14,13,2.0,0.0,0.0,1.22
MPC,2020-02-14,13,2.0,0.0,0.0,1.22
PPOLag,2020-02-14,13,2.0,0.0015216742134912752,0.12472739454846518,1.22
EDF,2020-02-14,1,0.5,0.0,0.0,5.654
LLF,2020-02-14,1,0.5,0.0,0.0,5.654
MPC,2020-02-14,1,0.5,0.0,0.0,5.654
PPOLag,2020-02-14,1,0.5,0.0022232917511592733,0.03932245757267905,5.654
EDF,2020-02-14,1,1.0,0.0,0.0,5.654
LLF,2020-02-14,1,1.0,0.0,0.0,5.654
MPC,2020-02-14,1,1.0,0.0,0.0,5.654
PPOLag,2020-02-14,1,1.0,0.0038764652552689682,0.0685614654274667,5.654
EDF,2020-02-14,1,2.0,0.0,0.0,5.654
LLF,2020-02-14,1,2.0,0.0,0.0,5.654
MPC,2020-02-14,1,2.0,0.0,0.0,5.654
PPOLag,2020-02-14,1,2.0,0.005732035890725485,0.10138018908251652,5.654
EDF,2020-02-14,23,0.5,0.0,0.0,4.369
LLF,2020-02-14,23,0.5,0.0,0.0,4.369
MPC,2020-02-14,23,0.5,0.0,0.0,4.369
PPOLag,2020-02-14,23,0.5,0.0018025403127216676,0.041257503152246924,4.369
EDF,2020-02-14,23,1.0,0.0,0.0,4.369
LLF,2020-02-14,23,1.0,0.0,0.0,4.369
MPC,2020-02-14,23,1.0,0.0,0.0,4.369
PPOLag,2020-02-14,23,1.0,0.002226567606712493,0.05096286579795132,4.369
EDF,2020-02-14,23,2.0,0.0,0.0,4.369
LLF,2020-02-14,23,2.0,0.0,0.0,4.369
MPC,2020-02-14,23,2.0,0.0,0.0,4.369
PPOLag,2020-02-14,23,2.0,0.0023101783675608446,0.05287659344382798,4.369
EDF,2020-02-14,12,0.5,-1.7763568394002505e-15,-1.1267010271471842e-14,15.766
LLF,2020-02-14,12,0.5,3.552713678800501e-15,2.2534020542943683e-14,15.766
MPC,2020-02-14,12,0.5,0.0,0.0,15.766
PPOLag,2020-02-14,12,0.5,0.006010801201850669,0.03812508690759018,15.766
EDF,2020-02-14,12,1.0,-1.7763568394002505e-15,-1.1267010271471842e-14,15.766
LLF,2020-02-14,12,1.0,3.552713678800501e-15,2.2534020542943683e-14,15.766
MPC,2020-02-14,12,1.0,-1.7763568394002505e-15,-1.1267010271471842e-14,15.766
PPOLag,2020-02-14,12,1.0,0.004825238712741609,0.030605345127119172,15.766
EDF,2020-02-14,12,2.0,1.7763568394002505e-15,1.1267010271471842e-14,15.766
LLF,2020-02-14,12,2.0,1.7763568394002505e-15,1.1267010271471842e-14,15.766
MPC,2020-02-14,12,2.0,1.7763568394002505e-15,1.1267010271471842e-14,15.766
PPOLag,2020-02-14,12,2.0,0.006915699127515396,0.04386463990559049,15.766
EDF,2020-02-17,8,0.5,0.0,0.0,6.47
LLF,2020-02-17,8,0.5,0.0,0.0,6.47
MPC,2020-02-17,8,0.5,0.0,0.0,6.47
PPOLag,2020-02-17,8,0.5,0.0006741519001064233,0.01041965842513792,6.47
EDF,2020-02-17,8,1.0,0.0,0.0,6.47
LLF,2020-02-17,8,1.0,0.0,0.0,6.47
MPC,2020-02-17,8,1.0,0.0,0.0,6.47
PPOLag,2020-02-17,8,1.0,0.002163853880113464,0.03344441854889435,6.47
EDF,2020-02-17,8,2.0,0.0,0.0,6.47
LLF,2020-02-17,8,2.0,0.0,0.0,6.47
MPC,2020-02-17,8,2.0,0.0,0.0,6.47
PPOLag,2020-02-17,8,2.0,0.0030107016549191456,0.04653325587201153,6.47
EDF,2020-02-17,9,0.5,0.0,0.0,36.936
LLF,2020-02-17,9,0.5,0.0,0.0,36.936
MPC,2020-02-17,9,0.5,0.0,0.0,36.936
PPOLag,2020-02-17,9,0.5,0.010911769333389998,0.029542368782190815,36.936
EDF,2020-02-17,9,1.0,0.0,0.0,36.936
LLF,2020-02-17,9,1.0,0.0,0.0,36.936
MPC,2020-02-17,9,1.0,0.0,0.0,36.936
PPOLag,2020-02-17,9,1.0,0.014842746660238503,0.040185040773875094,36.936
EDF,2020-02-17,9,2.0,0.0,0.0,36.936
LLF,2020-02-17,9,2.0,0.0,0.0,36.936
MPC,2020-02-17,9,2.0,0.0,0.0,36.936
PPOLag,2020-02-17,9,2.0,0.015571054893305814,0.04215685210446667,36.936
EDF,2020-02-17,4,0.5,0.0,0.0,10.256
LLF,2020-02-17,4,0.5,0.0,0.0,10.256
MPC,2020-02-17,4,0.5,0.0,0.0,10.256
PPOLag,2020-02-17,4,0.5,0.0029915252787976244,0.029168538209805233,10.256
EDF,2020-02-17,4,1.0,0.0,0.0,10.256
LLF,2020-02-17,4,1.0,0.0,0.0,10.256
MPC,2020-02-17,4,1.0,0.0,0.0,10.256
PPOLag,2020-02-17,4,1.0,0.004780796397207609,0.04661462945795251,10.256
EDF,2020-02-17,4,2.0,0.0,0.0,10.256
LLF,2020-02-17,4,2.0,0.0,0.0,10.256
MPC,2020-02-17,4,2.0,0.0,0.0,10.256
PPOLag,2020-02-17,4,2.0,0.006399589944244966,0.06239849789630427,10.256
EDF,2020-02-17,7,0.5,0.0,0.0,0.836
LLF,2020-02-17,7,0.5,0.0,0.0,0.836
MPC,2020-02-17,7,0.5,0.0,0.0,0.836
PPOLag,2020-02-17,7,0.5,0.004361278903126475,0.5216840793213489,0.836
EDF,2020-02-17,7,1.0,0.0,0.0,0.836
LLF,2020-02-17,7,1.0,0.0,0.0,0.836
MPC,2020-02-17,7,1.0,0.0,0.0,0.836
PPOLag,2020-02-17,7,1.0,0.006269759467416059,0.7499712281598157,0.836
EDF,2020-02-17,7,2.0,0.0,0.0,0.836
LLF,2020-02-17,7,2.0,0.0,0.0,0.836
MPC,2020-02-17,7,2.0,0.0,0.0,0.836
PPOLag,2020-02-17,7,2.0,0.006831802884482619,0.8172013019716051,0.836
EDF,2020-02-17,2,0.5,0.0,0.0,12.335
LLF,2020-02-17,2,0.5,0.0,0.0,12.335
MPC,2020-02-17,2,0.5,0.0,0.0,12.335
PPOLag,2020-02-17,2,0.5,0.0030587300343825063,0.024797162824341357,12.335
EDF,2020-02-17,2,1.0,0.0,0.0,12.335
LLF,2020-02-17,2,1.0,0.0,0.0,12.335
MPC,2020-02-17,2,1.0,0.0,0.0,12.335
PPOLag,2020-02-17,2,1.0,0.004782267044553023,0.03876989902353485,12.335
EDF,2020-02-17,2,2.0,0.0,0.0,12.335
LLF,2020-02-17,2,2.0,0.0,0.0,12.335
MPC,2020-02-17,2,2.0,0.0,0.0,12.335
PPOLag,2020-02-17,2,2.0,0.006443214297185307,0.05223521927187116,12.335
EDF,2020-02-18,9,0.5,-4.440892098500626e-16,-1.1909069719765691e-14,3.729
LLF,2020-02-18,9,0.5,2.0650000000000004,55.376776615714675,3.729
MPC,2020-02-18,9,0.5,0.5754999999999999,15.433091981764544,3.729
PPOLag,2020-02-18,9,0.5,0.1936906310343695,5.19417085101554,3.729
EDF,2020-02-18,9,1.0,4.440892098500626e-16,1.1909069719765691e-14,3.729
LLF,2020-02-18,9,1.0,2.065000000000001,55.37677661571469,3.729
MPC,2020-02-18,9,1.0,0.5754999999999999,15.433091981764544,3.729
PPOLag,2020-02-18,9,1.0,0.19842801058117096,5.3212124049657,3.729
EDF,2020-02-18,9,2.0,0.0,0.0,3.729
LLF,2020-02-18,9,2.0,2.0650000000000004,55.376776615714675,3.729
MPC,2020-02-18,9,2.0,0.5754999999999999,15.433091981764544,3.729
PPOLag,2020-02-18,9,2.0,0.3478342566808836,9.327815947462685,3.729
EDF,2020-02-18,38,0.5,0.0,0.0,6.736
LLF,2020-02-18,38,0.5,0.0,0.0,6.736
MPC,2020-02-18,38,0.5,2.309750000000002,34.28963776722093,6.736
PPOLag,2020-02-18,38,0.5,0.3733794825649966,5.54304457489603,6.736
EDF,2020-02-18,38,1.0,0.0,0.0,6.736
LLF,2020-02-18,38,1.0,0.0,0.0,6.736
MPC,2020-02-18,38,1.0,2.389750000000003,35.47728622327796,6.736
PPOLag,2020-02-18,38,1.0,0.4570083992060049,6.784566496526201,6.736
EDF,2020-02-18,38,2.0,0.0,0.0,6.736
LLF,2020-02-18,38,2.0,0.0,0.0,6.736
MPC,2020-02-18,38,2.0,2.389750000000003,35.47728622327796,6.736
PPOLag,2020-02-18,38,2.0,0.4662168090770198,6.921270918601837,6.736
EDF,2020-02-18,26,0.5,0.0,0.0,6.723
LLF,2020-02-18,26,0.5,1.4977500000000008,22.27800089245874,6.723
MPC,2020-02-18,26,0.5,0.06699999999999928,0.9965789082254839,6.723
PPOLag,2020-02-18,26,0.5,0.7560483168010643,11.245698598855634,6.723
EDF,2020-02-18,26,1.0,-8.881784197001252e-16,-1.3211042982301432e-14,6.723
LLF,2020-02-18,26,1.0,1.7309999999999999,25.74743418116912,6.723
MPC,2020-02-18,26,1.0,0.06699999999999928,0.9965789082254839,6.723
PPOLag,2020-02-18,26,1.0,1.1042910738004663,16.425570040167578,6.723
EDF,2020-02-18,26,2.0,-8.881784197001252e-16,-1.3211042982301432e-14,6.723
LLF,2020-02-18,26,2.0,1.7310000000000008,25.747434181169133,6.723
MPC,2020-02-18,26,2.0,0.06700000000000017,0.9965789082254971,6.723
PPOLag,2020-02-18,26,2.0,1.3119310547903025,19.514071914179716,6.723
EDF,2020-02-18,8,0.5,8.946,51.81281130545582,17.266
LLF,2020-02-18,8,0.5,0.9107499999999931,5.274817560523533,17.266
MPC,2020-02-18,8,0.5,0.13024999999995934,0.754372755704618,17.266
PPOLag,2020-02-18,8,0.5,1.2550519290991509,7.2689211693452505,17.266
EDF,2020-02-18,8,1.0,8.946,51.81281130545582,17.266
LLF,2020-02-18,8,1.0,0.9107499999999966,5.274817560523553,17.266
MPC,2020-02-18,8,1.0,1.9965000000000028,11.563187767867504,17.266
PPOLag,2020-02-18,8,1.0,1.3073402592075005,7.571761028654585,17.266
EDF,2020-02-18,8,2.0,8.946000000000003,51.81281130545584,17.266
LLF,2020-02-18,8,2.0,0.9107499999999931,5.274817560523533,17.266
MPC,2020-02-18,8,2.0,1.9964999999999993,11.563187767867483,17.266
PPOLag,2020-02-18,8,2.0,1.6253294360372272,9.413468296288817,17.266
EDF,2020-02-18,22,0.5,0.0,0.0,1.999
LLF,2020-02-18,22,0.5,1.6639999999999997,83.24162081040518,1.999
MPC,2020-02-18,22,0.5,0.3350000000000002,16.75837918959481,1.999
PPOLag,2020-02-18,22,0.5,0.13961645598626565,6.984314956791678,1.999
EDF,2020-02-18,22,1.0,0.0,0.0,1.999
LLF,2020-02-18,22,1.0,1.999,100.0,1.999
MPC,2020-02-18,22,1.0,0.33499999999999974,16.758379189594784,1.999
PPOLag,2020-02-18,22,1.0,0.27572535383047025,13.793164273660341,1.999
EDF,2020-02-18,22,2.0,0.0,0.0,1.999
LLF,2020-02-18,22,2.0,1.999,100.0,1.999
MPC,2020-02-18,22,2.0,0.3350000000000002,16.75837918959481,1.999
PPOLag,2020-02-18,22,2.0,0.5553988192116144,27.783832877019222,1.999
EDF,2020-02-19,33,0.5,0.0,0.0,1.613
LLF,2020-02-19,33,0.5,-2.220446049250313e-16,-1.3765939548979002e-14,1.613
MPC,2020-02-19,33,0.5,0.0,0.0,1.613
PPOLag,2020-02-19,33,0.5,0.013564989528745209,0.84097889204868,1.613
EDF,2020-02-19,33,1.0,2.220446049250313e-16,1.3765939548979002e-14,1.613
LLF,2020-02-19,33,1.0,-2.220446049250313e-16,-1.3765939548979002e-14,1.613
MPC,2020-02-19,33,1.0,0.0,0.0,1.613
PPOLag,2020-02-19,33,1.0,0.017452279831375116,1.0819764309593995,1.613
EDF,2020-02-19,33,2.0,2.220446049250313e-16,1.3765939548979002e-14,1.613
LLF,2020-02-19,33,2.0,0.0,0.0,1.613
MPC,2020-02-19,33,2.0,0.0,0.0,1.613
PPOLag,2020-02-19,33,2.0,0.019779171053914447,1.2262350312408212,1.613
EDF,2020-02-19,8,0.5,0.0,0.0,5.29
LLF,2020-02-19,8,0.5,0.0,0.0,5.29
MPC,2020-02-19,8,0.5,0.0,0.0,5.29
PPOLag,2020-02-19,8,0.5,0.0021805099899690817,0.04121947050981251,5.29
EDF,2020-02-19,8,1.0,0.0,0.0,5.29
LLF,2020-02-19,8,1.0,0.0,0.0,5.29
MPC,2020-02-19,8,1.0,0.0,0.0,5.29
PPOLag,2020-02-19,8,1.0,0.0022807756091511424,0.043114850834615165,5.29
EDF,2020-02-19,8,2.0,0.0,0.0,5.29
LLF,2020-02-19,8,2.0,0.0,0.0,5.29
MPC,2020-02-19,8,2.0,0.0,0.0,5.29
PPOLag,2020-02-19,8,2.0,0.0019431048097365178,0.03673165991940487,5.29
EDF,2020-02-19,10,0.5,0.0,0.0,2.985
LLF,2020-02-19,10,0.5,-4.440892098500626e-16,-1.48773604639887e-14,2.985
MPC,2020-02-19,10,0.5,0.0,0.0,2.985
PPOLag,2020-02-19,10,0.5,0.016251757600216,0.5444474907945058,2.985
EDF,2020-02-19,10,1.0,0.0,0.0,2.985
LLF,2020-02-19,10,1.0,0.0,0.0,2.985
MPC,2020-02-19,10,1.0,0.0,0.0,2.985
PPOLag,2020-02-19,10,1.0,0.022478844100375907,0.7530601038651895,2.985
EDF,2020-02-19,10,2.0,0.0,0.0,2.985
LLF,2020-02-19,10,2.0,0.0,0.0,2.985
MPC,2020-02-19,10,2.0,0.0,0.0,2.985
PPOLag,2020-02-19,10,2.0,0.02647091423466792,0.8867977968062954,2.985
EDF,2020-02-19,5,0.5,5.109749999999977,9.593072373979117,53.265
LLF,2020-02-19,5,0.5,7.105427357601002e-15,1.3339767873089275e-14,53.265
MPC,2020-02-19,5,0.5,3.5412499999999625,6.648361963766005,53.265
PPOLag,2020-02-19,5,0.5,0.2454611081191132,0.4608300161815698,53.265
EDF,2020-02-19,5,1.0,5.109749999999984,9.593072373979131,53.265
LLF,2020-02-19,5,1.0,7.105427357601002e-15,1.3339767873089275e-14,53.265
MPC,2020-02-19,5,1.0,4.125499999999967,7.745236083732219,53.265
PPOLag,2020-02-19,5,1.0,0.299682705578563,0.5626259374421533,53.265
EDF,2020-02-19,5,2.0,5.109749999999984,9.593072373979131,53.265
LLF,2020-02-19,5,2.0,7.105427357601002e-15,1.3339767873089275e-14,53.265
MPC,2020-02-19,5,2.0,4.12549999999996,7.745236083732206,53.265
PPOLag,2020-02-19,5,2.0,0.29339109957829235,0.5508140422008682,53.265
EDF,2020-02-19,39,0.5,0.0,0.0,2.087
LLF,2020-02-19,39,0.5,0.0,0.0,2.087
MPC,2020-02-19,39,0.5,0.0,0.0,2.087
PPOLag,2020-02-19,39,0.5,0.0030568058502193018,0.1464688955543508,2.087
EDF,2020-02-19,39,1.0,0.0,0.0,2.087
LLF,2020-02-19,39,1.0,0.0,0.0,2.087
MPC,2020-02-19,39,1.0,0.0,0.0,2.087
PPOLag,2020-02-19,39,1.0,0.006979953815156303,0.3344491526188933,2.087
EDF,2020-02-19,39,2.0,0.0,0.0,2.087
LLF,2020-02-19,39,2.0,-4.440892098500626e-16,-2.1278831329662796e-14,2.087
MPC,2020-02-19,39,2.0,0.0,0.0,2.087
PPOLag,2020-02-19,39,2.0,0.004301569240581049,0.2061125654327287,2.087
EDF,2020-02-20,38,0.5,0.0,0.0,2.2
LLF,2020-02-20,38,0.5,0.0,0.0,2.2
MPC,2020-02-20,38,0.5,0.0,0.0,2.2
PPOLag,2020-02-20,38,0.5,-0.002254505763562076,-0.10247753470736706,2.2
EDF,2020-02-20,38,1.0,0.0,0.0,2.2
LLF,2020-02-20,38,1.0,0.0,0.0,2.2
MPC,2020-02-20,38,1.0,0.0,0.0,2.2
PPOLag,2020-02-20,38,1.0,-0.0019552241487353684,-0.08887382494251674,2.2
EDF,2020-02-20,38,2.0,0.0,0.0,2.2
LLF,2020-02-20,38,2.0,0.0,0.0,2.2
MPC,2020-02-20,38,2.0,0.0,0.0,2.2
PPOLag,2020-02-20,38,2.0,0.00045548793275846934,0.02070399694356679,2.2
EDF,2020-02-20,11,0.5,1.1102230246251565e-16,1.331202667416255e-14,0.834
LLF,2020-02-20,11,0.5,0.0,0.0,0.834
MPC,2020-02-20,11,0.5,0.0,0.0,0.834
PPOLag,2020-02-20,11,0.5,0.12922027905408656,15.494038255885684,0.834
EDF,2020-02-20,11,1.0,0.0,0.0,0.834
LLF,2020-02-20,11,1.0,0.8339999999999999,100.0,0.834
MPC,2020-02-20,11,1.0,0.0,0.0,0.834
PPOLag,2020-02-20,11,1.0,0.3041757220121713,36.47190911416922,0.834
EDF,2020-02-20,11,2.0,1.1102230246251565e-16,1.331202667416255e-14,0.834
LLF,2020-02-20,11,2.0,0.834,100.0,0.834
MPC,2020-02-20,11,2.0,0.0,0.0,0.834
PPOLag,2020-02-20,11,2.0,0.6692271547397498,80.243064117476,0.834
EDF,2020-02-20,26,0.5,0.0,0.0,2.865
LLF,2020-02-20,26,0.5,1.2010000000000005,41.91972076788832,2.865
MPC,2020-02-20,26,0.5,0.0,0.0,2.865
PPOLag,2020-02-20,26,0.5,0.28619288458692715,9.98928043933428,2.865
EDF,2020-02-20,26,1.0,0.0,0.0,2.865
LLF,2020-02-20,26,1.0,1.2010000000000005,41.91972076788832,2.865
MPC,2020-02-20,26,1.0,0.0,0.0,2.865
PPOLag,2020-02-20,26,1.0,0.5448299765924711,19.016753109684853,2.865
EDF,2020-02-20,26,2.0,0.0,0.0,2.865
LLF,2020-02-20,26,2.0,1.2010000000000005,41.91972076788832,2.865
MPC,2020-02-20,26,2.0,0.0,0.0,2.865
PPOLag,2020-02-20,26,2.0,0.713809203928297,24.91480641983584,2.865
EDF,2020-02-20,29,0.5,0.0,0.0,5.861
LLF,2020-02-20,29,0.5,0.0,0.0,5.861
MPC,2020-02-20,29,0.5,0.8689999999999998,14.826821361542395,5.861
PPOLag,2020-02-20,29,0.5,0.06529382634500802,1.1140390094695107,5.861
EDF,2020-02-20,29,1.0,0.0,0.0,5.861
LLF,2020-02-20,29,1.0,0.0,0.0,5.861
MPC,2020-02-20,29,1.0,0.8689999999999989,14.82682136154238,5.861
PPOLag,2020-02-20,29,1.0,0.0793700011020075,1.3542057857363503,5.861
EDF,2020-02-20,29,2.0,0.0,0.0,5.861
LLF,2020-02-20,29,2.0,0.0,0.0,5.861
MPC,2020-02-20,29,2.0,0.8689999999999998,14.826821361542395,5.861
PPOLag,2020-02-20,29,2.0,0.08123106455585134,1.3859591290880624,5.861
EDF,2020-02-20,23,0.5,0.0,0.0,1.709
LLF,2020-02-20,23,0.5,1.6639999999999997,97.366881217086,1.709
MPC,2020-02-20,23,0.5,0.0,0.0,1.709
PPOLag,2020-02-20,23,0.5,0.3385768010621465,19.811398540792656,1.709
EDF,2020-02-20,23,1.0,0.0,0.0,1.709
LLF,2020-02-20,23,1.0,1.664,97.36688121708602,1.709
MPC,2020-02-20,23,1.0,0.0,0.0,1.709
PPOLag,2020-02-20,23,1.0,0.4053227324164186,23.71695333039313,1.709
EDF,2020-02-20,23,2.0,-2.220446049250313e-16,-1.2992662663840333e-14,1.709
LLF,2020-02-20,23,2.0,1.709,100.0,1.709
MPC,2020-02-20,23,2.0,0.0,0.0,1.709
PPOLag,2020-02-20,23,2.0,0.8597488358387004,50.30712907189585,1.709
EDF,2020-02-21,0,0.5,0.0,0.0,5.776
LLF,2020-02-21,0,0.5,0.0,0.0,5.776
MPC,2020-02-21,0,0.5,0.0,0.0,5.776
PPOLag,2020-02-21,0,0.5,0.0013287259206688161,0.023004257629307762,5.776
EDF,2020-02-21,0,1.0,0.0,0.0,5.776
LLF,2020-02-21,0,1.0,0.0,0.0,5.776
MPC,2020-02-21,0,1.0,0.0,0.0,5.776
PPOLag,2020-02-21,0,1.0,0.00235392366174203,0.040753525999688886,5.776
EDF,2020-02-21,0,2.0,0.0,0.0,5.776
LLF,2020-02-21,0,2.0,0.0,0.0,5.776
MPC,2020-02-21,0,2.0,0.0,0.0,5.776
PPOLag,2020-02-21,0,2.0,0.002866592120008704,0.04962936495859945,5.776
EDF,2020-02-21,5,0.5,0.0,0.0,5.742
LLF,2020-02-21,5,0.5,0.0,0.0,5.742
MPC,2020-02-21,5,0.5,0.0,0.0,5.742
PPOLag,2020-02-21,5,0.5,0.007950701165342623,0.1384657116917907,5.742
EDF,2020-02-21,5,1.0,0.0,0.0,5.742
LLF,2020-02-21,5,1.0,0.0,0.0,5.742
MPC,2020-02-21,5,1.0,0.0,0.0,5.742
PPOLag,2020-02-21,5,1.0,0.012056218497220073,0.2099654910696634,5.742
EDF,2020-02-21,5,2.0,0.0,0.0,5.742
LLF,2020-02-21,5,2.0,0.0,0.0,5.742
MPC,2020-02-21,5,2.0,-1.7763568394002505e-15,-3.093620409962122e-14,5.742
PPOLag,2020-02-21,5,2.0,0.017553296585981214,0.3057000450362455,5.742
EDF,2020-02-21,25,0.5,0.0,0.0,9.297
LLF,2020-02-21,25,0.5,0.0,0.0,9.297
MPC,2020-02-21,25,0.5,0.0,0.0,9.297
PPOLag,2020-02-21,25,0.5,0.00699789213285662,0.07527043275095859,9.297
EDF,2020-02-21,25,1.0,0.0,0.0,9.297
LLF,2020-02-21,25,1.0,0.0,0.0,9.297
MPC,2020-02-21,25,1.0,0.0,0.0,9.297
PPOLag,2020-02-21,25,1.0,0.005789000253736276,0.062267400814631335,9.297
EDF,2020-02-21,25,2.0,0.0,0.0,9.297
LLF,2020-02-21,25,2.0,-1.7763568394002505e-15,-1.9106774652040984e-14,9.297
MPC,2020-02-21,25,2.0,1.7763568394002505e-15,1.9106774652040984e-14,9.297
PPOLag,2020-02-21,25,2.0,0.006336674707183576,0.06815827371392466,9.297
EDF,2020-02-21,33,0.5,0.0,0.0,0.887
LLF,2020-02-21,33,0.5,2.220446049250313e-16,2.5033213633036224e-14,0.887
MPC,2020-02-21,33,0.5,0.0,0.0,0.887
PPOLag,2020-02-21,33,0.5,0.04660732838671788,5.25449023525568,0.887
EDF,2020-02-21,33,1.0,0.0,0.0,0.887
LLF,2020-02-21,33,1.0,1.1102230246251565e-16,1.2516606816518112e-14,0.887
MPC,2020-02-21,33,1.0,0.0,0.0,0.887
PPOLag,2020-02-21,33,1.0,0.0683764335239346,7.708729822315064,0.887
EDF,2020-02-21,33,2.0,0.0,0.0,0.887
LLF,2020-02-21,33,2.0,1.1102230246251565e-16,1.2516606816518112e-14,0.887
MPC,2020-02-21,33,2.0,0.0,0.0,0.887
PPOLag,2020-02-21,33,2.0,0.07963049617045445,8.977508023726546,0.887
EDF,2020-02-21,26,0.5,0.0,0.0,15.892
LLF,2020-02-21,26,0.5,0.0,0.0,15.892
MPC,2020-02-21,26,0.5,0.0,0.0,15.892
PPOLag,2020-02-21,26,0.5,0.005765601113418129,0.03627989625860892,15.892
EDF,2020-02-21,26,1.0,0.0,0.0,15.892
LLF,2020-02-21,26,1.0,0.0,0.0,15.892
MPC,2020-02-21,26,1.0,-1.7763568394002505e-15,-1.1177679583439784e-14,15.892
PPOLag,2020-02-21,26,1.0,0.006495028147963211,0.04086979705489059,15.892
EDF,2020-02-21,26,2.0,0.0,0.0,15.892
LLF,2020-02-21,26,2.0,0.0,0.0,15.892
MPC,2020-02-21,26,2.0,0.0,0.0,15.892
PPOLag,2020-02-21,26,2.0,0.007509455719492663,0.04725305637737644,15.892
EDF,2020-02-24,14,0.5,0.0,0.0,4.162
LLF,2020-02-24,14,0.5,0.0,0.0,4.162
MPC,2020-02-24,14,0.5,0.0,0.0,4.162
PPOLag,2020-02-24,14,0.5,0.003123170884869886,0.07504014620062197,4.162
EDF,2020-02-24,14,1.0,0.0,0.0,4.162
LLF,2020-02-24,14,1.0,0.0,0.0,4.162
MPC,2020-02-24,14,1.0,0.0,0.0,4.162
PPOLag,2020-02-24,14,1.0,0.004955035381901141,0.11905418985826866,4.162
EDF,2020-02-24,14,2.0,0.0,0.0,4.162
LLF,2020-02-24,14,2.0,0.0,0.0,4.162
MPC,2020-02-24,14,2.0,0.0,0.0,4.162
PPOLag,2020-02-24,14,2.0,0.0071234821116203054,0.17115526457521155,4.162
EDF,2020-02-24,5,0.5,0.0,0.0,0.931
LLF,2020-02-24,5,0.5,0.0,0.0,0.931
MPC,2020-02-24,5,0.5,0.0,0.0,0.931
PPOLag,2020-02-24,5,0.5,0.001054715330476541,0.11328843506729765,0.931
EDF,2020-02-24,5,1.0,0.0,0.0,0.931
LLF,2020-02-24,5,1.0,0.0,0.0,0.931
MPC,2020-02-24,5,1.0,0.0,0.0,0.931
PPOLag,2020-02-24,5,1.0,0.0014949976171730662,0.16057976553953449,0.931
EDF,2020-02-24,5,2.0,0.0,0.0,0.931
LLF,2020-02-24,5,2.0,0.0,0.0,0.931
MPC,2020-02-24,5,2.0,0.0,0.0,0.931
PPOLag,2020-02-24,5,2.0,0.0017764545527907184,0.19081144498289132,0.931
EDF,2020-02-24,13,0.5,0.0,0.0,4.472
LLF,2020-02-24,13,0.5,0.0,0.0,4.472
MPC,2020-02-24,13,0.5,0.0,0.0,4.472
PPOLag,2020-02-24,13,0.5,0.0006946993440223537,0.0155344218251868,4.472
EDF,2020-02-24,13,1.0,0.0,0.0,4.472
LLF,2020-02-24,13,1.0,0.0,0.0,4.472
MPC,2020-02-24,13,1.0,0.0,0.0,4.472
PPOLag,2020-02-24,13,1.0,-0.0002865451546213649,-0.006407539235719245,4.472
EDF,2020-02-24,13,2.0,0.0,0.0,4.472
LLF,2020-02-24,13,2.0,-8.881784197001252e-16,-1.986087700581675e-14,4.472
MPC,2020-02-24,13,2.0,0.0,0.0,4.472
PPOLag,2020-02-24,13,2.0,0.0005944295179729053,0.013292252190807357,4.472
EDF,2020-02-24,19,0.5,-3.552713678800501e-15,-1.1886756152303602e-14,29.888
LLF,2020-02-24,19,0.5,0.0,0.0,29.888
MPC,2020-02-24,19,0.5,-3.552713678800501e-15,-1.1886756152303602e-14,29.888
PPOLag,2020-02-24,19,0.5,0.002882911013080047,0.009645714042692877,29.888
EDF,2020-02-24,19,1.0,0.0,0.0,29.888
LLF,2020-02-24,19,1.0,0.0,0.0,29.888
MPC,2020-02-24,19,1.0,0.0,0.0,29.888
PPOLag,2020-02-24,19,1.0,0.004776037324565862,0.0159797822690239,29.888
EDF,2020-02-24,19,2.0,-1.0658141036401503e-14,-3.566026845691081e-14,29.888
LLF,2020-02-24,19,2.0,0.0,0.0,29.888
MPC,2020-02-24,19,2.0,-3.552713678800501e-15,-1.1886756152303602e-14,29.888
PPOLag,2020-02-24,19,2.0,0.007811666227621572,0.02613646355601436,29.888
EDF,2020-02-24,0,0.5,7.105427357601002e-15,2.476448960546843e-14,28.692
LLF,2020-02-24,0,0.5,0.0,0.0,28.692
MPC,2020-02-24,0,0.5,3.552713678800501e-15,1.2382244802734215e-14,28.692
PPOLag,2020-02-24,0,0.5,0.001036198178580605,0.0036114532921392903,28.692
EDF,2020-02-24,0,1.0,7.105427357601002e-15,2.476448960546843e-14,28.692
LLF,2020-02-24,0,1.0,7.105427357601002e-15,2.476448960546843e-14,28.692
MPC,2020-02-24,0,1.0,0.0,0.0,28.692
PPOLag,2020-02-24,0,1.0,0.00358046255979545,0.012478957757547223,28.692
EDF,2020-02-24,0,2.0,1.0658141036401503e-14,3.7146734408202644e-14,28.692
LLF,2020-02-24,0,2.0,7.105427357601002e-15,2.476448960546843e-14,28.692
MPC,2020-02-24,0,2.0,-3.552713678800501e-15,-1.2382244802734215e-14,28.692
PPOLag,2020-02-24,0,2.0,0.005519677142091695,0.019237686958356665,28.692
EDF,2020-02-25,14,0.5,0.0,0.0,0.928
LLF,2020-02-25,14,0.5,1.1102230246251565e-16,1.1963610179150392e-14,0.928
MPC,2020-02-25,14,0.5,0.0,0.0,0.928
PPOLag,2020-02-25,14,0.5,0.003057929806716553,0.32951829813755956,0.928
EDF,2020-02-25,14,1.0,0.0,0.0,0.928
LLF,2020-02-25,14,1.0,0.0,0.0,0.928
MPC,2020-02-25,14,1.0,0.0,0.0,0.928
PPOLag,2020-02-25,14,1.0,0.0046133024955611335,0.49712311374581175,0.928
EDF,2020-02-25,14,2.0,0.0,0.0,0.928
LLF,2020-02-25,14,2.0,0.0,0.0,0.928
MPC,2020-02-25,14,2.0,0.0,0.0,0.928
PPOLag,2020-02-25,14,2.0,0.006813630618858579,0.7342274373770021,0.928
EDF,2020-02-25,3,0.5,0.0,0.0,4.957
LLF,2020-02-25,3,0.5,0.0,0.0,4.957
MPC,2020-02-25,3,0.5,0.0,0.0,4.957
PPOLag,2020-02-25,3,0.5,0.0030135867963956287,0.06079456922323236,4.957
EDF,2020-02-25,3,1.0,0.0,0.0,4.957
LLF,2020-02-25,3,1.0,0.0,0.0,4.957
MPC,2020-02-25,3,1.0,0.0,0.0,4.957
PPOLag,2020-02-25,3,1.0,0.00482638989383517,0.09736513806405427,4.957
EDF,2020-02-25,3,2.0,0.0,0.0,4.957
LLF,2020-02-25,3,2.0,0.0,0.0,4.957
MPC,2020-02-25,3,2.0,0.0,0.0,4.957
PPOLag,2020-02-25,3,2.0,0.006963012649772971,0.14046828020522434,4.957
EDF,2020-02-25,10,0.5,0.0,0.0,6.919
LLF,2020-02-25,10,0.5,8.881784197001252e-16,1.2836803290939808e-14,6.919
MPC,2020-02-25,10,0.5,8.881784197001252e-16,1.2836803290939808e-14,6.919
PPOLag,2020-02-25,10,0.5,0.002922701754421908,0.042241678774706,6.919
EDF,2020-02-25,10,1.0,8.881784197001252e-16,1.2836803290939808e-14,6.919
LLF,2020-02-25,10,1.0,0.0,0.0,6.919
MPC,2020-02-25,10,1.0,8.881784197001252e-16,1.2836803290939808e-14,6.919
PPOLag,2020-02-25,10,1.0,0.004700885294825952,0.06794168658514167,6.919
EDF,2020-02-25,10,2.0,8.881784197001252e-16,1.2836803290939808e-14,6.919
LLF,2020-02-25,10,2.0,0.0,0.0,6.919
MPC,2020-02-25,10,2.0,0.0,0.0,6.919
PPOLag,2020-02-25,10,2.0,0.006950878284519213,0.10046073543169842,6.919
EDF,2020-02-25,6,0.5,1.7763568394002505e-15,1.3111579859759746e-14,13.548
LLF,2020-02-25,6,0.5,0.0,0.0,13.548
MPC,2020-02-25,6,0.5,0.0,0.0,13.548
PPOLag,2020-02-25,6,0.5,0.003056922577890475,0.02256364465522937,13.548
EDF,2020-02-25,6,1.0,1.7763568394002505e-15,1.3111579859759746e-14,13.548
LLF,2020-02-25,6,1.0,0.0,0.0,13.548
MPC,2020-02-25,6,1.0,-1.7763568394002505e-15,-1.3111579859759746e-14,13.548
PPOLag,2020-02-25,6,1.0,0.004536639895029282,0.03348567976844761,13.548
EDF,2020-02-25,6,2.0,-1.7763568394002505e-15,-1.3111579859759746e-14,13.548
LLF,2020-02-25,6,2.0,0.0,0.0,13.548
MPC,2020-02-25,6,2.0,-1.7763568394002505e-15,-1.3111579859759746e-14,13.548
PPOLag,2020-02-25,6,2.0,0.006652914612641325,0.049106248986133194,13.548
EDF,2020-02-25,19,0.5,0.0,0.0,6.368
LLF,2020-02-25,19,0.5,0.0,0.0,6.368
MPC,2020-02-25,19,0.5,0.0,0.0,6.368
PPOLag,2020-02-25,19,0.5,-0.0005331802937543984,-0.008372806120515046,6.368
EDF,2020-02-25,19,1.0,0.0,0.0,6.368
LLF,2020-02-25,19,1.0,0.0,0.0,6.368
MPC,2020-02-25,19,1.0,0.0,0.0,6.368
PPOLag,2020-02-25,19,1.0,-0.0007354811418704088,-0.01154964104695994,6.368
EDF,2020-02-25,19,2.0,0.0,0.0,6.368
LLF,2020-02-25,19,2.0,0.0,0.0,6.368
MPC,2020-02-25,19,2.0,0.0,0.0,6.368
PPOLag,2020-02-25,19,2.0,0.0006877643307577231,0.010800319264411478,6.368
EDF,2020-02-26,25,0.5,0.0,0.0,3.157
LLF,2020-02-26,25,0.5,0.0,0.0,3.157
MPC,2020-02-26,25,0.5,0.0,0.0,3.157
PPOLag,2020-02-26,25,0.5,0.005006655335326826,0.1585890191741155,3.157
EDF,2020-02-26,25,1.0,0.0,0.0,3.157
LLF,2020-02-26,25,1.0,0.0,0.0,3.157
MPC,2020-02-26,25,1.0,0.0,0.0,3.157
PPOLag,2020-02-26,25,1.0,0.004891696178365823,0.15494761413892374,3.157
EDF,2020-02-26,25,2.0,0.0,0.0,3.157
LLF,2020-02-26,25,2.0,0.0,0.0,3.157
MPC,2020-02-26,25,2.0,0.0,0.0,3.157
PPOLag,2020-02-26,25,2.0,0.0035037699266628588,0.11098415985628311,3.157
EDF,2020-02-26,36,0.5,0.0,0.0,5.707
LLF,2020-02-26,36,0.5,0.0,0.0,5.707
MPC,2020-02-26,36,0.5,0.8055156302272941,14.114519541392923,5.707
PPOLag,2020-02-26,36,0.5,0.0008674625184591278,0.015199974039935654,5.707
EDF,2020-02-26,36,1.0,0.0,0.0,5.707
LLF,2020-02-26,36,1.0,0.0,0.0,5.707
MPC,2020-02-26,36,1.0,0.8055156302272959,14.114519541392955,5.707
PPOLag,2020-02-26,36,1.0,0.006618691919356756,0.11597497668401535,5.707
EDF,2020-02-26,36,2.0,0.0,0.0,5.707
LLF,2020-02-26,36,2.0,0.0,0.0,5.707
MPC,2020-02-26,36,2.0,0.8055156302272959,14.114519541392955,5.707
PPOLag,2020-02-26,36,2.0,0.006801669715503245,0.11918117602073322,5.707
EDF,2020-02-26,39,0.5,0.0,0.0,14.975999999999999
LLF,2020-02-26,39,0.5,0.0,0.0,14.975999999999999
MPC,2020-02-26,39,0.5,0.0,0.0,14.975999999999999
PPOLag,2020-02-26,39,0.5,0.03159416961669912,0.21096534199184774,14.975999999999999
EDF,2020-02-26,39,1.0,0.0,0.0,14.975999999999999
LLF,2020-02-26,39,1.0,0.0,0.0,14.975999999999999
MPC,2020-02-26,39,1.0,0.0,0.0,14.975999999999999
PPOLag,2020-02-26,39,1.0,0.04052157287597602,0.27057674196031,14.975999999999999
EDF,2020-02-26,39,2.0,0.0,0.0,14.975999999999999
LLF,2020-02-26,39,2.0,0.0,0.0,14.975999999999999
MPC,2020-02-26,39,2.0,0.0,0.0,14.975999999999999
PPOLag,2020-02-26,39,2.0,0.0454536224365242,0.30350976520114986,14.975999999999999
EDF,2020-02-26,2,0.5,0.0,0.0,3.119
LLF,2020-02-26,2,0.5,0.0,0.0,3.119
MPC,2020-02-26,2,0.5,0.0,0.0,3.119
PPOLag,2020-02-26,2,0.5,0.0019565919801078913,0.0627313876276977,3.119
EDF,2020-02-26,2,1.0,0.0,0.0,3.119
LLF,2020-02-26,2,1.0,0.0,0.0,3.119
MPC,2020-02-26,2,1.0,0.0,0.0,3.119
PPOLag,2020-02-26,2,1.0,0.0024723228032579314,0.07926652142539055,3.119
EDF,2020-02-26,2,2.0,0.0,0.0,3.119
LLF,2020-02-26,2,2.0,0.0,0.0,3.119
MPC,2020-02-26,2,2.0,0.0,0.0,3.119
PPOLag,2020-02-26,2,2.0,0.0007065484787100118,0.022653045165438014,3.119
EDF,2020-02-26,13,0.5,8.881784197001252e-16,1.4955016327666697e-14,5.939
LLF,2020-02-26,13,0.5,0.0,0.0,5.939
MPC,2020-02-26,13,0.5,8.881784197001252e-16,1.4955016327666697e-14,5.939
PPOLag,2020-02-26,13,0.5,-0.003428098337319163,-0.05772181069740971,5.939
EDF,2020-02-26,13,1.0,8.881784197001252e-16,1.4955016327666697e-14,5.939
LLF,2020-02-26,13,1.0,0.0,0.0,5.939
MPC,2020-02-26,13,1.0,8.881784197001252e-16,1.4955016327666697e-14,5.939
PPOLag,2020-02-26,13,1.0,-0.0013191275231177358,-0.02221127333082566,5.939
EDF,2020-02-26,13,2.0,0.0,0.0,5.939
LLF,2020-02-26,13,2.0,8.881784197001252e-16,1.4955016327666697e-14,5.939
MPC,2020-02-26,13,2.0,8.881784197001252e-16,1.4955016327666697e-14,5.939
PPOLag,2020-02-26,13,2.0,-5.049917209465349e-05,-0.0008502975601053009,5.939
EDF,2020-02-27,34,0.5,0.0,0.0,9.559
LLF,2020-02-27,34,0.5,0.0,0.0,9.559
MPC,2020-02-27,34,0.5,0.0,0.0,9.559
PPOLag,2020-02-27,34,0.5,0.008084711705388515,0.08457696103555304,9.559
EDF,2020-02-27,34,1.0,0.0,0.0,9.559
LLF,2020-02-27,34,1.0,0.0,0.0,9.559
MPC,2020-02-27,34,1.0,0.0,0.0,9.559
PPOLag,2020-02-27,34,1.0,0.011002703022123939,0.11510307586697292,9.559
EDF,2020-02-27,34,2.0,0.0,0.0,9.559
LLF,2020-02-27,34,2.0,0.0,0.0,9.559
MPC,2020-02-27,34,2.0,3.552713678800501e-15,3.716616464902711e-14,9.559
PPOLag,2020-02-27,34,2.0,0.01153460749927362,0.12066751228448185,9.559
EDF,2020-02-27,8,0.5,0.0,0.0,4.535
LLF,2020-02-27,8,0.5,0.0,0.0,4.535
MPC,2020-02-27,8,0.5,0.0,0.0,4.535
PPOLag,2020-02-27,8,0.5,0.0032666586046243397,0.0720321632772732,4.535
EDF,2020-02-27,8,1.0,0.0,0.0,4.535
LLF,2020-02-27,8,1.0,0.0,0.0,4.535
MPC,2020-02-27,8,1.0,0.0,0.0,4.535
PPOLag,2020-02-27,8,1.0,0.004800816965787292,0.10586145459288403,4.535
EDF,2020-02-27,8,2.0,0.0,0.0,4.535
LLF,2020-02-27,8,2.0,0.0,0.0,4.535
MPC,2020-02-27,8,2.0,0.0,0.0,4.535
PPOLag,2020-02-27,8,2.0,0.006232014697003585,0.13742039023161157,4.535
EDF,2020-02-27,7,0.5,0.0,0.0,0.723
LLF,2020-02-27,7,0.5,0.0,0.0,0.723
MPC,2020-02-27,7,0.5,0.0,0.0,0.723
PPOLag,2020-02-27,7,0.5,0.002748944476701132,0.3802136205672381,0.723
EDF,2020-02-27,7,1.0,0.0,0.0,0.723
LLF,2020-02-27,7,1.0,0.0,0.0,0.723
MPC,2020-02-27,7,1.0,0.0,0.0,0.723
PPOLag,2020-02-27,7,1.0,0.00420096688629914,0.5810465956153721,0.723
EDF,2020-02-27,7,2.0,0.0,0.0,0.723
LLF,2020-02-27,7,2.0,0.0,0.0,0.723
MPC,2020-02-27,7,2.0,0.0,0.0,0.723
PPOLag,2020-02-27,7,2.0,0.006177414139295001,0.8544141271500691,0.723
EDF,2020-02-27,14,0.5,0.0,0.0,13.433
LLF,2020-02-27,14,0.5,0.0,0.0,13.433
MPC,2020-02-27,14,0.5,1.7763568394002505e-15,1.3223828179857445e-14,13.433
PPOLag,2020-02-27,14,0.5,0.0014988647600997496,0.011158079059776293,13.433
EDF,2020-02-27,14,1.0,0.0,0.0,13.433
LLF,2020-02-27,14,1.0,0.0,0.0,13.433
MPC,2020-02-27,14,1.0,0.0,0.0,13.433
PPOLag,2020-02-27,14,1.0,0.0022157807970526024,0.01649505543849179,13.433
EDF,2020-02-27,14,2.0,0.0,0.0,13.433
LLF,2020-02-27,14,2.0,0.0,0.0,13.433
MPC,2020-02-27,14,2.0,0.0,0.0,13.433
PPOLag,2020-02-27,14,2.0,0.0026226541805915104,0.019523964718168023,13.433
EDF,2020-02-27,13,0.5,0.0,0.0,11.05
LLF,2020-02-27,13,0.5,0.0,0.0,11.05
MPC,2020-02-27,13,0.5,0.0,0.0,11.05
PPOLag,2020-02-27,13,0.5,0.001474286289664306,0.013341957372527658,11.05
EDF,2020-02-27,13,1.0,-1.7763568394002505e-15,-1.607562750588462e-14,11.05
LLF,2020-02-27,13,1.0,0.0,0.0,11.05
MPC,2020-02-27,13,1.0,1.7763568394002505e-15,1.607562750588462e-14,11.05
PPOLag,2020-02-27,13,1.0,-0.0009791039117754252,-0.008860668884845477,11.05
EDF,2020-02-27,13,2.0,-1.7763568394002505e-15,-1.607562750588462e-14,11.05
LLF,2020-02-27,13,2.0,1.7763568394002505e-15,1.607562750588462e-14,11.05
MPC,2020-02-27,13,2.0,0.0,0.0,11.05
PPOLag,2020-02-27,13,2.0,0.0012850020335001488,0.011628977678734378,11.05
EDF,2020-02-28,5,0.5,0.0,0.0,8.092
LLF,2020-02-28,5,0.5,0.0,0.0,8.092
MPC,2020-02-28,5,0.5,0.0,0.0,8.092
PPOLag,2020-02-28,5,0.5,0.001184309196764488,0.014635556064810776,8.092
EDF,2020-02-28,5,1.0,0.0,0.0,8.092
LLF,2020-02-28,5,1.0,0.0,0.0,8.092
MPC,2020-02-28,5,1.0,1.7763568394002505e-15,2.1952012350472694e-14,8.092
PPOLag,2020-02-28,5,1.0,0.0013436994833533333,0.01660528278983358,8.092
EDF,2020-02-28,5,2.0,0.0,0.0,8.092
LLF,2020-02-28,5,2.0,0.0,0.0,8.092
MPC,2020-02-28,5,2.0,0.0,0.0,8.092
PPOLag,2020-02-28,5,2.0,0.0012011072273097056,0.014843144183263787,8.092
EDF,2020-02-28,20,0.5,0.0,0.0,4.164
LLF,2020-02-28,20,0.5,0.0,0.0,4.164
MPC,2020-02-28,20,0.5,0.0,0.0,4.164
PPOLag,2020-02-28,20,0.5,0.0023464917965181796,0.056351868312156106,4.164
EDF,2020-02-28,20,1.0,0.0,0.0,4.164
LLF,2020-02-28,20,1.0,0.0,0.0,4.164
MPC,2020-02-28,20,1.0,0.0,0.0,4.164
PPOLag,2020-02-28,20,1.0,0.00322701812399675,0.07749803371750122,4.164
EDF,2020-02-28,20,2.0,0.0,0.0,4.164
LLF,2020-02-28,20,2.0,0.0,0.0,4.164
MPC,2020-02-28,20,2.0,0.0,0.0,4.164
PPOLag,2020-02-28,20,2.0,0.0036547893698033462,0.08777111839105059,4.164
EDF,2020-02-28,29,0.5,0.0,0.0,7.888
LLF,2020-02-28,29,0.5,0.0,0.0,7.888
MPC,2020-02-28,29,0.5,0.0,0.0,7.888
PPOLag,2020-02-28,29,0.5,0.006640467772202996,0.08418442916078847,7.888
EDF,2020-02-28,29,1.0,0.0,0.0,7.888
LLF,2020-02-28,29,1.0,8.881784197001252e-16,1.1259868403906254e-14,7.888
MPC,2020-02-28,29,1.0,0.0,0.0,7.888
PPOLag,2020-02-28,29,1.0,0.008530730914922912,0.10814821139608155,7.888
EDF,2020-02-28,29,2.0,0.0,0.0,7.888
LLF,2020-02-28,29,2.0,8.881784197001252e-16,1.1259868403906254e-14,7.888
MPC,2020-02-28,29,2.0,8.881784197001252e-16,1.1259868403906254e-14,7.888
PPOLag,2020-02-28,29,2.0,0.009743491293166961,0.12352296264156899,7.888
EDF,2020-02-28,33,0.5,0.0,0.0,0.559
LLF,2020-02-28,33,0.5,0.0,0.0,0.559
MPC,2020-02-28,33,0.5,0.0,0.0,0.559
PPOLag,2020-02-28,33,0.5,0.003677999930613618,0.657960631594565,0.559
EDF,2020-02-28,33,1.0,0.0,0.0,0.559
LLF,2020-02-28,33,1.0,1.1102230246251565e-16,1.986087700581675e-14,0.559
MPC,2020-02-28,33,1.0,0.0,0.0,0.559
PPOLag,2020-02-28,33,1.0,0.008895626848721161,1.5913464845655028,0.559
EDF,2020-02-28,33,2.0,0.0,0.0,0.559
LLF,2020-02-28,33,2.0,1.1102230246251565e-16,1.986087700581675e-14,0.559
MPC,2020-02-28,33,2.0,0.0,0.0,0.559
PPOLag,2020-02-28,33,2.0,0.009242202437270586,1.6533456953972423,0.559
EDF,2020-02-28,7,0.5,0.0,0.0,11.282
LLF,2020-02-28,7,0.5,0.0,0.0,11.282
MPC,2020-02-28,7,0.5,1.7763568394002505e-15,1.5745052644923335e-14,11.282
PPOLag,2020-02-28,7,0.5,0.0011962567924964419,0.01060323340273393,11.282
EDF,2020-02-28,7,1.0,0.0,0.0,11.282
LLF,2020-02-28,7,1.0,0.0,0.0,11.282
MPC,2020-02-28,7,1.0,1.7763568394002505e-15,1.5745052644923335e-14,11.282
PPOLag,2020-02-28,7,1.0,0.0015241128949103455,0.01350924388326844,11.282
EDF,2020-02-28,7,2.0,0.0,0.0,11.282
LLF,2020-02-28,7,2.0,0.0,0.0,11.282
MPC,2020-02-28,7,2.0,1.7763568394002505e-15,1.5745052644923335e-14,11.282
PPOLag,2020-02-28,7,2.0,0.0014302908417473503,0.012677635541103974,11.282
